1790344401.296041 <missed 471622 bytes of console log>
1790344401.296146  119592 resp 119907 19 pmu 1023363 116720 8257010 6479546 68004388
1790344401.296198 W 1415 lat 296 296 425 0 exe 19185 22333 69518 resp 69851 0 pmu 1023672 72620 8256188 7189630 57100490
1790344401.296249 W 1416 lat 296 296 592 0 exe 18888 24962 122944 resp 123537 14 pmu 1023450 101778 8256791 6668658 64506874
1790344401.296298 W 1417 lat 296 296 444 0 exe 18870 22018 49722 resp 50055 0 pmu 1023644 69147 8254649 7216944 56285788
1790344401.296347 W 1418 lat 296 296 629 0 exe 19074 25055 122592 resp 122999 14 pmu 1023424 102866 8253074 6467687 64643040
1790344401.296396 W 1419 lat 296 296 518 0 exe 18499 28629 157259 resp 157777 22 pmu 1023523 144620 8253981 7214066 73438977
1790344401.296444 W 1420 lat 296 296 685 0 exe 16851 21962 120277 resp 120962 8 pmu 1023589 67566 8253406 7575852 56318513
1790344401.296465 Closing cell "rt-bench"
1790344401.296488 [MG] Initializing memguard on CPU 3
1790344401.296511 [SMMUv2] Exiting SMMUv2 on cell 1
1790344401.296582 [COL] Colored OP 1: PHYS 0x30000000 -> VIRT 0x00000000 (SIZE: 0x00400000, COL: 0x000000ff, extra: 0x0000000000000000)
1790344401.296604 [COL] Result: 0
1790344401.296655 [COL] Colored OP 4: PHYS 0x30000000 -> VIRT 0x00000000 (SIZE: 0x00400000, COL: 0x000000ff, extra: 0x0000000000000001)
1790344401.296673 [COL] Result: 0
1790344401.296707 Page pool usage after cell destruction: mem 85/4061, remap 5/131072
1790344401.296731 [MG] Initializing memguard on CPU 3
1790344401.296755 [MG] Initializing memguard on CPU 3
1790344401.296806 [COL] Colored OP 0: PHYS 0x30000000 -> VIRT 0x00000000 (SIZE: 0x00400000, COL: 0x000000ff, extra: 0x0000000000000000)
1790344401.296825 [COL] Result: 0
1790344401.296848 [MG] Initializing memguard on CPU 3
1790344401.296867 Created cell "rt-bench"
1790344401.296900 Page pool usage after cell creation: mem 98/4061, remap 5/131072
1790344401.296952 [COL] Colored OP 3: PHYS 0x30000000 -> VIRT 0x00000000 (SIZE: 0x00400000, COL: 0x000000ff, extra: 0x0000000000000000)
1790344401.296977 [MG] Initializing memguard on CPU 3
1790344401.296993 [COL] Result: 0
1790344401.297014 Cell "rt-bench" can be loaded
1790344401.297065 [COL] Colored OP 2: PHYS 0x30000000 -> VIRT 0x00000000 (SIZE: 0x00400000, COL: 0x000000ff, extra: 0x0000000000000000)
1790344401.297083 [COL] Result: 0
1790344401.297135 [COL] Colored OP 4: PHYS 0x30000000 -> VIRT 0x00000000 (SIZE: 0x00400000, COL: 0x000000ff, extra: 0x0000000000000001)
1790344401.297156 [COL] Result: 0
1790344401.297176 Started cell "rt-bench"
1790344401.297199 [MG] Initializing memguard on CPU 3
1790344401.297241 rt-bench: ws 768 KB, 1024 loads/period, window 1000
1790344402.332666 W 0 lat 333 462 1222 0 exe 24148 34018 141962 resp 143185 50 pmu 1023439 115359 8251263 5307628 59055527
1790344403.376651 W 1 lat 296 314 685 0 exe 16740 23999 142462 resp 143074 19 pmu 1023436 86367 8250891 7485787 59456659
1790344404.312622 W 2 lat 296 296 407 0 exe 17037 21870 119111 resp 119444 7 pmu 1023495 67011 8253083 7397123 55983034
1790344405.352645 W 3 lat 296 296 333 0 exe 16962 20425 86666 resp 86981 0 pmu 1023556 50282 8257818 7151331 51692080
1790344406.288616 W 4 lat 296 296 425 0 exe 17055 21499 115240 resp 115574 7 pmu 1023459 62430 8253133 6818801 54701790
1790344407.328614 W 5 lat 296 296 351 0 exe 17055 19462 62592 resp 62907 0 pmu 1023551 38838 8247109 7110931 49235912
1790344408.311031 W 6 lat 296 499 3518 0 exe 17166 119129 394962 resp 396277 306 pmu 1022756 689735 8253769 6574720 357042170
1790344409.332651 W 7 lat 296 333 3518 0 exe 17092 27518 385944 resp 389351 20 pmu 1023487 97086 8251879 10418896 78066137
1790344410.272642 W 8 lat 277 296 518 0 exe 17222 30888 114055 resp 114388 26 pmu 1023153 171503 8248768 9879657 82058982
1790344411.312614 W 9 lat 296 296 333 0 exe 16814 19185 44351 resp 44648 0 pmu 1023456 35657 8248231 7147396 48543447
1790344412.352643 W 10 lat 296 296 425 0 exe 16851 21240 121592 resp 121981 5 pmu 1023490 59354 8250955 6388709 53816632
1790344413.288612 W 11 lat 296 296 333 0 exe 16648 20444 57481 resp 57777 0 pmu 1023582 50337 8252191 7172452 51702733
1790344414.328637 W 12 lat 296 296 407 0 exe 16777 21462 130129 resp 130444 6 pmu 1023470 61486 8250905 6525487 54422863
1790344415.368614 W 13 lat 296 296 333 0 exe 16851 18833 41851 resp 42166 0 pmu 1023611 31868 8251089 7258142 47800843
1790344416.304636 W 14 lat 296 296 425 0 exe 16740 21574 113074 resp 113388 5 pmu 1023535 63517 8248176 6362068 54596803
1790344417.344613 W 15 lat 296 296 333 0 exe 16851 19185 40388 resp 40703 0 pmu 1023622 35416 8251491 7088110 48475987
1790344418.284637 W 16 lat 296 296 462 0 exe 16499 21314 118148 resp 118574 6 pmu 1023550 60153 8252095 6349238 53991233
1790344419.324610 W 17 lat 296 296 351 0 exe 16888 18925 43462 resp 43777 0 pmu 1023601 32723 8250277 7137021 47892597
1790344420.364635 W 18 lat 296 296 518 0 exe 16962 21129 121592 resp 121907 6 pmu 1023495 57943 8249198 6379133 53479911
1790344421.300611 W 19 lat 296 296 333 0 exe 16851 19074 41944 resp 42259 0 pmu 1023589 34681 8250519 7172682 48327983
1790344422.340638 W 20 lat 296 296 499 0 exe 16648 21814 117703 resp 118203 6 pmu 1023470 66137 8249751 6364361 55224801
1790344423.276612 W 21 lat 296 296 333 0 exe 16944 19296 41018 resp 41314 0 pmu 1023565 36511 8247818 7136368 48785785
1790344424.316638 W 22 lat 296 296 555 0 exe 16870 21999 118296 resp 118851 5 pmu 1023486 68526 8248192 6356559 55718905
1790344425.356614 W 23 lat 296 296 333 0 exe 17074 19222 44166 resp 44462 0 pmu 1023562 35967 8246785 7145023 48609714
1790344426.292639 W 24 lat 296 296 351 0 exe 16777 21574 110537 resp 110870 6 pmu 1023528 63397 8249390 6388350 54602325
1790344427.332616 W 25 lat 296 296 333 0 exe 16555 19370 45833 resp 46129 0 pmu 1023567 37853 8245988 7062662 48956113
1790344428.372635 W 26 lat 296 296 574 0 exe 17092 21648 119092 resp 119425 5 pmu 1023518 63755 8250910 6403244 54802224
1790344429.308613 W 27 lat 296 296 333 0 exe 17148 19185 44277 resp 44574 0 pmu 1023614 35650 8250168 7151134 48543999
1790344430.348636 W 28 lat 296 296 462 0 exe 16870 21537 128388 resp 128722 6 pmu 1023520 62604 8249040 6389648 54526957
1790344431.284612 W 29 lat 296 296 333 0 exe 16685 19111 40296 resp 40611 0 pmu 1023551 34701 8248862 7241980 48418671
1790344432.324639 W 30 lat 296 296 555 0 exe 17018 21240 109888 resp 110259 5 pmu 1023522 59289 8252163 6347088 53763688
1790344433.368621 W 31 lat 296 296 333 0 exe 16962 20055 51888 resp 52203 0 pmu 1023546 45513 8251891 7056842 50637457
1790344434.304637 W 32 lat 296 296 555 0 exe 17203 21703 117351 resp 117759 5 pmu 1023500 64807 8252728 6469200 54951399
1790344435.344612 W 33 lat 296 296 333 0 exe 16925 19222 46518 resp 46851 0 pmu 1023483 35803 8247649 7134935 48631207
1790344436.280635 W 34 lat 296 296 481 0 exe 16907 21370 123888 resp 124240 6 pmu 1023448 60551 8248284 6411282 54139816
1790344437.320622 W 35 lat 296 296 333 0 exe 17055 20703 77555 resp 77870 0 pmu 1023578 53121 8248777 7196380 52338711
1790344438.360637 W 36 lat 296 296 481 0 exe 17240 22055 118055 resp 118481 5 pmu 1023484 68661 8249824 6729745 55958226
1790344439.304655 W 37 lat 296 314 944 0 exe 17407 47314 174870 resp 175259 70 pmu 1022583 360891 8253553 7143871 125461416
1790344440.344636 W 38 lat 296 296 481 0 exe 17111 21685 122666 resp 122999 6 pmu 1023494 64361 8251583 7841354 55776073
1790344441.280617 W 39 lat 296 296 351 0 exe 17055 19148 43611 resp 43925 0 pmu 1023521 34997 8246811 7186882 48442105
1790344442.324641 W 40 lat 296 296 518 0 exe 16925 22092 108648 resp 109166 6 pmu 1023501 69582 8247026 6382416 55916558
1790344443.364617 W 41 lat 296 296 333 0 exe 17055 19574 57518 resp 57833 0 pmu 1023523 40199 8247061 7048793 49468238
1790344444.300639 W 42 lat 296 296 407 0 exe 16870 21611 120481 resp 120796 6 pmu 1023490 63863 8251627 6523655 54819494
1790344445.340623 W 43 lat 296 296 333 0 exe 17055 19740 51370 resp 51685 0 pmu 1023601 42232 8250561 7162903 49966118
1790344446.276639 W 44 lat 296 296 407 0 exe 17037 21666 115518 resp 115833 6 pmu 1023516 64268 8249083 6462884 54841560
1790344447.316612 W 45 lat 296 296 333 0 exe 17148 19074 48925 resp 49240 0 pmu 1023546 34129 8248965 7114376 48220997
1790344448.356639 W 46 lat 296 296 444 0 exe 17055 21574 113777 resp 114166 5 pmu 1023467 63359 8248540 6435644 54610585
1790344449.292617 W 47 lat 296 296 351 0 exe 16759 19185 50981 resp 51296 0 pmu 1023527 35674 8248303 7097269 48504691
1790344450.332636 W 48 lat 296 296 425 0 exe 16962 21462 141481 resp 141814 6 pmu 1023516 61527 8251952 6454976 54291237
1790344451.372615 W 49 lat 296 296 333 0 exe 16648 19018 48685 resp 48999 0 pmu 1023516 33910 8247134 7372812 48294363
1790344452.308640 W 50 lat 296 296 574 0 exe 17166 21703 110481 resp 111055 6 pmu 1023495 64890 8248366 6430469 54968070
1790344453.348620 W 51 lat 296 296 333 0 exe 17111 19277 48148 resp 48481 0 pmu 1023489 36883 8245857 7066940 48726733
1790344454.284636 W 52 lat 296 296 444 0 exe 17129 21888 118074 resp 118407 6 pmu 1023500 66722 8251580 6428838 55386183
1790344455.324612 W 53 lat 296 296 333 0 exe 16999 19074 47703 resp 47999 0 pmu 1023531 34087 8248266 7141714 48248029
1790344456.368638 W 54 lat 296 296 499 0 exe 16962 21333 124481 resp 124814 7 pmu 1023465 59773 8247649 6422634 53960243
1790344457.304618 W 55 lat 296 296 333 0 exe 16925 19537 46129 resp 46444 0 pmu 1023604 39614 8241159 7202612 49436019
1790344458.344635 W 56 lat 296 296 425 0 exe 16870 21666 122074 resp 122388 6 pmu 1023473 63916 8250551 6408843 54822650
1790344459.280612 W 57 lat 296 296 333 0 exe 16833 19222 46185 resp 46499 0 pmu 1023584 35971 8246899 7179180 48662125
1790344460.320638 W 58 lat 296 296 611 0 exe 16574 21444 116499 resp 117111 6 pmu 1023501 61641 8252243 6407472 54309244
1790344461.360615 W 59 lat 296 296 333 0 exe 16666 19111 50981 resp 51296 0 pmu 1023488 34712 8248363 7123201 48354947
1790344462.296640 W 60 lat 296 296 555 0 exe 17037 21444 115537 resp 115851 6 pmu 1023556 61725 8251387 6453950 54282057
1790344463.336620 W 61 lat 296 296 333 0 exe 16814 19240 48055 resp 48370 0 pmu 1023537 36151 8246518 7114262 48624448
1790344464.272636 W 62 lat 296 296 425 0 exe 17240 22055 121518 resp 121944 6 pmu 1023530 68953 8251716 6426009 55877405
1790344465.312618 W 63 lat 296 296 333 0 exe 17092 19203 46462 resp 46759 0 pmu 1023590 35980 8243519 7177934 48603829
1790344466.352636 W 64 lat 296 296 481 0 exe 16981 21555 144592 resp 145018 6 pmu 1023497 62391 8251245 6411330 54488457
1790344467.288612 W 65 lat 296 296 333 0 exe 17074 19074 47648 resp 47962 0 pmu 1023600 34307 8247717 7405186 48406550
1790344468.328636 W 66 lat 296 296 462 0 exe 17037 21370 112962 resp 113277 7 pmu 1023464 60755 8250005 6422531 54095793
1790344469.368621 W 67 lat 296 296 333 0 exe 16814 20444 46648 resp 46944 0 pmu 1023586 50130 8249169 7087650 51579563
1790344470.304638 W 68 lat 296 296 462 0 exe 17037 21796 118351 resp 118685 6 pmu 1023540 65764 8252428 6418001 55169538
1790344471.344615 W 69 lat 296 296 333 0 exe 16759 19055 53925 resp 54240 0 pmu 1023595 34158 8246951 7143764 48202384
1790344472.280640 W 70 lat 296 296 425 0 exe 17018 21499 144166 resp 144518 6 pmu 1023391 61497 8246297 6483649 54394468
1790344473.320618 W 71 lat 296 296 333 0 exe 16759 19333 49148 resp 49462 0 pmu 1023452 37486 8251240 7400282 49087592
1790344474.360640 W 72 lat 296 296 537 0 exe 17074 22092 116055 resp 116407 5 pmu 1023460 69383 8253980 6437186 55907969
1790344475.296614 W 73 lat 296 296 333 0 exe 17055 19388 52111 resp 52425 0 pmu 1023496 38121 8246410 7122995 49048949
1790344476.336639 W 74 lat 296 296 462 0 exe 16925 21537 118499 resp 118833 6 pmu 1023466 62948 8248720 6468523 54608740
1790344477.272613 W 75 lat 296 296 333 0 exe 17037 19611 46518 resp 46833 0 pmu 1023484 40361 8247763 7143439 49571841
1790344478.312635 W 76 lat 296 296 425 0 exe 16833 21537 114722 resp 115055 7 pmu 1023461 62662 8251531 6413755 54492090
1790344479.352612 W 77 lat 296 296 333 0 exe 17055 19277 43296 resp 43592 0 pmu 1023486 36613 8248596 7104953 48747504
1790344480.292634 W 78 lat 296 296 962 0 exe 17222 21555 113370 resp 113685 6 pmu 1023433 62938 8243854 6379939 54521716
1790344481.332619 W 79 lat 296 296 333 0 exe 16833 19703 43759 resp 44092 0 pmu 1023536 41680 8246937 7096177 49783538
1790344482.372639 W 80 lat 296 296 1277 0 exe 16555 21740 130166 resp 131444 6 pmu 1023404 65100 8250853 6385791 54992891
1790344483.308613 W 81 lat 296 296 333 0 exe 17055 19314 45981 resp 46296 0 pmu 1023520 37027 8251812 7267975 48933861
1790344484.352637 W 82 lat 296 296 499 0 exe 16999 21425 114129 resp 114462 6 pmu 1023435 61299 8246722 6406970 54202505
1790344485.288613 W 83 lat 296 296 333 0 exe 16944 19555 45148 resp 45481 0 pmu 1023468 39611 8244056 7099619 49416521
1790344486.328636 W 84 lat 296 296 629 0 exe 17074 21648 120555 resp 120870 5 pmu 1023437 63906 8249461 6399341 54820780
1790344487.368618 W 85 lat 296 296 333 0 exe 17018 19518 46240 resp 46537 0 pmu 1023479 39293 8248696 7165957 49346130
1790344488.304637 W 86 lat 296 296 592 0 exe 17129 21611 138092 resp 138537 6 pmu 1023432 63485 8250505 6410367 54677208
1790344489.344613 W 87 lat 296 296 333 0 exe 17111 19351 45333 resp 45648 0 pmu 1023537 37589 8249167 7341901 49086413
1790344490.280638 W 88 lat 296 296 537 0 exe 17018 21499 116314 resp 116648 5 pmu 1023470 62283 8249510 6400972 54402732
1790344491.320611 W 89 lat 296 296 333 0 exe 16851 19259 43388 resp 43722 0 pmu 1023552 36375 8247837 7122095 48707597
1790344492.360636 W 90 lat 296 296 388 0 exe 16962 21555 120444 resp 120759 6 pmu 1023450 63031 8250361 6379932 54577969
1790344493.296619 W 91 lat 296 296 333 0 exe 16944 19814 55870 resp 56185 0 pmu 1023483 42826 8246629 7162692 50115985
1790344494.336637 W 92 lat 296 296 499 0 exe 17074 21759 115648 resp 115981 6 pmu 1023397 65435 8253815 6507779 55109339
1790344495.272614 W 93 lat 296 296 333 0 exe 16925 19222 43111 resp 43425 0 pmu 1023476 36041 8250489 7117065 48613437
1790344496.312635 W 94 lat 296 296 407 0 exe 16833 21388 110462 resp 110777 5 pmu 1023457 60881 8249381 6377063 54120574
1790344497.352627 W 95 lat 296 296 333 0 exe 16870 20388 82925 resp 83259 0 pmu 1023473 49596 8247917 7061436 51484580
1790344498.288637 W 96 lat 296 296 981 0 exe 17148 21537 144703 resp 145037 6 pmu 1023435 61908 8252838 6780970 54658664
1790344499.328617 W 97 lat 296 296 333 0 exe 16740 19444 53370 resp 53685 0 pmu 1023495 38618 8248267 7409190 49320090
1790344500.368636 W 98 lat 296 296 425 0 exe 17166 21833 109148 resp 109462 5 pmu 1023524 66461 8251339 6479889 55340439
1790344501.304617 W 99 lat 296 296 333 0 exe 16925 19055 44314 resp 44629 0 pmu 1023498 34203 8248054 7052291 48165155
1790344502.344637 W 100 lat 296 296 425 0 exe 16833 21518 119685 resp 120018 5 pmu 1023378 62700 8248378 6388247 54475550
1790344503.280614 W 101 lat 296 296 333 0 exe 16962 19314 45833 resp 46148 0 pmu 1023508 36806 8247204 7154451 48814558
1790344504.320641 W 102 lat 296 296 740 0 exe 16759 21296 126259 resp 126648 7 pmu 1023388 59771 8248128 6404937 53900752
1790344505.360626 W 103 lat 296 296 333 0 exe 16870 20185 66462 resp 66759 0 pmu 1023498 47137 8249674 7220701 51036556
1790344506.296636 W 104 lat 296 296 462 0 exe 17111 21851 127833 resp 128259 5 pmu 1023419 65869 8250497 6615166 55374058
1790344507.336613 W 105 lat 296 296 333 0 exe 16925 18944 42537 resp 42833 0 pmu 1023517 32772 8252868 7239722 47998489
1790344508.272636 W 106 lat 296 296 555 0 exe 17166 21185 114240 resp 114555 6 pmu 1023499 58526 8250917 6370027 53608984
1790344509.312617 W 107 lat 296 296 333 0 exe 16999 18962 40499 resp 40814 0 pmu 1023484 33282 8244614 7100614 47998340
1790344510.352638 W 108 lat 296 296 425 0 exe 16740 22203 115555 resp 115981 6 pmu 1023399 70679 8249008 6350015 56263417
1790344511.288611 W 109 lat 296 296 333 0 exe 16870 18888 42425 resp 42722 0 pmu 1023505 32190 8246735 7116585 47786869
1790344512.328642 W 110 lat 296 296 537 0 exe 16685 21537 142555 resp 142870 6 pmu 1023413 62190 8248482 6368283 54479491
1790344513.368617 W 111 lat 296 296 333 0 exe 16962 19296 48925 resp 49240 0 pmu 1023448 36911 8245495 7383044 48978663
1790344514.304651 W 112 lat 296 296 481 0 exe 16777 21574 109629 resp 109944 6 pmu 1023497 63464 8250032 6435875 54696932
1790344515.344619 W 113 lat 296 296 333 0 exe 17092 19111 53314 resp 53629 0 pmu 1023491 34795 8250887 7054257 48306674
1790344516.280638 W 114 lat 296 296 425 0 exe 16925 22111 121981 resp 122296 6 pmu 1023474 69363 8252891 6479460 56018605
1790344517.320619 W 115 lat 296 296 333 0 exe 16925 19074 47759 resp 48092 0 pmu 1023451 34219 8251064 7180764 48274012
1790344518.360641 W 116 lat 296 296 555 0 exe 17166 21481 115944 resp 116259 6 pmu 1023471 62317 8252420 6422928 54467323
1790344519.296615 W 117 lat 296 296 333 0 exe 16740 18888 52074 resp 52388 0 pmu 1023508 32279 8250207 7119155 47798692
1790344520.336641 W 118 lat 296 296 481 0 exe 17018 21388 108611 resp 109092 6 pmu 1023447 61113 8247001 6464193 54167826
1790344521.272619 W 119 lat 296 296 333 0 exe 16759 19388 49592 resp 49888 0 pmu 1023532 38089 8247298 7044926 48948035
1790344522.312640 W 120 lat 296 296 499 0 exe 17037 21425 112740 resp 113074 5 pmu 1023448 61803 8246982 6441914 54327069
1790344523.352614 W 121 lat 296 296 333 0 exe 16740 19240 48759 resp 49074 0 pmu 1023536 36200 8252093 7085892 48617840
1790344524.288640 W 122 lat 296 296 444 0 exe 16740 21462 116277 resp 116592 6 pmu 1023415 62061 8246034 6432733 54407488
1790344525.328623 W 123 lat 296 296 333 0 exe 16851 19277 52555 resp 52870 0 pmu 1023403 36760 8246116 7119653 48772617
1790344526.368637 W 124 lat 296 296 407 0 exe 16981 21518 118722 resp 119037 6 pmu 1023422 62407 8248788 6471577 54502139
1790344527.304614 W 125 lat 296 296 333 0 exe 17018 19537 58759 resp 59055 0 pmu 1023512 39533 8250877 7145424 49392845
1790344528.344636 W 126 lat 296 296 499 0 exe 16944 21370 107962 resp 108296 6 pmu 1023453 60920 8247548 6535667 54225848
1790344529.280616 W 127 lat 296 296 333 0 exe 16888 19111 42277 resp 42592 0 pmu 1023501 34696 8250347 7037544 48254542
1790344530.320638 W 128 lat 296 296 499 0 exe 16981 21481 117333 resp 117722 5 pmu 1023491 62358 8248643 6368057 54401410
1790344531.360635 W 129 lat 296 296 333 0 exe 16870 18999 40462 resp 40759 0 pmu 1023457 33224 8241286 7132172 48058280
1790344532.296655 W 130 lat 296 296 574 0 exe 16666 21462 127314 resp 127629 6 pmu 1023442 61872 8246634 6349126 54250046
1790344533.336625 W 131 lat 296 296 333 0 exe 16925 19685 52611 resp 52925 0 pmu 1023508 41453 8252474 7230369 49792848
1790344534.272639 W 132 lat 296 296 425 0 exe 16833 21574 114370 resp 114685 5 pmu 1023507 63411 8253389 6474485 54659084
1790344535.312621 W 133 lat 296 296 333 0 exe 16907 19444 50185 resp 50499 0 pmu 1023459 38648 8254099 7101576 49179328
1790344536.352641 W 134 lat 296 296 407 0 exe 16851 21499 119444 resp 119759 6 pmu 1023411 62439 8246673 6448934 54445993
1790344537.288619 W 135 lat 296 296 333 0 exe 16740 19203 46740 resp 47055 0 pmu 1023464 35842 8246065 7151990 48543384
1790344538.328639 W 136 lat 296 296 444 0 exe 16888 21444 119222 resp 119537 6 pmu 1023483 61751 8252570 6412391 54269884
1790344539.368619 W 137 lat 296 296 333 0 exe 16648 19537 49648 resp 49962 0 pmu 1023511 39724 8250014 7149789 49435552
1790344540.304636 W 138 lat 296 296 574 0 exe 16740 21370 116759 resp 117074 5 pmu 1023427 60880 8251129 6442802 54104215
1790344541.344624 W 139 lat 296 296 333 0 exe 16666 19648 46240 resp 46574 0 pmu 1023458 40877 8247092 7124613 49673347
1790344542.280637 W 140 lat 296 296 425 0 exe 16870 21537 116685 resp 116999 6 pmu 1023408 62896 8249438 6409492 54544285
1790344543.320622 W 141 lat 296 296 333 0 exe 16814 19370 44981 resp 45296 0 pmu 1023481 37766 8247220 7124731 48990476
1790344544.360642 W 142 lat 296 296 1037 0 exe 16944 21499 123444 resp 123759 6 pmu 1023449 62446 8247223 6396060 54423800
1790344545.296615 W 143 lat 296 296 333 0 exe 16759 19796 49018 resp 49333 0 pmu 1023504 42503 8252722 7195538 50054230
1790344546.336637 W 144 lat 296 296 537 0 exe 17166 21648 114185 resp 114537 5 pmu 1023445 63906 8250373 6438225 54833201
1790344547.272614 W 145 lat 296 296 425 0 exe 16944 19166 44425 resp 44740 0 pmu 1023497 35341 8253067 7102477 48494194
1790344548.312640 W 146 lat 296 296 425 0 exe 16907 21314 118074 resp 118388 5 pmu 1023389 60179 8250469 6390575 53987669
1790344549.352615 W 147 lat 296 296 333 0 exe 16851 19407 51981 resp 52296 0 pmu 1023513 38387 8252644 7137740 49097200
1790344550.288637 W 148 lat 296 296 370 0 exe 17037 21703 141814 resp 142148 7 pmu 1023450 64151 8250424 6466424 54881588
1790344551.328613 W 149 lat 296 296 333 0 exe 16648 19555 47148 resp 47462 0 pmu 1023499 39553 8248525 7377377 49558983
1790344552.368637 W 150 lat 296 296 759 0 exe 17018 21333 110925 resp 111240 7 pmu 1023423 60491 8244524 6418044 54036754
1790344553.304612 W 151 lat 296 296 333 0 exe 16981 19611 45999 resp 46314 0 pmu 1023513 40367 8246657 7068340 49539072
1790344554.344637 W 152 lat 296 296 407 0 exe 16685 21592 117666 resp 117981 6 pmu 1023477 63519 8251675 6408288 54695696
1790344555.280616 W 153 lat 296 296 333 0 exe 17055 19462 43629 resp 43925 0 pmu 1023504 38772 8246707 7133958 49219141
1790344556.320641 W 154 lat 296 296 444 0 exe 17111 21499 139370 resp 139759 6 pmu 1023398 61728 8246150 6384135 54371197
1790344557.360627 W 155 lat 296 296 425 0 exe 17092 20648 90722 resp 91037 0 pmu 1023487 52874 8252088 7353110 52367773
1790344558.300643 W 156 lat 296 296 333 0 exe 16777 21740 115944 resp 116259 5 pmu 1023441 65407 8252828 6861701 55304351
1790344559.340611 W 157 lat 296 296 333 0 exe 16944 19203 44444 resp 44759 0 pmu 1023531 35633 8252558 7117411 48550135
1790344560.280637 W 158 lat 296 296 481 0 exe 16777 21277 118555 resp 119037 6 pmu 1023438 59854 8245694 6390470 53890903
1790344561.320612 W 159 lat 296 296 333 0 exe 16722 19444 41277 resp 41592 0 pmu 1023573 38319 8241411 7142857 49169409
1790344562.360637 W 160 lat 296 296 759 0 exe 16740 21888 112444 resp 112759 6 pmu 1023481 66701 8247874 6358918 55321323
1790344563.296613 W 161 lat 296 296 444 0 exe 17092 19592 59999 resp 60296 0 pmu 1023564 40239 8241710 7085097 49527167
1790344564.336637 W 162 lat 296 296 759 0 exe 17037 21648 129129 resp 129462 7 pmu 1023499 63695 8245878 6549228 54874092
1790344565.272611 W 163 lat 296 296 333 0 exe 16962 19259 42425 resp 42740 0 pmu 1023484 36253 8247734 7252434 48771591
1790344566.312640 W 164 lat 296 296 685 0 exe 16981 21685 139888 resp 140574 6 pmu 1023420 64050 8252191 6370726 54849446
1790344567.352613 W 165 lat 296 296 333 0 exe 16814 18999 45759 resp 46074 0 pmu 1023467 33417 8249895 7361189 48235870
1790344568.288637 W 166 lat 296 296 574 0 exe 17185 21444 117333 resp 117666 7 pmu 1023475 61436 8254564 6402099 54253853
1790344569.328614 W 167 lat 296 296 333 0 exe 16833 19240 44666 resp 44981 0 pmu 1023496 36124 8249616 7133244 48669425
1790344570.368639 W 168 lat 296 296 481 0 exe 17037 21981 120148 resp 120462 6 pmu 1023463 67948 8252832 6392390 55624462
1790344571.304614 W 169 lat 296 296 333 0 exe 17055 19351 45314 resp 45629 0 pmu 1023500 37528 8251089 7162640 48950865
1790344572.344638 W 170 lat 296 296 407 0 exe 16888 21592 124240 resp 124555 6 pmu 1023442 63186 8252992 6400451 54650174
1790344573.280611 W 171 lat 296 296 333 0 exe 16870 19425 48611 resp 48925 0 pmu 1023413 38303 8249747 7200450 49179466
1790344574.320636 W 172 lat 296 296 425 0 exe 16888 21666 118722 resp 119055 6 pmu 1023395 64308 8251316 6432872 54846667
1790344575.360616 W 173 lat 296 296 351 0 exe 16870 19611 46981 resp 47296 0 pmu 1023465 40258 8251087 7145982 49575306
1790344576.296640 W 174 lat 296 296 388 0 exe 17037 21944 117351 resp 117685 6 pmu 1023410 67665 8247284 6417665 55584374
1790344577.336611 W 175 lat 296 296 333 0 exe 16648 19388 44129 resp 44444 0 pmu 1023557 37972 8247887 7134302 49029069
1790344578.272636 W 176 lat 296 296 425 0 exe 16999 21648 113222 resp 113537 6 pmu 1023475 64085 8249751 6386853 54720501
1790344579.312611 W 177 lat 296 296 333 0 exe 16851 19111 42240 resp 42537 0 pmu 1023433 34780 8246896 7091337 48346735
1790344580.352639 W 178 lat 296 296 425 0 exe 16851 21370 115111 resp 115499 5 pmu 1023446 60836 8247354 6367459 54081856
1790344581.288614 W 179 lat 296 296 333 0 exe 16722 19666 48925 resp 49222 0 pmu 1023464 41459 8250009 7108422 49744246
1790344582.328636 W 180 lat 296 296 574 0 exe 17055 21907 120870 resp 121277 5 pmu 1023428 67027 8253827 6436379 55467740
1790344583.368611 W 181 lat 296 296 351 0 exe 17148 19370 50092 resp 50407 0 pmu 1023430 37566 8246772 7170632 49007645
1790344584.304636 W 182 lat 296 296 425 0 exe 17259 21685 114611 resp 114925 6 pmu 1023467 64194 8250605 6448877 54854913
1790344585.344614 W 183 lat 296 296 333 0 exe 17055 19296 44611 resp 44925 0 pmu 1023515 36901 8252508 7106676 48797569
1790344586.280637 W 184 lat 296 296 425 0 exe 16851 21870 114111 resp 114499 7 pmu 1023448 66644 8250864 6393245 55356839
1790344587.320617 W 185 lat 296 296 333 0 exe 16962 19722 48296 resp 48611 0 pmu 1023472 41728 8249752 7100901 49828140
1790344588.360637 W 186 lat 296 296 907 0 exe 17055 21611 129629 resp 130537 6 pmu 1023415 63523 8250020 6431619 54719611
1790344589.296613 W 187 lat 296 296 333 0 exe 16759 19296 42962 resp 43277 0 pmu 1023431 36768 8248074 7260763 48884630
1790344590.336639 W 188 lat 296 296 555 0 exe 16851 21629 110796 resp 111166 5 pmu 1023495 63894 8248299 6375343 54735841
1790344591.272624 W 189 lat 296 296 333 0 exe 16925 19277 42907 resp 43222 0 pmu 1023491 36566 8247987 7067212 48723768
1790344592.316638 W 190 lat 296 296 425 0 exe 17129 21574 115870 resp 116203 6 pmu 1023448 63417 8249435 6375530 54621033
1790344593.356615 W 191 lat 296 296 333 0 exe 16666 19740 43629 resp 43944 0 pmu 1023465 42142 8252036 7118086 49909853
1790344594.292637 W 192 lat 296 296 499 0 exe 16999 21740 110370 resp 110685 7 pmu 1023366 65006 8248163 6383624 54961974
1790344595.332612 W 193 lat 296 296 333 0 exe 16962 19074 40759 resp 41074 0 pmu 1023500 34381 8248647 7063640 48216598
1790344596.268637 W 194 lat 296 296 499 0 exe 16666 21388 112277 resp 112611 6 pmu 1023409 60888 8245632 6353045 54161058
1790344597.308615 W 195 lat 296 296 333 0 exe 17111 19481 41962 resp 42277 0 pmu 1023534 38982 8248728 7079289 49239901
1790344598.348637 W 196 lat 296 296 907 0 exe 16999 21333 119240 resp 119592 6 pmu 1023454 60562 8248656 6367906 54037879
1790344599.284615 W 197 lat 296 296 333 0 exe 16833 19518 44148 resp 44444 0 pmu 1023554 39568 8252662 7152605 49395769
1790344600.324639 W 198 lat 296 296 425 0 exe 17185 21296 112111 resp 112537 7 pmu 1023453 60158 8249284 6388539 53881158
1790344601.364613 W 199 lat 296 296 333 0 exe 16907 19148 41425 resp 41740 0 pmu 1023479 35193 8251441 7079867 48411318
1790344602.300639 W 200 lat 296 296 444 0 exe 16870 21314 121814 resp 122259 5 pmu 1023426 60029 8250408 6359811 53921663
1790344603.340615 W 201 lat 296 296 499 0 exe 16944 19259 46574 resp 46888 0 pmu 1023468 36076 8245120 7175442 48706459
1790344604.276637 W 202 lat 296 296 499 0 exe 16574 21407 118481 resp 118981 6 pmu 1023449 61507 8247912 6412949 54212033
1790344605.316614 W 203 lat 296 296 333 0 exe 16666 19518 46314 resp 46629 0 pmu 1023495 39776 8248043 7141753 49402941
1790344606.360638 W 204 lat 296 296 462 0 exe 16833 21555 112092 resp 112407 6 pmu 1023430 63026 8247714 6409407 54578515
1790344607.296617 W 205 lat 296 296 333 0 exe 16981 19685 42518 resp 42833 0 pmu 1023469 41091 8243463 7078783 49704102
1790344608.336638 W 206 lat 296 296 425 0 exe 16759 21407 112592 resp 112925 6 pmu 1023392 61367 8244970 6373772 54218169
1790344609.272614 W 207 lat 296 296 333 0 exe 16944 19314 43962 resp 44296 0 pmu 1023487 36946 8249669 7082734 48798763
1790344610.312639 W 208 lat 296 296 888 0 exe 17111 21296 122148 resp 123037 6 pmu 1023449 60350 8251702 6386477 53965967
1790344611.352616 W 209 lat 296 296 333 0 exe 16759 19370 45407 resp 45722 0 pmu 1023439 37655 8245438 7184550 49039451
1790344612.288636 W 210 lat 296 296 648 0 exe 16870 21592 113333 resp 113981 5 pmu 1023457 63640 8247439 6400073 54659216
1790344613.328616 W 211 lat 296 296 333 0 exe 16759 19444 42999 resp 43314 0 pmu 1023498 38355 8246615 7094210 49120016
1790344614.268635 W 212 lat 296 296 407 0 exe 16740 21259 113481 resp 113888 5 pmu 1023498 59277 8246994 6376243 53798340
1790344615.312611 W 213 lat 296 296 333 0 exe 16722 19148 46388 resp 46703 0 pmu 1023501 35132 8247487 7091053 48390117
1790344616.352640 W 214 lat 296 296 407 0 exe 16870 21129 118629 resp 118962 6 pmu 1023471 58358 8246438 6408479 53543278
1790344617.288617 W 215 lat 296 296 333 0 exe 16833 20518 67833 resp 68148 0 pmu 1023542 51015 8253980 7142146 51858034
1790344618.328637 W 216 lat 296 296 351 0 exe 17018 21518 111962 resp 112314 7 pmu 1023413 62197 8245606 6630300 54560116
1790344619.368615 W 217 lat 296 296 333 0 exe 17037 19037 44111 resp 44425 0 pmu 1023473 33778 8246838 7077786 48145591
1790344620.308635 W 218 lat 296 296 444 0 exe 16907 21055 112185 resp 112499 6 pmu 1023503 57624 8250488 6386869 53378087
1790344621.348615 W 219 lat 296 296 333 0 exe 17129 19296 42814 resp 43129 0 pmu 1023519 36732 8246310 7077574 48760732
1790344622.284637 W 220 lat 296 296 425 0 exe 17129 21777 125370 resp 125703 5 pmu 1023440 65576 8249220 6375616 55085766
1790344623.324617 W 221 lat 296 296 333 0 exe 16962 19351 45425 resp 45740 0 pmu 1023495 37409 8249953 7214237 49007314
1790344624.364636 W 222 lat 296 296 425 0 exe 16888 21740 112685 resp 113018 7 pmu 1023459 65380 8249476 6401118 55008793
1790344625.300618 W 223 lat 296 296 333 0 exe 17185 19518 42388 resp 42703 0 pmu 1023513 39385 8247626 7085815 49330356
1790344626.344639 W 224 lat 296 296 462 0 exe 16833 21351 113999 resp 114462 6 pmu 1023434 60752 8245661 6372725 54041801
1790344627.280614 W 225 lat 296 296 333 0 exe 16888 19277 46240 resp 46555 0 pmu 1023541 36736 8250729 7097608 48775907
1790344628.320652 W 226 lat 296 296 777 0 exe 16796 21111 126629 resp 127407 6 pmu 1023464 58071 8248043 6408684 53503317
1790344629.364616 W 227 lat 296 296 333 0 exe 17129 19722 48666 resp 48981 0 pmu 1023495 41913 8252641 7225766 49939718
1790344630.304634 W 228 lat 296 296 722 0 exe 17240 21648 117833 resp 118314 7 pmu 1023461 63868 8250019 6436341 54762886
1790344631.344614 W 229 lat 296 296 333 0 exe 17055 19333 44037 resp 44333 0 pmu 1023429 36998 8251834 7140897 48904752
1790344632.280635 W 230 lat 296 296 425 0 exe 16962 20907 115796 resp 116111 6 pmu 1023416 55293 8248093 6387551 52964930
1790344633.320616 W 231 lat 296 296 333 0 exe 17129 19574 42796 resp 43111 0 pmu 1023544 39891 8251605 7113122 49466748
1790344634.360634 W 232 lat 296 296 462 0 exe 16925 21481 118574 resp 118981 5 pmu 1023457 62215 8248423 6376783 54415062
1790344635.296617 W 233 lat 296 296 333 0 exe 17148 19574 42407 resp 42703 0 pmu 1023521 40117 8249790 7144244 49527688
1790344636.336634 W 234 lat 296 296 444 0 exe 16962 21074 111999 resp 112314 6 pmu 1023474 57657 8247447 6372867 53351332
1790344637.272616 W 235 lat 296 296 333 0 exe 17111 19370 42444 resp 42759 0 pmu 1023479 37289 8247140 7076204 48935582
1790344638.312637 W 236 lat 296 296 444 0 exe 17259 21777 113240 resp 113555 6 pmu 1023453 65740 8251398 6372176 55103752
1790344639.352615 W 237 lat 296 296 333 0 exe 16907 19407 42018 resp 42333 0 pmu 1023525 38014 8249462 7093590 49053652
1790344640.288640 W 238 lat 296 296 462 0 exe 16981 21055 122870 resp 123277 5 pmu 1023441 57241 8246141 6366993 53324264
1790344641.328618 W 239 lat 296 296 370 0 exe 17037 19648 48574 resp 48870 0 pmu 1023526 41101 8250832 7185342 49729355
1790344642.268639 W 240 lat 296 296 444 0 exe 16685 21296 111370 resp 111685 6 pmu 1023450 60200 8247571 6434579 53897630
1790344643.308616 W 241 lat 296 296 333 0 exe 17166 19833 40759 resp 41055 0 pmu 1023529 42779 8247280 7069482 50113173
1790344644.348637 W 242 lat 296 296 425 0 exe 16999 21222 111203 resp 111518 5 pmu 1023456 59120 8246833 6357799 53705693
1790344645.284615 W 243 lat 296 296 333 0 exe 16962 19370 43999 resp 44314 0 pmu 1023518 37704 8247888 7068956 48960941
1790344646.324641 W 244 lat 296 296 648 0 exe 17148 21277 135592 resp 135907 5 pmu 1023485 59876 8249872 6387040 53873610
1790344647.364617 W 245 lat 296 296 333 0 exe 17055 19999 45370 resp 45666 0 pmu 1023431 44906 8249763 7315104 50673668
1790344648.300640 W 246 lat 296 296 555 0 exe 16999 21370 109037 resp 109462 6 pmu 1023465 60774 8251221 6404288 54086330
1790344649.340616 W 247 lat 296 296 333 0 exe 16907 19259 42333 resp 42648 0 pmu 1023529 36266 8251809 7049200 48644694
1790344650.280641 W 248 lat 296 296 499 0 exe 16666 21222 112777 resp 113111 5 pmu 1023410 59308 8246406 6369481 53771922
1790344651.320616 W 249 lat 296 296 333 0 exe 16833 19277 42499 resp 42814 0 pmu 1023527 36813 8246805 7083490 48773071
1790344652.360640 W 250 lat 296 296 425 0 exe 17074 20870 116962 resp 117296 5 pmu 1023429 55004 8249744 6370894 52881254
1790344653.296616 W 251 lat 296 296 333 0 exe 17092 19851 47722 resp 48018 0 pmu 1023512 43000 8253468 7125227 50184632
1790344654.336639 W 252 lat 296 296 407 0 exe 16999 21240 109388 resp 109703 6 pmu 1023396 59568 8249487 6427005 53806059
1790344655.272617 W 253 lat 296 296 333 0 exe 16925 19296 44796 resp 45111 0 pmu 1023509 36642 8248877 7050820 48715773
1790344656.312637 W 254 lat 296 296 444 0 exe 16999 21055 107296 resp 107740 5 pmu 1023453 57500 8243981 6394443 53361179
1790344657.352616 W 255 lat 296 296 333 0 exe 16870 19537 43499 resp 43796 0 pmu 1023531 39375 8247957 7029821 49319635
1790344658.292639 W 256 lat 296 296 425 0 exe 16944 21277 121888 resp 122259 6 pmu 1023466 59871 8248095 6382431 53921722
1790344659.332617 W 257 lat 296 296 333 0 exe 17018 19611 44777 resp 45092 0 pmu 1023487 40642 8246095 7176130 49618422
1790344660.268651 W 258 lat 296 296 722 0 exe 17074 21203 137425 resp 137925 6 pmu 1023478 58852 8247411 6396221 53709916
1790344661.308614 W 259 lat 296 296 333 0 exe 17092 19425 46277 resp 46592 0 pmu 1023463 38372 8247798 7333932 49276927
1790344662.348641 W 260 lat 296 296 444 0 exe 16907 21222 110425 resp 110740 6 pmu 1023381 59106 8247920 6410884 53713786
1790344663.284615 W 261 lat 296 296 333 0 exe 17240 19611 42888 resp 43203 0 pmu 1023438 40510 8247376 7060669 49585748
1790344664.324640 W 262 lat 296 296 425 0 exe 17092 21296 111611 resp 111925 5 pmu 1023495 60201 8249371 6378393 53956711
1790344665.364618 W 263 lat 296 296 333 0 exe 16648 19444 43296 resp 43592 0 pmu 1023499 38452 8249451 7073841 49133224
1790344666.300649 W 264 lat 296 296 555 0 exe 16851 21555 116314 resp 116648 5 pmu 1023428 63234 8251813 6378654 54616417
1790344667.340614 W 265 lat 296 296 333 0 exe 16981 19351 47759 resp 48074 0 pmu 1023515 37544 8254842 7121786 48943471
1790344668.276648 W 266 lat 296 296 499 0 exe 16703 20851 108518 resp 108944 6 pmu 1023383 55305 8253468 6424648 52849272
1790344669.316616 W 267 lat 296 296 333 0 exe 17037 19851 49240 resp 49555 0 pmu 1023526 43073 8247615 7039700 50140139
1790344670.356640 W 268 lat 296 296 425 0 exe 16907 21296 109629 resp 110055 5 pmu 1023445 60196 8247286 6442120 54008189
1790344671.292617 W 269 lat 296 296 351 0 exe 16740 19796 49518 resp 49833 0 pmu 1023483 42516 8244645 7053576 50023720
1790344672.336641 W 270 lat 296 296 499 0 exe 17111 21240 117314 resp 117814 6 pmu 1023452 59453 8244522 6443301 53865795
1790344673.272615 W 271 lat 296 296 333 0 exe 16851 19481 44296 resp 44611 0 pmu 1023519 39053 8248848 7131976 49303390
1790344674.312649 W 272 lat 296 296 444 0 exe 17018 21222 127574 resp 127925 6 pmu 1023494 58957 8249315 6389899 53747997
1790344675.352612 W 273 lat 296 296 333 0 exe 16925 19425 44537 resp 44851 0 pmu 1023515 38066 8248550 7233234 49157277
1790344676.288648 W 274 lat 296 296 407 0 exe 17185 20870 113962 resp 114370 5 pmu 1023424 55012 8243588 6392498 52845481
1790344677.328618 W 275 lat 296 296 333 0 exe 16999 20481 84425 resp 84740 0 pmu 1023483 50853 8246934 7096045 51793072
1790344678.368638 W 276 lat 296 296 388 0 exe 16759 21092 117999 resp 118388 5 pmu 1023467 57447 8247821 6796974 53751172
1790344679.304612 W 277 lat 296 296 370 0 exe 16925 19907 42833 resp 43148 0 pmu 1023469 43666 8250964 7135503 50295601
1790344680.344647 W 278 lat 296 296 462 0 exe 17074 20796 130666 resp 131074 6 pmu 1023413 53704 8250465 6378020 52631471
1790344681.280612 W 279 lat 296 296 333 0 exe 16907 19740 45351 resp 45666 0 pmu 1023413 42021 8250018 7262504 49964574
1790344682.320648 W 280 lat 296 296 425 0 exe 17185 21074 111277 resp 111666 6 pmu 1023475 57283 8249144 6402036 53416822
1790344683.360615 W 281 lat 296 296 333 0 exe 16833 20333 67074 resp 67370 0 pmu 1023579 48985 8252613 7070220 51300288
1790344684.296648 W 282 lat 296 296 481 0 exe 17111 20370 123407 resp 123740 6 pmu 1023439 48919 8248773 6621749 51833076
1790344685.336613 W 283 lat 296 296 333 0 exe 17148 20277 89722 resp 90037 0 pmu 1023516 48896 8251454 7187667 51270328
1790344686.276645 W 284 lat 296 296 703 0 exe 16759 19722 135166 resp 135870 6 pmu 1023447 40702 8247298 6849721 50303623
1790344687.316617 W 285 lat 296 296 425 0 exe 16592 20481 98481 resp 98870 0 pmu 1023418 50904 8243169 7303301 51797608
1790344688.356646 W 286 lat 296 296 333 0 exe 16814 18944 35296 resp 35611 0 pmu 1023521 32541 8247472 6936216 47816287
1790344689.292615 W 287 lat 296 296 462 0 exe 16999 21851 114129 resp 114462 7 pmu 1023455 66378 8245776 6297130 55151679
1790344690.332647 W 288 lat 296 296 333 0 exe 16999 19148 35703 resp 36018 0 pmu 1023485 35310 8244004 7101785 48460980
1790344691.268613 W 289 lat 296 296 425 0 exe 16962 21351 115259 resp 115574 5 pmu 1023501 60855 8249390 6302942 54005925
1790344692.308646 W 290 lat 296 296 333 0 exe 16944 18777 29703 resp 30018 0 pmu 1023550 30897 8248745 7109902 47511332
1790344693.348617 W 291 lat 296 296 425 0 exe 16759 21277 119481 resp 119814 4 pmu 1023452 60032 8250862 6240892 53823484
1790344694.284613 W 292 lat 296 296 333 0 exe 16888 19203 36111 resp 36425 0 pmu 1023485 35809 8247011 7150814 48604109
1790344695.324638 W 293 lat 296 296 444 0 exe 16648 21240 120333 resp 120666 6 pmu 1023412 59351 8250210 6306694 53725891
1790344696.364647 W 294 lat 296 296 333 0 exe 16833 19074 42629 resp 42944 0 pmu 1023497 34421 8251043 7158680 48314158
1790344697.300615 W 295 lat 296 296 444 0 exe 16814 21388 117166 resp 117518 5 pmu 1023436 61399 8249771 6371056 54186052
1790344698.340650 W 296 lat 296 296 333 0 exe 16944 18999 35185 resp 35481 0 pmu 1023475 33318 8245732 7128820 48060827
1790344699.276613 W 297 lat 296 296 407 0 exe 16999 21277 126351 resp 126666 6 pmu 1023458 60297 8253177 6296779 53882592
1790344700.320645 W 298 lat 296 296 333 0 exe 16944 18833 32185 resp 32499 0 pmu 1023491 31380 8243498 7220880 47718344
1790344701.360617 W 299 lat 296 296 574 0 exe 16833 21722 112092 resp 112666 6 pmu 1023498 65354 8252157 6265980 54927779
1790344702.296609 W 300 lat 296 296 333 0 exe 16759 19148 35870 resp 36166 0 pmu 1023523 34880 8246246 7081702 48379045
1790344703.336636 W 301 lat 296 296 537 0 exe 16870 20944 115129 resp 115574 6 pmu 1023385 55907 8251076 6303422 53022530
1790344704.272615 W 302 lat 296 296 333 0 exe 16814 19703 48277 resp 48592 0 pmu 1023607 41313 8246641 7107350 49777219
1790344705.312639 W 303 lat 296 296 814 0 exe 16851 21499 132759 resp 133407 6 pmu 1023467 62348 8251345 6430682 54431368
1790344706.356645 W 304 lat 296 296 370 0 exe 16999 19240 43925 resp 44240 0 pmu 1023521 36097 8250622 7288793 48735006
1790344707.292615 W 305 lat 296 296 333 0 exe 16685 21518 112314 resp 112629 5 pmu 1023423 62391 8246367 6385877 54467485
1790344708.336652 W 306 lat 296 296 333 0 exe 17185 19462 47740 resp 48055 0 pmu 1023497 38947 8244556 7079594 49209776
1790344709.272617 W 307 lat 296 296 666 0 exe 16851 21074 128777 resp 129370 6 pmu 1023444 57283 8248039 6426089 53418239
1790344710.312644 W 308 lat 296 296 1055 0 exe 17129 24166 195555 resp 196611 16 pmu 1023356 91493 8251694 7245952 62580607
1790344711.352639 W 309 lat 296 296 407 0 exe 17129 21462 122740 resp 123055 6 pmu 1023412 61592 8250225 7934872 55219565
1790344712.288612 W 310 lat 296 296 333 0 exe 16740 18814 45629 resp 45925 0 pmu 1023460 31509 8252807 7186044 47642515
1790344713.328637 W 311 lat 296 296 333 0 exe 16907 21629 120074 resp 120388 6 pmu 1023381 63486 8246861 6399202 54716710
1790344714.368646 W 312 lat 296 296 333 0 exe 16907 19407 46592 resp 46907 0 pmu 1023527 38087 8248488 7158731 49080604
1790344715.304619 W 313 lat 296 296 444 0 exe 16722 21796 126240 resp 126555 6 pmu 1023436 65533 8250461 6412786 55171508
1790344716.344613 W 314 lat 296 296 333 0 exe 17055 19129 40074 resp 40407 0 pmu 1023473 34971 8242699 7220945 48480235
1790344717.280637 W 315 lat 296 296 407 0 exe 16481 21518 113777 resp 114092 7 pmu 1023459 62410 8247247 6346984 54415529
1790344718.320612 W 316 lat 296 296 333 0 exe 16777 19240 43999 resp 44314 0 pmu 1023475 36505 8254457 7093510 48643966
1790344719.364635 W 317 lat 296 296 425 0 exe 17129 21518 123018 resp 123333 6 pmu 1023450 62067 8248195 6385493 54434698
1790344720.300612 W 318 lat 296 296 351 0 exe 16796 19074 40907 resp 41222 0 pmu 1023530 34146 8250594 7189223 48277410
1790344721.340635 W 319 lat 296 296 444 0 exe 16833 21537 117925 resp 118314 6 pmu 1023426 62605 8249632 6353750 54527996
1790344722.276621 W 320 lat 296 296 351 0 exe 16944 19666 45611 resp 45925 0 pmu 1023378 40936 8244887 7137490 49716019
1790344723.316635 W 321 lat 296 296 333 0 exe 17148 21481 114796 resp 115092 6 pmu 1023424 61879 8250957 6404592 54321140
1790344724.356612 W 322 lat 296 296 333 0 exe 16888 19185 44981 resp 45296 0 pmu 1023492 35575 8250020 7106315 48495258
1790344725.292638 W 323 lat 296 296 629 0 exe 16925 21518 110611 resp 111240 5 pmu 1023457 62584 8249512 6395435 54492370
1790344726.332612 W 324 lat 296 296 333 0 exe 16851 19185 42499 resp 42814 0 pmu 1023475 35451 8249113 7066683 48477051
1790344727.268638 W 325 lat 296 296 555 0 exe 17166 21222 128833 resp 129388 6 pmu 1023463 59199 8255619 6370475 53683367
1790344728.308618 W 326 lat 296 296 333 0 exe 16759 19111 46222 resp 46537 0 pmu 1023537 35115 8249834 7248096 48444993
1790344729.348637 W 327 lat 296 296 499 0 exe 17018 21648 112833 resp 113333 7 pmu 1023443 64123 8250912 6406930 54777531
1790344730.284611 W 328 lat 296 296 333 0 exe 16740 19333 42870 resp 43185 0 pmu 1023521 37109 8249539 7088775 48853262
1790344731.324639 W 329 lat 296 296 648 0 exe 16870 21166 110796 resp 111111 5 pmu 1023382 58471 8249033 6374406 53600143
1790344732.364612 W 330 lat 296 296 333 0 exe 16777 19111 45111 resp 45407 0 pmu 1023470 34643 8247035 7064999 48300308
1790344733.300637 W 331 lat 296 296 722 0 exe 16851 21277 118370 resp 118814 7 pmu 1023430 60093 8247456 6395698 53887299
1790344734.340618 W 332 lat 296 296 333 0 exe 17055 19592 46074 resp 46388 0 pmu 1023559 40475 8240448 7142367 49584216
1790344735.276637 W 333 lat 296 296 333 0 exe 16962 21944 114648 resp 114962 7 pmu 1023476 67414 8247768 6409313 55464162
1790344736.316612 W 334 lat 296 296 370 0 exe 17074 19092 43759 resp 44092 0 pmu 1023532 34378 8250557 7106466 48278960
1790344737.356637 W 335 lat 296 296 574 0 exe 16555 22240 113499 resp 113814 5 pmu 1023420 71233 8245068 6384050 56298256
1790344738.292612 W 336 lat 296 296 333 0 exe 16981 19407 46574 resp 46888 0 pmu 1023476 38164 8249146 7095482 49033509
1790344739.332636 W 337 lat 296 296 407 0 exe 16907 21222 117499 resp 117814 6 pmu 1023386 59334 8246564 6413048 53793329
1790344740.268615 W 338 lat 296 296 333 0 exe 17018 19166 44296 resp 44611 0 pmu 1023505 35365 8247657 7131448 48474295
1790344741.312638 W 339 lat 296 296 981 0 exe 16944 21777 115259 resp 115574 7 pmu 1023484 65805 8248167 6389236 55074922
1790344742.352611 W 340 lat 296 296 333 0 exe 16925 19351 46277 resp 46574 0 pmu 1023409 37545 8246020 7114957 48954041
1790344743.288656 W 341 lat 296 296 425 0 exe 16759 21074 112092 resp 112425 5 pmu 1023391 57525 8244805 6409384 53382727
1790344744.328611 W 342 lat 296 296 333 0 exe 16870 19203 48370 resp 48666 0 pmu 1023512 36130 8247735 7075965 48550107
1790344745.368638 W 343 lat 296 296 444 0 exe 16759 22129 116499 resp 116814 5 pmu 1023462 69700 8247461 6429295 55968571
1790344746.304615 W 344 lat 296 296 333 0 exe 17074 19740 42666 resp 42962 0 pmu 1023460 41840 8246123 7125446 49886524
1790344747.344636 W 345 lat 296 296 407 0 exe 16944 21407 112148 resp 112537 7 pmu 1023451 61256 8248086 6375904 54139073
1790344748.280615 W 346 lat 296 296 333 0 exe 16814 19074 42092 resp 42407 0 pmu 1023505 34208 8249757 7079314 48208952
1790344749.324635 W 347 lat 296 296 444 0 exe 16944 21407 117481 resp 117907 5 pmu 1023509 61561 8252981 6365607 54168946
1790344750.364617 W 348 lat 296 296 333 0 exe 16759 19277 46370 resp 46685 0 pmu 1023536 36671 8254377 7133097 48771744
1790344751.300641 W 349 lat 296 296 481 0 exe 16925 21740 119499 resp 119944 5 pmu 1023458 65360 8249711 6409442 55064690
1790344752.340618 W 350 lat 296 296 333 0 exe 16999 19666 46592 resp 46888 0 pmu 1023537 41191 8247432 7155062 49752622
1790344753.276638 W 351 lat 296 296 722 0 exe 17166 21499 113499 resp 114222 6 pmu 1023449 62269 8249068 6414564 54423052
1790344754.316618 W 352 lat 296 296 333 0 exe 16907 19796 40555 resp 40870 0 pmu 1023495 42391 8247703 7097644 50014305
1790344755.356636 W 353 lat 296 296 388 0 exe 16870 21481 120425 resp 120740 6 pmu 1023429 62086 8252211 6354371 54401096
1790344756.292614 W 354 lat 296 296 333 0 exe 16925 19203 41925 resp 42240 0 pmu 1023498 35718 8248596 7161504 48599801
1790344757.332634 W 355 lat 296 296 425 0 exe 17055 21314 115870 resp 116185 6 pmu 1023477 60192 8250675 6365152 53940840
1790344758.268616 W 356 lat 296 296 333 0 exe 17185 19796 46203 resp 46518 0 pmu 1023509 42271 8248294 7116362 49994351
1790344759.308637 W 357 lat 296 296 518 0 exe 16907 21537 112240 resp 112666 6 pmu 1023435 62924 8254443 6412288 54516958
1790344760.348613 W 358 lat 296 296 333 0 exe 17037 19074 44759 resp 45074 0 pmu 1023530 34306 8252555 7081485 48195075
1790344761.284634 W 359 lat 296 296 425 0 exe 17018 21481 113018 resp 113407 6 pmu 1023395 62034 8249007 6393478 54354096
1790344762.324614 W 360 lat 296 296 333 0 exe 16962 19351 42925 resp 43240 0 pmu 1023475 37231 8244987 7088797 48903942
1790344763.364635 W 361 lat 296 296 925 0 exe 16833 21333 130611 resp 130962 6 pmu 1023477 60282 8249109 6376175 53986192
1790344764.300614 W 362 lat 296 296 333 0 exe 16907 19481 57037 resp 57351 0 pmu 1023411 38795 8244344 7265491 49319285
1790344765.340642 W 363 lat 296 296 425 0 exe 17074 21648 112018 resp 112333 6 pmu 1023406 63656 8246795 6517688 54839148
1790344766.276619 W 364 lat 296 296 333 0 exe 17222 19814 49629 resp 49944 0 pmu 1023484 42691 8248237 7079667 50038584
1790344767.316641 W 365 lat 296 314 6796 0 exe 17055 21814 115888 resp 116425 6 pmu 1023438 66096 8252341 6446829 55191064
1790344768.356615 W 366 lat 296 296 333 0 exe 16944 19333 49962 resp 50277 0 pmu 1023519 37174 8248022 7152157 48895340
1790344769.296641 W 367 lat 296 296 351 0 exe 16833 21518 116185 resp 116499 6 pmu 1023431 62363 8248344 6446376 54501268
1790344770.337361 W 368 lat 296 296 333 0 exe 17074 21499 96888 resp 97222 0 pmu 1023500 62498 8252067 7119112 54444407
1790344771.276639 W 369 lat 296 296 462 0 exe 17074 21537 111833 resp 112259 6 pmu 1023456 62920 8252168 6927136 54822431
1790344772.324996 W 370 lat 296 1629 8685 0 exe 17351 88685 404648 resp 406555 246 pmu 1021332 264866 8259818 7078726 235889585
1790344773.272893 W 371 lat 314 3462 8814 0 exe 31925 210740 538574 resp 542425 799 pmu 1019762 360861 8301938 10401236 560660274
1790344774.336719 W 372 lat 314 3518 9259 0 exe 39814 182296 344444 resp 350944 782 pmu 1019518 322516 8300994 12443100 491606032
1790344775.273030 W 373 lat 462 3407 9351 0 exe 29592 188185 546166 resp 552629 704 pmu 1020020 330367 8294414 10414456 499198062
1790344776.332682 W 374 lat 314 3574 8944 0 exe 32870 199685 389055 resp 392425 831 pmu 1019249 335593 8303581 12410923 533902990
1790344777.276977 W 375 lat 333 3962 8796 0 exe 37944 235574 533314 resp 539111 948 pmu 1018609 399533 8307594 10896729 622878778
1790344778.328900 W 376 lat 351 3999 9703 0 exe 36666 229888 358555 resp 364148 942 pmu 1018192 375347 8304178 12557786 608061620
1790344779.272886 W 377 lat 481 3999 9537 0 exe 38462 240759 536277 resp 540999 923 pmu 1017749 411030 8297443 10779029 633765508
1790344780.325055 W 378 lat 481 3925 9629 0 exe 32722 224407 377722 resp 383777 920 pmu 1018408 366033 8306835 12615108 594925404
1790344781.277003 W 379 lat 351 4074 9314 0 exe 33685 242703 505833 resp 512814 950 pmu 1017303 410643 8295955 10925755 641381542
1790344782.336946 W 380 lat 388 3944 9537 0 exe 37648 215185 352111 resp 358351 917 pmu 1018969 356382 8309708 12306122 572369710
1790344783.276871 W 381 lat 296 3555 9611 0 exe 33722 211592 547592 resp 553425 817 pmu 1019160 373994 8293320 10647867 563473810
1790344784.332954 W 382 lat 333 2703 8481 0 exe 32592 128092 302962 resp 307037 448 pmu 1021967 234147 8293148 12559951 350105619
1790344785.272982 W 383 lat 333 3351 9462 0 exe 34925 179611 347592 resp 351944 740 pmu 1020160 325158 8302807 9672676 481062112
1790344786.332907 W 384 lat 314 3148 8092 0 exe 33777 171481 313777 resp 317166 689 pmu 1020540 288007 8297436 10397614 457654367
1790344787.288814 W 385 lat 370 3555 9574 0 exe 32814 210574 497648 resp 503166 825 pmu 1019304 355809 8297022 10000937 558149058
1790344788.332896 W 386 lat 314 3277 9481 0 exe 34222 166759 351148 resp 355407 664 pmu 1020219 299278 8299247 12050003 453125469
1790344789.280903 W 387 lat 314 2833 8481 0 exe 32407 155462 476296 resp 481740 620 pmu 1021314 279948 8293434 10364433 417657700
1790344790.336992 W 388 lat 499 3740 9407 0 exe 32611 198925 371240 resp 379148 844 pmu 1019060 339587 8300303 11549732 531165068
1790344791.280965 W 389 lat 537 4111 9777 0 exe 34796 238018 549888 resp 555925 895 pmu 1017477 413325 8292254 10740042 629834107
1790344792.328961 W 390 lat 444 3722 9074 0 exe 32481 202981 364314 resp 369037 844 pmu 1019079 339851 8297175 12727446 537554005
1790344793.272905 W 391 lat 314 3796 9259 0 exe 34703 226185 548481 resp 554777 852 pmu 1018650 384313 8296286 10672427 596841177
1790344794.324912 W 392 lat 296 3537 9166 0 exe 32759 190999 370999 resp 375611 797 pmu 1019198 336078 8295357 12649640 514701728
1790344795.268757 W 393 lat 333 3351 9074 0 exe 33333 206185 504944 resp 508037 866 pmu 1020015 343490 8306193 10679242 546038914
1790344796.316843 W 394 lat 314 3203 9055 0 exe 32981 172611 328518 resp 335555 748 pmu 1020374 294657 8302545 12087966 463237533
1790344797.268906 W 395 lat 314 2944 10666 0 exe 29111 167592 398888 resp 403148 711 pmu 1020208 325963 8301759 10172900 456444244
1790344798.320881 W 396 lat 296 2481 7722 0 exe 32055 143314 341240 resp 344574 513 pmu 1021455 250690 8290591 10824292 383662933
1790344799.273083 W 397 lat 296 2444 9648 0 exe 27407 139962 478685 resp 481796 533 pmu 1021032 280301 8297238 10119452 390022917
1790344800.332913 W 398 lat 296 2370 8111 0 exe 29740 123370 468759 resp 471370 379 pmu 1021806 234746 8277338 11461834 335771107
1790344801.280955 W 399 lat 314 3166 9166 0 exe 31666 142925 300648 resp 304555 580 pmu 1020655 278971 8293970 11281434 395112802
1790344802.332840 W 400 lat 351 3407 7814 0 exe 32351 188111 533666 resp 538296 742 pmu 1020440 331798 8300253 9723920 500366554
1790344803.284939 W 401 lat 296 2907 8370 0 exe 30888 129074 308777 resp 312407 516 pmu 1021738 242965 8293401 12280927 357772981
1790344804.336989 W 402 lat 351 3296 9592 0 exe 35962 164907 387425 resp 390666 652 pmu 1020635 315049 8295273 9725101 445070557
1790344805.288740 W 403 lat 388 3499 9166 0 exe 31111 179592 343370 resp 346777 755 pmu 1019957 309773 8294325 10722828 481140735
1790344806.332984 W 404 lat 296 3592 10092 0 exe 31351 182592 538185 resp 543851 754 pmu 1019916 346354 8299613 10331453 492625174
1790344807.280877 W 405 lat 333 3481 8592 0 exe 29351 183740 294574 resp 300481 801 pmu 1020131 311022 8302451 12311751 491429980
1790344808.324797 W 406 lat 333 3462 9499 0 exe 33999 179611 524944 resp 530333 735 pmu 1020372 327943 8299201 9864211 483611938
1790344809.268929 W 407 lat 296 3314 10092 0 exe 36629 154814 315462 resp 321388 682 pmu 1020531 289004 8301153 12172513 425404712
1790344810.320907 W 408 lat 296 3481 8148 0 exe 33777 190370 516592 resp 521018 803 pmu 1020094 332985 8301992 9971732 504322674
1790344811.368968 W 409 lat 370 3166 8962 0 exe 30574 144222 314944 resp 319166 597 pmu 1021298 263652 8293182 12129640 397324663
1790344812.308870 W 410 lat 314 3148 8962 0 exe 29777 176499 554925 resp 558962 638 pmu 1020351 320973 8286024 9868496 471867366
1790344813.364797 W 411 lat 314 3148 8981 0 exe 34037 164833 325814 resp 329481 672 pmu 1020820 280308 8301303 12424637 444140074
1790344814.304861 W 412 lat 296 2555 7870 0 exe 30814 130648 510592 resp 516314 472 pmu 1022090 256416 8286532 10093732 359869418
1790344815.356779 W 413 lat 444 3574 9092 0 exe 32555 177148 337111 resp 342148 802 pmu 1020060 305567 8302949 11757323 476327303
1790344816.301009 W 414 lat 351 3814 10666 0 exe 32537 192592 533537 resp 538259 836 pmu 1019705 358930 8303456 10272366 519841434
1790344817.356924 W 415 lat 314 3796 9222 0 exe 34166 208296 363259 resp 367611 911 pmu 1018781 356381 8296275 12321131 555466006
1790344818.300753 W 416 lat 296 3259 9370 0 exe 32499 182314 530999 resp 536907 678 pmu 1020668 317991 8300080 10694925 483396928
1790344819.345048 W 417 lat 370 3537 10074 0 exe 30722 173999 332037 resp 335018 755 pmu 1020254 309003 8305443 12240077 472618595
1790344820.296910 W 418 lat 314 2537 8037 0 exe 32833 126407 542888 resp 548444 450 pmu 1022318 240235 8291376 10189654 343371629
1790344821.344930 W 419 lat 314 3203 9648 0 exe 33425 150759 301277 resp 304666 612 pmu 1020871 280209 8298356 12068588 414046128
1790344822.288891 W 420 lat 314 3277 8851 0 exe 35481 168537 342425 resp 345685 710 pmu 1020567 310007 8295543 9777988 454333345
1790344823.345015 W 421 lat 333 2499 8481 0 exe 31259 112111 332388 resp 337518 351 pmu 1022379 215674 8286110 10283481 312370952
1790344824.296828 W 422 lat 351 3388 8962 0 exe 35333 203425 522833 resp 528111 794 pmu 1020186 343079 8304974 9884715 537486227
1790344825.352692 W 423 lat 388 3277 9129 0 exe 32703 171499 302759 resp 307981 703 pmu 1020368 292675 8300135 12273665 459630384
1790344826.300830 W 424 lat 314 2481 8388 0 exe 30518 122314 490185 resp 494296 404 pmu 1022340 243956 8285237 9899489 337622217
1790344827.352699 W 425 lat 333 3296 8555 0 exe 32999 173740 296537 resp 299092 779 pmu 1020423 294692 8303255 11504241 465841020
1790344828.297022 W 426 lat 314 3462 9722 0 exe 36629 196888 539833 resp 545925 775 pmu 1019534 359232 8298861 9834638 527245519
1790344829.344920 W 427 lat 462 3703 9870 0 exe 33814 190518 353092 resp 356851 779 pmu 1019400 324713 8297000 12425897 510111339
1790344830.292875 W 428 lat 314 3537 7962 0 exe 31814 206018 547629 resp 552851 775 pmu 1020028 346740 8303586 10503356 545752627
1790344831.344914 W 429 lat 296 3148 9388 0 exe 31203 157814 309222 resp 313870 614 pmu 1020645 284984 8293496 12512030 431123362
1790344832.292641 W 430 lat 296 1796 7314 0 exe 17259 111777 309185 resp 314870 396 pmu 1021739 227750 8280061 9885275 295360204
1790344833.332615 W 431 lat 296 296 333 0 exe 17148 19499 43999 resp 44314 0 pmu 1023422 39112 8260001 9572023 50800713
1790344834.272918 W 432 lat 296 1592 5759 0 exe 17037 139333 414129 resp 417018 498 pmu 1016757 363801 8248042 6389874 358100377
1790344835.312886 W 433 lat 1555 3148 5499 0 exe 203407 257333 333629 resp 336851 1000 pmu 1006304 620958 8216912 10738359 661952096
1790344836.356892 W 434 lat 981 3074 5740 0 exe 117555 258203 366092 resp 369999 1000 pmu 1006722 635085 8218836 11469709 665703870
1790344837.300923 W 435 lat 1537 3148 6129 0 exe 172333 255518 318222 resp 321518 1000 pmu 1006343 619043 8228140 11370838 658350144
1790344838.340892 W 436 lat 1574 3129 6203 0 exe 155259 258333 408111 resp 412499 1000 pmu 1007237 630309 8232253 11154469 666021169
1790344839.276897 W 437 lat 1351 3111 6444 0 exe 205462 256555 318703 resp 321870 1000 pmu 1006016 621662 8215577 11988038 661274343
1790344840.320907 W 438 lat 1481 3203 6592 0 exe 200518 260462 384777 resp 389148 1000 pmu 1007007 635936 8226669 11330010 671305668
1790344841.364914 W 439 lat 1074 3185 6611 0 exe 164814 252555 322111 resp 325870 1000 pmu 1006859 610185 8230156 11993428 651093251
1790344842.300919 W 440 lat 1425 3259 9314 0 exe 203999 261925 363962 resp 369185 1000 pmu 1006663 637877 8225979 11143532 674876615
1790344843.340912 W 441 lat 1574 3148 6462 0 exe 204185 257759 333870 resp 338055 1000 pmu 1006069 622427 8213100 11828111 664032892
1790344844.276870 W 442 lat 1444 3111 5888 0 exe 174148 260518 397666 resp 402074 1000 pmu 1007218 634339 8226000 11487719 671627525
1790344845.316901 W 443 lat 1240 3074 7425 0 exe 164981 254814 316166 resp 318481 1000 pmu 1006564 618152 8225201 11986754 656978481
1790344846.360893 W 444 lat 1629 3148 6129 0 exe 203481 258888 365518 resp 369277 1000 pmu 1006685 628839 8231676 11093426 667360937
1790344847.296884 W 445 lat 1166 3148 6444 0 exe 174962 259370 400185 resp 404388 1000 pmu 1006404 628471 8211733 11803050 668077024
1790344848.344905 W 446 lat 1462 3129 6537 0 exe 157944 255092 325574 resp 327814 1000 pmu 1006385 616287 8217992 12010719 657459633
1790344849.280888 W 447 lat 1092 3111 6462 0 exe 174018 260259 378351 resp 381462 1000 pmu 1006844 634582 8222802 11150448 670731106
1790344850.320905 W 448 lat 1462 3259 7944 0 exe 205203 257888 340333 resp 344055 1000 pmu 1006057 623357 8219810 11786165 664208687
1790344851.364916 W 449 lat 1407 3148 6648 0 exe 163796 258611 381611 resp 385629 1000 pmu 1006842 631686 8222956 11563302 666708144
1790344852.300896 W 450 lat 1499 3222 6277 0 exe 163814 255851 318648 resp 322499 1000 pmu 1006219 618018 8221566 11766864 659081684
1790344853.340867 W 451 lat 1240 3129 6592 0 exe 163203 260055 398944 resp 404111 1000 pmu 1007074 637796 8226712 11121638 670458292
1790344854.276903 W 452 lat 1555 3129 6296 0 exe 159129 255814 313851 resp 317277 1000 pmu 1006254 618884 8218425 11948837 659210319
1790344855.316885 W 453 lat 1203 3111 6703 0 exe 160944 261185 397055 resp 400740 1000 pmu 1006912 637913 8223553 11047841 672949823
1790344856.360921 W 454 lat 1166 3129 5851 0 exe 170462 255685 320648 resp 323444 1000 pmu 1006328 618293 8225357 11917166 658860109
1790344857.296898 W 455 lat 1499 3111 5962 0 exe 192425 262074 376092 resp 380537 1000 pmu 1006942 640232 8224975 11164481 675376422
1790344858.336905 W 456 lat 1240 3148 7074 0 exe 172222 255629 323370 resp 326999 1000 pmu 1006316 618752 8221349 11871099 658846884
1790344859.272892 W 457 lat 1444 3166 6055 0 exe 168259 261444 403722 resp 407462 1000 pmu 1006630 637234 8224312 11211018 673963958
1790344860.312899 W 458 lat 1629 3166 5574 0 exe 195925 257333 323018 resp 326555 1000 pmu 1006219 622575 8218883 12020279 663085659
1790344861.356876 W 459 lat 1425 3129 6129 0 exe 200407 260999 363981 resp 367370 1000 pmu 1006472 638071 8223327 11328654 673103363
1790344862.292888 W 460 lat 1574 3240 6740 0 exe 161611 255759 320962 resp 324351 1000 pmu 1006191 619018 8214011 11779777 659162232
1790344863.332875 W 461 lat 1203 3222 6314 0 exe 176722 261277 411888 resp 417462 1000 pmu 1006992 637688 8221195 11133727 673079077
1790344864.268893 W 462 lat 1055 3166 6425 0 exe 161666 255425 318074 resp 322222 1000 pmu 1006059 616845 8217210 12153081 658362733
1790344865.312910 W 463 lat 870 3111 6037 0 exe 159388 260629 385666 resp 389574 1000 pmu 1007194 636916 8227230 11102687 671446742
1790344866.352930 W 464 lat 1296 3111 6037 0 exe 203185 257592 334296 resp 336833 1000 pmu 1006016 621325 8221523 11788994 663451917
1790344867.288893 W 465 lat 1574 3111 6425 0 exe 168555 262314 389740 resp 393148 1000 pmu 1006549 639440 8214698 11474334 675913233
1790344868.332891 W 466 lat 1351 3111 6944 0 exe 164629 255592 321888 resp 324888 1000 pmu 1006089 617304 8216941 11886969 658503589
1790344869.268881 W 467 lat 1240 3055 5759 0 exe 167629 257722 392722 resp 395648 1000 pmu 1007232 635707 8218545 11154617 664356193
1790344870.308883 W 468 lat 1481 3129 5907 0 exe 165851 255388 318074 resp 322444 1000 pmu 1006111 616717 8213663 11881622 658065562
1790344871.352891 W 469 lat 1185 3092 6666 0 exe 162759 261425 379296 resp 382999 1000 pmu 1006948 637839 8217934 11123909 673654889
1790344872.288943 W 470 lat 1296 3277 7444 0 exe 162574 255962 327481 resp 331833 1000 pmu 1006449 617512 8219429 11749915 659454792
1790344873.332897 W 471 lat 1499 3185 9129 0 exe 200037 262277 385185 resp 387851 1000 pmu 1006722 638475 8222232 11212061 676040089
1790344874.268917 W 472 lat 1185 3222 6759 0 exe 166648 255740 322203 resp 327499 1000 pmu 1006472 617783 8216536 12008308 658918488
1790344875.312905 W 473 lat 1425 3148 7240 0 exe 197166 262537 392055 resp 395370 1000 pmu 1006767 638674 8222877 11178899 676409814
1790344876.352911 W 474 lat 1444 3111 5722 0 exe 176611 256499 320462 resp 324425 1000 pmu 1006376 617281 8219713 12057481 660537384
1790344877.288884 W 475 lat 1333 3129 5685 0 exe 172203 261203 385703 resp 388981 1000 pmu 1006746 637061 8221676 11203944 673053402
1790344878.328909 W 476 lat 1388 3092 6444 0 exe 171833 256666 322833 resp 325759 1000 pmu 1006274 619168 8221408 11853719 661031542
1790344879.372879 W 477 lat 1129 3074 5370 0 exe 177018 260611 385296 resp 389425 1000 pmu 1006922 634867 8224932 11202679 671789700
1790344880.308910 W 478 lat 1333 3148 6425 0 exe 191333 257018 323222 resp 326222 1000 pmu 1006281 621192 8215996 11872242 661951966
1790344881.348912 W 479 lat 1055 3111 5759 0 exe 152648 260018 382444 resp 385777 1000 pmu 1006900 633822 8219536 11306020 670209918
1790344882.284929 W 480 lat 1444 3111 6037 0 exe 195555 257444 326444 resp 329259 1000 pmu 1006197 623371 8213620 11716530 662976262
1790344883.332897 W 481 lat 1277 3111 6314 0 exe 163444 260999 384092 resp 387870 1000 pmu 1006743 637600 8220024 11359049 672656020
1790344884.272940 W 482 lat 888 3203 7166 0 exe 177925 257259 321870 resp 326555 1000 pmu 1006187 622260 8220724 11798023 662621157
1790344885.320907 W 483 lat 629 3111 6314 0 exe 95574 258092 381814 resp 384407 999 pmu 1006714 632788 8222244 11236891 665441760
1790344886.364896 W 484 lat 1462 3222 7388 0 exe 152425 256333 326851 resp 329407 1000 pmu 1006307 618764 8220354 11412225 660033673
1790344887.308830 W 485 lat 1481 3148 6333 0 exe 202870 258037 385425 resp 389999 1000 pmu 1006150 623495 8220738 11147951 664490456
1790344888.356868 W 486 lat 1333 3129 6611 0 exe 156833 259203 394074 resp 397777 1000 pmu 1006965 628853 8220004 11999014 668006180
1790344889.292897 W 487 lat 1499 3129 6370 0 exe 211629 259444 336981 resp 341870 1000 pmu 1005817 626762 8219872 11857333 667935495
1790344890.336875 W 488 lat 1222 3092 5518 0 exe 171703 262203 381314 resp 382685 1000 pmu 1006704 638328 8220279 11567340 675494363
1790344891.272869 W 489 lat 1296 3111 6481 0 exe 174444 255814 357518 resp 362388 1000 pmu 1005945 616757 8212800 11801209 659151820
1790344892.328889 W 490 lat 981 3111 6055 0 exe 207851 261537 368777 resp 371407 1000 pmu 1006565 637411 8219124 11567724 673981429
1790344893.368894 W 491 lat 1518 3129 6092 0 exe 200796 259481 319111 resp 322277 1000 pmu 1006309 626492 8223770 11861210 667972352
1790344894.308644 W 492 lat 296 1851 5925 0 exe 17074 158444 389240 resp 393481 556 pmu 1014963 411728 8234624 11323279 409853366
1790344895.348611 W 493 lat 296 296 333 0 exe 17018 19129 40888 resp 41185 0 pmu 1023492 34714 8247964 10591083 50471902
1790344896.304651 W 494 lat 296 296 981 0 exe 17203 26296 167777 resp 168203 25 pmu 1023297 114084 8248708 6354831 68243143
1790344897.356617 W 495 lat 296 296 333 0 exe 16796 19499 50759 resp 51055 0 pmu 1023482 39048 8242409 7664554 49623625
1790344898.296634 W 496 lat 296 296 407 0 exe 17370 22407 108944 resp 109259 4 pmu 1023436 72657 8245975 6454388 56794226
1790344899.340616 W 497 lat 296 296 333 0 exe 17277 19481 44499 resp 44796 0 pmu 1023458 38472 8239352 7054191 49202725
1790344900.304635 W 498 lat 296 296 425 0 exe 17037 22222 109259 resp 109685 4 pmu 1023388 70698 8242468 6394096 56292844
1790344901.344619 W 499 lat 296 296 333 0 exe 16759 19314 45666 resp 45981 0 pmu 1023516 36619 8241995 7055291 48794172
1790344902.296635 W 500 lat 296 296 351 0 exe 17166 22462 112425 resp 112777 8 pmu 1023407 73372 8243977 6402483 56854363
1790344903.340612 W 501 lat 296 296 444 0 exe 17222 19351 44425 resp 44740 0 pmu 1023535 36942 8239868 7088094 48859046
1790344904.292633 W 502 lat 296 296 518 0 exe 16944 22722 112888 resp 113203 6 pmu 1023399 76470 8243282 6392921 57520751
1790344905.348615 W 503 lat 296 296 333 0 exe 16944 19388 41074 resp 41388 0 pmu 1023538 37560 8241256 7093462 48967951
1790344906.300632 W 504 lat 296 296 444 0 exe 17166 22092 116574 resp 116888 7 pmu 1023518 68973 8244759 6357739 55921547
1790344907.360613 W 505 lat 296 296 333 0 exe 17166 19555 44185 resp 44481 0 pmu 1023484 39732 8244115 7128117 49458036
1790344908.304633 W 506 lat 296 296 462 0 exe 17055 22537 131944 resp 132277 6 pmu 1023430 73945 8243163 6390649 56996829
1790344909.360615 W 507 lat 296 296 333 0 exe 17055 19444 41370 resp 41685 0 pmu 1023461 38432 8241472 7283621 49264036
1790344910.308643 W 508 lat 296 296 444 0 exe 17370 24796 112314 resp 112666 6 pmu 1023390 100578 8242839 6361460 62817438
1790344911.356619 W 509 lat 296 296 425 0 exe 17018 20703 75907 resp 76222 0 pmu 1023499 52857 8243904 7100103 52285916
1790344912.308617 W 510 lat 296 296 333 0 exe 17185 21240 102499 resp 102814 2 pmu 1023461 58856 8240347 6713358 53542335
1790344913.352615 W 511 lat 296 296 333 0 exe 16759 19203 38962 resp 39277 0 pmu 1023477 35428 8239396 6982387 48499673
1790344914.300608 W 512 lat 296 296 333 0 exe 17296 19537 36518 resp 36833 0 pmu 1023499 39139 8239419 6334922 48882731
1790344915.352616 W 513 lat 296 296 333 0 exe 16888 19388 42499 resp 42814 0 pmu 1023496 37772 8240600 6314739 48544918
1790344916.296614 W 514 lat 296 296 351 0 exe 17037 19462 37611 resp 37907 0 pmu 1023580 38505 8237234 6371679 48758438
1790344917.336615 W 515 lat 296 296 333 0 exe 17388 20222 69055 resp 69370 0 pmu 1023430 47684 8241584 6323996 50642341
1790344918.280660 W 516 lat 296 296 722 0 exe 17296 28129 151907 resp 152370 16 pmu 1023283 139122 8242649 6643930 72350553
1790344919.320632 W 517 lat 296 296 333 0 exe 17425 22388 100092 resp 100425 1 pmu 1023405 72463 8243173 7514362 57083820
1790344920.360638 W 518 lat 296 296 425 0 exe 17185 22111 109759 resp 110055 9 pmu 1023411 68883 8242016 6965358 56298579
1790344921.308614 W 519 lat 296 296 333 0 exe 16944 19592 47018 resp 47333 0 pmu 1023511 39987 8242135 7059789 49495877
1790344922.360634 W 520 lat 296 296 518 0 exe 17037 22388 114444 resp 114962 7 pmu 1023423 72169 8242436 6418309 56602950
1790344923.300611 W 521 lat 296 296 351 0 exe 17277 19555 47907 resp 48203 0 pmu 1023459 39186 8241755 7108817 49406511
1790344924.348635 W 522 lat 296 296 555 0 exe 17351 22666 118092 resp 118425 8 pmu 1023358 75729 8238429 6428569 57385435
1790344925.296616 W 523 lat 296 296 370 0 exe 17037 20185 62722 resp 63055 0 pmu 1023502 46865 8243606 7147695 51036656
1790344926.344634 W 524 lat 296 296 444 0 exe 16870 21814 125796 resp 126111 6 pmu 1023440 65622 8240718 6578959 55342308
1790344927.304612 W 525 lat 296 296 333 0 exe 17388 19518 43296 resp 43611 0 pmu 1023479 38842 8238912 7217274 49387005
1790344957.252652 W 526 lat 296 296 555 0 exe 17074 21888 116888 resp 117203 7 pmu 1023435 66585 8238850 6382840 55392776
1790344957.252752 W 527 lat 296 296 555 0 exe 17074 21314 101148 resp 101462 1 pmu 1023484 60163 8241480 7130265 53969475
1790344957.252804 W 528 lat 296 296 388 0 exe 17222 20907 104277 resp 104611 3 pmu 1023523 55505 8242295 6969803 52901215
1790344957.252852 W 529 lat 296 296 333 0 exe 17259 19240 27203 resp 27537 0 pmu 1023546 35830 8246463 6999056 48617706
1790344957.252900 W 530 lat 296 296 333 0 exe 16981 18870 24425 resp 24722 0 pmu 1023482 31651 8237892 6219996 47201666
1790344957.252948 W 531 lat 296 296 351 0 exe 17074 18518 33888 resp 34185 0 pmu 1023482 27854 8234896 6188692 46328445
1790344957.252995 W 532 lat 296 296 333 0 exe 17314 19037 29703 resp 30037 0 pmu 1023475 33444 8236183 6282126 47656796
1790344957.253043 W 533 lat 296 296 333 0 exe 16907 18888 29574 resp 29870 0 pmu 1023539 31865 8240396 6244221 47243143
1790344957.253095 W 534 lat 296 296 333 0 exe 16796 18629 21425 resp 21740 0 pmu 1023522 28922 8239228 6239915 46592229
1790344957.253143 W 535 lat 296 296 333 0 exe 17092 18518 23925 resp 24240 0 pmu 1023500 27788 8238956 6156653 46288390
1790344957.253193 W 536 lat 296 296 333 0 exe 16925 18537 23277 resp 23574 0 pmu 1023514 28023 8236772 6182572 46374863
1790344957.253242 W 537 lat 296 296 333 0 exe 16444 18314 20592 resp 20888 0 pmu 1023487 25799 8238710 6175405 45798694
1790344957.253292 W 538 lat 296 296 333 0 exe 16962 18629 20722 resp 21037 0 pmu 1023549 28885 8243788 6144941 46543746
1790344957.253338 W 539 lat 296 296 333 0 exe 17277 18981 22481 resp 22777 0 pmu 1023517 31990 8240576 6150491 47399802
1790344957.253402 W 540 lat 296 296 333 0 exe 17666 19648 23574 resp 23870 0 pmu 1023534 39993 8240628 6171338 49131440
1790344957.253451 W 541 lat 296 296 333 0 exe 18037 19370 21592 resp 21888 0 pmu 1023527 36611 8238928 6187501 48427690
1790344957.253497 W 542 lat 296 296 333 0 exe 18111 19518 23462 resp 23796 0 pmu 1023485 38227 8238516 6168101 48766486
1790344957.253542 W 543 lat 296 296 333 0 exe 16870 19148 22814 resp 23129 0 pmu 1023491 34205 8236564 6188144 47823493
1790344957.253586 W 544 lat 296 296 333 0 exe 16851 18462 21629 resp 21925 0 pmu 1023475 27043 8237694 6173426 46144164
1790344957.253633 W 545 lat 296 296 333 0 exe 16574 18685 30833 resp 31129 0 pmu 1023516 29896 8239590 6158065 46714834
1790344957.253683 W 546 lat 296 296 333 0 exe 16833 18574 21333 resp 21648 0 pmu 1023521 28413 8238541 6249853 46493634
1790344957.253733 W 547 lat 296 296 351 0 exe 16833 18407 24370 resp 24666 0 pmu 1023558 26823 8239812 6155654 46013284
1790344957.253781 W 548 lat 296 296 333 0 exe 16722 18685 24055 resp 24351 0 pmu 1023539 29601 8240004 6185162 46713642
1790344957.253826 W 549 lat 296 296 351 0 exe 16722 18370 20740 resp 21037 0 pmu 1023491 26125 8236897 6182667 45959832
1790344957.253871 W 550 lat 296 296 333 0 exe 16648 18351 20981 resp 21277 0 pmu 1023512 26044 8237548 6148155 45895097
1790344957.253916 W 551 lat 296 296 333 0 exe 16703 18351 22574 resp 22870 0 pmu 1023500 26175 8238136 6149956 45882942
1790344957.253962 W 552 lat 296 296 351 0 exe 17092 18722 24351 resp 24666 0 pmu 1023508 30230 8238760 6166167 46828063
1790344957.254007 W 553 lat 296 296 333 0 exe 16648 18518 20777 resp 21092 0 pmu 1023512 27806 8239612 6187898 46278808
1790344957.254053 W 554 lat 296 296 425 0 exe 16833 21314 105944 resp 106259 4 pmu 1023447 60501 8245208 6148927 53582101
1790344957.264659 W 555 lat 296 296 629 0 exe 16833 19499 137888 resp 138203 7 pmu 1023502 38348 8250746 7015890 49948506
1790344958.309182 W 556 lat 296 1870 11629 0 exe 16925 153240 536370 resp 543666 361 pmu 1019194 308155 8242581 7328603 388593756
1790344959.349305 W 557 lat 296 4574 10703 0 exe 59296 390518 580055 resp 584185 979 pmu 1010112 712411 8229153 12082543 994502220
1790344960.285109 W 558 lat 2555 5703 12092 0 exe 189814 436685 649833 resp 656574 1000 pmu 1008082 664513 8219705 13910585 1092838035
1790344961.324714 W 559 lat 296 2574 10222 0 exe 28314 219462 533111 resp 537407 512 pmu 1014596 517599 8245749 15527517 579584252
1790344962.369025 W 560 lat 1388 5555 14518 0 exe 200796 467851 615740 resp 626129 1000 pmu 1009658 707087 8225147 12419625 1171942135
1790344963.304768 W 561 lat 296 2962 10999 0 exe 54851 288185 579666 resp 583555 826 pmu 1012924 646044 8232398 15422055 760977096
1790344964.352931 W 562 lat 296 3370 11814 0 exe 40666 306814 581425 resp 587777 772 pmu 1012840 657097 8234604 13364630 789711715
1790344965.312960 W 563 lat 444 4962 12351 0 exe 84018 399388 588666 resp 591777 996 pmu 1009028 670541 8222231 13423481 1007450615
1790344966.364704 W 564 lat 1333 5518 11648 0 exe 151277 425629 633648 resp 639111 1000 pmu 1008398 669083 8217736 14170620 1066812939
1790344967.329265 W 565 lat 296 2592 11685 0 exe 29277 234851 604592 resp 607462 522 pmu 1015011 534198 8248435 15102119 615856281
1790344968.272955 W 566 lat 296 5129 11851 0 exe 71037 440851 621277 resp 626796 990 pmu 1011521 678242 8228039 13216289 1105998174
1790344969.329128 W 567 lat 296 1907 8222 0 exe 47759 204851 583425 resp 588999 682 pmu 1014555 609300 8246837 14647856 550564064
1790344970.277076 W 568 lat 333 4277 11759 0 exe 93629 399666 617777 resp 623296 998 pmu 1010525 763327 8224518 12939948 1021161763
1790344971.324879 W 569 lat 1203 5537 11370 0 exe 166907 421851 551703 resp 557907 1000 pmu 1008628 646817 8213618 14516563 1058592736
1790344972.372788 W 570 lat 314 3888 9629 0 exe 67111 340851 531240 resp 536092 982 pmu 1010934 618950 8224711 14345071 868924216
1790344973.325120 W 571 lat 296 3981 9981 0 exe 26259 347296 527333 resp 530462 886 pmu 1012488 590677 8234100 13207714 879955605
1790344974.276968 W 572 lat 296 3111 9407 0 exe 38555 291537 606407 resp 610388 845 pmu 1013115 643899 8237880 12990251 751804175
1790344975.333062 W 573 lat 296 3833 11796 0 exe 47388 346018 583777 resp 587888 823 pmu 1011497 688649 8225843 13560540 890777091
1790344976.276938 W 574 lat 833 4703 10351 0 exe 117777 407629 571462 resp 575555 1000 pmu 1009587 713505 8225273 13667758 1028917582
1790344977.329045 W 575 lat 1944 5388 13925 0 exe 173537 413888 617240 resp 624777 1000 pmu 1009741 618577 8226117 14204401 1036584405
1790344978.273077 W 576 lat 296 3037 9444 0 exe 36462 288111 574685 resp 578962 731 pmu 1013115 617345 8233553 15015400 753489524
1790344979.328777 W 577 lat 296 4166 11333 0 exe 63851 390185 586203 resp 591851 979 pmu 1010448 693577 8221814 13217543 988799244
1790344980.273009 W 578 lat 314 3203 9999 0 exe 50925 294777 562148 resp 567222 930 pmu 1012781 636369 8241128 14001934 765620372
1790344981.321213 W 579 lat 296 3833 11962 0 exe 58962 333370 598092 resp 604203 944 pmu 1011564 656172 8228538 13205375 855781268
1790344982.277263 W 580 lat 2444 5722 13851 0 exe 187111 460685 658111 resp 666333 1000 pmu 1008638 691001 8220077 13816250 1153602282
1790344983.320765 W 581 lat 296 2666 10851 0 exe 36185 241296 587148 resp 592055 567 pmu 1014125 571592 8242969 15732495 628723741
1790344984.273137 W 582 lat 314 4962 10314 0 exe 47481 446555 649259 resp 658518 986 pmu 1010050 718927 8225084 13115171 1124295208
1790344985.341071 W 583 lat 314 3537 8259 0 exe 69499 305370 587740 resp 592018 967 pmu 1013342 599928 8247052 14849421 786397532
1790344986.297135 W 584 lat 296 2722 11092 0 exe 52722 250203 531444 resp 535537 826 pmu 1013974 629919 8249129 13595864 660956519
1790344987.353032 W 585 lat 1574 5388 11888 0 exe 164574 445648 598129 resp 604722 1000 pmu 1009111 690558 8219849 12682723 1118531316
1790344988.292935 W 586 lat 296 4148 9796 0 exe 54499 355629 591759 resp 597666 952 pmu 1010056 632596 8229857 14922146 901338803
1790344989.341224 W 587 lat 296 3444 10222 0 exe 36092 314611 585574 resp 590629 724 pmu 1013197 607724 8233399 13830935 802445570
1790344990.292901 W 588 lat 296 4240 9925 0 exe 60388 384499 571333 resp 576425 984 pmu 1010402 678671 8217432 13466881 980786446
1790344991.361052 W 589 lat 296 2796 9314 0 exe 50555 242462 535203 resp 539833 787 pmu 1013885 560723 8247960 13797532 631096608
1790344992.317086 W 590 lat 314 4777 12499 0 exe 75351 419962 578129 resp 583111 983 pmu 1009550 699134 8220833 12664958 1056364539
1790344993.357098 W 591 lat 1018 5055 11629 0 exe 127759 425314 619111 resp 623592 1000 pmu 1008945 664529 8218880 14133423 1066592100
1790344994.301225 W 592 lat 296 2592 8407 0 exe 35981 246222 552388 resp 560370 693 pmu 1014532 556249 8246116 14829014 649991284
1790344995.352863 W 593 lat 296 4685 15074 0 exe 60018 421074 596481 resp 601462 971 pmu 1009779 710072 8221354 12793746 1061220460
1790344996.312676 W 594 lat 333 3518 7759 0 exe 66611 300481 504222 resp 508499 974 pmu 1012864 589837 8244881 14257907 770465728
1790344997.269005 W 595 lat 296 3462 10111 0 exe 49185 313425 610796 resp 615796 862 pmu 1011960 643268 8235972 12719366 805906739
1790344998.313141 W 596 lat 1629 5277 12351 0 exe 154703 447740 602629 resp 606351 1000 pmu 1008272 704468 8214378 13778034 1123274874
1790344999.353037 W 597 lat 296 2833 8462 0 exe 46537 256611 553037 resp 558425 860 pmu 1013901 549152 8243946 14915701 664897916
1790345000.304836 W 598 lat 314 4574 10092 0 exe 73018 427425 594259 resp 599574 991 pmu 1009918 713877 8218583 12893641 1074963964
1790345001.364754 W 599 lat 296 3388 8314 0 exe 46277 292481 528074 resp 531999 949 pmu 1012716 572027 8239484 14308879 760540523
1790345002.309036 W 600 lat 296 3351 10703 0 exe 44759 300203 596314 resp 603518 837 pmu 1012465 648343 8236182 12816313 779780429
1790345003.361007 W 601 lat 1555 5277 12574 0 exe 206314 446314 609777 resp 614925 1000 pmu 1008451 695889 8217900 13558235 1121535451
1790345004.308864 W 602 lat 296 3185 13370 0 exe 39703 269999 568703 resp 572722 926 pmu 1013452 546977 8240315 15246123 697280042
1790345005.349188 W 603 lat 296 3796 8944 0 exe 88166 403018 591240 resp 597518 981 pmu 1010995 796472 8219690 13102502 1031258374
1790345006.309141 W 604 lat 351 3962 9444 0 exe 95333 389999 583833 resp 586888 998 pmu 1011491 737687 8233077 14227407 989480411
1790345007.369219 W 605 lat 296 3111 12555 0 exe 52055 322185 627962 resp 635777 794 pmu 1012412 753642 8232471 14111163 838689000
1790345008.328862 W 606 lat 296 4981 12851 0 exe 102129 486611 682870 resp 687907 1000 pmu 1010308 853141 8222992 14032259 1230118357
1790345009.284978 W 607 lat 296 3814 11407 0 exe 71462 347629 582962 resp 590833 986 pmu 1011735 662785 8229528 15650637 892411142
1790345010.333166 W 608 lat 314 3425 8685 0 exe 62259 358111 588777 resp 593555 927 pmu 1011203 739089 8217459 13804467 924857809
1790345011.292857 W 609 lat 425 4240 9796 0 exe 110722 412129 602444 resp 605722 1000 pmu 1011747 751749 8227297 13838286 1051060425
1790345012.349081 W 610 lat 296 2907 11092 0 exe 61351 296314 620240 resp 626148 911 pmu 1012093 702687 8227709 14489631 769837112
1790345013.308833 W 611 lat 333 4962 10537 0 exe 97407 490759 624851 resp 629481 999 pmu 1009572 855289 8211538 13854237 1234783678
1790345014.365108 W 612 lat 314 3555 9759 0 exe 70944 355462 591148 resp 595666 959 pmu 1011583 717811 8231349 15054290 909937074
1790345015.321106 W 613 lat 296 3185 9296 0 exe 59333 337870 593851 resp 599407 918 pmu 1011765 753447 8223534 13896652 877546212
1790345016.269040 W 614 lat 685 4685 11962 0 exe 176499 468777 579518 resp 583740 1000 pmu 1009796 816404 8214282 13778953 1178887656
1790345017.328862 W 615 lat 296 3129 10111 0 exe 58240 320185 589796 resp 593648 943 pmu 1011977 726032 8221391 14892046 825878661
1790345018.280645 W 616 lat 296 3388 11259 0 exe 17796 333055 627685 resp 633314 678 pmu 1014256 601873 8224793 13638690 839419668
1790345019.324636 W 617 lat 296 296 462 0 exe 16907 21685 115018 resp 115333 7 pmu 1023456 64451 8249351 13893749 59424336
1790345020.368676 W 618 lat 296 685 7703 0 exe 17074 72462 691481 resp 696240 115 pmu 1022234 162777 8246088 7109649 182525915
1790345021.304652 W 619 lat 296 296 1277 0 exe 18555 25851 114555 resp 114870 12 pmu 1023298 111730 8250489 13189229 70847017
1790345022.348625 W 620 lat 296 296 611 0 exe 18833 22666 52814 resp 53129 0 pmu 1023454 76159 8248936 7137789 57897001
1790345023.284650 W 621 lat 296 296 555 0 exe 18666 24685 128999 resp 129499 11 pmu 1023352 98681 8250807 6502435 63545172
1790345024.324624 W 622 lat 296 296 407 0 exe 18592 21574 55833 resp 56148 0 pmu 1023477 63940 8247757 7274260 55098379
1790345025.364648 W 623 lat 296 296 611 0 exe 18407 24740 130074 resp 130407 10 pmu 1023324 99158 8248857 6525005 63695767
1790345026.300629 W 624 lat 296 296 407 0 exe 18981 22203 55611 resp 55907 0 pmu 1023471 71027 8246696 7283348 56738900
1790345027.340650 W 625 lat 296 296 537 0 exe 18740 24814 112833 resp 113370 12 pmu 1023321 100198 8245951 6527653 63912246
1790345028.276624 W 626 lat 296 296 425 0 exe 18759 21314 55611 resp 55925 0 pmu 1023502 61267 8245988 7113604 54287656
1790345029.316651 W 627 lat 296 296 722 0 exe 18277 25148 121870 resp 122592 15 pmu 1023299 104298 8247684 6522323 64993272
1790345030.356625 W 628 lat 296 296 425 0 exe 18444 21703 58037 resp 58351 0 pmu 1023453 65594 8248006 7205310 55376292
1790345031.292647 W 629 lat 296 296 481 0 exe 18425 24481 118722 resp 119129 14 pmu 1023349 96641 8251195 6546860 63116871
1790345032.332631 W 630 lat 296 296 611 0 exe 18462 22037 57796 resp 58111 0 pmu 1023468 69018 8249602 7168329 56258220
1790345033.268647 W 631 lat 296 296 537 0 exe 18574 25055 126370 resp 126833 15 pmu 1023317 102966 8244102 6547155 64642213
1790345034.308622 W 632 lat 296 296 499 0 exe 18537 21722 51740 resp 52055 0 pmu 1023437 65769 8245736 7249070 55432369
1790345035.348647 W 633 lat 296 296 611 0 exe 18555 24462 135444 resp 135777 12 pmu 1023408 95920 8250521 6484988 62878939
1790345036.284621 W 634 lat 296 296 425 0 exe 18740 21351 52629 resp 52925 0 pmu 1023452 61371 8248111 7336478 54491271
1790345037.324647 W 635 lat 296 296 648 0 exe 18388 26148 126851 resp 127185 15 pmu 1023270 115077 8248675 6492434 67528091
1790345038.364628 W 636 lat 296 296 425 0 exe 18722 21888 54833 resp 55148 0 pmu 1023399 67554 8244975 7258375 55866095
1790345039.300647 W 637 lat 296 296 759 0 exe 18870 25574 119074 resp 119481 12 pmu 1023339 108574 8248527 6517342 65889177
1790345040.340624 W 638 lat 296 296 407 0 exe 19611 23018 55518 resp 55814 0 pmu 1023425 79508 8243715 7181141 58511034
1790345041.280648 W 639 lat 296 296 759 0 exe 19444 26129 128388 resp 129092 15 pmu 1023296 114345 8245160 6533849 67281804
1790345042.320624 W 640 lat 296 296 425 0 exe 18944 22148 54425 resp 54740 0 pmu 1023447 70299 8245536 7281275 56563551
1790345043.360646 W 641 lat 296 296 499 0 exe 18925 24407 127203 resp 127537 11 pmu 1023365 95319 8247718 6515538 62765133
1790345044.296626 W 642 lat 296 296 444 0 exe 18611 22203 53444 resp 53759 0 pmu 1023459 70874 8247979 7255139 56736563
1790345045.336646 W 643 lat 296 296 518 0 exe 19018 25092 109814 resp 110240 14 pmu 1023309 103516 8245211 6504540 64700258
1790345046.272624 W 644 lat 296 296 537 0 exe 18796 22111 53370 resp 53666 0 pmu 1023404 70007 8246871 7085342 56299756
1790345047.312645 W 645 lat 296 296 481 0 exe 18462 25148 122796 resp 123129 12 pmu 1023341 103952 8247895 6504558 64816351
1790345048.352622 W 646 lat 296 296 592 0 exe 18648 21481 53648 resp 53962 0 pmu 1023395 62816 8242376 7212259 54771255
1790345049.288643 W 647 lat 296 314 6833 0 exe 18574 24388 117092 resp 117407 12 pmu 1023333 95305 8245672 6503848 62716506
1790345050.328626 W 648 lat 296 296 407 0 exe 18648 21759 53777 resp 54092 0 pmu 1023478 66082 8241457 7183818 55476642
1790345051.264645 W 649 lat 296 296 499 0 exe 18611 25574 118481 resp 118981 16 pmu 1023278 108775 8250075 6505643 65993567
1790345052.304624 W 650 lat 296 296 407 0 exe 18685 21518 53499 resp 53814 0 pmu 1023527 63436 8245901 7173047 54817236
1790345053.344646 W 651 lat 296 296 574 0 exe 18777 25222 127870 resp 128259 12 pmu 1023360 104967 8247553 6501747 65067304
1790345054.280626 W 652 lat 296 296 425 0 exe 18833 22074 55129 resp 55537 0 pmu 1023423 69598 8244642 7265826 56377355
1790345055.320644 W 653 lat 296 296 518 0 exe 18481 25240 122999 resp 123407 9 pmu 1023382 104873 8245004 6522217 64968510
1790345056.360623 W 654 lat 296 296 425 0 exe 18240 22037 53055 resp 53370 0 pmu 1023435 69140 8246057 7215295 56275147
1790345057.296644 W 655 lat 296 296 777 0 exe 19055 24629 122759 resp 123092 9 pmu 1023424 98681 8252346 6497719 63386115
1790345058.336625 W 656 lat 296 296 370 0 exe 19370 22666 52166 resp 52462 0 pmu 1023486 75813 8248242 7213837 57749770
1790345059.272644 W 657 lat 296 296 611 0 exe 18740 24240 123537 resp 124018 12 pmu 1023354 93634 8245096 6497407 62342918
1790345060.312624 W 658 lat 296 296 425 0 exe 18388 21370 54462 resp 54796 0 pmu 1023506 61766 8245103 7217866 54489579
1790345061.352645 W 659 lat 296 296 592 0 exe 18592 24796 122370 resp 122962 13 pmu 1023303 99782 8246040 6509421 63880646
1790345062.288626 W 660 lat 296 296 444 0 exe 18611 22333 54407 resp 54703 0 pmu 1023429 72265 8246777 7208740 57039257
1790345063.328646 W 661 lat 296 296 555 0 exe 18814 24814 126314 resp 126629 13 pmu 1023306 100129 8247662 6514651 63909660
1790345064.268625 W 662 lat 296 296 481 0 exe 18574 21629 52870 resp 53296 0 pmu 1023497 64552 8244585 7247788 55203988
1790345065.308649 W 663 lat 296 296 555 0 exe 18796 25629 119722 resp 120148 13 pmu 1023290 109108 8247429 6496461 66014604
1790345066.348622 W 664 lat 296 296 407 0 exe 18462 21537 52314 resp 52629 0 pmu 1023532 63765 8241692 7186431 54915535
1790345067.284643 W 665 lat 296 296 574 0 exe 18592 24648 112574 resp 112907 14 pmu 1023289 98409 8247352 6488918 63467840
1790345068.324628 W 666 lat 296 296 481 0 exe 18648 21944 56796 resp 57222 0 pmu 1023372 68089 8245916 7108717 55956118
1790345069.364648 W 667 lat 296 296 537 0 exe 18907 26277 117203 resp 117703 16 pmu 1023319 116149 8251107 6537677 67732456
1790345070.300622 W 668 lat 296 296 592 0 exe 18666 22611 52814 resp 53129 0 pmu 1023497 75576 8248547 7165585 57537051
1790345071.344648 W 669 lat 296 296 685 0 exe 18481 24592 116796 resp 117222 14 pmu 1023245 97260 8243533 6501334 63208702
1790345072.280623 W 670 lat 296 296 462 0 exe 18370 21574 50925 resp 51259 0 pmu 1023476 63886 8244782 7151060 54961776
1790345073.320647 W 671 lat 296 296 629 0 exe 18759 25592 126055 resp 126499 11 pmu 1023329 108827 8247182 6475117 65892729
1790345074.360624 W 672 lat 296 296 407 0 exe 19444 23962 52907 resp 53240 0 pmu 1023473 90221 8241969 7250011 61253561
1790345075.296647 W 673 lat 296 296 648 0 exe 18148 25148 110092 resp 110574 14 pmu 1023304 103683 8247750 6511843 64692079
1790345076.336624 W 674 lat 296 296 425 0 exe 18185 21592 52796 resp 53092 0 pmu 1023518 64062 8249826 7085181 54937889
1790345077.272644 W 675 lat 296 296 518 0 exe 18425 24481 113407 resp 113888 14 pmu 1023285 96476 8242663 6492593 62960238
1790345078.312627 W 676 lat 296 296 592 0 exe 18666 21907 53685 resp 53999 0 pmu 1023437 67632 8242493 7115811 55825654
1790345079.356639 W 677 lat 296 296 648 0 exe 18314 27796 124222 resp 124685 24 pmu 1023252 134055 8244534 6506566 71484642
1790345080.292608 W 678 lat 296 296 333 0 exe 17222 19370 48277 resp 48592 0 pmu 1023532 37561 8252105 7240594 49044704
1790345081.332644 W 679 lat 296 296 1018 0 exe 16907 22833 138462 resp 139481 23 pmu 1023338 76920 8248702 6431112 59047413
1790345082.268616 W 680 lat 296 296 370 0 exe 16685 19703 52333 resp 52648 0 pmu 1023525 41618 8250811 7355669 49974397
1790345083.308640 W 681 lat 296 296 1555 0 exe 16981 21611 113518 resp 113833 6 pmu 1023395 63614 8244410 6470864 54743094
1790345084.348608 W 682 lat 296 296 333 0 exe 17074 19444 47833 resp 48148 0 pmu 1023521 38424 8247446 7099623 49160966
1790345085.284638 W 683 lat 296 296 407 0 exe 16703 21203 116370 resp 116777 6 pmu 1023442 59226 8247135 6426268 53736693
1790345086.324608 W 684 lat 296 296 333 0 exe 17166 19444 48611 resp 48925 0 pmu 1023489 38382 8251385 7119548 49159816
1790345087.364636 W 685 lat 296 296 537 0 exe 16925 21296 110611 resp 111111 6 pmu 1023462 60238 8251693 6434499 53883575
1790345088.300610 W 686 lat 296 296 333 0 exe 17111 19444 39629 resp 39944 0 pmu 1023512 38236 8248671 7064530 49086069
1790345089.340636 W 687 lat 296 296 851 0 exe 17055 21277 120351 resp 121203 6 pmu 1023420 59560 8245966 6344400 53804392
1790345090.276607 W 688 lat 296 296 333 0 exe 16425 19388 44148 resp 44462 0 pmu 1023400 37903 8247969 7165735 49067501
1790345091.316635 W 689 lat 296 296 537 0 exe 17111 21037 127888 resp 128203 6 pmu 1023420 57186 8248140 6385883 53325374
1790345092.356609 W 690 lat 296 296 333 0 exe 16851 19074 42611 resp 42925 0 pmu 1023498 34185 8246586 7236000 48354105
1790345093.292637 W 691 lat 296 296 518 0 exe 16907 21333 121962 resp 122296 6 pmu 1023465 60500 8250476 6370952 53982647
1790345094.332608 W 692 lat 296 296 333 0 exe 16851 19703 45592 resp 45907 0 pmu 1023507 41255 8250667 7177242 49824377
1790345095.268645 W 693 lat 296 296 444 0 exe 16629 20999 117555 resp 117888 6 pmu 1023437 56306 8247375 6404122 53162150
1790345096.308610 W 694 lat 296 296 333 0 exe 16666 19351 44833 resp 45129 0 pmu 1023512 37300 8250075 7129769 48936980
1790345097.348638 W 695 lat 296 296 592 0 exe 17185 22296 121462 resp 121870 7 pmu 1023433 71880 8248933 6393692 56408714
1790345098.284607 W 696 lat 296 296 333 0 exe 16833 19499 44962 resp 45277 0 pmu 1023529 39037 8250466 7179210 49343579
1790345099.324636 W 697 lat 296 296 499 0 exe 16962 21481 115148 resp 115499 5 pmu 1023465 62000 8249179 6396749 54358046
1790345100.364608 W 698 lat 296 296 333 0 exe 16962 19518 43555 resp 43870 0 pmu 1023425 39072 8249737 7110143 49329103
1790345101.300647 W 699 lat 296 296 333 0 exe 17111 20999 125074 resp 125388 7 pmu 1023484 56468 8244436 6383292 53201721
1790345102.340609 W 700 lat 296 296 333 0 exe 17074 19814 47277 resp 47574 0 pmu 1023490 42555 8247966 7206674 50122430
1790345103.276645 W 701 lat 296 296 574 0 exe 16833 20870 117703 resp 118240 6 pmu 1023472 55267 8246109 6422484 52919460
1790345104.316610 W 702 lat 296 296 333 0 exe 16907 19962 51240 resp 51574 0 pmu 1023501 44373 8246580 7133186 50428596
1790345105.360637 W 703 lat 296 296 425 0 exe 16833 21185 115962 resp 116296 7 pmu 1023481 58917 8249357 6462123 53648828
1790345106.296607 W 704 lat 296 296 333 0 exe 16833 19388 42444 resp 42759 0 pmu 1023412 37798 8248361 7115701 49002425
1790345107.336639 W 705 lat 296 296 425 0 exe 16962 20703 116648 resp 116962 7 pmu 1023334 52739 8242472 6370819 52438501
1790345108.272624 W 706 lat 296 296 333 0 exe 16833 19499 47333 resp 47629 0 pmu 1023514 39196 8247147 7120660 49284100
1790345109.312647 W 707 lat 296 296 537 0 exe 17166 21129 119833 resp 120370 6 pmu 1023438 57930 8246991 6420239 53592811
1790345110.352610 W 708 lat 296 296 333 0 exe 16944 19648 52055 resp 52351 0 pmu 1023435 41200 8249589 7157322 49691979
1790345111.288645 W 709 lat 296 296 462 0 exe 16833 20888 113611 resp 113981 8 pmu 1023389 55153 8247557 6468766 52949572
1790345112.328614 W 710 lat 296 296 351 0 exe 16537 19611 51203 resp 51499 0 pmu 1023481 40444 8245120 7091128 49527150
1790345113.264671 W 711 lat 296 296 407 0 exe 16833 20259 114148 resp 114537 5 pmu 1023519 47872 8252225 6457906 51441103
1790345114.304613 W 712 lat 296 296 444 0 exe 17037 20759 85777 resp 86074 0 pmu 1023484 53868 8249944 7093007 52371512
1790345115.344647 W 713 lat 296 296 499 0 exe 17055 20092 134777 resp 135111 5 pmu 1023451 45494 8247887 6812610 51241532
1790345116.280609 W 714 lat 296 296 333 0 exe 16907 20611 93148 resp 93462 0 pmu 1023455 52533 8248145 7299802 52132562
1790345117.320647 W 715 lat 296 296 444 0 exe 16981 19666 113296 resp 113629 3 pmu 1023490 40944 8252543 6884326 49926448
1790345118.360613 W 716 lat 296 296 333 0 exe 16833 21037 112425 resp 112759 3 pmu 1023420 57490 8246841 7082266 53271702
1790345119.296647 W 717 lat 296 296 333 0 exe 16999 18925 34481 resp 34777 0 pmu 1023503 32361 8244608 7079015 47849479
1790345120.336614 W 718 lat 296 296 425 0 exe 17092 21277 114407 resp 114814 5 pmu 1023464 59861 8245100 6289744 53843117
1790345121.272648 W 719 lat 296 296 333 0 exe 16666 19277 37388 resp 37703 0 pmu 1023533 36530 8246052 7102148 48702367
1790345122.312640 W 720 lat 296 296 481 0 exe 17074 21203 124833 resp 125148 6 pmu 1023369 58757 8247388 6318997 53622611
1790345123.352650 W 721 lat 296 296 351 0 exe 17148 19499 61296 resp 61611 0 pmu 1023465 39238 8245463 7205862 49385210
1790345124.288616 W 722 lat 296 296 388 0 exe 17129 21740 115092 resp 115444 7 pmu 1023434 65231 8248925 6561578 55133348
1790345125.328646 W 723 lat 296 296 351 0 exe 17129 19240 38314 resp 38629 0 pmu 1023536 36182 8245925 7111092 48675147
1790345126.264612 W 724 lat 296 296 537 0 exe 16870 21481 121148 resp 121685 6 pmu 1023391 62066 8244573 6330374 54359925
1790345127.304646 W 725 lat 296 296 333 0 exe 16962 19166 34518 resp 34814 0 pmu 1023484 35212 8245806 7170762 48526773
1790345128.344615 W 726 lat 296 296 814 0 exe 16648 21314 124148 resp 124499 6 pmu 1023445 60291 8249463 6291080 53920765
1790345129.280619 W 727 lat 296 296 333 0 exe 16981 19537 57481 resp 57796 0 pmu 1023521 39690 8245004 7199187 49453997
1790345130.320636 W 728 lat 296 296 499 0 exe 17018 21277 109111 resp 109611 5 pmu 1023500 60119 8254791 6522896 53984266
1790345131.360643 W 729 lat 296 296 333 0 exe 16981 19185 43999 resp 44333 0 pmu 1023471 35707 8246170 7049656 48509924
1790345132.296614 W 730 lat 296 296 518 0 exe 16833 21444 113185 resp 113555 5 pmu 1023458 62180 8254194 6386301 54365614
1790345133.336649 W 731 lat 296 296 333 0 exe 16870 19055 38944 resp 39259 0 pmu 1023523 34023 8249883 7089733 48178960
1790345134.272618 W 732 lat 296 296 1703 0 exe 17037 21574 124203 resp 125907 5 pmu 1023441 63292 8252094 6334410 54599214
1790345135.312613 W 733 lat 296 296 333 0 exe 16999 19222 42629 resp 42944 0 pmu 1023482 35718 8246247 7214212 48660110
1790345136.352636 W 734 lat 296 296 444 0 exe 17185 21537 114111 resp 114518 6 pmu 1023406 62782 8249020 6372661 54500749
1790345137.288619 W 735 lat 296 296 333 0 exe 16962 19351 51537 resp 51851 0 pmu 1023477 37505 8249140 7101032 48939582
1790345138.328639 W 736 lat 296 296 703 0 exe 16962 21611 113259 resp 113648 5 pmu 1023461 63755 8250938 6462261 54748934
1790345139.264613 W 737 lat 296 296 333 0 exe 16814 19018 47759 resp 48055 0 pmu 1023538 33688 8248021 7093117 48092834
1790345140.308637 W 738 lat 296 296 611 0 exe 17111 21518 130333 resp 130740 5 pmu 1023501 62756 8251878 6421946 54481794
1790345141.352646 W 739 lat 296 296 407 0 exe 16870 21074 102388 resp 102722 1 pmu 1023473 57964 8250418 7263659 53541651
1790345142.288615 W 740 lat 296 296 425 0 exe 16870 21481 109537 resp 109851 6 pmu 1023452 61898 8250247 6979474 54678581
1790345143.332740 W 741 lat 296 629 7888 0 exe 16833 44851 496703 resp 499888 101 pmu 1021802 123385 8244939 7053339 115636987
1790345144.284862 W 742 lat 314 2129 9740 0 exe 51796 172185 330962 resp 337148 916 pmu 1021938 438370 8272299 11097627 457560409
1790345145.340954 W 743 lat 314 3166 9111 0 exe 50462 217722 322944 resp 325851 953 pmu 1018542 445376 8274757 10283835 581428491
1790345146.288846 W 744 lat 351 3499 9388 0 exe 56111 244092 511277 resp 515611 983 pmu 1017644 479775 8262917 10410356 643840152
1790345147.344872 W 745 lat 314 3407 9314 0 exe 53944 228555 430666 resp 436481 982 pmu 1018240 443761 8270545 12464169 604866888
1790345148.300735 W 746 lat 296 3222 8574 0 exe 50555 223925 510111 resp 516203 943 pmu 1018707 480069 8275586 11575798 596233989
1790345149.352921 W 747 lat 296 3166 8870 0 exe 57444 216166 388240 resp 393574 985 pmu 1019038 433745 8272433 12327016 568962944
1790345150.300884 W 748 lat 333 3166 9074 0 exe 53814 213481 415777 resp 420129 978 pmu 1018953 461448 8271342 11101417 570786191
1790345151.348883 W 749 lat 314 2425 7444 0 exe 40870 186925 323796 resp 326944 930 pmu 1021658 408940 8273022 11341178 495307720
1790345152.292934 W 750 lat 333 3203 9314 0 exe 55203 223796 512759 resp 516944 952 pmu 1018952 480282 8276620 10205964 595311425
1790345153.345063 W 751 lat 333 3166 9055 0 exe 54870 212796 344259 resp 348907 988 pmu 1019114 429071 8273143 12370210 560732189
1790345154.292684 W 752 lat 351 3592 7777 0 exe 55388 250777 518962 resp 524703 977 pmu 1017534 490256 8274622 10629392 663525914
1790345155.349028 W 753 lat 333 3722 8740 0 exe 54259 245148 391648 resp 395166 970 pmu 1016987 454476 8266990 12570455 646869172
1790345156.300984 W 754 lat 314 3518 8629 0 exe 55222 252851 523037 resp 526425 975 pmu 1017796 483959 8266842 11257745 663202772
1790345157.348917 W 755 lat 333 3166 10962 0 exe 54555 216148 460481 resp 464629 943 pmu 1018278 460598 8265939 12612525 578899631
1790345158.292864 W 756 lat 314 3444 9148 0 exe 50388 242574 526296 resp 531870 976 pmu 1018275 476259 8268555 11813988 636982533
1790345159.344681 W 757 lat 314 3296 8870 0 exe 48055 220537 392314 resp 395648 988 pmu 1018643 435477 8268179 12582851 584713158
1790345160.304909 W 758 lat 314 3055 8388 0 exe 52499 221685 535611 resp 540722 952 pmu 1019166 471210 8278181 11107711 589082845
1790345161.357001 W 759 lat 314 2685 8666 0 exe 54740 193166 332499 resp 336055 944 pmu 1020670 424771 8276896 12573665 515547523
1790345162.308900 W 760 lat 333 3037 7611 0 exe 51277 223148 473851 resp 477407 950 pmu 1019013 459940 8272860 10403246 586789939
1790345163.368659 W 761 lat 444 3203 9018 0 exe 51925 217907 342092 resp 347222 988 pmu 1018789 434835 8272343 11945887 576772495
1790345164.308917 W 762 lat 296 3203 8740 0 exe 50185 219944 518037 resp 523925 959 pmu 1018611 471638 8272933 10621579 586337355
1790345165.357026 W 763 lat 296 2907 8148 0 exe 44277 209907 336185 resp 339796 935 pmu 1019486 426474 8273454 12384073 555605053
1790345166.301009 W 764 lat 314 3259 9833 0 exe 51944 229944 502240 resp 506629 952 pmu 1018124 471211 8270787 10470149 608088129
1790345167.356770 W 765 lat 314 3481 9444 0 exe 50759 244074 399166 resp 402499 974 pmu 1017536 451232 8266407 12283128 641415633
1790345168.316966 W 766 lat 314 3018 9277 0 exe 41537 217629 463425 resp 467462 945 pmu 1018953 466769 8271925 11311111 579588128
1790345169.264883 W 767 lat 314 3148 7759 0 exe 51611 229888 337444 resp 341055 959 pmu 1018636 438925 8276678 11775876 604258642
1790345170.320680 W 768 lat 314 3222 9203 0 exe 51018 225481 476740 resp 480629 983 pmu 1018638 462040 8275705 10618821 596495670
1790345171.372785 W 769 lat 314 2055 6240 0 exe 51499 164074 313037 resp 317166 897 pmu 1022729 398766 8281559 11995182 437120682
1790345172.316939 W 770 lat 333 3222 9851 0 exe 50129 220796 484759 resp 489314 949 pmu 1018314 470338 8270826 10034409 589777341
1790345173.264887 W 771 lat 296 3185 9203 0 exe 49148 220907 336074 resp 340999 981 pmu 1018891 433570 8272991 12054492 582363165
1790345174.316789 W 772 lat 370 3481 8833 0 exe 52111 243055 492851 resp 497333 986 pmu 1017483 474501 8271900 10561567 640440026
1790345175.264931 W 773 lat 314 3259 8351 0 exe 45203 222148 381851 resp 388444 938 pmu 1018090 452608 8272603 12252448 593895856
1790345176.316997 W 774 lat 333 3203 7870 0 exe 47592 239148 528999 resp 535685 973 pmu 1018971 468803 8273106 11010259 626949047
1790345177.368906 W 775 lat 314 3074 9351 0 exe 42555 207999 392851 resp 396037 955 pmu 1018904 439942 8272606 12576661 555795128
1790345178.312782 W 776 lat 314 2759 8111 0 exe 44259 214351 470129 resp 473759 949 pmu 1020260 438933 8273880 11023474 561393362
1790345179.268905 W 777 lat 314 3351 8277 0 exe 40981 227851 402222 resp 405277 942 pmu 1017803 456562 8277533 11830799 608657476
1790345180.320975 W 778 lat 333 3259 7796 0 exe 51148 230888 516907 resp 522370 991 pmu 1018879 468254 8271011 11204037 606210716
1790345181.264810 W 779 lat 314 2703 8870 0 exe 50999 189611 375574 resp 378555 947 pmu 1020561 423491 8289058 12425883 507164178
1790345182.312826 W 780 lat 296 2722 8018 0 exe 48092 202944 478814 resp 484907 939 pmu 1020781 434242 8278972 10795599 533813649
1790345183.264836 W 781 lat 314 2037 8722 0 exe 46777 161370 321907 resp 326314 891 pmu 1022795 407707 8282528 11891151 431525943
1790345184.318856 W 782 lat 407 3481 8962 0 exe 54703 234592 525203 resp 528666 987 pmu 1018203 473247 8274406 10099747 621729306
1790345185.264842 W 783 lat 388 3851 9129 0 exe 48666 260944 439685 resp 446851 987 pmu 1015669 481079 8267107 12542644 689183583
1790345186.312882 W 784 lat 685 3870 8611 0 exe 49055 270499 523444 resp 527999 988 pmu 1015509 516089 8267652 11810253 712479877
1790345187.359155 W 785 lat 425 3537 8814 0 exe 51629 242851 436462 resp 440314 987 pmu 1017171 462693 8270058 12683425 638891634
1790345188.316991 W 786 lat 481 3833 9314 0 exe 50907 261037 433444 resp 438870 985 pmu 1014903 498705 8261900 11682716 690949002
1790345189.272889 W 787 lat 351 3666 8203 0 exe 50092 251277 525740 resp 530759 984 pmu 1016504 510473 8267835 11751844 666001519
1790345190.324923 W 788 lat 407 3444 9629 0 exe 51611 236518 434351 resp 438537 989 pmu 1017667 454775 8269176 12612982 622579153
1790345191.272788 W 789 lat 351 3537 9444 0 exe 50981 252814 502907 resp 507296 979 pmu 1017482 468150 8274522 11635189 664363230
1790345192.328919 W 790 lat 333 3444 9055 0 exe 51481 228722 419629 resp 425592 965 pmu 1017238 458693 8276731 12399132 610231572
1790345193.280935 W 791 lat 314 3388 8499 0 exe 52574 245037 479462 resp 483148 975 pmu 1017888 466367 8273540 11453796 645802555
1790345194.325018 W 792 lat 333 3499 8648 0 exe 53037 232851 428666 resp 434462 986 pmu 1017293 464101 8269643 12124826 617136603
1790345195.272872 W 793 lat 444 3611 9314 0 exe 48444 259944 523722 resp 528870 980 pmu 1017054 499654 8275823 11570027 685736329
1790345196.316883 W 794 lat 314 3833 8962 0 exe 51851 269685 440962 resp 444722 987 pmu 1014988 490666 8264143 12634316 709164191
1790345197.364864 W 795 lat 462 3722 8555 0 exe 52981 266648 534333 resp 538870 987 pmu 1016366 510174 8262643 11864206 698662637
1790345198.316967 W 796 lat 314 3722 8759 0 exe 49648 249981 450666 resp 454018 983 pmu 1016195 476447 8267325 12790539 663078974
1790345199.268879 W 797 lat 370 3888 9166 0 exe 55814 271777 520240 resp 525203 978 pmu 1014967 532513 8254288 11848256 719834489
1790345200.328948 W 798 lat 351 3555 9777 0 exe 45037 246722 438277 resp 443240 980 pmu 1017097 461424 8272548 12694894 649263483
1790345201.284786 W 799 lat 333 3499 10111 0 exe 47462 255055 528814 resp 533259 970 pmu 1017356 497419 8271721 11697447 669733101
1790345202.340748 W 800 lat 296 3259 10148 0 exe 50185 216166 428166 resp 432222 965 pmu 1017906 457034 8268848 12655267 578107864
1790345203.280656 W 801 lat 296 3074 9129 0 exe 20777 223185 530333 resp 535277 899 pmu 1018968 476364 8277508 11464503 593133928
1790345204.320617 W 802 lat 296 296 333 0 exe 16888 19425 48203 resp 48518 0 pmu 1023409 37924 8253462 12370001 52262816
1790345205.364900 W 803 lat 296 351 3703 0 exe 17166 31722 406499 resp 408555 52 pmu 1023024 107229 8257356 6428952 81947976
1790345206.324898 W 804 lat 925 3222 6759 0 exe 132296 319499 391611 resp 397018 1000 pmu 1018513 837378 8322401 10103829 828742909
1790345207.272895 W 805 lat 1148 3203 7370 0 exe 269722 333277 387759 resp 392277 1000 pmu 1019070 874810 8324990 12019139 865794858
1790345208.320906 W 806 lat 1592 3222 7055 0 exe 281092 335203 388611 resp 393111 1000 pmu 1018645 877533 8319913 12736441 870521309
1790345209.276899 W 807 lat 1148 3296 6999 0 exe 222555 329611 401944 resp 408944 1000 pmu 1018931 867784 8316361 12811927 856972844
1790345210.324898 W 808 lat 1518 3314 7129 0 exe 262611 334962 392925 resp 396277 1000 pmu 1019159 876225 8327310 12635095 869609768
1790345211.372901 W 809 lat 925 3296 6740 0 exe 256185 334129 397592 resp 402259 1000 pmu 1019336 874911 8328307 12756366 868362061
1790345212.316900 W 810 lat 1351 3185 5777 0 exe 226333 331037 379722 resp 382981 1000 pmu 1018501 865790 8316383 12768256 859759828
1790345213.360889 W 811 lat 1351 3185 6111 0 exe 258555 333388 404018 resp 406851 1000 pmu 1019118 875531 8327970 12414629 866247281
1790345214.304916 W 812 lat 1370 3166 6518 0 exe 238370 332499 400759 resp 405870 1000 pmu 1018617 874507 8322919 12829770 863644326
1790345215.352933 W 813 lat 1537 3166 6222 0 exe 284870 335537 385425 resp 388685 1000 pmu 1019314 880461 8337426 12705374 871937105
1790345216.300910 W 814 lat 1111 3166 5555 0 exe 228203 330981 387203 resp 391666 1000 pmu 1018690 869107 8318038 12789884 859521128
1790345217.352883 W 815 lat 1703 3148 5444 0 exe 267462 335629 384648 resp 387462 1000 pmu 1019151 879750 8324839 12501915 871649001
1790345218.300904 W 816 lat 1629 3203 6296 0 exe 250925 334703 393814 resp 396722 1000 pmu 1018703 875001 8323200 12690072 869123643
1790345219.352912 W 817 lat 1444 3148 5518 0 exe 242870 333592 401388 resp 405611 1000 pmu 1018868 877440 8334741 12698945 866576466
1790345220.308898 W 818 lat 1425 3148 5648 0 exe 243703 333592 401259 resp 405296 1000 pmu 1018643 873950 8319669 12730478 866121947
1790345221.356901 W 819 lat 1722 3203 5592 0 exe 288722 336129 385259 resp 388777 1000 pmu 1019372 882056 8331860 12732957 873387373
1790345222.292909 W 820 lat 1333 3185 6740 0 exe 204999 332851 402666 resp 406796 1000 pmu 1018774 871458 8325160 12809798 864373003
1790345223.340895 W 821 lat 851 3148 6037 0 exe 231499 333925 393037 resp 396611 1000 pmu 1019061 878287 8331151 12555441 867426239
1790345224.284909 W 822 lat 1499 3185 6185 0 exe 261370 335018 400037 resp 403370 1000 pmu 1018671 877443 8333896 12588101 869557066
1790345225.324903 W 823 lat 1592 3203 7018 0 exe 259222 334962 399129 resp 402759 1000 pmu 1019248 879279 8329200 12815870 870629391
1790345226.364888 W 824 lat 1259 3166 6333 0 exe 217074 332018 385296 resp 388555 1000 pmu 1018732 870534 8328765 12801991 862593956
1790345227.300844 W 825 lat 1574 3166 6148 0 exe 254203 334351 381185 resp 384870 1000 pmu 1018760 877335 8325882 12431182 868098467
1790345228.344899 W 826 lat 1537 3185 5962 0 exe 276685 336796 410203 resp 414537 1000 pmu 1019183 883893 8329208 12590060 874563194
1790345229.280907 W 827 lat 1148 3240 6203 0 exe 221240 332537 395537 resp 398333 1000 pmu 1018794 871144 8322212 13007169 864171846
1790345230.320900 W 828 lat 1370 3129 6166 0 exe 240388 332574 395685 resp 401185 1000 pmu 1018990 874507 8315959 12553701 863774626
1790345231.360809 W 829 lat 1314 3166 5925 0 exe 231592 332037 392314 resp 395629 1000 pmu 1018289 873392 8322863 12665157 862446289
1790345232.296882 W 830 lat 1314 3185 5407 0 exe 230814 334370 395592 resp 399055 1000 pmu 1019206 880548 8327193 12572540 868717140
1790345233.340938 W 831 lat 1129 3166 5777 0 exe 212925 332907 393870 resp 397611 1000 pmu 1018844 872126 8320985 12611195 864474388
1790345234.276903 W 832 lat 1333 3222 6703 0 exe 263870 334055 406740 resp 410629 1000 pmu 1019308 878253 8326314 12499575 867800733
1790345235.316883 W 833 lat 1685 3296 6314 0 exe 282388 334981 396166 resp 398907 1000 pmu 1018701 878120 8321739 12895311 870054874
1790345236.356914 W 834 lat 1462 3314 6777 0 exe 221944 334425 399444 resp 404833 1000 pmu 1019355 878221 8323175 12881292 868975409
1790345237.296908 W 835 lat 1481 3240 7407 0 exe 269259 333499 393962 resp 397722 1000 pmu 1018772 873875 8320873 12623618 865674748
1790345238.336894 W 836 lat 1518 3240 7870 0 exe 250203 334648 415277 resp 418314 1000 pmu 1019509 877508 8333777 12795658 869636544
1790345239.272875 W 837 lat 1425 3277 7481 0 exe 247518 333481 387351 resp 390888 1000 pmu 1018706 873588 8321282 12918061 866076933
1790345240.312915 W 838 lat 1462 3314 6518 0 exe 205981 333481 411407 resp 414814 1000 pmu 1019219 875164 8323991 12619767 866446413
1790345241.352905 W 839 lat 1370 3296 7129 0 exe 246629 334944 382314 resp 386740 1000 pmu 1018748 877426 8317506 12647421 869558945
1790345242.292868 W 840 lat 1333 3185 6370 0 exe 189759 333685 398611 resp 402444 1000 pmu 1019234 875599 8334975 12574846 867134291
1790345243.332888 W 841 lat 1555 3166 5907 0 exe 259685 334425 393888 resp 397222 1000 pmu 1018558 874808 8324973 12439627 868451948
1790345244.268881 W 842 lat 1203 3166 6611 0 exe 244296 334685 399148 resp 401981 1000 pmu 1019227 877419 8324177 12741973 869556114
1790345245.308916 W 843 lat 1370 3185 6277 0 exe 264314 334222 393074 resp 398370 1000 pmu 1018985 875766 8324933 12718091 868036172
1790345246.352903 W 844 lat 1444 3166 6037 0 exe 215537 335611 392333 resp 395462 1000 pmu 1019162 879881 8321430 12766730 871750808
1790345247.288886 W 845 lat 1277 3148 6074 0 exe 220944 329129 390666 resp 393925 1000 pmu 1018392 865919 8324431 12510567 855206214
1790345248.328891 W 846 lat 1351 3166 6037 0 exe 239222 333851 398462 resp 403407 1000 pmu 1019265 877939 8325583 12488398 867394227
1790345249.368906 W 847 lat 1518 3148 5740 0 exe 227518 333888 380759 resp 383592 1000 pmu 1018829 874074 8327715 12690192 866927832
1790345250.308914 W 848 lat 1370 3166 6481 0 exe 253370 334666 403925 resp 407537 1000 pmu 1019237 878610 8334739 12443512 869294213
1790345251.348923 W 849 lat 1388 3166 6166 0 exe 235018 333629 390351 resp 392962 1000 pmu 1018736 872541 8319732 12815224 866473040
1790345252.284907 W 850 lat 888 3166 5555 0 exe 209462 332185 391944 resp 394185 1000 pmu 1019258 872352 8330711 12576024 862758302
1790345253.324912 W 851 lat 1611 3203 7018 0 exe 257296 334925 396296 resp 400314 1000 pmu 1019105 877579 8331479 12449458 869230282
1790345254.268907 W 852 lat 1407 3166 9462 0 exe 231740 333925 381925 resp 387037 1000 pmu 1019066 876399 8322956 12765902 867849727
1790345255.316890 W 853 lat 1518 3203 5666 0 exe 231092 332074 381796 resp 385333 1000 pmu 1018653 869415 8327572 12506087 862727727
1790345256.272899 W 854 lat 1240 3185 5444 0 exe 210981 333685 392351 resp 396851 1000 pmu 1019076 875426 8330936 12466123 866916790
1790345257.332906 W 855 lat 1629 3185 5462 0 exe 228314 333722 398259 resp 401611 1000 pmu 1018603 875199 8322276 12481299 866540968
1790345258.284805 W 856 lat 1759 3203 6462 0 exe 224962 335166 412185 resp 416444 1000 pmu 1019178 879919 8338249 12623519 871031170
1790345259.328919 W 857 lat 1055 3185 6074 0 exe 222111 331555 387203 resp 389592 1000 pmu 1018648 868123 8315203 12763517 861026238
1790345260.268943 W 858 lat 1499 3148 5907 0 exe 286407 335499 381425 resp 385925 1000 pmu 1019225 880718 8325234 12466397 871764299
1790345261.320982 W 859 lat 1240 3222 6759 0 exe 218444 333537 394592 resp 399185 1000 pmu 1018793 873911 8331489 12761758 866035806
1790345262.364915 W 860 lat 1425 3185 6518 0 exe 205203 332685 411111 resp 414314 1000 pmu 1019070 874572 8324733 12547611 864292948
1790345263.300911 W 861 lat 1425 3296 6370 0 exe 206537 332999 391240 resp 395666 1000 pmu 1018528 872738 8321127 12634656 864624523
1790345264.344918 W 862 lat 1370 3314 6370 0 exe 227462 332092 395277 resp 399629 1000 pmu 1018797 876695 8323983 12450379 863237812
1790345265.284683 W 863 lat 1388 3296 6314 0 exe 270907 334722 402111 resp 406925 1000 pmu 1018957 876220 8326042 12590355 869184548
1790345266.324650 W 864 lat 296 351 4722 0 exe 16925 28203 364444 resp 368018 29 pmu 1023428 99029 8250728 12887964 75809778
1790345267.368652 W 865 lat 296 296 333 0 exe 16999 19574 46092 resp 46388 0 pmu 1023515 39771 8255880 9674152 50994075
1790345268.304648 W 866 lat 296 296 870 0 exe 17407 27111 190351 resp 190888 30 pmu 1023309 122998 8245822 6409210 70300597
1790345269.344612 W 867 lat 296 296 333 0 exe 16981 20111 45666 resp 45962 0 pmu 1023517 45877 8244369 7895222 51240707
1790345270.280641 W 868 lat 296 296 444 0 exe 17055 20981 127018 resp 127444 4 pmu 1023415 55733 8241342 6407416 53217206
1790345271.320614 W 869 lat 296 296 333 0 exe 17240 20148 60722 resp 61018 0 pmu 1023477 46514 8245768 7226768 50969152
1790345272.360638 W 870 lat 296 296 499 0 exe 16666 20129 121370 resp 121740 5 pmu 1023457 45912 8245023 6559400 51232934
1790345273.296614 W 871 lat 296 296 351 0 exe 17203 21314 93629 resp 93925 0 pmu 1023477 60233 8245887 7164097 53756758
1790345274.336641 W 872 lat 296 296 388 0 exe 16999 19999 93629 resp 94018 0 pmu 1023497 44732 8248708 6894307 50571626
1790345275.272612 W 873 lat 296 296 481 0 exe 17148 22203 121037 resp 121481 6 pmu 1023408 70137 8242024 6887389 56330272
1790345276.312645 W 874 lat 296 296 351 0 exe 16648 19148 34129 resp 34425 0 pmu 1023485 34686 8242272 7173768 48464053
1790345277.352617 W 875 lat 296 296 592 0 exe 16907 22833 121685 resp 122018 7 pmu 1023300 77604 8245235 6285611 57720310
1790345278.288645 W 876 lat 296 296 351 0 exe 17037 19574 39981 resp 40277 0 pmu 1023505 39792 8242868 7182267 49539881
1790345279.328637 W 877 lat 296 296 462 0 exe 17388 22296 113407 resp 113814 8 pmu 1023420 71353 8247591 6348301 56491027
1790345280.264615 W 878 lat 296 296 333 0 exe 17240 19499 44925 resp 45240 0 pmu 1023480 38627 8246976 7098956 49253824
1790345281.304636 W 879 lat 296 296 425 0 exe 17129 21648 116666 resp 116981 6 pmu 1023393 63863 8247203 6398324 54822504
1790345282.348645 W 880 lat 296 296 333 0 exe 17370 19962 44240 resp 44555 0 pmu 1023524 44382 8245876 7126443 50451122
1790345283.288618 W 881 lat 296 296 444 0 exe 17388 22240 121999 resp 122444 6 pmu 1023405 70617 8244538 6394297 56307760
1790345284.340646 W 882 lat 296 296 388 0 exe 16962 19388 39370 resp 39685 0 pmu 1023534 37613 8245401 7184707 49050370
1790345285.280617 W 883 lat 296 296 425 0 exe 17259 21999 127685 resp 128018 7 pmu 1023382 68050 8249840 6341056 55670990
1790345286.324643 W 884 lat 296 296 333 0 exe 17240 19481 40129 resp 40444 0 pmu 1023463 38586 8245556 7239066 49289415
1790345287.364637 W 885 lat 296 296 759 0 exe 17148 21666 126240 resp 126999 8 pmu 1023421 63764 8244222 6350156 54859085
1790345288.300614 W 886 lat 296 296 333 0 exe 16851 19592 45462 resp 45777 0 pmu 1023559 40338 8244298 7226241 49612855
1790345289.340637 W 887 lat 296 296 629 0 exe 17203 22259 118944 resp 119574 5 pmu 1023443 70770 8246982 6402226 56297231
1790345290.276614 W 888 lat 296 296 351 0 exe 17129 19796 68481 resp 68777 0 pmu 1023494 42528 8244694 7155226 50062790
1790345291.320636 W 889 lat 296 296 425 0 exe 16962 21944 117574 resp 117999 7 pmu 1023457 67187 8247942 6634836 55757177
1790345292.360653 W 890 lat 296 296 351 0 exe 17111 19388 47648 resp 47981 0 pmu 1023522 37646 8246142 7136956 49036286
1790345293.300633 W 891 lat 296 296 481 0 exe 17185 21759 122962 resp 123314 6 pmu 1023411 65137 8245532 6424510 55188880
1790345294.340612 W 892 lat 296 296 333 0 exe 17129 19685 48407 resp 48722 0 pmu 1023492 41019 8244101 7190571 49802578
1790345295.276633 W 893 lat 296 296 407 0 exe 17092 22166 131370 resp 131703 7 pmu 1023359 69655 8243260 6433384 56173167
1790345296.316613 W 894 lat 296 296 333 0 exe 17111 19351 45814 resp 46129 0 pmu 1023447 37399 8244218 7275895 49042835
1790345297.360636 W 895 lat 296 296 888 0 exe 17129 22166 134611 resp 135499 8 pmu 1023391 69366 8242884 6405791 56088725
1790345298.296616 W 896 lat 296 296 333 0 exe 16777 20037 53425 resp 53740 0 pmu 1023502 45175 8244936 7313686 50745071
1790345299.348634 W 897 lat 296 296 518 0 exe 17166 22092 125111 resp 125629 7 pmu 1023438 68986 8245258 6483732 56015659
1790345300.284615 W 898 lat 296 296 481 0 exe 16870 19703 67944 resp 68259 0 pmu 1023533 41376 8244647 7214791 49859076
1790345301.328635 W 899 lat 296 296 425 0 exe 17166 22074 110592 resp 110999 6 pmu 1023487 68889 8248274 6628498 56052612
1790345302.268613 W 900 lat 296 296 333 0 exe 17222 19592 46499 resp 46814 0 pmu 1023507 39927 8245521 7068462 49483176
1790345303.308638 W 901 lat 296 296 425 0 exe 17037 22129 120074 resp 120499 5 pmu 1023383 69126 8242415 6414407 56116383
1790345304.352613 W 902 lat 296 296 333 0 exe 17370 19629 48777 resp 49092 0 pmu 1023506 40113 8245842 7162833 49628752
1790345305.288637 W 903 lat 296 296 537 0 exe 17222 22425 109870 resp 110203 8 pmu 1023416 73260 8243168 6438111 56809230
1790345306.328613 W 904 lat 296 296 333 0 exe 17018 19703 47981 resp 48296 0 pmu 1023480 41026 8242114 7063247 49748649
1790345307.268637 W 905 lat 296 296 425 0 exe 16833 22999 126481 resp 126796 6 pmu 1023427 79560 8244105 6428665 58178293
1790345308.308611 W 906 lat 296 296 333 0 exe 16944 19240 47314 resp 47611 0 pmu 1023494 36052 8242724 7229896 48722751
1790345309.352635 W 907 lat 296 296 814 0 exe 17148 21888 116925 resp 117259 5 pmu 1023418 66554 8246598 6419292 55415711
1790345310.288616 W 908 lat 296 296 351 0 exe 17018 19944 66370 resp 66685 0 pmu 1023501 43976 8244100 7132339 50422502
1790345311.328638 W 909 lat 296 296 333 0 exe 17185 22203 121481 resp 121814 5 pmu 1023423 69991 8243169 6613819 56350191
1790345312.264612 W 910 lat 296 296 333 0 exe 17055 19407 48796 resp 49111 0 pmu 1023500 37536 8242256 7177114 49074159
1790345313.304639 W 911 lat 296 296 444 0 exe 17296 22351 117999 resp 118314 7 pmu 1023460 71484 8247955 6435575 56555024
1790345314.344613 W 912 lat 296 296 333 0 exe 17148 19722 52444 resp 52759 0 pmu 1023511 41489 8246132 7144242 49876119
1790345315.280641 W 913 lat 296 296 444 0 exe 16962 21981 112462 resp 112796 7 pmu 1023444 67896 8246603 6474081 55749273
1790345316.320611 W 914 lat 296 296 333 0 exe 17129 19462 52425 resp 52740 0 pmu 1023539 38476 8243924 7085440 49175446
1790345317.360638 W 915 lat 296 296 444 0 exe 17074 21833 108962 resp 109277 7 pmu 1023436 66264 8248157 6472545 55369595
1790345318.296612 W 916 lat 296 296 370 0 exe 16925 19537 51037 resp 51333 0 pmu 1023531 39121 8243065 7050236 49310447
1790345319.336640 W 917 lat 296 296 425 0 exe 17166 22296 125555 resp 125870 7 pmu 1023435 71025 8246797 6458042 56431220
1790345320.272612 W 918 lat 296 296 333 0 exe 16851 19537 48981 resp 49296 0 pmu 1023476 39283 8242516 7218741 49434745
1790345321.312641 W 919 lat 296 296 444 0 exe 17296 22018 129240 resp 129574 6 pmu 1023454 67615 8246595 6437150 55732709
1790345322.352611 W 920 lat 296 296 333 0 exe 17111 19629 51870 resp 52185 0 pmu 1023547 40608 8249352 7255072 49720974
1790345323.288638 W 921 lat 296 296 388 0 exe 17166 22129 133574 resp 133907 7 pmu 1023439 68947 8246977 6467700 55971905
1790345324.328615 W 922 lat 296 296 333 0 exe 17240 19888 49666 resp 49981 0 pmu 1023515 43174 8246540 7298144 50321875
1790345325.264638 W 923 lat 296 296 444 0 exe 16907 22259 112129 resp 112462 5 pmu 1023474 70968 8247549 6447608 56376608
1790345326.304613 W 924 lat 296 296 351 0 exe 17185 19407 48759 resp 49074 0 pmu 1023484 37835 8242888 7083194 49035748
1790345327.344655 W 925 lat 296 296 462 0 exe 17425 22185 112018 resp 112481 6 pmu 1023402 70265 8243607 6435990 56248746
1790345328.280617 W 926 lat 296 296 444 0 exe 16870 21833 115574 resp 115888 3 pmu 1023491 66371 8256312 7084940 55470483
1790345329.320636 W 927 lat 296 296 444 0 exe 16833 22166 112018 resp 112462 6 pmu 1023448 70121 8253687 7115205 56532125
1790345330.284902 W 928 lat 296 3907 13129 0 exe 18092 370574 619333 resp 625962 909 pmu 1012755 751775 8244882 7084423 938512052
1790345331.345129 W 929 lat 518 5555 14425 0 exe 103148 506111 663111 resp 669370 1000 pmu 1008604 836928 8214499 14019045 1268929524
1790345332.292727 W 930 lat 296 4740 12277 0 exe 54166 426314 632592 resp 637944 875 pmu 1009004 776364 8213864 15573336 1080767305
1790345333.357113 W 931 lat 296 3351 11037 0 exe 30259 331962 621499 resp 626685 636 pmu 1013502 666135 8238985 14603339 848031949
1790345334.300886 W 932 lat 296 4296 12203 0 exe 56555 426759 620999 resp 628314 965 pmu 1010146 789268 8220629 13887958 1083372272
1790345335.349052 W 933 lat 296 2018 7981 0 exe 54129 230555 557444 resp 563370 808 pmu 1014343 712232 8243531 14509259 618951192
1790345336.293238 W 934 lat 685 4777 11648 0 exe 128648 465037 601722 resp 605777 1000 pmu 1010181 817318 8218819 12841480 1175361698
1790345337.348975 W 935 lat 999 5407 11907 0 exe 188203 491981 649425 resp 655833 1000 pmu 1007878 810802 8211006 14854105 1232114662
1790345338.297012 W 936 lat 296 3388 10259 0 exe 29166 322629 526092 resp 530870 897 pmu 1011236 646169 8223828 15780961 825084158
1790345339.356924 W 937 lat 351 4814 9814 0 exe 79185 480129 614574 resp 619407 999 pmu 1009556 788742 8222235 12876114 1204804373
1790345340.313030 W 938 lat 296 1907 7648 0 exe 53703 221907 518907 resp 521981 740 pmu 1014834 692063 8243166 14803192 592941076
1790345341.369131 W 939 lat 444 4537 10981 0 exe 147185 466851 629629 resp 635999 1000 pmu 1011874 876492 8242285 12394282 1185017844
1790345342.316978 W 940 lat 1259 4759 10462 0 exe 303129 462259 613629 resp 619203 1000 pmu 1008553 819512 8210050 15240814 1164454819
1790345343.268763 W 941 lat 296 4333 11259 0 exe 60499 433092 619055 resp 624351 951 pmu 1009654 805853 8219183 15835842 1096855832
1790345344.329100 W 942 lat 296 3592 8870 0 exe 43018 362555 578518 resp 582648 803 pmu 1010734 727350 8222984 14526459 920819754
1790345345.285133 W 943 lat 314 3259 9425 0 exe 81981 356037 616555 resp 623574 982 pmu 1012063 812034 8231527 13660006 917131848
1790345346.336882 W 944 lat 314 3444 12018 0 exe 75685 320351 568537 resp 570648 996 pmu 1012593 676428 8235466 14218235 828006487
1790345347.285171 W 945 lat 314 4407 11240 0 exe 77314 424314 647555 resp 653870 978 pmu 1010688 815160 8228691 13517562 1074756798
1790345348.328814 W 946 lat 296 5185 14185 0 exe 92796 489166 624074 resp 630796 999 pmu 1007884 823166 8209374 14857747 1227721640
1790345349.285045 W 947 lat 296 2277 10592 0 exe 37555 253907 630592 resp 635611 570 pmu 1015056 687574 8244021 15044060 669326012
1790345350.345011 W 948 lat 296 4685 11518 0 exe 76888 472277 627425 resp 632611 983 pmu 1010483 829230 8224756 13616698 1187223267
1790345351.288737 W 949 lat 296 3074 8296 0 exe 51055 302944 556166 resp 560296 850 pmu 1011933 694640 8226008 14890792 780212184
1790345352.340971 W 950 lat 314 3888 10574 0 exe 53388 393314 609685 resp 613111 904 pmu 1011129 776886 8225742 13172859 1001489698
1790345353.289081 W 951 lat 1074 4833 10388 0 exe 163185 488481 625629 resp 629407 1000 pmu 1009309 856423 8214804 14183962 1229228249
1790345354.328750 W 952 lat 296 3092 11444 0 exe 49851 319148 606166 resp 610425 681 pmu 1011938 721761 8221491 15376584 823486397
1790345355.273169 W 953 lat 296 4425 12777 0 exe 59796 457296 622407 resp 630351 970 pmu 1010652 838072 8226935 13764614 1161054463
1790345356.337127 W 954 lat 314 4092 10555 0 exe 91962 420055 628722 resp 632740 999 pmu 1011046 773855 8219338 14699475 1064220569
1790345357.297093 W 955 lat 296 2555 9129 0 exe 47981 275240 632518 resp 641370 736 pmu 1013917 705095 8234511 14704061 725277207
1790345358.361174 W 956 lat 870 4759 9611 0 exe 96851 487870 628333 resp 633333 999 pmu 1010684 852052 8220686 13808032 1227884096
1790345359.297071 W 957 lat 1333 4722 11851 0 exe 191111 455407 600925 resp 605722 1000 pmu 1007191 795634 8202182 15070738 1146580558
1790345360.337258 W 958 lat 296 2796 10962 0 exe 46611 289092 615981 resp 621685 704 pmu 1012865 712308 8230540 15117046 749335466
1790345361.277081 W 959 lat 370 4870 11037 0 exe 128574 476129 640277 resp 647666 1000 pmu 1010318 811512 8221333 13699684 1200366916
1790345362.336734 W 960 lat 296 1999 8333 0 exe 35296 224111 588388 resp 591888 660 pmu 1014161 657581 8236316 15306238 591541766
1790345363.285028 W 961 lat 296 4351 10722 0 exe 81777 456444 637129 resp 643370 981 pmu 1011180 850552 8230085 13014130 1159026512
1790345364.325084 W 962 lat 388 4481 9037 0 exe 117888 448259 613296 resp 618129 1000 pmu 1008365 815492 8207950 14932906 1135226287
1790345365.268750 W 963 lat 296 2703 8981 0 exe 45055 276796 593870 resp 599703 763 pmu 1012087 706791 8222901 14819265 724279223
1790345366.317225 W 964 lat 296 4999 10833 0 exe 52185 490388 636499 resp 642907 957 pmu 1010034 836559 8221419 13399611 1229382660
1790345367.356792 W 965 lat 314 3425 11759 0 exe 67462 358240 624185 resp 627962 821 pmu 1011904 775298 8236050 14952665 921860840
1790345368.293057 W 966 lat 296 3685 11333 0 exe 45444 382129 608666 resp 617611 843 pmu 1011795 755614 8226084 14228898 971501822
1790345369.337041 W 967 lat 314 3870 8555 0 exe 103481 402944 599555 resp 604499 1000 pmu 1010007 815089 8217577 14108425 1029893240
1790345370.272857 W 968 lat 296 3574 10833 0 exe 62796 358944 585296 resp 589555 907 pmu 1011276 767931 8223621 14378293 924720307
1790345371.316940 W 969 lat 296 3925 11759 0 exe 39888 397629 635296 resp 641074 805 pmu 1011271 775470 8227596 13818730 1007516198
1790345372.352807 W 970 lat 296 4740 12351 0 exe 64888 468833 625537 resp 631222 990 pmu 1010796 839055 8226843 14412081 1180561769
1790345373.289183 W 971 lat 296 2481 10148 0 exe 43185 283129 582462 resp 586037 644 pmu 1013752 714899 8239911 14800914 735972669
1790345374.329144 W 972 lat 314 4222 11722 0 exe 90833 435314 622870 resp 629074 998 pmu 1010302 820368 8218350 13301293 1102092123
1790345375.368825 W 973 lat 388 4722 9759 0 exe 119203 449259 605555 resp 610833 1000 pmu 1007168 794535 8193312 14734092 1131908553
1790345376.309178 W 974 lat 296 2907 12537 0 exe 46185 292277 626148 resp 632833 744 pmu 1013151 703425 8239605 14760470 758036112
1790345377.348728 W 975 lat 2407 5537 12592 0 exe 221092 526981 628129 resp 634407 1000 pmu 1007975 838524 8208123 13828562 1318640851
1790345378.285068 W 976 lat 296 1925 6796 0 exe 69870 232777 581370 resp 585370 699 pmu 1013487 722255 8231585 15917459 621192021
1790345379.328968 W 977 lat 314 3833 8833 0 exe 88648 400629 584555 resp 589981 998 pmu 1011312 810813 8227490 13154769 1020802991
1790345380.364992 W 978 lat 944 4907 10925 0 exe 201481 479648 621203 resp 625574 1000 pmu 1007983 833177 8201310 14146495 1203812506
1790345381.301258 W 979 lat 296 2833 10259 0 exe 55240 301240 609055 resp 614703 798 pmu 1012839 740852 8236352 15485337 786341260
1790345382.345129 W 980 lat 1925 5537 12796 0 exe 209351 529166 670111 resp 677351 1000 pmu 1008902 843399 8220470 13730686 1328470113
1790345383.280904 W 981 lat 296 2611 12888 0 exe 56537 280388 609722 resp 618351 785 pmu 1013005 711041 8234399 16293201 731568173
1790345384.321043 W 982 lat 314 3388 9333 0 exe 75333 368777 592111 resp 597944 996 pmu 1011820 814404 8227223 13666487 959994122
1790345385.360989 W 983 lat 370 4722 10203 0 exe 96518 439685 589925 resp 593555 999 pmu 1008592 787203 8218761 13998677 1111257209
1790345386.300699 W 984 lat 296 3629 10407 0 exe 56870 351314 616981 resp 626518 873 pmu 1011211 736716 8220153 14437278 899018942
1790345387.341051 W 985 lat 388 4759 12203 0 exe 78166 459092 650499 resp 656203 995 pmu 1009837 784945 8221424 14092685 1156985429
1790345388.277007 W 986 lat 296 3444 11444 0 exe 52074 367537 555648 resp 560351 934 pmu 1010556 755963 8212637 15069055 938072204
1790345389.320786 W 987 lat 296 2462 7851 0 exe 49314 264518 558203 resp 562851 768 pmu 1013746 686715 8234652 13515960 698740742
1790345390.360644 W 988 lat 296 611 7222 0 exe 17185 60277 537740 resp 542685 141 pmu 1022415 198468 8244946 12987631 163853740
1790345391.296614 W 989 lat 296 296 333 0 exe 16722 20018 51203 resp 51518 0 pmu 1023538 45270 8250298 11589580 53277059
1790345392.344655 W 990 lat 296 648 7314 0 exe 17444 73425 634388 resp 639611 125 pmu 1022067 212557 8242193 6461383 186273483
1790345393.280642 W 991 lat 296 296 481 0 exe 18333 23185 55037 resp 55370 0 pmu 1023523 82007 8243110 12625105 62392455
1790345394.320657 W 992 lat 296 296 611 0 exe 19185 25074 121499 resp 122111 14 pmu 1023340 102718 8238933 6524055 64233367
1790345395.360627 W 993 lat 296 296 444 0 exe 20962 25129 61796 resp 62092 0 pmu 1023473 103422 8245947 7204516 64004551
1790345396.296681 W 994 lat 296 296 537 0 exe 18962 23999 134129 resp 134629 11 pmu 1023423 90684 8248978 6614202 61468990
1790345397.336630 W 995 lat 296 296 648 0 exe 20111 27962 105870 resp 106425 7 pmu 1023344 135518 8247976 7323546 71778436
1790345398.272653 W 996 lat 296 296 407 0 exe 19037 22629 67629 resp 67944 0 pmu 1023455 75905 8247731 7067367 57566739
1790345399.312649 W 997 lat 296 296 499 0 exe 18759 25037 112388 resp 112888 17 pmu 1023321 102378 8244347 6650635 64421416
1790345400.352652 W 998 lat 296 296 462 0 exe 19148 21833 55148 resp 55518 0 pmu 1023524 66927 8244716 7110105 55472760
1790345401.288635 W 999 lat 296 296 499 0 exe 19685 25777 110351 resp 110759 13 pmu 1023323 111157 8248161 6522628 66346513
1790345402.340655 W 1000 lat 296 296 481 0 exe 19148 22648 52351 resp 52666 0 pmu 1023370 75956 8244038 7097641 57679975
1790345403.288631 W 1001 lat 296 296 796 0 exe 19777 25907 113444 resp 114240 13 pmu 1023305 112429 8247545 6498643 66545126
1790345404.344688 W 1002 lat 296 296 425 0 exe 19481 22814 65629 resp 65944 0 pmu 1023470 77951 8247251 7133062 58085266
1790345405.300632 W 1003 lat 296 296 574 0 exe 19277 24999 128759 resp 129333 12 pmu 1023323 102095 8249068 6633560 64275430
1790345406.344694 W 1004 lat 296 296 425 0 exe 18981 21999 47833 resp 48148 0 pmu 1023500 68852 8247612 7276980 55989078
1790345407.280627 W 1005 lat 296 296 499 0 exe 19240 24925 120074 resp 120407 13 pmu 1023327 101663 8247657 6449034 63937116
1790345408.320625 W 1006 lat 296 296 499 0 exe 18962 21814 49962 resp 50259 0 pmu 1023452 66908 8241475 7187890 55483547
1790345409.368652 W 1007 lat 296 296 537 0 exe 18851 24907 130296 resp 130833 15 pmu 1023336 100760 8246697 6469630 63887682
1790345410.312623 W 1008 lat 296 296 407 0 exe 18851 22851 67851 resp 68166 0 pmu 1023514 78185 8243760 7289413 58326344
1790345411.276645 W 1009 lat 296 296 481 0 exe 19277 25351 114685 resp 114999 15 pmu 1023413 106325 8247080 6652746 65131766
1790345412.316626 W 1010 lat 296 296 425 0 exe 19055 22259 54222 resp 54537 0 pmu 1023500 71746 8245749 7136224 56643112
1790345413.356654 W 1011 lat 296 296 629 0 exe 19648 28111 118074 resp 118481 16 pmu 1023376 136237 8246662 6514554 71972938
1790345414.292623 W 1012 lat 296 296 629 0 exe 18777 23962 51018 resp 51333 0 pmu 1023436 90658 8243678 7186982 61019110
1790345415.332650 W 1013 lat 296 296 425 0 exe 18925 25555 124425 resp 124740 12 pmu 1023348 108370 8248496 6490696 65541514
1790345416.268629 W 1014 lat 296 296 462 0 exe 19074 22666 71611 resp 71999 0 pmu 1023392 76342 8243198 7232523 57728422
1790345417.308651 W 1015 lat 296 296 796 0 exe 19203 25074 117407 resp 118203 12 pmu 1023337 102983 8246527 6691227 64535602
1790345418.348622 W 1016 lat 296 296 537 0 exe 18907 22611 53592 resp 53981 0 pmu 1023473 75760 8246585 7165640 57672005
1790345419.284649 W 1017 lat 296 296 537 0 exe 18740 24833 115518 resp 115833 13 pmu 1023405 100597 8248121 6510337 63771031
1790345420.324626 W 1018 lat 296 296 462 0 exe 18796 21814 56703 resp 57037 0 pmu 1023410 66550 8243100 7139458 55488986
1790345421.364653 W 1019 lat 296 296 574 0 exe 19481 25907 112185 resp 112518 12 pmu 1023371 112663 8246361 6536146 66645120
1790345422.300626 W 1020 lat 296 296 481 0 exe 18907 22574 67962 resp 68259 0 pmu 1023465 75332 8244935 7115512 57515115
1790345423.340649 W 1021 lat 296 296 574 0 exe 19499 27055 118240 resp 118814 18 pmu 1023363 125439 8247282 6653087 69745156
1790345424.276627 W 1022 lat 296 296 444 0 exe 19444 22296 54796 resp 55111 0 pmu 1023505 72180 8246788 7183164 56767924
1790345425.316651 W 1023 lat 296 296 777 0 exe 19314 25129 123851 resp 124277 12 pmu 1023351 103454 8247490 6522594 64606720
1790345426.356625 W 1024 lat 296 296 425 0 exe 18981 22629 53999 resp 54296 0 pmu 1023554 75878 8249448 7228966 57729891
1790345427.292648 W 1025 lat 296 296 703 0 exe 18962 25277 113277 resp 113703 14 pmu 1023338 105526 8245215 6513926 65029598
1790345428.332623 W 1026 lat 296 296 425 0 exe 19129 22611 57759 resp 58129 0 pmu 1023470 75776 8246076 7121868 57557319
1790345429.268649 W 1027 lat 296 296 499 0 exe 18759 26074 134499 resp 134944 9 pmu 1023377 113788 8250927 6552520 67065718
1790345430.308623 W 1028 lat 296 296 481 0 exe 19333 22074 52499 resp 52814 0 pmu 1023475 69564 8242646 7336220 56309664
1790345431.352651 W 1029 lat 296 296 629 0 exe 18999 25722 115074 resp 115388 13 pmu 1023321 110752 8249073 6498138 66140451
1790345432.288625 W 1030 lat 296 296 462 0 exe 19018 22092 54185 resp 54481 0 pmu 1023489 69657 8245951 7141243 56198656
1790345433.328650 W 1031 lat 296 296 722 0 exe 19444 25574 114907 resp 115629 11 pmu 1023410 108290 8248884 6513272 65695438
1790345434.264628 W 1032 lat 296 296 425 0 exe 19648 23370 51425 resp 51759 0 pmu 1023439 84191 8246713 7143551 59598713
1790345435.304647 W 1033 lat 296 296 518 0 exe 19629 25870 111185 resp 111574 12 pmu 1023349 112202 8251147 6495295 66486447
1790345436.344624 W 1034 lat 296 296 407 0 exe 19055 21870 53481 resp 53796 0 pmu 1023474 67422 8244196 7106064 55617488
1790345437.280648 W 1035 lat 296 296 574 0 exe 19314 26111 116629 resp 117111 13 pmu 1023335 114548 8246924 6505177 67112246
1790345438.320625 W 1036 lat 296 296 425 0 exe 19129 22222 52648 resp 52944 0 pmu 1023438 71233 8244734 7160880 56531295
1790345439.360646 W 1037 lat 296 296 574 0 exe 19222 25444 124944 resp 125277 17 pmu 1023440 106565 8242691 6498912 65265264
1790345440.296627 W 1038 lat 296 296 499 0 exe 19166 22518 68444 resp 68759 0 pmu 1023450 74301 8242182 7239576 57355510
1790345441.336645 W 1039 lat 296 296 629 0 exe 19185 25388 111703 resp 112111 13 pmu 1023261 106288 8243842 6659085 65291944
1790345442.272626 W 1040 lat 296 296 425 0 exe 19111 22314 53166 resp 53481 0 pmu 1023476 72102 8244979 7107214 56743634
1790345443.312646 W 1041 lat 296 296 592 0 exe 19277 25592 117111 resp 117555 12 pmu 1023351 108879 8246297 6504539 65745485
1790345444.352624 W 1042 lat 296 296 444 0 exe 19074 22777 52111 resp 52425 0 pmu 1023478 77603 8247925 7162953 58004319
1790345445.288647 W 1043 lat 296 296 925 0 exe 19555 25851 119629 resp 120185 10 pmu 1023386 111299 8249510 6496273 66330647
1790345446.328623 W 1044 lat 296 296 407 0 exe 18851 22759 53240 resp 53574 0 pmu 1023481 76977 8248232 7192946 57970152
1790345447.264646 W 1045 lat 296 296 462 0 exe 19407 25499 123055 resp 123388 13 pmu 1023308 107241 8245923 6506352 65471150
1790345448.304622 W 1046 lat 296 296 407 0 exe 18870 22314 53740 resp 54055 0 pmu 1023460 72143 8243507 7221199 56764116
1790345449.344651 W 1047 lat 296 296 537 0 exe 19277 25999 118611 resp 119074 13 pmu 1023275 113340 8249522 6508989 66835333
1790345450.280625 W 1048 lat 296 296 407 0 exe 18740 22222 55240 resp 55555 0 pmu 1023440 71256 8245127 7179803 56545811
1790345451.320645 W 1049 lat 296 296 1111 0 exe 18537 30092 122370 resp 123481 30 pmu 1023206 159309 8249827 6522924 77589967
1790345452.360612 W 1050 lat 296 296 333 0 exe 16555 19740 47537 resp 47851 0 pmu 1023444 42127 8252565 7240207 49989063
1790345453.296642 W 1051 lat 296 296 537 0 exe 17148 25185 130166 resp 130499 23 pmu 1023284 104003 8253542 6422265 64895391
1790345454.336609 W 1052 lat 296 296 333 0 exe 17166 20092 48592 resp 48888 0 pmu 1023510 45916 8253685 7279820 50858373
1790345455.272638 W 1053 lat 296 296 425 0 exe 16962 21333 120407 resp 120814 6 pmu 1023389 60000 8246147 6437444 54031166
1790345456.312611 W 1054 lat 296 296 425 0 exe 17055 19444 52907 resp 53222 0 pmu 1023529 38707 8248986 7161699 49215862
1790345457.356636 W 1055 lat 296 296 518 0 exe 16944 22425 109759 resp 110074 7 pmu 1023410 73021 8248478 6477405 56720975
1790345458.292608 W 1056 lat 296 296 333 0 exe 17074 19481 44777 resp 45074 0 pmu 1023509 38560 8248078 7060755 49187041
1790345459.336636 W 1057 lat 296 296 462 0 exe 17074 21166 130888 resp 131203 5 pmu 1023476 58350 8251368 6395812 53611936
1790345460.272608 W 1058 lat 296 296 333 0 exe 16925 19203 41351 resp 41666 0 pmu 1023498 35843 8249362 7266123 48685508
1790345461.312635 W 1059 lat 296 296 425 0 exe 17166 21222 126111 resp 126425 7 pmu 1023357 58992 8249186 6359488 53774815
1790345462.352608 W 1060 lat 296 296 333 0 exe 17166 19722 43499 resp 43814 0 pmu 1023497 41640 8252828 7218969 49933501
1790345463.288635 W 1061 lat 296 296 425 0 exe 16981 21203 146018 resp 146370 6 pmu 1023457 58056 8249874 6384764 53674135
1790345464.328612 W 1062 lat 296 296 333 0 exe 17018 19537 42166 resp 42481 0 pmu 1023508 39495 8249032 7417165 49576008
1790345465.264636 W 1063 lat 296 296 425 0 exe 16833 21592 113944 resp 114277 6 pmu 1023497 63271 8244110 6369738 54614878
1790345466.304611 W 1064 lat 296 296 333 0 exe 17185 19407 45481 resp 45777 0 pmu 1023531 37903 8242973 7097577 49053832
1790345467.344637 W 1065 lat 296 296 444 0 exe 16999 21518 120055 resp 120444 6 pmu 1023475 62420 8243606 6403144 54520514
1790345468.280614 W 1066 lat 296 296 333 0 exe 16703 19259 40925 resp 41259 0 pmu 1023575 36395 8238849 7159294 48757976
1790345469.320637 W 1067 lat 296 296 425 0 exe 17037 21259 129222 resp 129648 6 pmu 1023465 59313 8247357 6354671 53839780
1790345470.360615 W 1068 lat 296 296 333 0 exe 17277 19796 47148 resp 47462 0 pmu 1023516 42628 8253155 7250243 50131007
1790345471.296659 W 1069 lat 296 296 425 0 exe 17074 21240 112277 resp 112611 6 pmu 1023508 59632 8251616 6422193 53795584
1790345472.336619 W 1070 lat 296 296 333 0 exe 16740 19203 56759 resp 57074 0 pmu 1023508 35981 8251184 7080278 48564912
1790345473.272641 W 1071 lat 296 296 1203 0 exe 16740 21407 119851 resp 120185 5 pmu 1023420 61219 8249265 6512614 54300983
1790345474.312614 W 1072 lat 296 296 333 0 exe 16925 19462 42925 resp 43240 0 pmu 1023471 38751 8248290 7158918 49221828
1790345475.352636 W 1073 lat 296 296 648 0 exe 16851 21370 123259 resp 123907 6 pmu 1023374 60433 8250510 6376474 54125167
1790345476.288620 W 1074 lat 296 296 333 0 exe 16740 19166 41740 resp 42055 0 pmu 1023538 35270 8251039 7192359 48508625
1790345477.328639 W 1075 lat 296 296 592 0 exe 17148 21944 140759 resp 141166 6 pmu 1023429 67073 8248005 6362224 55517053
1790345478.264615 W 1076 lat 296 296 333 0 exe 16925 19648 42388 resp 42703 0 pmu 1023515 40698 8248642 7370207 49786925
1790345479.304636 W 1077 lat 296 296 462 0 exe 17333 21574 114685 resp 115129 6 pmu 1023439 63038 8252253 6372140 54563924
1790345480.344628 W 1078 lat 296 296 333 0 exe 16981 19296 42814 resp 43129 0 pmu 1023518 36787 8251721 7108114 48778069
1790345481.280640 W 1079 lat 296 296 555 0 exe 17037 21666 112981 resp 113296 7 pmu 1023447 64319 8250571 6374883 54831362
1790345482.320622 W 1080 lat 296 296 333 0 exe 16759 19666 44277 resp 44592 0 pmu 1023417 40945 8246089 7089936 49701781
1790345483.360639 W 1081 lat 296 296 499 0 exe 16777 21907 117296 resp 117629 6 pmu 1023480 66846 8250996 6390311 55452017
1790345484.296618 W 1082 lat 296 296 333 0 exe 16999 19388 47111 resp 47425 0 pmu 1023530 37796 8251297 7132775 49022385
1790345485.340643 W 1083 lat 296 296 425 0 exe 17055 21444 111555 resp 111981 7 pmu 1023403 61741 8247175 6418468 54291655
1790345486.276617 W 1084 lat 296 296 333 0 exe 16999 19425 48722 resp 49037 0 pmu 1023512 38407 8254314 7074412 49073278
1790345487.320642 W 1085 lat 296 296 462 0 exe 16759 22055 115685 resp 116018 5 pmu 1023406 68818 8245498 6434658 55875290
1790345488.360619 W 1086 lat 296 296 333 0 exe 16925 19222 68333 resp 68648 0 pmu 1023484 36014 8249952 7117074 48589553
1790345489.296638 W 1087 lat 296 296 462 0 exe 17055 21518 129444 resp 129907 7 pmu 1023445 62233 8250758 6629441 54622462
1790345490.336626 W 1088 lat 296 296 333 0 exe 16666 19259 46092 resp 46388 0 pmu 1023508 36292 8252468 7254091 48751566
1790345491.272640 W 1089 lat 296 296 722 0 exe 17129 21462 139370 resp 139796 6 pmu 1023415 61084 8251613 6405843 54286175
1790345492.312615 W 1090 lat 296 296 333 0 exe 16796 18962 47074 resp 47370 0 pmu 1023505 33058 8247473 7354565 48107074
1790345493.356953 W 1091 lat 296 296 574 0 exe 17055 21722 118481 resp 118814 7 pmu 1023423 64622 8251353 6414866 54928643
1790345494.292620 W 1092 lat 296 296 481 0 exe 16981 19759 49055 resp 49351 0 pmu 1023455 42250 8246001 7145358 49940533
1790345495.332639 W 1093 lat 296 296 407 0 exe 17037 21666 116777 resp 117185 6 pmu 1023430 64063 8248263 6440175 54868899
1790345496.268613 W 1094 lat 296 296 333 0 exe 16685 19166 47481 resp 47796 0 pmu 1023504 35500 8245944 7127609 48515463
1790345497.308641 W 1095 lat 296 296 425 0 exe 17092 21499 117555 resp 117962 6 pmu 1023411 62043 8245818 6419456 54432657
1790345498.348615 W 1096 lat 296 296 333 0 exe 16833 19240 51925 resp 52240 0 pmu 1023530 36404 8246158 7134846 48682657
1790345499.284639 W 1097 lat 296 296 499 0 exe 16981 21537 135740 resp 136240 7 pmu 1023417 62104 8245182 6464912 54525718
1790345500.324619 W 1098 lat 296 296 407 0 exe 17222 19481 47499 resp 47796 0 pmu 1023450 39142 8247644 7317153 49384790
1790345501.364639 W 1099 lat 296 296 370 0 exe 16629 21555 120111 resp 120444 6 pmu 1023438 62965 8250451 6424192 54575865
1790345502.300612 W 1100 lat 296 296 333 0 exe 16981 19277 47740 resp 48055 0 pmu 1023475 36623 8247111 7157651 48775475
1790345503.340642 W 1101 lat 296 296 1037 0 exe 16944 21703 114611 resp 115648 6 pmu 1023456 64520 8251323 6424126 54948647
1790345504.276613 W 1102 lat 296 296 333 0 exe 16907 19111 49129 resp 49444 0 pmu 1023565 34864 8254696 7111822 48293884
1790345505.316640 W 1103 lat 296 296 574 0 exe 16648 21518 121740 resp 122055 6 pmu 1023465 62464 8252852 6436664 54528238
1790345506.356619 W 1104 lat 296 296 333 0 exe 16981 19537 50240 resp 50555 0 pmu 1023513 39615 8249327 7174811 49385229
1790345507.296637 W 1105 lat 296 296 574 0 exe 16981 21629 134999 resp 135518 7 pmu 1023414 63752 8253284 6450305 54790950
1790345508.336616 W 1106 lat 296 296 333 0 exe 16851 19259 46592 resp 46907 0 pmu 1023514 36646 8250843 7310688 48839788
1790345509.272640 W 1107 lat 296 296 425 0 exe 17037 21574 110703 resp 111037 6 pmu 1023456 63402 8246377 6411855 54659127
1790345510.312623 W 1108 lat 296 296 333 0 exe 16888 19425 46925 resp 47240 0 pmu 1023498 38350 8247772 7066040 49088977
1790345511.352639 W 1109 lat 296 296 425 0 exe 16944 21388 120629 resp 121055 6 pmu 1023424 60896 8248924 6416170 54212081
1790345512.288616 W 1110 lat 296 296 333 0 exe 16870 19314 45740 resp 46037 0 pmu 1023511 36950 8248825 7164194 48850830
1790345513.328639 W 1111 lat 296 296 740 0 exe 16870 23574 122648 resp 123277 6 pmu 1023413 86341 8252094 6403464 59760399
1790345514.264614 W 1112 lat 296 296 333 0 exe 16888 19537 43592 resp 43907 0 pmu 1023514 39736 8252154 7197711 49465508
1790345515.308909 W 1113 lat 296 611 8314 0 exe 16833 46388 538055 resp 540351 96 pmu 1022506 148279 8252908 6383746 119598062
1790345516.360997 W 1114 lat 314 2759 9851 0 exe 71259 250703 381018 resp 385499 994 pmu 1019449 631044 8258868 11516567 656265952
1790345517.308993 W 1115 lat 296 2999 8185 0 exe 72888 258148 485018 resp 489574 996 pmu 1017829 623842 8260011 11269625 680946701
1790345518.356936 W 1116 lat 314 3314 9333 0 exe 65777 270759 419740 resp 423851 993 pmu 1016795 601834 8251710 12348094 710155093
1790345519.308781 W 1117 lat 388 3462 9055 0 exe 67148 283018 512851 resp 518148 993 pmu 1016893 621666 8257336 11728014 741464815
1790345520.364912 W 1118 lat 314 2981 9999 0 exe 55981 257537 472685 resp 478129 995 pmu 1017870 609988 8259408 12732907 678787679
1790345521.312990 W 1119 lat 388 3592 8425 0 exe 73222 294981 525888 resp 530574 994 pmu 1015938 622829 8261739 12150971 772600743
1790345522.364929 W 1120 lat 333 3462 10092 0 exe 68499 266259 443944 resp 447574 993 pmu 1015755 602553 8256438 12947963 707598354
1790345523.309007 W 1121 lat 370 3388 8722 0 exe 69537 290092 536833 resp 541444 993 pmu 1017011 622035 8262813 11963573 754785942
1790345524.356882 W 1122 lat 333 3222 10037 0 exe 67037 265962 463555 resp 467722 991 pmu 1016837 602963 8263228 13014504 702320897
1790345525.304986 W 1123 lat 314 2962 9870 0 exe 73333 261370 478111 resp 481814 996 pmu 1018567 617070 8259396 12151953 681719771
1790345526.356955 W 1124 lat 296 3370 8833 0 exe 64981 258740 409648 resp 412814 969 pmu 1016356 601904 8259281 12301420 686928921
1790345527.304969 W 1125 lat 314 3462 7981 0 exe 73666 292444 514777 resp 520777 998 pmu 1016165 622590 8254974 11555879 763515558
1790345528.368682 W 1126 lat 333 3166 9166 0 exe 54518 267388 474148 resp 478981 991 pmu 1017233 610285 8257330 12829905 700686204
1790345529.313017 W 1127 lat 314 2944 9851 0 exe 54277 263166 531685 resp 536111 993 pmu 1019076 627559 8274431 12201085 690859628
1790345530.364894 W 1128 lat 314 2611 8962 0 exe 72166 240296 381111 resp 385074 993 pmu 1019799 611417 8276079 12754343 632259949
1790345531.316988 W 1129 lat 314 3351 8629 0 exe 73629 279925 467666 resp 471055 997 pmu 1016743 609960 8267633 11215292 732387424
1790345532.264771 W 1130 lat 407 3629 9333 0 exe 70074 286611 473703 resp 477962 993 pmu 1015153 611010 8261491 12285611 753779389
1790345533.313052 W 1131 lat 370 3962 9333 0 exe 68962 305944 507999 resp 512407 993 pmu 1013403 624179 8262854 12371196 803956017
1790345534.360891 W 1132 lat 611 4314 9037 0 exe 62129 388277 537407 resp 542537 994 pmu 1016324 832564 8278494 12807468 1013819255
1790345535.304976 W 1133 lat 407 3981 8685 0 exe 69092 317851 482370 resp 486925 993 pmu 1012850 634775 8248082 13484198 832630589
1790345536.360956 W 1134 lat 444 4018 9037 0 exe 69351 320092 523999 resp 528685 994 pmu 1013521 640457 8254336 12609142 838455299
1790345537.304995 W 1135 lat 722 4055 9759 0 exe 61870 327833 491166 resp 496796 994 pmu 1012080 659510 8247863 13040666 861028050
1790345538.360912 W 1136 lat 388 3981 8888 0 exe 63407 316111 528907 resp 534370 995 pmu 1013492 634905 8256059 12723577 828321518
1790345539.312962 W 1137 lat 537 3944 9074 0 exe 65092 308648 484314 resp 489907 993 pmu 1012451 630894 8249694 13042848 812816401
1790345540.361007 W 1138 lat 703 3962 8055 0 exe 62611 321944 508314 resp 513499 996 pmu 1013494 661500 8257908 12570091 844806835
1790345541.316894 W 1139 lat 314 3722 8537 0 exe 77222 297648 470777 resp 476407 994 pmu 1014165 605902 8261463 12857917 781815327
1790345542.264995 W 1140 lat 333 3648 8981 0 exe 68722 300777 524037 resp 528796 995 pmu 1015224 640917 8263992 12435903 789768974
1790345543.312898 W 1141 lat 351 3537 8925 0 exe 67037 279444 484296 resp 489666 992 pmu 1014998 622926 8256404 12939181 742053112
1790345544.357004 W 1142 lat 333 3166 8685 0 exe 59703 280425 506981 resp 509925 996 pmu 1017099 620475 8264982 12428916 734196986
1790345545.296872 W 1143 lat 314 2518 9129 0 exe 53537 239981 405537 resp 409222 995 pmu 1020198 613722 8274244 12608730 628873061
1790345546.344951 W 1144 lat 314 2388 8666 0 exe 70111 233870 383259 resp 386222 994 pmu 1021152 621792 8280374 11363686 612984465
1790345547.292898 W 1145 lat 351 3333 9092 0 exe 71925 278111 471351 resp 475333 995 pmu 1016289 593679 8258914 11186676 726378116
1790345548.344738 W 1146 lat 314 3407 9092 0 exe 73499 281407 513648 resp 516425 993 pmu 1016897 633983 8268657 12310198 740207591
1790345549.288906 W 1147 lat 314 3185 8407 0 exe 61037 266351 450333 resp 457351 993 pmu 1016331 613428 8259862 12751578 704066156
1790345550.344766 W 1148 lat 333 2851 7518 0 exe 74185 257351 486296 resp 489648 997 pmu 1019296 612428 8280359 11997513 674421100
1790345551.288900 W 1149 lat 333 2962 9055 0 exe 67462 258481 443981 resp 448962 994 pmu 1018301 607564 8273152 12353497 678541536
1790345552.329008 W 1150 lat 314 3444 9092 0 exe 70648 282666 513481 resp 516277 997 pmu 1016369 639500 8265381 11918841 742036564
1790345553.276824 W 1151 lat 314 3407 8666 0 exe 63499 278074 482648 resp 488703 993 pmu 1015665 598934 8261399 12742175 733652196
1790345554.320694 W 1152 lat 370 3351 10351 0 exe 70166 277018 409870 resp 412481 991 pmu 1017404 615343 8269782 12389309 725384136
1790345555.268926 W 1153 lat 314 3407 9222 0 exe 66907 268629 434666 resp 439148 992 pmu 1015576 600944 8263465 11680545 710221679
1790345556.320880 W 1154 lat 314 3499 9407 0 exe 71870 293296 517240 resp 522111 996 pmu 1016208 633553 8262231 11874085 767936426
1790345557.264950 W 1155 lat 388 3851 9370 0 exe 76981 293740 478388 resp 483148 996 pmu 1013984 621423 8250645 12851305 776779455
1790345558.317038 W 1156 lat 351 3740 8796 0 exe 60703 299055 532925 resp 539166 997 pmu 1014873 640298 8258453 12492050 787205668
1790345559.264885 W 1157 lat 462 3555 9074 0 exe 62314 279814 489388 resp 492425 994 pmu 1015105 600089 8254878 12986363 739086239
1790345560.324819 W 1158 lat 629 4037 9018 0 exe 61796 326925 515555 resp 520925 997 pmu 1013089 647427 8249607 12447779 854215160
1790345561.360790 W 1159 lat 462 4111 9277 0 exe 66888 329888 489148 resp 492981 996 pmu 1011937 652336 8245209 12957121 864525197
1790345562.308981 W 1160 lat 499 4092 9018 0 exe 64833 332759 516462 resp 520907 996 pmu 1013155 664926 8253055 12726444 871537379
1790345563.364857 W 1161 lat 703 4055 9944 0 exe 74851 322574 488888 resp 494666 996 pmu 1012225 657932 8244675 13005514 848771717
1790345564.324913 W 1162 lat 314 3777 8777 0 exe 59666 306722 514111 resp 519962 996 pmu 1014043 659206 8247781 12741104 807159136
1790345565.264900 W 1163 lat 333 3259 9074 0 exe 68592 280981 478037 resp 484111 997 pmu 1016530 611972 8258149 12829333 734718262
1790345566.316932 W 1164 lat 370 3425 9222 0 exe 76833 280518 536018 resp 541185 996 pmu 1016733 634948 8267446 12384553 740493978
1790345567.264898 W 1165 lat 314 3092 8703 0 exe 74018 267999 385370 resp 389518 994 pmu 1017368 594466 8264090 13000501 702112871
1790345568.316880 W 1166 lat 314 2666 8259 0 exe 64055 243740 363555 resp 366611 993 pmu 1019554 613675 8274002 11407547 643030476
1790345569.264957 W 1167 lat 407 3148 8833 0 exe 64259 270148 421222 resp 426537 994 pmu 1017368 607279 8262646 11008635 703985274
1790345570.320975 W 1168 lat 333 3499 9222 0 exe 61611 273851 477611 resp 482314 994 pmu 1015302 607991 8258580 11735362 726342674
1790345571.269029 W 1169 lat 333 3907 9685 0 exe 69388 309037 526259 resp 530333 995 pmu 1014459 622105 8266867 12304815 811778804
1790345572.316897 W 1170 lat 666 4222 8611 0 exe 63833 337037 499351 resp 506129 995 pmu 1011537 664661 8237424 13007327 880232669
1790345573.268921 W 1171 lat 296 3851 8777 0 exe 68277 325833 534981 resp 538722 995 pmu 1013837 664082 8254797 12861868 851361205
1790345574.320986 W 1172 lat 314 3796 8462 0 exe 68092 298185 487611 resp 491611 996 pmu 1013716 614473 8252701 13166444 786268332
1790345575.272654 W 1173 lat 296 3444 8907 0 exe 24333 267074 478574 resp 484296 936 pmu 1015321 598568 8254722 12552821 712855798
1790345576.312611 W 1174 lat 296 296 333 0 exe 16759 19185 43851 resp 44166 0 pmu 1023529 35759 8253912 12094328 51510132
1790345577.356893 W 1175 lat 296 351 5351 0 exe 17166 31499 482444 resp 487796 48 pmu 1023053 109888 8256597 6383743 81095643
1790345578.292901 W 1176 lat 666 3203 6777 0 exe 155296 330314 524148 resp 526888 1000 pmu 1018629 859597 8328060 10886982 855921660
1790345579.332884 W 1177 lat 1555 3185 6351 0 exe 253185 330537 404277 resp 407425 1000 pmu 1019231 872928 8326203 13499126 859372991
1790345580.268930 W 1178 lat 1555 3222 6314 0 exe 268944 329888 398425 resp 401499 1000 pmu 1018534 867943 8332985 12795256 857086026
1790345581.308885 W 1179 lat 1037 3203 6092 0 exe 205629 326796 408407 resp 411796 1000 pmu 1018947 867363 8330497 12811947 849436242
1790345582.352940 W 1180 lat 1444 3240 6055 0 exe 247018 330407 395185 resp 398018 1000 pmu 1018933 869517 8328091 12577489 858029252
1790345583.288903 W 1181 lat 1722 3203 5703 0 exe 243703 329981 398314 resp 402018 1000 pmu 1019349 872032 8333330 12669343 857983392
1790345584.340908 W 1182 lat 1481 3240 5944 0 exe 218129 327722 394925 resp 398407 1000 pmu 1018821 863265 8329991 12685760 851883318
1790345585.276911 W 1183 lat 1240 3185 6425 0 exe 226648 327277 397870 resp 400870 1000 pmu 1019174 865344 8332525 12511818 850904251
1790345586.324918 W 1184 lat 1425 3203 5944 0 exe 248388 330277 388851 resp 391518 1000 pmu 1018877 869412 8328449 12580099 857960789
1790345587.268897 W 1185 lat 1407 3222 6037 0 exe 247999 330092 386999 resp 390222 1000 pmu 1019255 873115 8333776 12610688 858558386
1790345588.308886 W 1186 lat 1055 3203 6388 0 exe 218703 326037 398481 resp 401592 1000 pmu 1018566 859092 8325949 12592578 846904437
1790345589.360920 W 1187 lat 1444 3240 7203 0 exe 243388 330240 393222 resp 397481 1000 pmu 1019238 871896 8330620 12539907 858304332
1790345590.320910 W 1188 lat 1222 3277 6740 0 exe 249055 330499 395388 resp 399796 1000 pmu 1018802 869305 8333690 12643591 858297947
1790345591.272798 W 1189 lat 1314 3222 6592 0 exe 218259 327240 406537 resp 410055 1000 pmu 1019078 864803 8329026 12692633 850992823
1790345592.332907 W 1190 lat 1388 3203 5833 0 exe 227592 325333 385629 resp 391037 1000 pmu 1018205 861593 8328717 12628608 845813115
1790345593.272941 W 1191 lat 1574 3222 5574 0 exe 255314 330592 392259 resp 394648 1000 pmu 1019086 873174 8328328 12462659 859296591
1790345594.324943 W 1192 lat 1444 3240 6203 0 exe 218555 328185 404092 resp 408777 1000 pmu 1018859 863749 8326859 12678624 852596546
1790345595.364919 W 1193 lat 1333 3240 6425 0 exe 213611 329296 415351 resp 420425 1000 pmu 1019325 869821 8336734 12615126 856137302
1790345596.304911 W 1194 lat 1333 3240 5814 0 exe 245407 329037 394851 resp 398703 1000 pmu 1018493 865629 8327384 12710932 855151676
1790345597.344905 W 1195 lat 1518 3259 8018 0 exe 261648 329999 403240 resp 405981 1000 pmu 1019241 871514 8331105 12654566 857578899
1790345598.284939 W 1196 lat 1259 3203 6092 0 exe 204092 327240 388870 resp 393537 1000 pmu 1018482 861327 8319150 12830910 850490735
1790345599.328883 W 1197 lat 1111 3277 5888 0 exe 217574 330185 395370 resp 398907 1000 pmu 1019216 872610 8339214 12383943 857753612
1790345600.264899 W 1198 lat 1499 3185 6351 0 exe 265370 329944 390333 resp 393703 1000 pmu 1018688 868517 8330781 12524254 856978948
1790345601.308905 W 1199 lat 999 3203 6166 0 exe 248296 329296 402555 resp 405388 1000 pmu 1019192 869701 8331144 12714639 855781573
1790345602.356923 W 1200 lat 1555 3240 6055 0 exe 214592 328499 403629 resp 408370 1000 pmu 1018784 864043 8332216 12742152 854192452
1790345603.292923 W 1201 lat 1351 3240 6055 0 exe 239333 328870 398370 resp 401462 1000 pmu 1019258 868532 8332132 12592150 855078585
1790345604.336888 W 1202 lat 1555 3240 6148 0 exe 254037 330129 398462 resp 401666 1000 pmu 1018916 869240 8331104 12655885 857622394
1790345605.272901 W 1203 lat 1055 3203 6481 0 exe 221518 328222 408722 resp 413055 1000 pmu 1019091 868330 8337433 12738702 853492312
1790345606.324905 W 1204 lat 1314 3222 6240 0 exe 232888 328018 402203 resp 406462 1000 pmu 1018804 865180 8330037 12673690 852567403
1790345607.272917 W 1205 lat 1481 3185 5703 0 exe 245907 329685 390685 resp 393888 1000 pmu 1018951 872755 8338481 12664069 856940824
1790345608.336908 W 1206 lat 1277 3277 6314 0 exe 204759 328814 406222 resp 409759 1000 pmu 1018924 864920 8334410 12615350 854043692
1790345609.272935 W 1207 lat 1481 3222 6277 0 exe 211166 326481 401962 resp 405296 1000 pmu 1019000 867840 8336834 12564643 848872203
1790345610.312916 W 1208 lat 1370 3203 5851 0 exe 217055 328796 403092 resp 408222 1000 pmu 1018761 867287 8333437 12541907 853999550
1790345611.269220 W 1209 lat 1296 3240 6722 0 exe 194129 328759 399925 resp 404092 1000 pmu 1019095 867298 8334615 12600539 854653784
1790345612.320921 W 1210 lat 1537 3185 6555 0 exe 221629 328833 396703 resp 400314 1000 pmu 1018900 868682 8335969 12453440 854233897
1790345613.277305 W 1211 lat 1592 3185 5851 0 exe 260277 329555 397814 resp 401981 1000 pmu 1019116 868173 8336076 12556364 855916425
1790345614.332910 W 1212 lat 1481 3203 5962 0 exe 205851 329277 395222 resp 399407 1000 pmu 1019284 869909 8332665 12763938 855814636
1790345615.292944 W 1213 lat 1611 3222 6185 0 exe 218907 327851 402351 resp 407111 1000 pmu 1019026 864224 8334153 12464692 851832369
1790345616.344877 W 1214 lat 1518 3203 6296 0 exe 221537 328870 399759 resp 402962 1000 pmu 1019151 868442 8331224 12598639 854770454
1790345617.292883 W 1215 lat 1574 3166 5759 0 exe 226981 328722 387037 resp 390351 1000 pmu 1018791 865702 8332913 12583339 854273301
1790345618.336881 W 1216 lat 1185 3222 5703 0 exe 222611 328759 394203 resp 398388 1000 pmu 1019371 870812 8341790 12480631 854688471
1790345619.284937 W 1217 lat 1592 3222 5814 0 exe 226185 328425 390833 resp 394666 1000 pmu 1018563 864391 8335531 12532886 853028736
1790345620.324892 W 1218 lat 1370 3222 6499 0 exe 262962 330222 394611 resp 398462 1000 pmu 1019468 873035 8338670 12516325 858480371
1790345621.268877 W 1219 lat 1611 3222 5925 0 exe 247611 328740 394370 resp 397777 1000 pmu 1018494 866159 8327027 12749335 854359697
1790345622.320887 W 1220 lat 1388 3203 8740 0 exe 214574 328796 411314 resp 418907 1000 pmu 1018924 869699 8336513 12659078 855024689
1790345623.364877 W 1221 lat 1499 3222 6166 0 exe 216722 327962 412499 resp 418666 1000 pmu 1018835 864249 8332210 12697220 852644094
1790345624.308887 W 1222 lat 1481 3185 5259 0 exe 250962 328888 398388 resp 402462 1000 pmu 1019266 869987 8332831 12696244 854657156
1790345625.356912 W 1223 lat 1222 3166 6166 0 exe 205481 325314 405981 resp 409074 1000 pmu 1018538 861762 8330195 12715809 845555372
1790345626.296890 W 1224 lat 1611 3222 5814 0 exe 231648 328981 414444 resp 419129 1000 pmu 1019199 870033 8338703 12544556 855379318
1790345627.344895 W 1225 lat 1685 3240 6685 0 exe 253018 330074 408796 resp 414537 1000 pmu 1018857 867615 8331342 12786767 857304441
1790345628.288884 W 1226 lat 1092 3185 5648 0 exe 213185 326925 396907 resp 400796 1000 pmu 1019065 864933 8333651 12852865 850151051
1790345629.332919 W 1227 lat 1425 3222 6555 0 exe 266259 330388 394925 resp 398388 1000 pmu 1019042 868802 8331690 12501258 858114059
1790345630.272893 W 1228 lat 1314 3222 6944 0 exe 204055 328999 414277 resp 417851 1000 pmu 1019356 869968 8337283 12768341 855605464
1790345631.312897 W 1229 lat 1333 3185 5574 0 exe 256944 330611 397555 resp 401148 1000 pmu 1018913 869805 8329391 12645985 858325813
1790345632.356868 W 1230 lat 1111 3203 5944 0 exe 184074 328370 401462 resp 404870 1000 pmu 1019396 868571 8332752 12744391 853459833
1790345633.292909 W 1231 lat 1481 3203 6092 0 exe 193925 328351 400777 resp 405092 1000 pmu 1018890 865251 8336564 12407706 853139827
1790345634.336880 W 1232 lat 1648 3259 6074 0 exe 273499 330518 403888 resp 406740 1000 pmu 1019186 872414 8331825 12457133 858910566
1790345635.276946 W 1233 lat 1222 3259 6388 0 exe 193499 327648 405111 resp 408925 1000 pmu 1018794 862178 8324192 12890725 851011253
1790345636.320907 W 1234 lat 1629 3277 6666 0 exe 247685 329129 401722 resp 405944 1000 pmu 1019448 870184 8333851 12492790 855771192
1790345637.360661 W 1235 lat 1425 3314 6425 0 exe 213462 328481 397333 resp 399574 1000 pmu 1019001 867153 8343805 12742939 854504410
1790345638.296637 W 1236 lat 296 296 925 0 exe 17166 24777 125666 resp 125981 17 pmu 1023396 100349 8248904 12509695 66483315
1790345639.344654 W 1237 lat 296 296 333 0 exe 16796 19111 42185 resp 42499 0 pmu 1023420 34555 8252995 7234962 48433184
1790345640.284640 W 1238 lat 296 296 1185 0 exe 17518 27648 223592 resp 224444 35 pmu 1023154 126536 8253493 6366823 71510921
1790345641.348615 W 1239 lat 296 296 333 0 exe 17037 19907 46499 resp 46814 0 pmu 1023576 43510 8252976 8234241 50943127
1790345642.292633 W 1240 lat 296 296 555 0 exe 17203 22277 119388 resp 119703 6 pmu 1023449 71177 8253255 6415097 56371440
1790345643.336611 W 1241 lat 296 296 333 0 exe 16851 19388 43666 resp 43981 0 pmu 1023499 37428 8247620 7157842 49037066
1790345644.276633 W 1242 lat 296 296 537 0 exe 17129 22277 110759 resp 111129 7 pmu 1023426 71692 8253067 6383263 56440011
1790345645.316617 W 1243 lat 296 296 333 0 exe 17351 19981 53574 resp 53870 0 pmu 1023534 44442 8251148 7071324 50466775
1790345646.264633 W 1244 lat 296 296 555 0 exe 16962 22296 112870 resp 113203 6 pmu 1023448 71802 8249424 6487680 56538803
1790345647.324612 W 1245 lat 296 296 351 0 exe 17055 19611 44259 resp 44574 0 pmu 1023490 39916 8248874 7091533 49514138
1790345648.276633 W 1246 lat 296 296 444 0 exe 17037 21925 109981 resp 110296 5 pmu 1023433 67216 8250890 6391347 55498329
1790345649.340615 W 1247 lat 296 296 333 0 exe 17222 19425 41629 resp 41944 0 pmu 1023491 38110 8247581 7060574 49123444
1790345650.284633 W 1248 lat 296 296 740 0 exe 17074 22259 109574 resp 109888 6 pmu 1023509 71561 8256967 6364778 56363873
1790345651.344613 W 1249 lat 296 296 333 0 exe 17166 19851 45407 resp 45722 0 pmu 1023495 42822 8247353 7060016 50118311
1790345652.292633 W 1250 lat 296 296 425 0 exe 16962 22037 130499 resp 130814 6 pmu 1023453 68048 8251898 6404421 55753757
1790345653.352615 W 1251 lat 296 296 333 0 exe 17351 19648 44703 resp 44999 0 pmu 1023513 40523 8249207 7265825 49749773
1790345654.304635 W 1252 lat 296 296 611 0 exe 17185 22092 110648 resp 110981 7 pmu 1023400 68993 8250014 6397358 55925227
1790345655.360611 W 1253 lat 296 296 333 0 exe 17148 19481 44833 resp 45148 0 pmu 1023478 38452 8247879 7069654 49208166
1790345656.320635 W 1254 lat 296 296 759 0 exe 17148 21685 118777 resp 119537 6 pmu 1023378 64444 8246467 6396868 54937323
1790345657.360615 W 1255 lat 296 296 333 0 exe 17462 19611 44648 resp 44962 0 pmu 1023455 39628 8246817 7151945 49576139
1790345658.296639 W 1256 lat 296 296 481 0 exe 17111 22574 108148 resp 108462 8 pmu 1023384 74466 8250039 6397294 57122595
1790345659.336611 W 1257 lat 296 296 333 0 exe 17240 19407 48518 resp 48833 0 pmu 1023482 37788 8247140 7046026 49038857
1790345660.272633 W 1258 lat 296 296 666 0 exe 17037 21833 108851 resp 109518 7 pmu 1023412 66181 8249553 6433756 55329224
1790345661.312616 W 1259 lat 296 296 333 0 exe 16888 19499 43999 resp 44296 0 pmu 1023411 38745 8250456 7051731 49258894
1790345662.352636 W 1260 lat 296 296 537 0 exe 16666 22277 109388 resp 109703 6 pmu 1023422 71571 8250247 6387256 56460093
1790345663.288612 W 1261 lat 296 296 351 0 exe 16944 19796 48537 resp 48870 0 pmu 1023510 42486 8249659 7055099 50009216
1790345664.332635 W 1262 lat 296 296 388 0 exe 16907 22074 125240 resp 125592 6 pmu 1023498 69152 8254186 6434587 55903302
1790345665.268615 W 1263 lat 296 296 333 0 exe 17259 19666 43407 resp 43722 0 pmu 1023511 41054 8251501 7213156 49801799
1790345666.308634 W 1264 lat 296 296 592 0 exe 17203 22185 106574 resp 106888 4 pmu 1023418 70714 8252862 6384001 56223606
1790345667.348613 W 1265 lat 296 296 333 0 exe 17333 20314 52833 resp 53129 0 pmu 1023478 48138 8251696 7029280 51239753
1790345668.284632 W 1266 lat 296 296 425 0 exe 17148 21870 110092 resp 110462 4 pmu 1023376 66634 8248468 6481816 55432255
1790345669.324615 W 1267 lat 296 296 425 0 exe 17018 20111 50259 resp 50574 0 pmu 1023515 45979 8250186 7062106 50783667
1790345670.364633 W 1268 lat 296 296 462 0 exe 16944 21870 113240 resp 113666 4 pmu 1023364 66583 8248189 6453996 55426280
1790345671.304612 W 1269 lat 296 296 333 0 exe 16870 19499 43407 resp 43722 0 pmu 1023483 38855 8247805 7093106 49309093
1790345672.344635 W 1270 lat 296 296 499 0 exe 17240 23148 137259 resp 137574 5 pmu 1023453 81105 8252361 6381261 58460225
1790345673.280616 W 1271 lat 296 296 351 0 exe 17296 19833 44888 resp 45203 0 pmu 1023475 42568 8250144 7340743 50258205
1790345674.320639 W 1272 lat 296 296 425 0 exe 16666 21833 111074 resp 111462 6 pmu 1023443 66454 8247122 6399905 55352458
1790345675.360612 W 1273 lat 296 296 351 0 exe 16851 20074 48148 resp 48462 0 pmu 1023425 45358 8249592 7069479 50680496
1790345676.296639 W 1274 lat 296 296 407 0 exe 17111 21333 113444 resp 113759 5 pmu 1023445 60233 8251754 6431535 54046231
1790345677.340618 W 1275 lat 296 296 333 0 exe 17240 20240 44425 resp 44740 0 pmu 1023491 47114 8246190 7092374 51081308
1790345678.276638 W 1276 lat 296 296 703 0 exe 17055 21648 116574 resp 117277 5 pmu 1023415 63934 8249332 6396800 54830638
1790345679.316611 W 1277 lat 296 296 351 0 exe 17055 19925 49499 resp 49814 0 pmu 1023485 43459 8246503 7128531 50314360
1790345680.356637 W 1278 lat 296 296 777 0 exe 16944 21240 120814 resp 121129 5 pmu 1023444 59243 8249091 6445335 53943280
1790345681.292617 W 1279 lat 296 296 333 0 exe 17148 20629 54407 resp 54722 0 pmu 1023498 51991 8251900 7166627 52118232
1790345682.332639 W 1280 lat 296 296 462 0 exe 17166 20999 113537 resp 113999 5 pmu 1023453 56578 8250679 6498280 53388156
1790345683.268610 W 1281 lat 296 296 333 0 exe 17314 20925 84444 resp 84740 0 pmu 1023478 55315 8251471 7093106 52734112
1790345684.308641 W 1282 lat 296 296 481 0 exe 16888 19592 126092 resp 126574 4 pmu 1023496 39631 8251130 6800788 49803840
1790345685.348615 W 1283 lat 296 296 333 0 exe 17240 21518 106185 resp 106481 1 pmu 1023419 62764 8250964 7210238 54441151
1790345686.284680 W 1284 lat 296 296 333 0 exe 16666 19259 37833 resp 38166 0 pmu 1023545 36056 8249208 7020780 48619195
1790345687.324613 W 1285 lat 296 296 481 0 exe 16962 22388 111481 resp 111870 6 pmu 1023472 72619 8251573 6323411 56652903
1790345688.364638 W 1286 lat 296 296 333 0 exe 16851 19277 37833 resp 38166 0 pmu 1023499 36247 8248441 7078042 48714614
1790345689.300617 W 1287 lat 296 296 537 0 exe 17259 22388 108074 resp 108388 5 pmu 1023464 73015 8250736 6324451 56641474
1790345690.344650 W 1288 lat 296 296 351 0 exe 17166 19333 38074 resp 38388 0 pmu 1023574 37068 8248912 7045433 48806129
1790345691.288616 W 1289 lat 296 296 648 0 exe 16925 22185 113851 resp 114499 7 pmu 1023491 70081 8252106 6328654 56108343
1790345692.348642 W 1290 lat 296 296 333 0 exe 17222 19074 33314 resp 33611 0 pmu 1023524 33958 8247923 7102624 48212727
1790345693.296613 W 1291 lat 296 296 425 0 exe 17351 22351 113907 resp 114333 7 pmu 1023502 72040 8245970 6279811 56460380
1790345694.352642 W 1292 lat 296 296 333 0 exe 17296 19555 38759 resp 39074 0 pmu 1023509 39459 8245029 7103897 49441025
1790345695.312612 W 1293 lat 296 296 499 0 exe 17222 22111 108888 resp 109259 5 pmu 1023464 69553 8256688 6337238 55979881
1790345696.364646 W 1294 lat 296 296 333 0 exe 16925 19092 35055 resp 35351 0 pmu 1023489 34236 8251872 7052136 48233575
1790345697.320614 W 1295 lat 296 296 407 0 exe 17407 22833 109333 resp 109685 5 pmu 1023434 77966 8250330 6295883 57762412
1790345698.276610 W 1296 lat 296 296 333 0 exe 17333 20129 56111 resp 56425 0 pmu 1023448 45824 8246954 7060579 50790026
1790345699.320659 W 1297 lat 296 296 425 0 exe 17092 21981 110833 resp 111148 6 pmu 1023362 67819 8247438 6513734 55752448
1790345700.360686 W 1298 lat 296 296 388 0 exe 17277 21814 102481 resp 102796 2 pmu 1023379 66203 8253363 7069588 55460757
1790345701.296614 W 1299 lat 296 296 574 0 exe 17037 21407 110870 resp 111203 5 pmu 1023464 61337 8254043 6986040 54600933
1790345702.345083 W 1300 lat 296 3870 12833 0 exe 18333 367407 600351 resp 606592 927 pmu 1012361 751695 8247052 7070339 935599741
1790345703.288902 W 1301 lat 777 5407 11444 0 exe 101833 473833 618666 resp 623925 1000 pmu 1007691 791863 8217459 13811035 1189882792
1790345704.344723 W 1302 lat 296 4259 13444 0 exe 38074 372703 626407 resp 633370 811 pmu 1009895 700183 8226858 14941605 945137772
1790345705.301198 W 1303 lat 296 4018 10925 0 exe 35925 366388 593962 resp 602648 794 pmu 1011652 669773 8244040 14204836 926943392
1790345706.356787 W 1304 lat 314 3833 12185 0 exe 50814 362444 620462 resp 624740 939 pmu 1011138 724961 8238716 13833269 920239872
1790345707.309119 W 1305 lat 296 2777 9129 0 exe 54981 281555 604999 resp 608999 822 pmu 1013922 698551 8248203 14135975 729545334
1790345708.361160 W 1306 lat 425 5055 13222 0 exe 130574 445388 640111 resp 650092 1000 pmu 1009680 782366 8229614 13576352 1127665898
1790345709.312859 W 1307 lat 1907 5203 10666 0 exe 167388 460314 616222 resp 621611 1000 pmu 1007307 776966 8219156 15186939 1157589790
1790345710.364950 W 1308 lat 296 3074 8611 0 exe 28592 279722 553129 resp 557185 849 pmu 1012787 602604 8246883 15178898 717439364
1790345711.312777 W 1309 lat 314 4166 10870 0 exe 55018 392796 600203 resp 605222 976 pmu 1010609 703787 8234765 12915661 994757765
1790345712.272976 W 1310 lat 296 2462 7814 0 exe 56444 255999 565222 resp 570407 759 pmu 1013556 686633 8247901 14104902 675644817
1790345713.329167 W 1311 lat 1129 4999 10555 0 exe 168814 479333 622444 resp 627981 1000 pmu 1010430 855485 8236792 13055882 1208195248
1790345714.289247 W 1312 lat 1722 4814 10407 0 exe 191740 439370 608907 resp 614611 1000 pmu 1008391 770941 8226409 15338891 1108859154
1790345715.328864 W 1313 lat 296 4037 10814 0 exe 37888 399092 602388 resp 607574 865 pmu 1011478 771189 8234209 15120009 1018665229
1790345716.268919 W 1314 lat 296 4074 10259 0 exe 71962 400351 598629 resp 603888 963 pmu 1010665 728280 8228436 14072916 1015369623
1790345717.308962 W 1315 lat 296 2722 7796 0 exe 54296 293944 546981 resp 552388 899 pmu 1013159 726242 8246545 14209587 764946504
1790345718.348829 W 1316 lat 666 4462 12444 0 exe 151203 447166 623740 resp 628814 1000 pmu 1010554 831214 8229013 13054870 1131625854
1790345719.288939 W 1317 lat 333 4518 12648 0 exe 102666 403666 662407 resp 672296 1000 pmu 1010329 747551 8236697 15104972 1022899224
1790345720.324853 W 1318 lat 296 4259 11277 0 exe 59611 405574 631351 resp 635499 919 pmu 1009626 773397 8211805 15055144 1031055591
1790345721.365069 W 1319 lat 296 3814 8999 0 exe 61888 375666 571166 resp 574833 954 pmu 1011358 709217 8237049 14501910 954437834
1790345722.305092 W 1320 lat 314 3055 7999 0 exe 70685 306962 597796 resp 600611 964 pmu 1012658 699261 8239476 13745909 792387306
1790345723.360969 W 1321 lat 314 3999 11907 0 exe 58314 388666 602925 resp 606925 988 pmu 1011228 780651 8238574 13699846 994255215
1790345724.313164 W 1322 lat 314 4629 11814 0 exe 51685 418111 640888 resp 649129 975 pmu 1010009 761753 8230397 14127858 1060300110
1790345725.272749 W 1323 lat 314 4296 10999 0 exe 63185 424962 635925 resp 641925 958 pmu 1010952 805891 8229305 14645156 1080631037
1790345726.325083 W 1324 lat 296 3425 8092 0 exe 54314 343666 596074 resp 603314 867 pmu 1012982 702489 8247010 14670267 874994093
1790345727.277029 W 1325 lat 296 3444 9722 0 exe 58666 362944 583907 resp 591518 972 pmu 1011509 774795 8234972 13808408 932550618
1790345728.337025 W 1326 lat 314 3814 9148 0 exe 73592 371185 572259 resp 577981 986 pmu 1010941 747470 8233133 13815158 950651518
1790345729.289124 W 1327 lat 314 4629 11277 0 exe 83370 431166 625759 resp 630074 996 pmu 1010955 781026 8232241 13804121 1091819807
1790345730.348735 W 1328 lat 314 4611 10870 0 exe 60981 419703 632999 resp 636333 983 pmu 1009382 753469 8224784 14695495 1062662226
1790345731.296875 W 1329 lat 296 3425 17555 0 exe 47944 328185 589166 resp 594870 860 pmu 1013086 679075 8241720 14591365 851707550
1790345732.364969 W 1330 lat 314 3592 9425 0 exe 84407 359685 566592 resp 570796 981 pmu 1011210 734264 8229558 13669857 920798307
1790345733.320979 W 1331 lat 314 3277 9018 0 exe 63407 318499 548629 resp 552444 941 pmu 1011561 694493 8241291 13736602 819520864
1790345734.285098 W 1332 lat 499 5055 12388 0 exe 113407 455907 607962 resp 617018 1000 pmu 1009458 789762 8219343 13240490 1146914922
1790345735.332688 W 1333 lat 296 4425 10518 0 exe 57666 414611 644259 resp 653277 975 pmu 1010184 763896 8230566 14823746 1050933203
1790345736.285158 W 1334 lat 296 3444 10648 0 exe 54814 337814 608333 resp 613777 901 pmu 1012564 696727 8249670 14687726 863542171
1790345737.336792 W 1335 lat 296 3833 9962 0 exe 63777 365462 577907 resp 584222 968 pmu 1011604 724009 8238129 13908290 941682388
1790345738.296969 W 1336 lat 314 2981 8592 0 exe 57425 281611 571759 resp 574629 825 pmu 1012999 671180 8245039 13789452 732524171
1790345739.364954 W 1337 lat 444 4814 11166 0 exe 69388 449703 624925 resp 633074 996 pmu 1009479 789471 8232636 13249227 1132935208
1790345740.305018 W 1338 lat 314 3722 11277 0 exe 78018 359999 635148 resp 640870 988 pmu 1013593 729924 8250493 14730291 921080531
1790345741.353172 W 1339 lat 314 3703 8629 0 exe 60870 353629 570314 resp 575518 962 pmu 1011480 702984 8235278 14409230 919379428
1790345742.300887 W 1340 lat 333 4296 9037 0 exe 110129 423037 578907 resp 584203 1000 pmu 1010110 784459 8221189 13627464 1073656062
1790345743.364909 W 1341 lat 296 2592 7648 0 exe 48666 245462 563537 resp 566222 860 pmu 1013503 624952 8241206 14311818 655052690
1790345744.321079 W 1342 lat 314 4796 12555 0 exe 50462 451092 624203 resp 630166 938 pmu 1010636 815643 8235295 12934515 1141439284
1790345745.361066 W 1343 lat 537 4037 10999 0 exe 120148 383462 630407 resp 635388 1000 pmu 1011350 721012 8235262 14630521 974785397
1790345746.312853 W 1344 lat 296 3574 9592 0 exe 61407 337351 579611 resp 584722 977 pmu 1012107 681384 8236936 14687408 861544161
1790345747.360765 W 1345 lat 314 4314 10537 0 exe 92796 417074 587481 resp 592981 996 pmu 1010563 759501 8232235 13645450 1055437796
1790345748.320759 W 1346 lat 296 3092 9074 0 exe 41129 301814 554962 resp 559240 889 pmu 1012751 682450 8240717 14289913 782495772
1790345749.281080 W 1347 lat 314 4685 11074 0 exe 56277 439555 601037 resp 606833 928 pmu 1009453 786863 8226135 13110420 1109088037
1790345750.336888 W 1348 lat 351 3962 14314 0 exe 78407 371592 627888 resp 632703 993 pmu 1011937 716084 8238394 14361446 946886801
1790345751.281090 W 1349 lat 296 3407 8870 0 exe 61685 330462 588740 resp 593981 940 pmu 1011207 694995 8226763 14408635 856294031
1790345752.325093 W 1350 lat 314 4370 9814 0 exe 84148 432462 585981 resp 590981 998 pmu 1010535 790119 8229650 13699804 1093295903
1790345753.280767 W 1351 lat 314 3296 9074 0 exe 58796 304296 562203 resp 566203 928 pmu 1012282 654544 8243577 14302650 786162278
1790345754.349081 W 1352 lat 296 4277 11296 0 exe 47277 407685 631722 resp 636388 915 pmu 1011456 754714 8244581 13283294 1028020775
1790345755.305036 W 1353 lat 296 4018 11037 0 exe 70111 370074 605388 resp 616148 984 pmu 1011412 702595 8236260 14457385 944555739
1790345756.356881 W 1354 lat 296 3518 9907 0 exe 49277 334796 583092 resp 587777 909 pmu 1012028 683326 8237396 14147669 855914393
1790345757.300769 W 1355 lat 314 3999 12555 0 exe 67796 378370 591851 resp 596592 968 pmu 1011181 709796 8235911 13606081 961916770
1790345758.352858 W 1356 lat 314 3888 9481 0 exe 86499 384518 619907 resp 623740 995 pmu 1011387 770500 8236665 14020187 987549849
1790345759.313218 W 1357 lat 314 3703 10388 0 exe 67944 342111 606499 resp 613907 933 pmu 1011719 688285 8245387 14404258 880003153
1790345760.353053 W 1358 lat 314 3481 11018 0 exe 46555 351333 600518 resp 607629 957 pmu 1012365 748802 8238294 13986754 917490147
1790345761.296849 W 1359 lat 296 4222 10740 0 exe 43962 376148 588499 resp 594944 910 pmu 1009877 691111 8228253 13866609 949103129
1790345762.336643 W 1360 lat 296 388 4277 0 exe 17185 41018 324481 resp 328185 82 pmu 1022343 177834 8254960 13853940 114757089
1790345763.272609 W 1361 lat 296 296 333 0 exe 17074 19296 45277 resp 45574 0 pmu 1023512 36681 8252784 9338542 50149238
1790345764.336651 W 1362 lat 296 666 8203 0 exe 17740 71296 654055 resp 658666 122 pmu 1022131 216273 8249688 6400319 181457903
1790345765.272624 W 1363 lat 296 296 425 0 exe 18592 21925 56592 resp 56888 0 pmu 1023450 67820 8248868 12814059 59363609
1790345766.312648 W 1364 lat 296 296 425 0 exe 18759 24407 127351 resp 127777 9 pmu 1023328 95713 8247927 6534289 62914638
1790345767.352623 W 1365 lat 296 296 407 0 exe 18462 21703 55407 resp 55722 0 pmu 1023509 65309 8247856 7255960 55370645
1790345768.288654 W 1366 lat 296 296 537 0 exe 18944 25629 122962 resp 123277 13 pmu 1023361 109078 8251422 6520723 66051451
1790345769.336632 W 1367 lat 296 296 499 0 exe 22722 27462 54518 resp 54851 0 pmu 1023432 128835 8251419 7218995 69950074
1790345770.272655 W 1368 lat 296 296 499 0 exe 18851 25444 113018 resp 113351 14 pmu 1023329 107241 8246949 6562488 65520622
1790345771.312625 W 1369 lat 296 296 444 0 exe 18962 22703 55055 resp 55370 0 pmu 1023410 75923 8252491 7117983 57797474
1790345772.352654 W 1370 lat 296 296 555 0 exe 18759 24666 112259 resp 112592 15 pmu 1023290 98564 8250611 6524910 63539184
1790345773.288627 W 1371 lat 296 296 425 0 exe 18574 21981 56870 resp 57203 0 pmu 1023434 68393 8247546 7106370 56057941
1790345774.328654 W 1372 lat 296 296 555 0 exe 19370 25907 121055 resp 121555 16 pmu 1023288 111760 8248739 6537478 66713803
1790345775.264625 W 1373 lat 296 296 425 0 exe 18870 22388 56425 resp 56722 0 pmu 1023454 73224 8250972 7204541 57268130
1790345776.304651 W 1374 lat 296 296 537 0 exe 18648 24666 113444 resp 113833 12 pmu 1023343 98650 8252314 6536265 63591895
1790345777.348620 W 1375 lat 296 296 425 0 exe 18962 22314 55407 resp 55722 0 pmu 1023387 72370 8249151 7117928 56982352
1790345778.280652 W 1376 lat 296 314 4518 0 exe 18703 24944 116055 resp 116462 12 pmu 1023281 101681 8248469 6526350 64281435
1790345779.320624 W 1377 lat 296 296 481 0 exe 18925 21888 57796 resp 58166 0 pmu 1023490 67649 8248510 7165679 55834402
1790345780.360651 W 1378 lat 296 296 537 0 exe 18685 24685 117314 resp 117648 12 pmu 1023231 98799 8244588 6548542 63633690
1790345781.296627 W 1379 lat 296 296 555 0 exe 18537 21944 55462 resp 55777 0 pmu 1023550 68069 8243863 7156681 55982821
1790345782.336651 W 1380 lat 296 296 499 0 exe 18759 25166 123148 resp 123629 12 pmu 1023408 104028 8244524 6523670 64919980
1790345783.272626 W 1381 lat 296 296 425 0 exe 18648 21777 55537 resp 55870 0 pmu 1023474 66217 8246693 7218174 55629391
1790345784.312653 W 1382 lat 296 296 722 0 exe 18740 24444 112611 resp 113296 12 pmu 1023423 96231 8252687 6523568 62910591
1790345785.352629 W 1383 lat 296 296 425 0 exe 19129 23444 56574 resp 56870 0 pmu 1023459 84101 8249980 7111215 59788430
1790345786.288651 W 1384 lat 296 296 499 0 exe 18796 25222 113833 resp 114296 14 pmu 1023363 104867 8252744 6544308 65038286
1790345787.328626 W 1385 lat 296 296 574 0 exe 19814 23111 59185 resp 59574 0 pmu 1023572 80574 8244675 7125495 58808371
1790345788.264649 W 1386 lat 296 296 499 0 exe 18481 24944 114259 resp 114722 9 pmu 1023367 101539 8247902 6573483 64154199
1790345789.304625 W 1387 lat 296 296 407 0 exe 18666 21870 57203 resp 57518 0 pmu 1023411 67334 8248204 7126766 55826970
1790345790.344650 W 1388 lat 296 296 518 0 exe 19277 25962 115999 resp 116296 17 pmu 1023347 113460 8252977 6540539 67092606
1790345791.280626 W 1389 lat 296 296 425 0 exe 18833 21944 54092 resp 54388 0 pmu 1023566 68202 8243730 7152650 56024658
1790345792.320658 W 1390 lat 296 296 518 0 exe 17907 24185 117240 resp 117685 11 pmu 1023404 93134 8241942 6510494 62245919
1790345793.360628 W 1391 lat 296 296 425 0 exe 18314 21944 55537 resp 55851 0 pmu 1023590 68231 8247472 7149780 56057779
1790345794.296651 W 1392 lat 296 296 685 0 exe 19055 26277 114685 resp 114999 13 pmu 1023332 116865 8251512 6522574 67762697
1790345795.336629 W 1393 lat 296 296 425 0 exe 18944 21999 49722 resp 50148 0 pmu 1023391 68545 8249245 7140915 56170177
1790345796.272656 W 1394 lat 296 296 814 0 exe 18611 24296 124499 resp 124962 13 pmu 1023349 94142 8249763 6468344 62456221
1790345797.312637 W 1395 lat 296 296 518 0 exe 18740 23074 66370 resp 66666 0 pmu 1023427 80694 8248051 7228133 59088196
1790345798.352653 W 1396 lat 296 296 592 0 exe 18481 25018 123314 resp 123907 11 pmu 1023295 102228 8248562 6639016 64543748
1790345799.288631 W 1397 lat 296 296 425 0 exe 18444 21888 53537 resp 53851 0 pmu 1023526 67578 8244260 7218735 55927997
1790345800.328647 W 1398 lat 296 296 537 0 exe 18703 24370 116648 resp 116962 9 pmu 1023313 95252 8248338 6503004 62744595
1790345801.264622 W 1399 lat 296 296 462 0 exe 18648 22111 53222 resp 53537 0 pmu 1023473 70020 8251296 7148291 56506183
1790345802.304648 W 1400 lat 296 296 666 0 exe 18666 24240 121444 resp 121777 9 pmu 1023337 94278 8249814 6501954 62417155
1790345803.344622 W 1401 lat 296 296 407 0 exe 18537 21944 52074 resp 52407 0 pmu 1023482 68106 8250973 7196147 56044412
1790345804.280647 W 1402 lat 296 296 592 0 exe 18703 23518 122740 resp 123074 9 pmu 1023377 85837 8250965 6488887 60442431
1790345805.320629 W 1403 lat 296 296 462 0 exe 18777 22703 54296 resp 54611 0 pmu 1023418 76647 8249642 7205302 58106802
1790345806.360646 W 1404 lat 296 296 537 0 exe 19314 25370 123351 resp 123685 12 pmu 1023366 106086 8246569 6516346 65358777
1790345807.296624 W 1405 lat 296 296 425 0 exe 18740 22555 55074 resp 55388 0 pmu 1023456 75044 8249152 7223641 57656512
1790345808.336648 W 1406 lat 296 296 629 0 exe 18907 22907 116740 resp 117166 9 pmu 1023389 78445 8249978 6523045 58770892
1790345809.272626 W 1407 lat 296 296 462 0 exe 18388 22833 65518 resp 65833 0 pmu 1023435 77921 8248561 7144018 58356142
1790345810.312650 W 1408 lat 296 296 518 0 exe 18462 23296 120481 resp 120814 12 pmu 1023327 83147 8246474 6627286 60069400
1790345811.352628 W 1409 lat 296 296 537 0 exe 18703 23833 99814 resp 100129 1 pmu 1023353 89430 8250368 7179957 60998469
1790345812.292661 W 1410 lat 296 296 518 0 exe 18870 21592 90870 resp 91277 0 pmu 1023472 64350 8251863 6977248 55091098
1790345813.332630 W 1411 lat 296 296 555 0 exe 18555 24518 118870 resp 119370 10 pmu 1023352 97155 8246486 6877744 63289524
1790345814.268624 W 1412 lat 296 296 407 0 exe 18407 21777 52277 resp 52574 0 pmu 1023435 66062 8247859 7171606 55579114
1790345815.308646 W 1413 lat 296 296 592 0 exe 18537 24703 120796 resp 121222 11 pmu 1023347 98848 8248833 6489436 63675994
1790345816.348650 W 1414 lat 296 296 481 0 exe 18796 21833 51351 resp 51666 0 pmu 1023441 66679 8247457 7191529 55720850
1790345817.284627 W 1415 lat 296 296 1092 0 exe 18925 25962 111666 resp 111981 15 pmu 1023333 113527 8246091 6482825 67096283
1790345818.324650 W 1416 lat 296 296 462 0 exe 19037 22555 66407 resp 66703 0 pmu 1023491 75172 8242079 7110363 57633711
1790345819.364626 W 1417 lat 296 296 462 0 exe 18796 24333 117166 resp 117555 13 pmu 1023339 94873 8247912 6638003 62759400
1790345820.300623 W 1418 lat 296 296 481 0 exe 18537 21351 48537 resp 48851 0 pmu 1023478 61588 8247030 7153854 54448982
1790345821.340647 W 1419 lat 296 296 425 0 exe 18777 24703 119555 resp 119962 15 pmu 1023323 99354 8249990 6450898 63734154
1790345822.276652 W 1420 lat 296 296 592 0 exe 18981 26740 132592 resp 133055 9 pmu 1023289 121995 8250057 7179470 69479826
1790345823.316646 W 1421 lat 296 296 1370 0 exe 17685 30518 128092 resp 128518 29 pmu 1023166 165681 8251584 7322142 79479164
1790345824.356646 W 1422 lat 296 296 333 0 exe 16888 19203 48185 resp 48481 0 pmu 1023496 35903 8256195 7293194 48706949
1790345825.300760 W 1423 lat 296 574 6240 0 exe 17259 38462 432481 resp 437611 108 pmu 1021358 152020 8254643 6427890 104427807
1790345826.352728 W 1424 lat 314 2259 8055 0 exe 35759 103759 308240 resp 314203 443 pmu 1007348 353033 8235113 10425245 309109675
1790345827.292879 W 1425 lat 333 2203 8518 0 exe 38962 105722 514037 resp 518333 453 pmu 1008131 366837 8241340 9623702 314084981
1790345828.332774 W 1426 lat 333 2333 8574 0 exe 38425 104944 333592 resp 338222 500 pmu 1007779 348292 8238823 11701422 312321184
1790345829.272791 W 1427 lat 333 2351 7703 0 exe 39129 108074 376555 resp 379648 521 pmu 1008253 371714 8243366 9893122 319907084
1790345830.324776 W 1428 lat 333 2203 7388 0 exe 36962 96703 261462 resp 266092 422 pmu 1007474 339943 8236137 10329812 292350184
1790345831.268755 W 1429 lat 333 2259 7666 0 exe 37203 108925 442407 resp 446648 521 pmu 1007746 371988 8239312 9116764 321247420
1790345832.312768 W 1430 lat 351 2259 7648 0 exe 38611 100574 291870 resp 296796 459 pmu 1007472 345285 8236491 10988140 301570247
1790345833.356799 W 1431 lat 333 2314 8722 0 exe 39111 106240 501944 resp 504833 497 pmu 1008100 370411 8245729 9451568 315456415
1790345834.300809 W 1432 lat 333 2185 8666 0 exe 37518 99111 228555 resp 233277 447 pmu 1007644 342709 8242423 11578147 298592722
1790345835.360795 W 1433 lat 314 2222 7351 0 exe 39611 103518 339518 resp 342518 469 pmu 1008194 365598 8244952 8809232 308487957
1790345836.296744 W 1434 lat 351 2185 7833 0 exe 41111 99722 261907 resp 263222 452 pmu 1007600 344718 8236078 9936114 299099364
1790345837.344781 W 1435 lat 314 2092 7018 0 exe 40037 106925 388759 resp 389962 491 pmu 1008159 370595 8241582 9142574 316551646
1790345838.280713 W 1436 lat 314 2111 7907 0 exe 37555 96851 256685 resp 259944 418 pmu 1007892 339624 8237893 10436300 291776635
1790345839.336731 W 1437 lat 314 2129 9222 0 exe 39185 103166 346407 resp 350740 424 pmu 1008246 367225 8242231 9067746 307834179
1790345840.280732 W 1438 lat 333 2203 7981 0 exe 39148 99740 255388 resp 258481 428 pmu 1007636 343533 8242021 10016585 299010890
1790345841.324746 W 1439 lat 314 2296 7870 0 exe 40888 103851 354037 resp 354981 469 pmu 1007943 367700 8242711 9077152 309494478
1790345842.264772 W 1440 lat 333 2351 10777 0 exe 38333 103481 266166 resp 267814 489 pmu 1007435 349401 8236480 10082199 307993632
1790345843.308751 W 1441 lat 370 2296 8611 0 exe 42796 106055 429222 resp 432462 481 pmu 1008061 369305 8244853 9207251 314660406
1790345844.348762 W 1442 lat 314 2185 7870 0 exe 40240 99370 235018 resp 239444 444 pmu 1007736 343305 8232009 10869740 298705469
1790345845.288847 W 1443 lat 314 2203 9185 0 exe 41129 103833 534907 resp 538388 467 pmu 1008004 366057 8238882 8883019 309146697
1790345846.328736 W 1444 lat 333 2129 8240 0 exe 40129 100388 232444 resp 235481 458 pmu 1007460 346595 8235325 11910604 302044950
1790345847.264786 W 1445 lat 351 2203 7518 0 exe 41370 103740 329388 resp 333592 461 pmu 1008331 368154 8242268 8856377 309108724
1790345848.304789 W 1446 lat 333 2166 7666 0 exe 40111 97537 231611 resp 236481 439 pmu 1007459 338923 8233792 9851569 293832778
1790345849.344792 W 1447 lat 351 2370 7925 0 exe 42148 108333 396499 resp 400703 526 pmu 1008157 373176 8238148 8840744 319852822
1790345850.280785 W 1448 lat 333 2296 8092 0 exe 40092 101203 240296 resp 245425 458 pmu 1007940 347523 8240272 10552518 302977619
1790345851.320791 W 1449 lat 333 2259 7962 0 exe 39277 108148 366203 resp 368740 495 pmu 1008238 376892 8242839 8949549 319603376
1790345852.360737 W 1450 lat 333 2203 7833 0 exe 40277 100814 255796 resp 258611 445 pmu 1007444 344702 8230269 10225608 301710350
1790345853.300754 W 1451 lat 370 2240 9592 0 exe 41203 105870 440851 resp 444592 468 pmu 1008083 374864 8242186 9090095 314202971
1790345854.336824 W 1452 lat 314 2166 8833 0 exe 40537 100611 291351 resp 294703 446 pmu 1007617 345134 8228857 10984220 301636728
1790345855.272648 W 1453 lat 296 1907 8203 0 exe 19277 94425 376685 resp 379259 384 pmu 1010257 356266 8244584 9453193 280886909
1790345856.312612 W 1454 lat 296 296 333 0 exe 16981 19277 48333 resp 48629 0 pmu 1023516 36271 8252347 10159868 50546784
1790345857.360656 W 1455 lat 296 296 703 0 exe 16574 26925 218833 resp 219537 37 pmu 1023081 118044 8250925 6430090 70040627
1790345858.300634 W 1456 lat 296 296 425 0 exe 17796 22240 41611 resp 41925 0 pmu 1023458 69804 8254859 8175046 56977449
1790345859.340645 W 1457 lat 296 296 1055 0 exe 17944 24314 125240 resp 126074 9 pmu 1023263 93706 8251748 6382160 62024971
1790345860.280623 W 1458 lat 296 296 425 0 exe 17666 20999 45703 resp 46018 0 pmu 1023542 55304 8249446 7235308 53243120
1790345861.332645 W 1459 lat 296 296 518 0 exe 17925 24407 122333 resp 122666 6 pmu 1023296 95114 8252692 6416112 62304059
1790345862.268623 W 1460 lat 296 296 425 0 exe 17981 21685 46277 resp 46574 0 pmu 1023517 63273 8254237 7201385 54957105
1790345863.308644 W 1461 lat 296 296 444 0 exe 17981 24462 132870 resp 133296 6 pmu 1023300 95007 8254277 6426916 62402104
1790345864.348622 W 1462 lat 296 296 666 0 exe 17833 21185 43777 resp 44092 0 pmu 1023527 57514 8252381 7307348 53755580
1790345865.288644 W 1463 lat 296 296 462 0 exe 18111 24166 114759 resp 115129 7 pmu 1023290 92007 8251965 6399987 61600830
1790345866.328622 W 1464 lat 296 296 388 0 exe 18314 21462 46796 resp 47111 0 pmu 1023469 60655 8249975 7125262 54325858
1790345867.272646 W 1465 lat 296 296 685 0 exe 18129 24370 135499 resp 135925 8 pmu 1023323 94081 8254776 6432531 62049019
1790345868.312625 W 1466 lat 296 296 425 0 exe 17388 21277 45592 resp 45907 0 pmu 1023493 58463 8254256 7335217 53971699
1790345869.360645 W 1467 lat 296 296 777 0 exe 18259 24722 141518 resp 141833 7 pmu 1023263 98178 8249160 6415258 63118582
1790345870.296622 W 1468 lat 296 296 388 0 exe 18203 21518 45777 resp 46092 0 pmu 1023424 61444 8250298 7397776 54684707
1790345871.340645 W 1469 lat 296 296 611 0 exe 17944 25092 109425 resp 109907 6 pmu 1023322 103121 8255146 6422093 64033223
1790345872.280623 W 1470 lat 296 296 333 0 exe 17796 21240 45333 resp 45648 0 pmu 1023440 58270 8252559 7076965 53763449
1790345873.320649 W 1471 lat 296 296 1703 0 exe 17425 24185 121907 resp 123611 12 pmu 1023294 92431 8253199 6413967 61689883
1790345874.264624 W 1472 lat 296 296 518 0 exe 17944 21759 60648 resp 60981 0 pmu 1023500 64222 8252452 7206393 55207620
1790345875.308645 W 1473 lat 296 296 481 0 exe 18203 23370 112537 resp 112870 4 pmu 1023374 82872 8254291 6571278 59210629
1790345876.348625 W 1474 lat 296 296 425 0 exe 17796 21074 43425 resp 43740 0 pmu 1023476 56311 8252249 7099441 53338407
1790345877.284624 W 1475 lat 296 296 425 0 exe 17888 22481 54518 resp 54833 0 pmu 1023457 72752 8254398 6394423 56560108
1790345878.328620 W 1476 lat 296 296 740 0 exe 17851 20962 44388 resp 44703 0 pmu 1023450 54881 8251678 6512859 52706778
1790345879.268622 W 1477 lat 296 296 388 0 exe 17592 20796 39999 resp 40333 0 pmu 1023463 53082 8252557 6405358 52188397
1790345880.312622 W 1478 lat 296 296 425 0 exe 17555 21037 56685 resp 56999 0 pmu 1023498 56040 8255209 6357745 52829732
1790345881.352621 W 1479 lat 296 296 425 0 exe 17759 20685 43944 resp 44240 0 pmu 1023528 51781 8254305 6525732 52008609
1790345882.288625 W 1480 lat 296 296 425 0 exe 18333 22333 46462 resp 46777 0 pmu 1023496 71079 8258273 6397330 56141858
1790345883.328621 W 1481 lat 296 296 425 0 exe 17796 20740 44629 resp 44944 0 pmu 1023499 52578 8249655 6433821 52120545
1790345884.264620 W 1482 lat 296 296 425 0 exe 18351 21574 44055 resp 44370 0 pmu 1023525 61699 8250337 6404769 54126847
1790345885.304620 W 1483 lat 296 296 444 0 exe 18388 21703 40018 resp 40333 0 pmu 1023495 63112 8249495 6405966 54437668
1790345886.348623 W 1484 lat 296 296 425 0 exe 18629 22555 40592 resp 40888 0 pmu 1023450 73534 8255545 6366458 56631885
1790345887.285107 W 1485 lat 296 296 425 0 exe 18555 23888 73777 resp 74092 0 pmu 1023474 89440 8256626 6377576 60026665
1790345888.324637 W 1486 lat 296 296 537 0 exe 16851 22740 150499 resp 150814 7 pmu 1023422 76212 8252832 6715997 57706882
1790345889.364782 W 1487 lat 296 296 333 0 exe 16666 19092 47925 resp 48240 0 pmu 1023528 34769 8248854 7469444 48532769
1790345890.304644 W 1488 lat 296 296 1222 0 exe 17537 27185 213759 resp 214074 28 pmu 1023181 123391 8245811 6423579 70611060
1790345891.344642 W 1489 lat 296 296 333 0 exe 17092 19388 44740 resp 45055 0 pmu 1023484 37777 8244167 8131108 49673678
1790345892.280619 W 1490 lat 296 296 574 0 exe 17166 22537 113870 resp 114277 5 pmu 1023436 74225 8247636 6395212 57131168
1790345893.320643 W 1491 lat 296 296 351 0 exe 17037 19537 36907 resp 37222 0 pmu 1023466 39174 8241332 7104385 49394297
1790345894.360635 W 1492 lat 296 296 499 0 exe 17444 22240 113185 resp 113574 8 pmu 1023471 70669 8248055 6317449 56314479
1790345895.296619 W 1493 lat 296 296 333 0 exe 17222 20111 44259 resp 44574 0 pmu 1023524 45757 8243663 7096911 50791995
1790345896.336636 W 1494 lat 296 296 444 0 exe 17351 22277 116814 resp 117129 5 pmu 1023470 70855 8244708 6394644 56484135
1790345897.272632 W 1495 lat 296 296 333 0 exe 17037 19555 45740 resp 46055 0 pmu 1023458 39486 8244418 7132270 49445684
1790345898.332637 W 1496 lat 296 296 425 0 exe 17203 22703 114018 resp 114333 5 pmu 1023447 76085 8245818 6405730 57471584
1790345899.280611 W 1497 lat 296 296 351 0 exe 17388 19537 47037 resp 47351 0 pmu 1023536 39375 8241030 7105528 49406997
1790345900.332638 W 1498 lat 296 296 407 0 exe 16944 22518 123518 resp 123851 7 pmu 1023462 73176 8243452 6420531 56995236
1790345901.284618 W 1499 lat 296 296 333 0 exe 17203 19888 63240 resp 63555 0 pmu 1023492 43531 8240800 7198375 50370409
1790345902.344638 W 1500 lat 296 296 518 0 exe 17259 22537 110870 resp 111203 6 pmu 1023400 73920 8245251 6583136 57197979
1790345903.292613 W 1501 lat 296 296 333 0 exe 17277 19444 47333 resp 47648 0 pmu 1023523 38179 8246931 7074052 49108392
1790345904.352636 W 1502 lat 296 296 444 0 exe 17555 22555 110814 resp 111166 5 pmu 1023421 74325 8245066 6422316 57213253
1790345905.296620 W 1503 lat 296 296 333 0 exe 17222 19722 44962 resp 45277 0 pmu 1023515 41410 8247867 7074751 49829770
1790345906.356637 W 1504 lat 296 296 499 0 exe 17333 23111 112148 resp 112462 4 pmu 1023379 80890 8243342 6399744 58567045
1790345907.300612 W 1505 lat 296 296 333 0 exe 17499 19333 45055 resp 45370 0 pmu 1023494 37276 8243471 7089886 48923802
1790345908.348636 W 1506 lat 296 296 425 0 exe 17055 22277 113777 resp 114185 5 pmu 1023434 71239 8246098 6400114 56489723
1790345909.296615 W 1507 lat 296 296 333 0 exe 17166 19537 45166 resp 45481 0 pmu 1023506 39289 8243476 7100766 49365902
1790345910.348636 W 1508 lat 296 296 388 0 exe 17462 22759 110629 resp 111018 6 pmu 1023463 76540 8246106 6400608 57607186
1790345911.296611 W 1509 lat 296 296 407 0 exe 17037 19351 45351 resp 45666 0 pmu 1023503 37218 8240468 7073374 48898988
1790345912.344638 W 1510 lat 296 296 648 0 exe 17277 22611 109592 resp 109888 7 pmu 1023383 74722 8244321 6401211 57270161
1790345913.296618 W 1511 lat 296 296 333 0 exe 17018 20092 50333 resp 50629 0 pmu 1023521 46014 8244071 7062174 50792494
1790345914.336637 W 1512 lat 296 296 518 0 exe 17611 22962 123629 resp 123962 6 pmu 1023460 78597 8246498 6453956 58154484
1790345915.284611 W 1513 lat 296 296 333 0 exe 17074 19574 45981 resp 46277 0 pmu 1023481 39699 8241815 7205661 49497785
1790345916.340636 W 1514 lat 296 296 444 0 exe 17481 22407 126518 resp 126907 5 pmu 1023476 72252 8244593 6408432 56759960
1790345917.284618 W 1515 lat 296 296 333 0 exe 17222 19981 46759 resp 47074 0 pmu 1023516 44591 8243476 7230996 50598903
1790345918.336638 W 1516 lat 296 296 425 0 exe 17166 23555 112592 resp 112981 7 pmu 1023428 86070 8245490 6419031 59678559
1790345919.284609 W 1517 lat 296 296 333 0 exe 16962 19444 48981 resp 49277 0 pmu 1023491 38232 8242076 7095784 49158489
1790345920.328642 W 1518 lat 296 296 1055 0 exe 16888 23981 116740 resp 117074 8 pmu 1023422 91430 8254370 6437177 61099349
1790345921.264609 W 1519 lat 296 296 333 0 exe 16777 19074 46351 resp 46666 0 pmu 1023638 34399 8248723 7140876 48246893
1790345922.312849 W 1520 lat 296 2833 8037 0 exe 17611 215907 498666 resp 502018 853 pmu 1018265 520469 8273747 6410839 569583037
1790345923.364925 W 1521 lat 314 2833 9388 0 exe 43592 212666 334759 resp 339685 979 pmu 1019791 489177 8278682 11989343 561397471
1790345924.316890 W 1522 lat 296 3222 8777 0 exe 50314 237037 532240 resp 536907 986 pmu 1018148 533502 8276360 10478963 629191958
1790345925.272742 W 1523 lat 296 3222 9296 0 exe 52222 234611 337388 resp 341851 984 pmu 1018124 495486 8278303 12606535 620648788
1790345926.320860 W 1524 lat 314 3185 9055 0 exe 56648 234481 354296 resp 358629 991 pmu 1018334 504220 8278109 10656975 617935881
1790345927.276936 W 1525 lat 314 3222 8592 0 exe 55240 229925 416277 resp 421833 981 pmu 1017549 505372 8273246 10845584 613500178
1790345928.328912 W 1526 lat 296 2759 19277 0 exe 57629 215499 504333 resp 509537 980 pmu 1020289 504263 8284203 11439499 571044093
1790345929.272891 W 1527 lat 314 3407 9833 0 exe 58185 243851 468833 resp 473981 979 pmu 1017071 514605 8276653 12309258 645692600
1790345930.320793 W 1528 lat 592 3592 8685 0 exe 60148 258685 513166 resp 519166 997 pmu 1017416 537240 8280984 12054676 679742253
1790345931.276959 W 1529 lat 314 3629 9351 0 exe 54833 243259 431537 resp 435722 991 pmu 1016362 508804 8276069 12582866 649210776
1790345932.324985 W 1530 lat 314 3685 8537 0 exe 69259 265314 524111 resp 529351 997 pmu 1016630 517973 8281874 11655887 699986105
1790345933.272772 W 1531 lat 296 3555 8537 0 exe 60796 251092 462814 resp 469444 992 pmu 1016725 508969 8275284 12765560 663384186
1790345934.324835 W 1532 lat 351 2999 9481 0 exe 46259 225851 481814 resp 486444 971 pmu 1018802 523493 8278665 12045320 601662725
1790345935.276949 W 1533 lat 333 2981 8499 0 exe 59444 224796 381296 resp 385555 985 pmu 1019191 488932 8282478 12028505 591498150
1790345936.328795 W 1534 lat 351 3537 9074 0 exe 60703 252648 510796 resp 514592 990 pmu 1016271 549117 8272181 11077103 672594922
1790345937.272859 W 1535 lat 296 3388 8851 0 exe 55259 240370 419574 resp 422370 970 pmu 1017467 497642 8277727 12521026 632542041
1790345938.324887 W 1536 lat 314 3129 10925 0 exe 61777 231018 476148 resp 479925 983 pmu 1018679 512687 8283469 11513152 612606581
1790345939.277019 W 1537 lat 425 3481 8333 0 exe 55351 242611 461129 resp 464999 988 pmu 1016911 501418 8279242 12078824 643042993
1790345940.328926 W 1538 lat 333 3629 9222 0 exe 63129 269037 513740 resp 517999 989 pmu 1016366 539062 8276982 11944146 709668195
1790345941.272871 W 1539 lat 351 3333 7888 0 exe 46629 231999 421092 resp 425592 988 pmu 1017390 502365 8280446 12648158 616174034
1790345942.332710 W 1540 lat 370 3518 8037 0 exe 58685 262166 536999 resp 542037 992 pmu 1017163 540236 8282380 11446989 689482693
1790345943.276947 W 1541 lat 351 3703 9407 0 exe 61962 259611 453666 resp 457999 989 pmu 1016033 509803 8275145 12821686 685795851
1790345944.328926 W 1542 lat 333 3240 9722 0 exe 48685 234481 463259 resp 467425 983 pmu 1017905 535502 8287374 11996166 626020332
1790345945.276774 W 1543 lat 351 3129 9351 0 exe 71222 234092 417722 resp 422407 991 pmu 1018568 493450 8281416 11898310 616752782
1790345946.324900 W 1544 lat 314 2999 10166 0 exe 54407 221574 507833 resp 512351 974 pmu 1018916 516442 8277682 11553791 591382371
1790345947.264968 W 1545 lat 333 3222 8796 0 exe 55481 230481 348962 resp 354555 985 pmu 1018333 488068 8280220 12310850 607488926
1790345948.320942 W 1546 lat 314 3333 7907 0 exe 53166 248055 529129 resp 532685 970 pmu 1017615 536557 8285569 10771570 658942306
1790345949.264873 W 1547 lat 351 3296 8240 0 exe 63777 235722 417092 resp 422092 996 pmu 1017807 495457 8279001 12635700 622756472
1790345950.313667 W 1548 lat 314 2962 8407 0 exe 51648 223574 503629 resp 507203 982 pmu 1019681 508239 8289237 11515475 594931537
1790345951.368791 W 1549 lat 333 2851 7888 0 exe 60388 216740 347629 resp 352740 975 pmu 1019840 482526 8281830 12251210 568997015
1790345952.304642 W 1550 lat 296 740 8259 0 exe 16999 49759 318777 resp 321333 158 pmu 1022537 162969 8258470 10702891 144180356
1790345953.344613 W 1551 lat 296 296 333 0 exe 16740 18981 45259 resp 45574 0 pmu 1023479 33277 8255486 9340372 49381735
1790345954.296742 W 1552 lat 296 740 5259 0 exe 17055 99888 484777 resp 488166 617 pmu 1014062 650569 8271572 6398516 1227659094
1790345955.336727 W 1553 lat 314 759 4888 0 exe 69314 98611 133203 resp 133777 423 pmu 1010910 668624 8260797 11241836 1558482437
1790345956.272745 W 1554 lat 314 740 5018 0 exe 77703 99685 171203 resp 171666 460 pmu 1011366 677110 8264382 7965263 1561367640
1790345957.312739 W 1555 lat 314 814 5833 0 exe 70388 98037 153555 resp 154111 414 pmu 1010925 660296 8260629 8392454 1559213791
1790345958.352731 W 1556 lat 314 759 4444 0 exe 70314 99629 184555 resp 186185 437 pmu 1010919 678228 8253443 8176011 1556788584
1790345959.296750 W 1557 lat 296 759 4222 0 exe 73166 98166 139277 resp 140444 423 pmu 1010862 667803 8260662 8491819 1558006980
1790345960.336722 W 1558 lat 314 796 5037 0 exe 76777 99166 174240 resp 175166 425 pmu 1011189 670692 8260057 8042434 1554682357
1790345961.284739 W 1559 lat 314 777 5055 0 exe 73222 97888 136129 resp 136759 390 pmu 1011002 664475 8261229 8418269 1560138995
1790345962.328741 W 1560 lat 314 814 5425 0 exe 73944 98944 151444 resp 151981 440 pmu 1010850 667243 8257504 8011602 1559531532
1790345963.264784 W 1561 lat 314 796 5648 0 exe 74740 99037 158203 resp 163055 456 pmu 1010957 668785 8252710 8175027 1560664839
1790345964.304734 W 1562 lat 296 796 5055 0 exe 75537 100999 178722 resp 180259 496 pmu 1011226 690747 8264924 8270050 1558480289
1790345965.352745 W 1563 lat 314 796 4537 0 exe 74629 100055 142370 resp 143499 485 pmu 1010979 682956 8259525 8469345 1554109566
1790345966.288765 W 1564 lat 314 777 5425 0 exe 76907 99388 179796 resp 181203 444 pmu 1011218 677125 8256275 8091969 1556979493
1790345967.336736 W 1565 lat 314 777 4888 0 exe 69666 99833 146999 resp 147499 480 pmu 1011025 674900 8261440 8480206 1560634979
1790345968.272739 W 1566 lat 314 759 4629 0 exe 76185 100574 180222 resp 180722 479 pmu 1011225 682224 8260946 8110897 1551617505
1790345969.316740 W 1567 lat 314 759 4703 0 exe 72648 97314 141833 resp 142388 375 pmu 1010992 662298 8259015 8477613 1558173375
1790345970.264740 W 1568 lat 296 796 5444 0 exe 52240 97111 173111 resp 173740 382 pmu 1011483 659379 8262133 8060580 1551094902
1790345971.308741 W 1569 lat 314 759 4925 0 exe 71518 99777 151777 resp 152499 472 pmu 1010835 677132 8254272 8274502 1559982045
1790345972.352749 W 1570 lat 314 777 4703 0 exe 74222 98833 167685 resp 168555 432 pmu 1011148 670871 8260769 8168820 1555318078
1790345973.288741 W 1571 lat 296 796 4851 0 exe 74407 99259 150092 resp 151388 443 pmu 1010785 673134 8254787 8336329 1557185454
1790345974.340749 W 1572 lat 314 777 4166 0 exe 74999 100814 148425 resp 149685 499 pmu 1010991 682993 8263816 8166557 1555798775
1790345975.276737 W 1573 lat 314 796 4370 0 exe 75129 99166 156759 resp 157981 435 pmu 1010954 671314 8249806 8156941 1557709967
1790345976.328750 W 1574 lat 314 759 4259 0 exe 77277 99796 165685 resp 166185 481 pmu 1010901 678367 8261741 8233719 1559455572
1790345977.272750 W 1575 lat 314 759 5629 0 exe 74703 100148 158518 resp 159129 458 pmu 1010860 677685 8253673 8332509 1557436965
1790345978.324763 W 1576 lat 314 777 4925 0 exe 73388 99277 146259 resp 146685 452 pmu 1011129 675085 8257962 8257020 1559383960
1790345979.264751 W 1577 lat 314 759 6148 0 exe 73425 99129 168999 resp 169796 437 pmu 1010919 674397 8253601 8119110 1554060038
1790345980.308737 W 1578 lat 296 759 4222 0 exe 75203 98259 141592 resp 142185 419 pmu 1011093 667431 8261820 8353691 1552878408
1790345981.356738 W 1579 lat 314 759 4981 0 exe 75629 99333 178462 resp 178814 440 pmu 1011236 675901 8265756 8073362 1554370122
1790345982.292720 W 1580 lat 314 777 5388 0 exe 70648 98240 144703 resp 145444 404 pmu 1011038 669103 8258484 8452263 1556373578
1790345983.344734 W 1581 lat 314 796 4648 0 exe 75462 100796 179388 resp 179962 493 pmu 1011106 686392 8259699 8088506 1551360228
1790345984.280645 W 1582 lat 296 388 6685 0 exe 17037 39277 143351 resp 144055 103 pmu 1020881 206870 8252551 8466778 372127285
1790345985.320636 W 1583 lat 296 296 462 0 exe 16944 21888 108111 resp 108481 5 pmu 1023446 67038 8255242 7514919 56132248
1790345986.276650 W 1584 lat 296 314 1462 0 exe 17666 26185 175351 resp 176814 29 pmu 1023251 108748 8246976 7041604 67681783
1790345987.324642 W 1585 lat 296 296 462 0 exe 17962 23370 118166 resp 118629 4 pmu 1023419 81043 8240329 7749879 59926879
1790345988.280618 W 1586 lat 296 296 351 0 exe 17722 20333 48351 resp 48648 0 pmu 1023443 45608 8239960 7155212 51349416
1790345989.348642 W 1587 lat 296 296 462 0 exe 17814 23092 107222 resp 107629 4 pmu 1023440 78019 8243965 6439103 58405165
1790345990.300606 W 1588 lat 296 296 351 0 exe 17666 20537 49222 resp 49537 0 pmu 1023547 47887 8243376 7043200 51768022
1790345991.348643 W 1589 lat 296 296 444 0 exe 18111 23185 109685 resp 110129 3 pmu 1023452 78716 8242733 6448729 58593359
1790345992.288634 W 1590 lat 296 296 425 0 exe 17907 22777 63962 resp 64296 0 pmu 1023482 74311 8242896 7069958 57394207
1790345993.348641 W 1591 lat 296 296 444 0 exe 17703 23425 114092 resp 114425 5 pmu 1023451 81955 8242064 6609086 59336547
1790345994.300619 W 1592 lat 296 296 333 0 exe 17907 20499 47092 resp 47407 0 pmu 1023488 47615 8239484 7112560 51773999
1790345995.344641 W 1593 lat 296 296 462 0 exe 17870 23425 108037 resp 108351 4 pmu 1023423 81790 8240720 6428395 59225345
1790345996.284619 W 1594 lat 296 296 351 0 exe 18148 20499 48166 resp 48499 0 pmu 1023528 47694 8243500 7052821 51768801
1790345997.332627 W 1595 lat 296 296 425 0 exe 18259 25074 105222 resp 105537 4 pmu 1023461 101358 8244561 6440354 63359178
1790345998.280619 W 1596 lat 296 296 333 0 exe 17722 20499 48462 resp 48796 0 pmu 1023483 47838 8241016 7034731 51721664
1790345999.336641 W 1597 lat 296 296 388 0 exe 18388 23018 109203 resp 109518 3 pmu 1023448 77019 8240941 6441205 58225796
1790346000.284617 W 1598 lat 296 296 351 0 exe 17666 20518 50555 resp 50870 0 pmu 1023456 47719 8240024 7064653 51764430
1790346001.332640 W 1599 lat 296 296 425 0 exe 17833 23296 111666 resp 112018 2 pmu 1023465 80257 8242729 6461888 58944420
1790346002.284627 W 1600 lat 296 296 333 0 exe 17944 21518 49740 resp 50055 0 pmu 1023524 59217 8241752 7088341 54193756
1790346003.336639 W 1601 lat 296 296 462 0 exe 18092 23481 107666 resp 108018 4 pmu 1023448 82109 8243357 6459998 59282520
1790346004.288621 W 1602 lat 296 296 351 0 exe 17537 20222 49333 resp 49648 0 pmu 1023442 44606 8242840 7050659 51053511
1790346005.344642 W 1603 lat 296 296 499 0 exe 18018 24111 109722 resp 110222 5 pmu 1023433 89738 8244424 6447434 60933112
1790346006.300620 W 1604 lat 296 296 333 0 exe 17629 20592 48611 resp 48907 0 pmu 1023508 48511 8243884 7074869 51951619
1790346007.268639 W 1605 lat 296 296 444 0 exe 17833 23666 117018 resp 117333 8 pmu 1023401 84224 8240099 6442440 59814343
1790346008.324618 W 1606 lat 296 296 351 0 exe 17833 20481 45833 resp 46148 0 pmu 1023465 47499 8241180 7143510 51778730
1790346009.272642 W 1607 lat 296 296 444 0 exe 18314 24037 116907 resp 117240 4 pmu 1023487 88740 8241004 6415278 60630407
1790346010.340616 W 1608 lat 296 296 351 0 exe 17388 20314 42629 resp 42944 0 pmu 1023424 45474 8238028 7146734 51320679
1790346011.300642 W 1609 lat 296 296 499 0 exe 17814 23259 110518 resp 110851 6 pmu 1023480 79918 8243891 6380181 58745345
1790346012.364619 W 1610 lat 296 296 351 0 exe 17555 20407 47259 resp 47574 0 pmu 1023588 46625 8245752 7076808 51494569
1790346013.328640 W 1611 lat 296 296 444 0 exe 18055 23129 110092 resp 110499 7 pmu 1023430 78498 8242947 6427943 58489654
1790346014.268619 W 1612 lat 296 296 351 0 exe 17796 20740 66796 resp 67111 0 pmu 1023472 50283 8239604 7073212 52332414
1790346015.324642 W 1613 lat 296 296 499 0 exe 18259 23722 113388 resp 113888 8 pmu 1023434 85118 8241111 6626070 60003692
1790346016.264640 W 1614 lat 296 296 407 0 exe 16833 21962 110629 resp 110962 3 pmu 1023454 67183 8249775 7110839 55898420
1790346017.304641 W 1615 lat 296 296 537 0 exe 17092 21833 119722 resp 120185 6 pmu 1023441 66223 8250374 7066145 55693104
1790346018.348652 W 1616 lat 296 296 1129 0 exe 17685 25555 156277 resp 157407 27 pmu 1023234 104806 8250132 7159075 66243344
1790346019.296639 W 1617 lat 296 296 629 0 exe 17518 23148 112944 resp 113259 7 pmu 1023458 80426 8245807 7552646 59122861
1790346020.344619 W 1618 lat 296 296 333 0 exe 17425 20222 48592 resp 48907 0 pmu 1023461 46061 8241423 7099670 51052129
1790346021.288638 W 1619 lat 296 296 425 0 exe 17259 22499 112574 resp 112907 6 pmu 1023445 73137 8242168 6439400 56830924
1790346022.332614 W 1620 lat 296 296 333 0 exe 17407 19592 44277 resp 44592 0 pmu 1023478 39729 8243044 7090488 49481718
1790346023.288638 W 1621 lat 296 296 444 0 exe 17499 23259 113999 resp 114333 9 pmu 1023441 81404 8242735 6393151 58714193
1790346024.336617 W 1622 lat 296 296 333 0 exe 17407 20222 48537 resp 48833 0 pmu 1023476 45751 8239656 7109823 51015663
1790346025.284641 W 1623 lat 296 296 499 0 exe 17851 22851 125129 resp 125444 6 pmu 1023415 76145 8244456 6438790 57726135
1790346026.336616 W 1624 lat 296 296 333 0 exe 17277 19925 46370 resp 46666 0 pmu 1023498 42319 8243830 7221102 50384184
1790346027.288640 W 1625 lat 296 296 407 0 exe 17648 22722 118351 resp 118685 7 pmu 1023482 74712 8246811 6414944 57367451
1790346028.348617 W 1626 lat 296 296 333 0 exe 17388 19703 47592 resp 47907 0 pmu 1023486 39852 8242081 7151279 49828562
1790346029.296641 W 1627 lat 296 296 1111 0 exe 17185 22685 112759 resp 113074 7 pmu 1023492 75131 8246076 6426804 57310745
1790346030.336615 W 1628 lat 296 296 333 0 exe 17240 19666 47166 resp 47481 0 pmu 1023539 40878 8246574 7096295 49696052
1790346031.288640 W 1629 lat 296 296 555 0 exe 17555 23055 111129 resp 111685 7 pmu 1023435 79129 8244287 6421658 58264797
1790346032.344617 W 1630 lat 296 296 351 0 exe 17444 19870 49833 resp 50129 0 pmu 1023559 41883 8242650 7082167 50179117
1790346033.292641 W 1631 lat 296 296 462 0 exe 17296 23148 108166 resp 108481 10 pmu 1023409 80279 8244685 6450213 58590680
1790346034.360615 W 1632 lat 296 296 407 0 exe 17111 19833 45111 resp 45425 0 pmu 1023499 41321 8241404 7049849 50055263
1790346035.320642 W 1633 lat 296 296 444 0 exe 17333 22722 118555 resp 118870 6 pmu 1023449 75099 8243146 6401379 57376460
1790346036.276619 W 1634 lat 296 296 351 0 exe 17518 20685 64574 resp 64888 0 pmu 1023439 52093 8239904 7151878 52241499
1790346037.332640 W 1635 lat 296 296 333 0 exe 17185 22648 109351 resp 109685 5 pmu 1023448 75525 8245392 6602220 57390260
1790346038.284616 W 1636 lat 296 296 333 0 exe 17277 19870 47962 resp 48277 0 pmu 1023506 41676 8244020 7058164 50121927
1790346039.332640 W 1637 lat 296 296 481 0 exe 17462 22648 108981 resp 109296 5 pmu 1023439 73957 8240301 6430752 57234728
1790346040.296615 W 1638 lat 296 296 333 0 exe 17314 19796 45462 resp 45777 0 pmu 1023457 40983 8243772 7056540 49969727
1790346041.348643 W 1639 lat 296 296 425 0 exe 17629 22814 118111 resp 118444 6 pmu 1023481 76072 8246548 6405742 57676794
1790346042.288616 W 1640 lat 296 296 351 0 exe 17388 19888 47833 resp 48166 0 pmu 1023496 41913 8240344 7149344 50238307
1790346043.336638 W 1641 lat 296 296 333 0 exe 17388 22537 120333 resp 120629 9 pmu 1023450 72690 8242654 6430204 57005615
1790346044.276616 W 1642 lat 296 296 333 0 exe 17259 19703 50518 resp 50833 0 pmu 1023506 39814 8242151 7168189 49792562
1790346045.332639 W 1643 lat 296 296 555 0 exe 17351 22537 119703 resp 120055 7 pmu 1023460 73592 8242014 6455325 56995600
1790346046.280616 W 1644 lat 296 296 333 0 exe 17111 20148 49259 resp 49574 0 pmu 1023478 46306 8242208 7163184 50922245
1790346047.340637 W 1645 lat 296 296 499 0 exe 17203 23148 107388 resp 107722 6 pmu 1023432 80560 8244215 6444151 58611228
1790346048.288638 W 1646 lat 296 296 1296 0 exe 16925 22166 111129 resp 111444 6 pmu 1023419 69392 8249400 7041894 57163270
1790346049.328641 W 1647 lat 296 296 444 0 exe 16518 21722 115703 resp 116018 6 pmu 1023483 64878 8254874 7076974 55372726
1790346050.268710 W 1648 lat 296 592 4499 0 exe 17259 57185 371277 resp 373370 62 pmu 1013770 378165 8253650 7114521 177951818
1790346051.312709 W 1649 lat 407 685 1277 0 exe 57259 67962 136277 resp 136833 24 pmu 1009117 548134 8260254 9882045 224195289
1790346052.352702 W 1650 lat 333 666 1129 0 exe 62462 69203 79203 resp 79962 0 pmu 1008978 564563 8255967 7762978 226501459
1790346053.292708 W 1651 lat 370 685 1351 0 exe 56611 67203 135444 resp 136111 25 pmu 1008772 540301 8253950 7224319 220403038
1790346054.332705 W 1652 lat 370 685 1129 0 exe 57074 64481 74666 resp 75296 0 pmu 1008589 513698 8258911 7748085 212640269
1790346055.272710 W 1653 lat 351 666 1166 0 exe 62277 70018 137740 resp 138907 23 pmu 1009463 569691 8261477 7127932 228280012
1790346056.312703 W 1654 lat 351 666 1148 0 exe 63629 69703 88129 resp 88685 0 pmu 1008899 568057 8257227 7815054 227998555
1790346057.356711 W 1655 lat 351 666 1203 0 exe 63944 71648 136425 resp 136888 23 pmu 1009338 586781 8258391 7321046 232961533
1790346058.292716 W 1656 lat 351 666 1037 0 exe 65203 70222 82537 resp 83370 0 pmu 1008786 573566 8253689 7815067 229089289
1790346059.332716 W 1657 lat 351 666 1129 0 exe 64851 74444 132481 resp 133277 30 pmu 1009611 615990 8262493 7276402 240365276
1790346060.268714 W 1658 lat 351 666 1222 0 exe 69629 75629 88185 resp 88925 0 pmu 1010004 628544 8261640 7795413 243750032
1790346061.308716 W 1659 lat 370 666 1074 0 exe 65148 74555 138666 resp 139555 23 pmu 1009316 616728 8255362 7382345 240571046
1790346062.348723 W 1660 lat 333 666 1074 0 exe 64314 71777 82703 resp 83296 0 pmu 1009194 590021 8260134 7859697 233159430
1790346063.284715 W 1661 lat 333 666 1240 0 exe 55537 70999 136796 resp 137277 27 pmu 1009371 579715 8260267 7280199 230049113
1790346064.324713 W 1662 lat 351 648 1037 0 exe 55907 61703 74111 resp 74870 0 pmu 1008119 484578 8251614 7773789 204004754
1790346065.260714 W 1663 lat 351 666 1277 0 exe 55462 66944 137685 resp 138240 22 pmu 1008582 537300 8251009 7102460 218531460
1790346066.300722 W 1664 lat 351 666 1092 0 exe 63555 70518 89444 resp 90388 0 pmu 1008867 576385 8262770 7762419 229126225
1790346067.340713 W 1665 lat 351 685 1333 0 exe 64481 71722 134333 resp 135074 29 pmu 1009316 586351 8263360 7339518 232273081
1790346068.280715 W 1666 lat 333 685 1277 0 exe 64592 71388 85925 resp 86666 0 pmu 1008932 580059 8254045 7799309 231003124
1790346069.320716 W 1667 lat 462 703 1129 0 exe 70111 77462 133462 resp 133925 28 pmu 1010174 638678 8260547 7313723 248054464
1790346070.360721 W 1668 lat 499 703 1111 0 exe 69999 76074 89629 resp 90240 0 pmu 1009974 626534 8262704 7845687 244756793
1790346071.296715 W 1669 lat 499 722 1111 0 exe 64462 74185 132444 resp 133185 23 pmu 1009919 611240 8260181 7400785 239894150
1790346072.336711 W 1670 lat 462 703 1055 0 exe 55796 61333 80611 resp 81333 0 pmu 1008859 480629 8244762 7792290 203626672
1790346073.272716 W 1671 lat 425 703 1351 0 exe 54796 65685 133592 resp 134462 22 pmu 1009420 525369 8256551 7165801 215921729
1790346074.312702 W 1672 lat 462 703 1148 0 exe 62129 69537 81981 resp 82555 0 pmu 1008858 566985 8249269 7714491 227377302
1790346075.352703 W 1673 lat 499 703 1388 0 exe 63240 71092 134555 resp 135185 25 pmu 1009508 582144 8260350 7252014 231620834
1790346076.292710 W 1674 lat 425 703 1092 0 exe 64185 70111 85481 resp 86222 0 pmu 1008735 573076 8248892 7792545 228828416
1790346077.332707 W 1675 lat 518 703 1092 0 exe 63018 70444 131814 resp 132777 24 pmu 1009188 574947 8254551 7300411 229500515
1790346078.268704 W 1676 lat 462 703 1185 0 exe 61166 67314 78111 resp 78722 0 pmu 1009086 543273 8250018 7761098 220493449
1790346079.308703 W 1677 lat 407 703 1148 0 exe 61537 68944 139370 resp 139944 26 pmu 1009472 558443 8253060 7197627 224867212
1790346080.348648 W 1678 lat 296 444 1055 0 exe 17240 40111 145648 resp 146203 16 pmu 1018068 259279 8250480 7819842 123585661
1790346081.284638 W 1679 lat 296 296 537 0 exe 17240 21703 113203 resp 113518 7 pmu 1023484 64768 8252496 7514268 55606030
1790346082.328656 W 1680 lat 296 296 925 0 exe 17407 26074 213759 resp 214537 28 pmu 1023227 109574 8256244 7093292 67729453
1790346083.264642 W 1681 lat 296 296 611 0 exe 17333 23314 124407 resp 124796 6 pmu 1023432 82615 8253926 8125907 60374728
1790346084.304623 W 1682 lat 296 296 425 0 exe 17537 20481 45703 resp 46018 0 pmu 1023470 49757 8247809 7214484 51877771
1790346085.344644 W 1683 lat 296 296 907 0 exe 17666 23333 139629 resp 140037 7 pmu 1023403 82681 8253396 6413003 59349427
1790346086.280622 W 1684 lat 296 296 425 0 exe 17462 20759 45425 resp 45722 0 pmu 1023524 52929 8255123 7370088 52645874
1790346087.332650 W 1685 lat 296 296 629 0 exe 17444 23499 132370 resp 132703 5 pmu 1023380 85073 8253484 6411122 59894172
1790346088.284626 W 1686 lat 296 296 481 0 exe 17555 20981 62037 resp 62351 0 pmu 1023524 55682 8256427 7295382 53192058
1790346089.344646 W 1687 lat 296 296 537 0 exe 17685 23537 115111 resp 115648 9 pmu 1023336 85256 8247996 6579181 60022684
1790346090.300627 W 1688 lat 296 296 351 0 exe 17648 21018 50685 resp 50999 0 pmu 1023512 56139 8256230 7124904 53197035
1790346091.360645 W 1689 lat 296 296 425 0 exe 17333 23092 109425 resp 109796 7 pmu 1023377 80218 8249999 6465573 58819676
1790346092.316628 W 1690 lat 296 296 333 0 exe 17833 20833 47703 resp 48018 0 pmu 1023575 53692 8247563 7062708 52648184
1790346093.272645 W 1691 lat 296 296 666 0 exe 17425 23148 110333 resp 110722 6 pmu 1023433 80729 8249782 6435752 58994516
1790346094.336628 W 1692 lat 296 296 481 0 exe 17462 20981 46629 resp 46944 0 pmu 1023530 55611 8251864 7073690 53035745
1790346095.292647 W 1693 lat 296 296 851 0 exe 17481 22814 121777 resp 122629 8 pmu 1023456 77062 8254330 6424620 58025152
1790346096.352627 W 1694 lat 296 296 425 0 exe 17462 20722 45907 resp 46222 0 pmu 1023520 52684 8254156 7189898 52484137
1790346097.308646 W 1695 lat 296 296 555 0 exe 17277 23148 113722 resp 114092 8 pmu 1023353 80579 8251423 6415815 58907496
1790346098.356625 W 1696 lat 296 296 388 0 exe 17499 21074 48833 resp 49129 0 pmu 1023515 56690 8253456 7106210 53305170
1790346099.292645 W 1697 lat 296 296 759 0 exe 17277 22759 130499 resp 130888 6 pmu 1023411 76069 8251544 6446721 57884937
1790346100.336624 W 1698 lat 296 296 444 0 exe 17481 20462 44777 resp 45074 0 pmu 1023516 49708 8250944 7273284 51880339
1790346101.272644 W 1699 lat 296 296 481 0 exe 17240 22685 127703 resp 128018 8 pmu 1023363 75457 8250894 6403333 57754143
1790346102.312623 W 1700 lat 296 296 444 0 exe 17648 20796 45351 resp 45666 0 pmu 1023462 53307 8252920 7242840 52676961
1790346103.352640 W 1701 lat 296 296 648 0 exe 17370 22499 127074 resp 127722 6 pmu 1023415 73024 8253654 6411661 57200735
1790346104.288625 W 1702 lat 296 296 333 0 exe 17555 20499 41351 resp 41666 0 pmu 1023448 49876 8250052 7238751 51887462
1790346105.328644 W 1703 lat 296 296 962 0 exe 17370 23277 119018 resp 119444 9 pmu 1023451 81886 8254706 6369168 59162841
1790346106.264624 W 1704 lat 296 296 388 0 exe 17518 21148 45833 resp 46129 0 pmu 1023529 57332 8244766 7162560 53513586
1790346107.304643 W 1705 lat 296 296 1481 0 exe 17314 23148 124574 resp 125111 8 pmu 1023469 80890 8252679 6417246 58935099
1790346108.344621 W 1706 lat 296 296 444 0 exe 17555 20462 43703 resp 44018 0 pmu 1023487 49477 8249212 7220342 51810874
1790346109.280644 W 1707 lat 296 296 592 0 exe 17092 22740 116055 resp 116370 9 pmu 1023312 75821 8251747 6392962 57814299
1790346110.320626 W 1708 lat 296 296 425 0 exe 17518 21129 46388 resp 46703 0 pmu 1023477 57397 8251570 7126480 53464107
1790346111.360650 W 1709 lat 296 296 1092 0 exe 17277 22962 130777 resp 131870 8 pmu 1023406 78357 8255161 6422995 58461479
1790346112.296640 W 1710 lat 296 296 407 0 exe 17129 22703 109222 resp 109537 1 pmu 1023420 76036 8253907 7282249 57927906
1790346113.336638 W 1711 lat 296 296 407 0 exe 17092 21333 121462 resp 121777 5 pmu 1023452 60201 8251776 7057156 54437131
1790346114.292812 W 1712 lat 296 425 4222 0 exe 17185 30370 480444 resp 483888 37 pmu 1023030 113276 8249458 7172656 1295685302
1790346115.348850 W 1713 lat 314 481 629 0 exe 20129 25703 109629 resp 110129 1 pmu 1023124 88620 8247592 10843486 2394329668
1790346116.304784 W 1714 lat 296 481 537 0 exe 20240 22999 40370 resp 40870 0 pmu 1023394 57163 8250109 7094238 2395350084
1790346117.360727 W 1715 lat 314 481 592 0 exe 19999 26037 101481 resp 101888 1 pmu 1023105 93295 8241934 6388054 2394202243
1790346118.308818 W 1716 lat 314 481 555 0 exe 20055 23444 38611 resp 39111 0 pmu 1023338 62637 8249952 7013073 2394698830
1790346119.364774 W 1717 lat 314 481 629 0 exe 19981 25425 90481 resp 90962 0 pmu 1023103 86003 8240736 6371998 2394305458
1790346120.312822 W 1718 lat 314 481 574 0 exe 20425 23314 48481 resp 48981 0 pmu 1023309 60672 8245492 6900485 2395199983
1790346121.272841 W 1719 lat 333 481 592 0 exe 19944 24814 94092 resp 94574 0 pmu 1023145 79167 8237378 6471980 2394513848
1790346122.332820 W 1720 lat 296 481 555 0 exe 19833 23407 41185 resp 41666 0 pmu 1023308 61854 8239903 6933420 2395266402
1790346123.280836 W 1721 lat 333 481 611 0 exe 19574 23944 95833 resp 96444 0 pmu 1023234 68738 8240145 6396258 2394284364
1790346124.336822 W 1722 lat 314 481 611 0 exe 19666 24185 86777 resp 87314 0 pmu 1023295 71145 8238679 6945337 2395107190
1790346125.292845 W 1723 lat 314 481 555 0 exe 20055 22740 97796 resp 98166 0 pmu 1023354 53819 8240649 6856042 2395307454
1790346126.352825 W 1724 lat 333 481 574 0 exe 19740 25907 96518 resp 97018 0 pmu 1023046 91608 8236138 6959776 2394510948
1790346127.297422 W 1725 lat 314 481 555 0 exe 19592 22685 39629 resp 40055 0 pmu 1023366 53389 8239456 6962100 2395364097
1790346128.356775 W 1726 lat 333 481 722 0 exe 20129 26407 109018 resp 109574 1 pmu 1023049 97655 8245440 6375801 2394058063
1790346129.312781 W 1727 lat 333 481 555 0 exe 19814 22444 38037 resp 38537 0 pmu 1023272 50645 8238331 7092479 2395311898
1790346130.360785 W 1728 lat 333 481 629 0 exe 20092 26240 110111 resp 110740 2 pmu 1023047 95689 8241739 6360241 2394012506
1790346131.312760 W 1729 lat 314 481 555 0 exe 19555 22351 38981 resp 39481 0 pmu 1023389 49663 8237729 7102155 2395382505
1790346132.364834 W 1730 lat 314 481 759 0 exe 19814 26037 93722 resp 94203 0 pmu 1023143 93194 8239757 6367844 2394275159
1790346133.316816 W 1731 lat 333 481 555 0 exe 20111 22888 38907 resp 39407 0 pmu 1023319 55668 8242664 6935915 2395333263
1790346134.276786 W 1732 lat 296 481 722 0 exe 20111 26351 97425 resp 97907 0 pmu 1023155 97049 8241436 6372642 2393434681
1790346135.336812 W 1733 lat 333 481 574 0 exe 19870 22685 41851 resp 42370 0 pmu 1023378 53436 8238855 6975664 2395379738
1790346136.288830 W 1734 lat 314 481 629 0 exe 20370 26351 98814 resp 99259 0 pmu 1023088 96831 8243548 6400194 2394234623
1790346137.348854 W 1735 lat 314 481 537 0 exe 19981 22425 40240 resp 40740 0 pmu 1023334 50569 8241913 6990197 2395451393
1790346138.288819 W 1736 lat 314 481 648 0 exe 20351 26555 96074 resp 96574 0 pmu 1023070 99182 8240446 6382723 2394050766
1790346139.348764 W 1737 lat 314 481 574 0 exe 19407 22388 42296 resp 42685 0 pmu 1023365 49834 8235983 6964189 2395343795
1790346140.300827 W 1738 lat 314 481 648 0 exe 19944 25833 97537 resp 97907 0 pmu 1023178 90720 8242381 6400065 2394058154
1790346141.356820 W 1739 lat 333 481 537 0 exe 19925 22592 40129 resp 40629 0 pmu 1023433 52466 8239092 6972486 2395365882
1790346142.304845 W 1740 lat 333 481 574 0 exe 19925 26388 114870 resp 115314 1 pmu 1023090 97388 8238245 6382388 2394093135
1790346143.356768 W 1741 lat 314 481 555 0 exe 19907 22944 41055 resp 41555 0 pmu 1023386 56561 8238618 7148631 2395405289
1790346144.296644 W 1742 lat 296 388 611 0 exe 16722 27277 111944 resp 112277 6 pmu 1023106 119678 8247896 6393274 1162540484
1790346145.336612 W 1743 lat 296 296 333 0 exe 17055 19314 43277 resp 43574 0 pmu 1023515 37024 8246792 7106970 48884286
1790346146.288688 W 1744 lat 296 351 6148 0 exe 17555 34129 339240 resp 345388 46 pmu 1022088 182949 8270538 6380069 95271492
1790346147.344692 W 1745 lat 296 388 4888 0 exe 19592 30833 128148 resp 130722 2 pmu 1021707 155012 8295258 9474890 93428786
1790346148.300693 W 1746 lat 296 388 4351 0 exe 19592 33518 155555 resp 156370 17 pmu 1021738 186935 8291720 7333643 99852979
1790346149.344706 W 1747 lat 296 370 4259 0 exe 19629 30055 119555 resp 121999 1 pmu 1021906 152834 8294849 7609873 90036829
1790346150.292692 W 1748 lat 296 370 4537 0 exe 19851 32796 143796 resp 144314 16 pmu 1021678 180907 8287731 7240200 97583334
1790346151.340681 W 1749 lat 296 333 2611 0 exe 22703 29740 132351 resp 134407 3 pmu 1022615 151195 8287347 7489229 87481742
1790346152.292684 W 1750 lat 296 351 3092 0 exe 23203 32537 135481 resp 137388 16 pmu 1022323 184524 8293483 7371555 95727138
1790346153.356678 W 1751 lat 296 351 4814 0 exe 22092 29833 116592 resp 119259 1 pmu 1022497 153594 8291037 7421114 88185655
1790346154.308688 W 1752 lat 296 351 3981 0 exe 21277 32981 169055 resp 172537 13 pmu 1022155 187475 8291050 7225490 97159502
1790346155.260691 W 1753 lat 296 351 2814 0 exe 20759 29851 103444 resp 106259 2 pmu 1022344 153451 8292980 7761763 88659105
1790346156.312681 W 1754 lat 296 351 4796 0 exe 21148 32740 189666 resp 190129 14 pmu 1022056 184816 8289059 7078180 96658750
1790346157.264717 W 1755 lat 296 351 3111 0 exe 19703 30018 115037 resp 116703 2 pmu 1022344 153607 8289292 7954986 89002528
1790346158.316689 W 1756 lat 296 351 5185 0 exe 19666 32611 154481 resp 155648 12 pmu 1022264 184822 8292458 7185333 96260066
1790346159.272692 W 1757 lat 296 351 3277 0 exe 20240 30092 137444 resp 140722 3 pmu 1022550 155942 8293172 7600561 89056459
1790346160.328691 W 1758 lat 296 351 5537 0 exe 20240 33296 211518 resp 213851 20 pmu 1022318 189338 8292630 7421428 98315935
1790346161.292749 W 1759 lat 296 351 5111 0 exe 20537 30037 134833 resp 139944 4 pmu 1022469 152939 8289815 8184716 88862802
1790346162.356699 W 1760 lat 296 388 3870 0 exe 21203 33074 151666 resp 154148 17 pmu 1022393 183556 8291623 7414883 96951052
1790346163.308705 W 1761 lat 296 351 3796 0 exe 20203 30777 102277 resp 102611 1 pmu 1022447 156458 8295776 7582565 90600335
1790346164.264700 W 1762 lat 296 351 5092 0 exe 21259 32999 156814 resp 161907 20 pmu 1022191 183144 8294162 7060960 96937598
1790346165.328683 W 1763 lat 296 351 3999 0 exe 21407 30037 190259 resp 194259 3 pmu 1022484 153871 8293645 7652918 88661455
1790346166.284705 W 1764 lat 296 351 5518 0 exe 20796 32666 174259 resp 178111 15 pmu 1022282 183920 8294188 7962466 96500805
1790346167.360694 W 1765 lat 296 370 3851 0 exe 20777 30055 120740 resp 122425 5 pmu 1022599 152339 8297020 7819343 88647976
1790346168.296719 W 1766 lat 296 351 3648 0 exe 21592 33018 181111 resp 181870 14 pmu 1022262 187887 8291344 7251986 97297527
1790346169.336695 W 1767 lat 296 351 4166 0 exe 20944 30314 160240 resp 163185 2 pmu 1022341 157568 8294117 7868812 90038234
1790346170.272693 W 1768 lat 296 351 3722 0 exe 21777 32740 212314 resp 214740 12 pmu 1022390 184247 8296360 7656735 96597467
1790346171.312683 W 1769 lat 296 351 3259 0 exe 20425 29796 76574 resp 79833 0 pmu 1022583 153717 8295455 8189171 88547140
1790346172.352709 W 1770 lat 296 351 3259 0 exe 20870 32499 123703 resp 124037 11 pmu 1022218 182904 8291983 6812082 95806943
1790346173.288715 W 1771 lat 296 351 4092 0 exe 21277 30462 117796 resp 121222 1 pmu 1022403 159105 8291720 7284280 89898914
1790346174.328722 W 1772 lat 296 351 2333 0 exe 21574 32777 147722 resp 149666 11 pmu 1022200 185382 8294190 7236699 96815232
1790346175.264691 W 1773 lat 296 351 2481 0 exe 20759 30148 135037 resp 136499 3 pmu 1022479 155806 8297246 7533036 89254139
1790346176.304643 W 1774 lat 296 333 1888 0 exe 17074 29592 208055 resp 208611 23 pmu 1022702 147521 8276281 7387319 83371803
1790346177.344618 W 1775 lat 296 296 333 0 exe 16759 20037 79962 resp 80259 0 pmu 1023491 45830 8253736 8088590 51301354
1790346178.304668 W 1776 lat 296 351 1148 0 exe 17037 31999 252907 resp 253333 34 pmu 1020146 178329 8275425 6748990 97789531
1790346179.272650 W 1777 lat 314 388 685 0 exe 28203 32351 47092 resp 47592 0 pmu 1016793 190522 8308995 8544842 115642447
1790346180.336676 W 1778 lat 314 407 796 0 exe 28462 34870 126740 resp 127296 12 pmu 1016549 219327 8303364 6542401 121957408
1790346181.284647 W 1779 lat 314 407 740 0 exe 28037 32314 47685 resp 48129 0 pmu 1016583 189898 8302956 7353746 114739870
1790346182.344664 W 1780 lat 314 407 777 0 exe 28314 35185 123981 resp 124685 13 pmu 1016525 223208 8308710 6547477 122800224
1790346183.300658 W 1781 lat 296 407 685 0 exe 28722 32388 47148 resp 47481 0 pmu 1016991 190869 8305499 7327537 114544324
1790346184.356664 W 1782 lat 314 407 759 0 exe 28740 34814 124851 resp 125351 12 pmu 1016442 218048 8306420 6544937 121718496
1790346185.304647 W 1783 lat 314 388 666 0 exe 28703 32481 47351 resp 47685 0 pmu 1016793 192019 8308433 7335385 115173349
1790346186.260662 W 1784 lat 314 407 777 0 exe 28611 34574 126777 resp 127296 12 pmu 1016541 215521 8308664 6547259 120949805
1790346187.324646 W 1785 lat 296 388 703 0 exe 28092 32333 48148 resp 48499 0 pmu 1016686 190221 8303495 7353186 114718383
1790346188.280665 W 1786 lat 314 407 907 0 exe 28388 34648 128444 resp 129277 14 pmu 1016541 216555 8302745 6551520 121231663
1790346189.332649 W 1787 lat 314 407 722 0 exe 28722 32833 49981 resp 50592 0 pmu 1016484 196258 8306865 7371227 116315655
1790346190.300667 W 1788 lat 314 407 2074 0 exe 28648 35129 134314 resp 134833 13 pmu 1016539 222121 8312943 6577172 122623236
1790346191.260648 W 1789 lat 314 407 796 0 exe 28537 32555 47499 resp 47833 0 pmu 1016797 193038 8318030 7437918 115505035
1790346192.324663 W 1790 lat 296 407 722 0 exe 28722 34777 123574 resp 123999 12 pmu 1016838 218149 8318178 6549059 121605755
1790346193.280650 W 1791 lat 314 407 777 0 exe 28814 32407 47555 resp 47962 0 pmu 1016809 190924 8313405 7321912 115050902
1790346194.344663 W 1792 lat 314 407 814 0 exe 28851 34907 120703 resp 121185 10 pmu 1016465 219356 8306070 6550360 122109985
1790346195.300645 W 1793 lat 314 407 777 0 exe 28796 32592 47037 resp 47499 0 pmu 1016771 193321 8314842 7295061 115541776
1790346196.260663 W 1794 lat 314 407 962 0 exe 28425 34925 120611 resp 121185 13 pmu 1016498 219895 8310418 6546538 122083241
1790346197.328646 W 1795 lat 314 407 759 0 exe 28537 32444 49166 resp 49537 0 pmu 1016733 191601 8313157 7293313 115218504
1790346198.292664 W 1796 lat 314 407 759 0 exe 28777 34499 132222 resp 132777 13 pmu 1016659 214528 8309850 6565116 120736815
1790346199.360645 W 1797 lat 314 407 777 0 exe 28814 32462 48296 resp 48666 0 pmu 1016697 192042 8313424 7408228 115278034
1790346200.324662 W 1798 lat 296 407 777 0 exe 29240 34962 126999 resp 127537 12 pmu 1016862 219956 8312681 6557944 121595432
1790346201.280647 W 1799 lat 314 407 777 0 exe 28314 32592 63407 resp 63833 0 pmu 1016670 193310 8308678 7360580 115545602
1790346202.348662 W 1800 lat 314 407 833 0 exe 28722 34462 139611 resp 140444 13 pmu 1016485 214073 8305416 6707502 120794364
1790346203.312648 W 1801 lat 314 407 722 0 exe 28351 32296 47185 resp 47592 0 pmu 1016586 189908 8308822 7483125 114818643
1790346204.268663 W 1802 lat 314 407 833 0 exe 28870 34518 119592 resp 120055 13 pmu 1016588 215037 8305666 6543491 120752430
1790346205.332653 W 1803 lat 314 407 796 0 exe 28592 32944 48814 resp 49370 0 pmu 1016637 197274 8308813 7282130 116504653
1790346206.288664 W 1804 lat 314 407 796 0 exe 28537 34518 122203 resp 122833 13 pmu 1016633 214482 8305332 6565393 120704222
1790346207.356648 W 1805 lat 314 407 685 0 exe 27648 32611 59740 resp 60092 0 pmu 1016816 193127 8313870 7307231 115401247
1790346208.304639 W 1806 lat 296 351 722 0 exe 17370 31203 113685 resp 114259 7 pmu 1019581 176206 8286296 6666618 98012770
1790346209.344613 W 1807 lat 296 296 333 0 exe 16796 19185 47518 resp 47833 0 pmu 1023431 35433 8255541 7148690 48550734
1790346210.288665 W 1808 lat 277 370 981 0 exe 17333 30037 174018 resp 174537 46 pmu 1023134 123792 8246990 6420632 742384147
1790346211.340640 W 1809 lat 277 462 999 0 exe 22499 26648 49740 resp 50185 0 pmu 1023585 44265 8234031 7747109 1791941264
1790346212.288665 W 1810 lat 296 462 999 0 exe 22740 29259 122870 resp 123407 16 pmu 1023520 72852 8234148 6513345 1795727229
1790346213.344637 W 1811 lat 277 481 981 0 exe 22703 26518 48592 resp 49481 0 pmu 1023607 42719 8234689 7259481 1798992651
1790346214.288661 W 1812 lat 277 481 999 0 exe 22925 29185 111444 resp 112055 15 pmu 1023484 72584 8236699 6504465 1790445003
1790346215.336641 W 1813 lat 277 481 981 0 exe 23166 27203 46740 resp 47499 0 pmu 1023567 49307 8235276 7146095 1794762057
1790346216.272653 W 1814 lat 277 462 999 0 exe 21703 28666 129222 resp 129685 15 pmu 1023629 68819 8237811 6491133 1784985418
1790346217.320638 W 1815 lat 277 481 999 0 exe 23037 26462 45574 resp 45888 0 pmu 1023665 43229 8235476 7314463 1794479457
1790346218.260662 W 1816 lat 277 462 981 0 exe 23296 29129 118925 resp 119296 16 pmu 1023490 71857 8235326 6473043 1797041218
1790346219.300635 W 1817 lat 277 481 999 0 exe 22814 26481 47759 resp 48129 0 pmu 1023602 42345 8238640 7221204 1794736422
1790346220.352667 W 1818 lat 277 481 981 0 exe 23111 29462 116592 resp 117055 15 pmu 1023570 75099 8236532 6493943 1794999781
1790346221.292642 W 1819 lat 277 481 999 0 exe 22944 26999 72611 resp 73425 0 pmu 1023666 47861 8238746 7199208 1796450238
1790346222.344662 W 1820 lat 277 481 999 0 exe 22907 29351 114314 resp 114740 18 pmu 1023484 74397 8238147 6748110 1799339327
1790346223.284639 W 1821 lat 277 481 999 0 exe 23388 26444 45333 resp 45833 0 pmu 1023618 41949 8232910 7174692 1796028701
1790346224.332663 W 1822 lat 277 462 999 0 exe 23166 29277 113148 resp 113740 18 pmu 1023585 73771 8239100 6473056 1797619687
1790346225.272638 W 1823 lat 277 462 981 0 exe 23018 26944 48037 resp 48333 0 pmu 1023658 46815 8240821 7164814 1801898522
1790346226.324661 W 1824 lat 277 481 999 0 exe 23537 29425 125740 resp 126537 16 pmu 1023573 74491 8237791 6499421 1797366264
1790346227.288638 W 1825 lat 277 462 999 0 exe 23518 26648 47962 resp 48370 0 pmu 1023632 43712 8236332 7294538 1796991081
1790346228.336667 W 1826 lat 277 481 999 0 exe 23259 28944 127629 resp 128037 17 pmu 1023530 69913 8236261 6500552 1798781192
1790346229.280639 W 1827 lat 277 481 999 0 exe 23074 26759 47574 resp 48129 0 pmu 1023614 44922 8237482 7307536 1792832285
1790346230.328663 W 1828 lat 277 481 999 0 exe 22833 29537 122222 resp 122592 18 pmu 1023562 76302 8236974 6495878 1795563527
1790346231.276638 W 1829 lat 277 462 999 0 exe 22796 26481 48703 resp 48999 0 pmu 1023658 42502 8238772 7254192 1786671824
1790346232.324664 W 1830 lat 277 481 1074 0 exe 21999 29222 117370 resp 117814 19 pmu 1023512 73498 8238664 6503003 1792862112
1790346233.268636 W 1831 lat 277 481 999 0 exe 23111 26611 45981 resp 46925 0 pmu 1023639 44329 8233917 7200482 1784065148
1790346234.316661 W 1832 lat 277 481 999 0 exe 23129 29425 113314 resp 114055 21 pmu 1023564 75525 8237748 6481160 1791668552
1790346235.356636 W 1833 lat 277 462 981 0 exe 23222 27018 47833 resp 48462 0 pmu 1023691 47827 8238288 7167763 1796774959
1790346236.308663 W 1834 lat 277 462 999 0 exe 23296 28907 130407 resp 130851 19 pmu 1023534 69430 8235838 6500734 1796575380
1790346237.352657 W 1835 lat 277 462 999 0 exe 23259 27796 83185 resp 83851 0 pmu 1023676 56067 8240290 7335388 1798316075
1790346238.292668 W 1836 lat 277 481 999 0 exe 23462 29537 113296 resp 113611 17 pmu 1023555 76209 8239009 6858608 1789821353
1790346239.332689 W 1837 lat 277 462 1055 0 exe 23444 41703 133018 resp 133592 111 pmu 1022843 210917 8235464 7168084 1773339434
1790346240.268654 W 1838 lat 277 407 999 0 exe 17518 30685 110222 resp 110574 10 pmu 1023501 119562 8247486 7427216 1131034059
1790346241.308616 W 1839 lat 296 296 333 0 exe 16870 19537 48592 resp 48907 0 pmu 1023418 39354 8250720 7112655 49398389
1790346242.352642 W 1840 lat 296 296 1296 0 exe 16722 27722 228462 resp 229759 31 pmu 1023060 128908 8252753 6433457 71993555
1790346243.288621 W 1841 lat 296 296 333 0 exe 17351 20407 48092 resp 48407 0 pmu 1023370 49180 8246233 8282191 52226301
1790346244.328639 W 1842 lat 296 296 444 0 exe 17055 21666 111685 resp 112018 4 pmu 1023254 64073 8240944 6434861 54992635
1790346245.264628 W 1843 lat 296 296 351 0 exe 17481 20722 45666 resp 45962 0 pmu 1023426 52650 8246414 7076441 52272166
1790346246.304642 W 1844 lat 296 296 425 0 exe 16740 21481 113055 resp 113388 6 pmu 1023402 61704 8239075 6413038 54431032
1790346247.348619 W 1845 lat 296 296 444 0 exe 17611 20740 46296 resp 46611 0 pmu 1023440 52524 8244232 7087446 52290526
1790346248.284644 W 1846 lat 296 296 1111 0 exe 16796 21870 121685 resp 122722 6 pmu 1023260 66549 8244039 6420535 55539114
1790346249.324620 W 1847 lat 296 296 351 0 exe 16981 20870 63333 resp 63629 0 pmu 1023425 54383 8245135 7183104 52702495
1790346250.260659 W 1848 lat 296 296 814 0 exe 17055 20703 115259 resp 116074 7 pmu 1023382 52496 8244404 6587919 52736012
1790346251.300622 W 1849 lat 296 296 333 0 exe 17574 21907 96537 resp 96851 0 pmu 1023376 66851 8246832 7111681 55241655
1790346252.340643 W 1850 lat 296 296 333 0 exe 16999 19499 109222 resp 109537 1 pmu 1023429 38467 8248961 6928233 49424887
1790346253.276617 W 1851 lat 296 296 444 0 exe 17351 22407 110074 resp 110388 6 pmu 1023366 72367 8242854 7040225 56797724
1790346254.316641 W 1852 lat 296 296 351 0 exe 17185 20259 57074 resp 57388 0 pmu 1023398 47289 8241184 7065491 51177942
1790346255.356615 W 1853 lat 296 296 481 0 exe 17222 22759 117944 resp 118388 5 pmu 1023303 76023 8242085 6523423 57726500
1790346256.292653 W 1854 lat 296 296 333 0 exe 17111 19833 42240 resp 42537 0 pmu 1023433 42355 8243957 7146106 50122064
1790346257.332620 W 1855 lat 296 296 499 0 exe 17333 22203 118777 resp 119185 7 pmu 1023331 69960 8246607 6372268 56257145
1790346258.268611 W 1856 lat 296 296 351 0 exe 16888 19629 42944 resp 43259 0 pmu 1023422 40287 8246303 7152296 49621103
1790346259.308636 W 1857 lat 296 296 481 0 exe 17277 22055 119537 resp 119944 7 pmu 1023321 68352 8244205 6377417 55904210
1790346260.348645 W 1858 lat 296 296 333 0 exe 17092 19703 64796 resp 65111 0 pmu 1023449 41385 8249580 7158681 49849575
1790346261.284620 W 1859 lat 296 296 481 0 exe 17092 22481 108555 resp 108999 7 pmu 1023257 73427 8245080 6597347 57165610
1790346262.324655 W 1860 lat 296 296 351 0 exe 17037 19407 40351 resp 40648 0 pmu 1023332 37789 8243280 7050275 49016481
1790346263.268619 W 1861 lat 296 296 592 0 exe 17166 22185 107870 resp 108462 7 pmu 1023334 69854 8241418 6350971 56200929
1790346264.308613 W 1862 lat 296 296 333 0 exe 17037 19240 46222 resp 46555 0 pmu 1023400 35824 8242288 7043523 48582086
1790346265.357815 W 1863 lat 296 296 444 0 exe 16870 22037 108796 resp 109129 6 pmu 1023298 67790 8241291 6408924 55869475
1790346266.292614 W 1864 lat 296 296 425 0 exe 17333 20074 58407 resp 58722 0 pmu 1023322 45459 8242164 7048606 50680713
1790346267.340639 W 1865 lat 296 296 444 0 exe 17296 22166 114314 resp 114629 7 pmu 1023289 69506 8245787 6536861 56151461
1790346268.280612 W 1866 lat 296 296 351 0 exe 17222 19222 47129 resp 47462 0 pmu 1023409 35726 8240492 7106507 48635808
1790346269.328641 W 1867 lat 296 296 518 0 exe 17240 22277 108740 resp 109055 6 pmu 1023345 71038 8244606 6419007 56463157
1790346270.264614 W 1868 lat 296 296 333 0 exe 17111 19703 51796 resp 52092 0 pmu 1023439 41188 8248452 7051300 49769047
1790346271.316639 W 1869 lat 296 296 629 0 exe 17592 22259 124962 resp 125296 7 pmu 1023322 70419 8244748 6467231 56420001
1790346272.356651 W 1870 lat 296 296 425 0 exe 17333 22222 107055 resp 107481 2 pmu 1023370 70437 8248724 7215884 56520493
1790346273.292617 W 1871 lat 296 296 574 0 exe 16944 21203 134833 resp 135148 6 pmu 1023305 57892 8251159 7034711 54067424
1790346274.344757 W 1872 lat 296 407 4592 0 exe 16759 38370 171759 resp 172074 60 pmu 1020087 218735 8266112 7305868 112737649
1790346275.284716 W 1873 lat 314 703 4129 0 exe 35611 71148 218074 resp 219277 136 pmu 1013457 497467 8279791 7781192 226829237
1790346276.328690 W 1874 lat 314 648 4981 0 exe 35185 70203 231259 resp 234611 104 pmu 1013342 484907 8283459 8506165 223676303
1790346277.268706 W 1875 lat 296 648 4759 0 exe 36703 72703 257444 resp 260166 138 pmu 1013501 501045 8279093 8645772 230208629
1790346278.316735 W 1876 lat 314 648 5499 0 exe 34592 70092 195240 resp 197611 113 pmu 1013402 478232 8283948 8923407 224005796
1790346279.264745 W 1877 lat 314 666 5074 0 exe 35629 71203 216129 resp 217833 141 pmu 1013627 493022 8284177 8279790 226669584
1790346280.324777 W 1878 lat 296 648 6444 0 exe 36666 69648 202685 resp 203685 112 pmu 1012964 490328 8280235 8494114 223668093
1790346281.260756 W 1879 lat 314 648 5185 0 exe 37055 70925 239499 resp 241166 138 pmu 1013849 503061 8289533 8360219 226404967
1790346282.304716 W 1880 lat 296 648 4888 0 exe 36518 68555 205740 resp 208592 76 pmu 1013544 487051 8277476 8733638 220493609
1790346283.348747 W 1881 lat 314 592 4592 0 exe 40166 69814 206037 resp 208962 86 pmu 1012912 507972 8276048 8385918 225050790
1790346284.284955 W 1882 lat 314 629 5333 0 exe 36166 67703 223222 resp 226962 60 pmu 1013046 489369 8277458 8411894 218747107
1790346285.332747 W 1883 lat 314 611 5537 0 exe 37740 70074 174222 resp 174833 56 pmu 1012720 519136 8273218 8561261 226379902
1790346286.272764 W 1884 lat 314 611 4796 0 exe 36777 70240 246555 resp 249796 77 pmu 1012522 509901 8274290 8076297 226666290
1790346287.320745 W 1885 lat 314 592 4444 0 exe 36333 70185 235944 resp 237648 101 pmu 1013284 512959 8283210 8805276 226719606
1790346288.268850 W 1886 lat 314 648 4407 0 exe 38740 69759 201944 resp 205685 76 pmu 1012557 497807 8276299 8686920 225356064
1790346289.308836 W 1887 lat 296 666 5074 0 exe 35462 72074 245537 resp 248037 128 pmu 1013734 508697 8286794 8367413 229953562
1790346290.348723 W 1888 lat 296 685 6296 0 exe 35851 70888 293740 resp 296555 119 pmu 1013422 483590 8281100 8795748 225681510
1790346291.284792 W 1889 lat 314 703 6592 0 exe 33999 71648 275981 resp 277277 140 pmu 1013552 496422 8288553 9281412 229458013
1790346292.332751 W 1890 lat 314 666 4722 0 exe 36018 70537 320055 resp 323814 125 pmu 1013604 477386 8281046 9092464 225002725
1790346293.280704 W 1891 lat 296 648 5574 0 exe 36092 70462 276351 resp 279611 117 pmu 1013492 500280 8281966 9540298 227203526
1790346294.320920 W 1892 lat 314 648 3481 0 exe 35444 69870 290611 resp 293166 112 pmu 1013565 483925 8277648 9104924 223249020
1790346295.260682 W 1893 lat 296 685 5462 0 exe 35944 72333 286703 resp 288962 138 pmu 1013659 497121 8279821 9227430 230394023
1790346296.300726 W 1894 lat 296 685 6092 0 exe 34962 69481 262611 resp 265907 108 pmu 1013426 480220 8278170 9211754 222936303
1790346297.340763 W 1895 lat 314 666 4888 0 exe 36277 71555 241407 resp 243074 137 pmu 1013401 506613 8279617 8959946 228986503
1790346298.276684 W 1896 lat 314 648 5185 0 exe 36777 69870 204499 resp 208962 111 pmu 1013579 485274 8283366 8750784 223838585
1790346299.316694 W 1897 lat 314 611 4518 0 exe 38370 70203 194259 resp 197092 77 pmu 1013016 514971 8273851 8391083 226067573
1790346300.260746 W 1898 lat 296 611 5370 0 exe 39481 69351 223722 resp 226981 65 pmu 1013086 504214 8279102 8286434 223661025
1790346301.304753 W 1899 lat 314 629 4833 0 exe 37648 71703 185296 resp 187092 102 pmu 1012648 517658 8271148 8588686 230190479
1790346302.352774 W 1900 lat 314 611 4518 0 exe 36037 69092 219574 resp 221925 87 pmu 1013294 495886 8282193 8197321 222178202
1790346303.288685 W 1901 lat 314 648 4370 0 exe 35277 71166 222333 resp 224629 125 pmu 1013437 505384 8284474 8520030 228291302
1790346304.332644 W 1902 lat 296 555 4796 0 exe 17314 58648 187259 resp 189018 86 pmu 1015760 401911 8268684 8553267 184165190
1790346305.268639 W 1903 lat 296 296 444 0 exe 17259 21888 113259 resp 113592 6 pmu 1023482 66632 8254849 8048871 56386956
1790346306.316651 W 1904 lat 296 296 722 0 exe 16981 24481 186870 resp 187222 27 pmu 1023372 92431 8249190 7094543 63550307
1790346307.268637 W 1905 lat 296 296 444 0 exe 16999 22740 107574 resp 107962 5 pmu 1023427 76663 8243452 7843588 58566819
1790346308.324612 W 1906 lat 296 296 333 0 exe 17092 19759 46537 resp 46851 0 pmu 1023495 41939 8245399 7040915 49897449
1790346309.272638 W 1907 lat 296 296 703 0 exe 16870 21740 117314 resp 118018 8 pmu 1023375 64955 8245656 6415101 55143110
1790346310.328611 W 1908 lat 296 296 333 0 exe 16962 19740 43851 resp 44166 0 pmu 1023446 41718 8245015 7135292 49910656
1790346311.284637 W 1909 lat 296 296 407 0 exe 17185 21685 117574 resp 117981 5 pmu 1023425 64257 8245603 6387335 54984491
1790346312.340617 W 1910 lat 296 296 333 0 exe 17074 20388 61537 resp 61851 0 pmu 1023535 49472 8248161 7136426 51562960
1790346313.276636 W 1911 lat 296 296 648 0 exe 17148 22111 116037 resp 116499 5 pmu 1023397 69590 8244155 6568022 56210196
1790346314.336613 W 1912 lat 296 296 333 0 exe 16944 19499 38444 resp 38759 0 pmu 1023465 38708 8245338 7124340 49290660
1790346315.280639 W 1913 lat 296 296 462 0 exe 17129 21944 124981 resp 125351 5 pmu 1023417 67263 8246526 6332015 55538534
1790346316.320612 W 1914 lat 296 296 333 0 exe 16999 19555 46814 resp 47129 0 pmu 1023491 39659 8250283 7211516 49489626
1790346317.256647 W 1915 lat 296 296 611 0 exe 17259 22370 119240 resp 119611 5 pmu 1023442 72429 8249679 6416327 56697804
1790346318.296609 W 1916 lat 296 296 333 0 exe 16703 19666 63870 resp 64185 0 pmu 1023546 40989 8245835 7157658 49719584
1790346319.336639 W 1917 lat 296 296 481 0 exe 17148 21759 108870 resp 109185 7 pmu 1023391 65313 8245741 6586062 55298749
1790346320.272612 W 1918 lat 296 296 333 0 exe 16962 19351 47018 resp 47333 0 pmu 1023474 37414 8247620 7049440 48902610
1790346321.312641 W 1919 lat 296 296 425 0 exe 16944 22592 117074 resp 117481 5 pmu 1023434 74850 8246123 6417034 57184801
1790346322.352610 W 1920 lat 296 296 333 0 exe 16907 19666 47518 resp 47833 0 pmu 1023496 40911 8247177 7134691 49713316
1790346323.288638 W 1921 lat 296 296 518 0 exe 16944 21999 118296 resp 118611 4 pmu 1023423 68174 8249178 6423493 55825578
1790346324.328612 W 1922 lat 296 296 333 0 exe 17037 19351 46499 resp 46796 0 pmu 1023519 37211 8249947 7144043 48971023
1790346325.264639 W 1923 lat 296 296 555 0 exe 16851 21499 116407 resp 116722 6 pmu 1023441 62536 8248836 6412242 54544813
1790346326.304612 W 1924 lat 296 296 333 0 exe 17166 19444 43537 resp 43851 0 pmu 1023418 38224 8247356 7122324 49160892
1790346327.348640 W 1925 lat 296 296 574 0 exe 16740 21425 112796 resp 113370 5 pmu 1023388 61170 8244531 6383741 54256769
1790346328.284612 W 1926 lat 296 296 333 0 exe 16944 19444 50111 resp 50425 0 pmu 1023484 38461 8248668 7086749 49153657
1790346329.324639 W 1927 lat 296 296 537 0 exe 16907 21925 105296 resp 105629 6 pmu 1023441 67513 8247376 6448410 55664853
1790346330.260608 W 1928 lat 296 296 333 0 exe 17222 19574 46981 resp 47296 0 pmu 1023506 39864 8245791 7013749 49436870
1790346331.300638 W 1929 lat 296 296 481 0 exe 16962 22259 113185 resp 113611 4 pmu 1023414 71051 8246816 6419246 56451693
1790346332.340614 W 1930 lat 296 296 333 0 exe 16944 19425 46074 resp 46388 0 pmu 1023532 38094 8249261 7094603 49104242
1790346333.276640 W 1931 lat 296 296 611 0 exe 17185 21648 109425 resp 110037 6 pmu 1023422 64171 8248474 6407851 54902197
1790346334.316614 W 1932 lat 296 296 333 0 exe 16851 19888 47666 resp 47999 0 pmu 1023491 43494 8246138 7056626 50228679
1790346335.356639 W 1933 lat 296 296 444 0 exe 16962 22240 115851 resp 116166 7 pmu 1023393 70542 8248616 6425925 56246413
1790346336.292615 W 1934 lat 296 296 333 0 exe 17092 19722 45574 resp 45888 0 pmu 1023550 41856 8252998 7120495 49863679
1790346337.332641 W 1935 lat 296 296 574 0 exe 16648 21685 119722 resp 120296 7 pmu 1023436 64259 8248668 6405254 54937641
1790346338.268640 W 1936 lat 296 296 351 0 exe 16999 23296 111740 resp 112074 2 pmu 1023468 83488 8250299 7156929 59248406
1790346339.308636 W 1937 lat 296 296 518 0 exe 17222 21388 120981 resp 121499 6 pmu 1023440 61039 8249464 7084517 54613171
1790346340.356650 W 1938 lat 296 296 962 0 exe 17129 24777 174444 resp 175407 29 pmu 1023290 95197 8251936 7170262 64400185
1790346341.300639 W 1939 lat 296 296 499 0 exe 17037 22740 107407 resp 107740 6 pmu 1023446 76539 8240437 7725923 58462362
1790346342.344621 W 1940 lat 296 296 333 0 exe 16981 20037 45166 resp 45462 0 pmu 1023596 44971 8242788 7039409 50539403
1790346343.288637 W 1941 lat 296 296 499 0 exe 17537 22740 113574 resp 113981 7 pmu 1023453 76184 8246342 6401991 57569815
1790346344.344619 W 1942 lat 296 296 370 0 exe 17074 19592 43962 resp 44277 0 pmu 1023483 40017 8243139 7103920 49529303
1790346345.288638 W 1943 lat 296 296 907 0 exe 17037 22703 105981 resp 106388 4 pmu 1023391 76012 8242931 6388431 57578326
1790346346.336623 W 1944 lat 296 296 333 0 exe 17148 20444 47518 resp 47833 0 pmu 1023514 49616 8245514 7027257 51557470
1790346347.288638 W 1945 lat 296 296 444 0 exe 17296 22370 116777 resp 117222 7 pmu 1023355 71759 8244902 6428525 56727112
1790346348.344617 W 1946 lat 296 296 333 0 exe 17166 19870 45796 resp 46111 0 pmu 1023464 42960 8240603 7132832 50232315
1790346349.292640 W 1947 lat 296 296 4351 0 exe 17129 21907 114833 resp 115185 6 pmu 1023445 67076 8244251 6408438 55659532
1790346350.344619 W 1948 lat 296 296 333 0 exe 17222 20277 46962 resp 47259 0 pmu 1023493 47761 8240851 7129280 51240348
1790346351.296638 W 1949 lat 296 296 1166 0 exe 17166 22444 119037 resp 120203 7 pmu 1023436 72969 8248122 6422363 56907568
1790346352.264622 W 1950 lat 296 296 481 0 exe 17018 20092 46333 resp 46629 0 pmu 1023470 45679 8244011 7162323 50794777
1790346353.312640 W 1951 lat 296 296 518 0 exe 17240 22629 106037 resp 106351 7 pmu 1023395 75229 8243389 6414865 57461290
1790346354.268616 W 1952 lat 296 296 425 0 exe 16888 19944 45870 resp 46166 0 pmu 1023483 44038 8246159 7026058 50360297
1790346355.316642 W 1953 lat 296 296 462 0 exe 17240 22351 119666 resp 120074 8 pmu 1023420 72189 8245282 6408559 56759151
1790346356.268617 W 1954 lat 296 296 333 0 exe 17129 19814 50259 resp 50574 0 pmu 1023483 42466 8245884 7161099 50110842
1790346357.332643 W 1955 lat 296 296 592 0 exe 17037 22907 116888 resp 117222 6 pmu 1023396 78677 8246564 6452575 58148641
1790346358.276616 W 1956 lat 296 296 351 0 exe 17407 20592 64703 resp 64999 0 pmu 1023522 51354 8244748 7135579 52012181
1790346359.332640 W 1957 lat 296 296 574 0 exe 17148 22074 110055 resp 110370 6 pmu 1023402 68928 8240317 6602392 56137860
1790346360.280615 W 1958 lat 296 296 333 0 exe 17481 19851 47185 resp 47499 0 pmu 1023507 42694 8243866 7063198 50130973
1790346361.340641 W 1959 lat 296 296 611 0 exe 17148 22185 115425 resp 115814 8 pmu 1023415 70197 8241094 6423923 56349010
1790346362.288616 W 1960 lat 296 296 333 0 exe 17055 20462 48166 resp 48462 0 pmu 1023479 49905 8246576 7117979 51684410
1790346363.340640 W 1961 lat 296 296 444 0 exe 16944 22037 119388 resp 119759 5 pmu 1023457 68446 8245435 6434562 55932833
1790346364.276619 W 1962 lat 296 296 333 0 exe 17481 20185 61407 resp 61740 0 pmu 1023488 46826 8241897 7155128 51044266
1790346365.316640 W 1963 lat 296 296 592 0 exe 17370 22740 116074 resp 116666 6 pmu 1023439 76560 8243116 6567790 57830182
1790346366.356617 W 1964 lat 296 296 333 0 exe 17222 20092 48370 resp 48685 0 pmu 1023491 45825 8241805 7129499 50803043
1790346367.292641 W 1965 lat 296 296 462 0 exe 16851 22037 115833 resp 116259 6 pmu 1023395 68185 8245109 6435499 55937645
1790346368.332624 W 1966 lat 296 296 333 0 exe 17129 19925 48481 resp 48796 0 pmu 1023538 43715 8245373 7119495 50379042
1790346369.268642 W 1967 lat 296 296 537 0 exe 17037 22203 116129 resp 116611 7 pmu 1023443 70336 8245147 6435533 56446724
1790346370.308642 W 1968 lat 296 296 425 0 exe 17222 22518 139796 resp 140166 3 pmu 1023376 73799 8248542 7124869 57189870
1790346371.348640 W 1969 lat 296 296 1388 0 exe 16759 21518 113259 resp 114648 5 pmu 1023416 62753 8249839 7362975 55049316
1790346372.288839 W 1970 lat 296 2222 15277 0 exe 17240 127592 481722 resp 485814 510 pmu 1016582 382189 8240264 7101770 329315273
1790346373.348832 W 1971 lat 611 4333 13777 0 exe 140499 231574 508092 resp 510092 1000 pmu 1010014 682743 8230876 11413295 599369690
1790346374.296841 W 1972 lat 518 4314 15722 0 exe 144999 230407 448388 resp 452592 1000 pmu 1009863 673293 8230086 12807438 596427087
1790346375.340866 W 1973 lat 537 4333 14203 0 exe 146148 232907 469925 resp 474870 1000 pmu 1010076 685685 8233941 12247330 603307708
1790346376.276860 W 1974 lat 462 4148 14333 0 exe 119462 224555 458759 resp 464574 1000 pmu 1010404 659720 8238187 12477247 582105173
1790346377.325019 W 1975 lat 370 4259 14240 0 exe 147777 232759 457314 resp 460370 1000 pmu 1010035 685057 8233282 12194110 602910325
1790346378.271885 W 1976 lat 537 4296 16388 0 exe 147018 229481 454092 resp 456925 1000 pmu 1009968 671663 8230544 12347975 594067939
1790346379.320836 W 1977 lat 481 4277 14074 0 exe 131796 231370 469407 resp 474648 1000 pmu 1010043 683718 8231810 12306469 599650349
1790346380.268832 W 1978 lat 555 4277 17092 0 exe 139851 230277 464759 resp 467259 1000 pmu 1009748 673603 8225502 12392904 596111478
1790346381.316842 W 1979 lat 296 3999 14333 0 exe 36925 223333 460999 resp 464944 988 pmu 1010793 662848 8242878 12383067 579397326
1790346382.268841 W 1980 lat 481 4351 14351 0 exe 141944 230648 469222 resp 472388 1000 pmu 1009801 675819 8232224 11786999 596548853
1790346383.317037 W 1981 lat 629 4370 19240 0 exe 141240 231537 449685 resp 457222 1000 pmu 1009741 676999 8231455 12429502 599284603
1790346384.360836 W 1982 lat 518 4277 14888 0 exe 142370 232425 473777 resp 476888 1000 pmu 1009973 685996 8234524 12282205 602220522
1790346385.309597 W 1983 lat 537 4314 13870 0 exe 147074 230259 483462 resp 487259 1000 pmu 1009616 673682 8231962 12488353 596054079
1790346386.260876 W 1984 lat 555 4277 19851 0 exe 147740 231333 459314 resp 461074 1000 pmu 1010246 682467 8231196 12596558 599401843
1790346387.316837 W 1985 lat 444 4277 15499 0 exe 147037 231055 463444 resp 467055 1000 pmu 1009769 677129 8230155 12383373 597746179
1790346388.260826 W 1986 lat 481 4185 14648 0 exe 123185 229777 464481 resp 468296 1000 pmu 1010150 677784 8236363 12406872 595476746
1790346389.308993 W 1987 lat 499 4333 14425 0 exe 144185 230555 453629 resp 456518 1000 pmu 1009984 675969 8230597 12288021 596522391
1790346390.348845 W 1988 lat 388 4259 14148 0 exe 144055 230925 460481 resp 464203 1000 pmu 1010125 682927 8232510 12283393 598627186
1790346391.284836 W 1989 lat 555 4370 13592 0 exe 144203 231203 465499 resp 471074 1000 pmu 1009639 676026 8229478 12354763 598315057
1790346392.328994 W 1990 lat 425 4259 17351 0 exe 142574 231666 463240 resp 466518 1000 pmu 1010161 681875 8236062 12415170 600252705
1790346393.276827 W 1991 lat 518 4259 13685 0 exe 148740 230537 475907 resp 478759 1000 pmu 1009935 674113 8231931 12392673 596652929
1790346394.332886 W 1992 lat 574 4240 13203 0 exe 141814 231574 475999 resp 479388 1000 pmu 1009880 682402 8223608 12524797 599926697
1790346395.272837 W 1993 lat 537 4129 14314 0 exe 117129 225888 455833 resp 458740 1000 pmu 1010298 661839 8234883 12496614 585220894
1790346396.320861 W 1994 lat 518 4296 14518 0 exe 144648 230833 476407 resp 478518 1000 pmu 1010088 679790 8237313 12145432 598039141
1790346397.260940 W 1995 lat 314 4166 13777 0 exe 55148 222314 463944 resp 469444 990 pmu 1010369 654606 8225530 12511251 575964669
1790346398.311534 W 1996 lat 444 4240 14351 0 exe 145129 231185 501925 resp 504833 1000 pmu 1010286 679770 8235360 11908203 598521421
1790346399.260772 W 1997 lat 518 4240 14425 0 exe 147499 230370 454685 resp 456999 1000 pmu 1009804 672921 8228522 12772974 595920012
1790346400.302000 W 1998 lat 537 4259 17388 0 exe 122666 230185 455277 resp 459222 1000 pmu 1010252 676677 8229110 12306298 596015156
1790346401.344837 W 1999 lat 518 4277 18333 0 exe 132240 229944 460259 resp 463518 1000 pmu 1009793 674692 8226330 12210349 594966609
1790346402.284648 W 2000 lat 296 2277 13037 0 exe 17055 133240 496611 resp 499203 522 pmu 1016556 406989 8236839 12306717 346386940
1790346403.324611 W 2001 lat 296 296 333 0 exe 17129 19111 51833 resp 52129 0 pmu 1023551 34921 8249527 11568174 51026117
1790346404.268753 W 2002 lat 296 370 4907 0 exe 17129 48277 416129 resp 419074 115 pmu 1020834 275430 8257697 6465037 140051177
1790346405.328769 W 2003 lat 296 351 1425 0 exe 41777 47314 71092 resp 71425 0 pmu 1019774 316982 8286962 10290307 145533834
1790346406.268754 W 2004 lat 296 351 1166 0 exe 41055 49222 160555 resp 160907 19 pmu 1019496 336340 8289468 6927744 149173011
1790346407.328766 W 2005 lat 296 351 1203 0 exe 41074 47111 72240 resp 72592 0 pmu 1019762 315374 8289174 7827064 143438304
1790346408.280749 W 2006 lat 296 351 1277 0 exe 40629 49388 171037 resp 171499 22 pmu 1019580 337816 8287822 6933567 149512026
1790346409.344767 W 2007 lat 296 351 1092 0 exe 40555 47462 93981 resp 94314 0 pmu 1019757 318731 8288584 7931804 144602046
1790346410.292751 W 2008 lat 296 351 2037 0 exe 39111 49129 146962 resp 147296 20 pmu 1019426 335122 8287403 7149519 149025046
1790346411.340740 W 2009 lat 296 351 1425 0 exe 40722 46759 68685 resp 69018 0 pmu 1019653 312419 8284034 7685175 142492820
1790346412.288750 W 2010 lat 296 351 1351 0 exe 41148 49129 152648 resp 153925 21 pmu 1019453 334968 8282096 6895546 148744740
1790346413.336754 W 2011 lat 296 351 1240 0 exe 39296 47333 68388 resp 68962 0 pmu 1019609 318246 8288481 7753559 144067468
1790346414.272858 W 2012 lat 296 370 2648 0 exe 34888 48499 161537 resp 162907 16 pmu 1019601 329655 8282002 6888670 146889201
1790346415.320752 W 2013 lat 296 370 4666 0 exe 40777 47518 111018 resp 115685 1 pmu 1019785 319378 8286615 7815033 144586253
1790346416.276747 W 2014 lat 296 370 2074 0 exe 41222 49574 164129 resp 165148 21 pmu 1019503 338291 8282845 7361094 150231220
1790346417.344762 W 2015 lat 296 907 6481 0 exe 41259 48629 136055 resp 137018 2 pmu 1019508 321600 8282308 7873258 147359782
1790346418.292747 W 2016 lat 296 592 4944 0 exe 41555 52018 188759 resp 189629 22 pmu 1019599 331300 8284707 7612575 155614817
1790346419.356743 W 2017 lat 296 351 999 0 exe 40277 50074 85203 resp 85537 0 pmu 1019638 308841 8287984 8148375 149989084
1790346420.304744 W 2018 lat 296 351 1037 0 exe 39833 52814 166629 resp 166981 26 pmu 1019503 335918 8289705 7072992 157223218
1790346421.360760 W 2019 lat 296 351 1333 0 exe 40648 50240 87907 resp 88222 0 pmu 1019676 314678 8287432 7899093 150530795
1790346422.304751 W 2020 lat 296 351 1351 0 exe 41277 49462 142425 resp 143296 17 pmu 1019755 331280 8287025 7104294 149929237
1790346423.356734 W 2021 lat 296 351 999 0 exe 41370 47166 82685 resp 83037 0 pmu 1019674 314774 8287839 7651608 143397880
1790346424.308747 W 2022 lat 296 370 2685 0 exe 41277 49425 150907 resp 151222 21 pmu 1019571 336144 8285919 7038897 149531164
1790346425.352768 W 2023 lat 296 351 981 0 exe 41185 47222 70111 resp 70462 0 pmu 1019555 315800 8286137 7740267 143772553
1790346426.288769 W 2024 lat 296 370 2425 0 exe 41259 49388 163185 resp 164092 21 pmu 1019550 336260 8289375 6912270 149514260
1790346427.332757 W 2025 lat 296 351 1370 0 exe 39685 47462 74629 resp 74981 0 pmu 1019546 318421 8282642 7864359 144355569
1790346428.268766 W 2026 lat 296 351 1629 0 exe 41537 49462 176703 resp 177018 27 pmu 1019453 338081 8287919 6953296 149614544
1790346429.308773 W 2027 lat 296 351 981 0 exe 40685 47425 73870 resp 74203 0 pmu 1019766 317920 8291020 7994440 144349117
1790346430.348772 W 2028 lat 296 351 1148 0 exe 36814 49259 176981 resp 177907 21 pmu 1019768 336214 8289093 6948302 148698691
1790346431.284767 W 2029 lat 296 370 1092 0 exe 39907 47166 72796 resp 73240 0 pmu 1019727 315499 8287982 7973205 143611696
1790346432.324757 W 2030 lat 296 370 1370 0 exe 40981 48888 151259 resp 151703 17 pmu 1019634 332789 8288260 6933784 148253387
1790346433.260750 W 2031 lat 296 351 1185 0 exe 40740 47259 69796 resp 70111 0 pmu 1019669 316328 8286489 7733713 143863096
1790346434.300660 W 2032 lat 296 333 981 0 exe 17055 40814 218870 resp 219259 50 pmu 1021074 252976 8269567 6908185 123859382
1790346435.340613 W 2033 lat 296 296 333 0 exe 16999 20351 61722 resp 62037 0 pmu 1023471 48837 8249540 8247355 52099356
1790346436.280654 W 2034 lat 296 296 1148 0 exe 16888 26407 206740 resp 207814 33 pmu 1023237 113675 8250829 6569439 68555950
1790346437.320620 W 2035 lat 296 296 333 0 exe 17277 20055 50240 resp 50537 0 pmu 1023448 45083 8246092 8057302 51238828
1790346438.256639 W 2036 lat 296 296 444 0 exe 17351 22981 105833 resp 106148 5 pmu 1023420 79626 8243682 6454185 58252365
1790346439.296619 W 2037 lat 296 296 351 0 exe 17185 19833 47407 resp 47722 0 pmu 1023461 42446 8243085 7025907 50042221
1790346440.336639 W 2038 lat 296 296 444 0 exe 17277 22074 112592 resp 112981 6 pmu 1023489 68637 8239935 6424510 55848538
1790346441.272618 W 2039 lat 296 296 333 0 exe 16851 19944 48222 resp 48537 0 pmu 1023535 43651 8241484 7089044 50369086
1790346442.312642 W 2040 lat 296 296 388 0 exe 17259 22611 119092 resp 119407 7 pmu 1023490 75337 8244915 6431501 57293464
1790346443.352618 W 2041 lat 296 296 407 0 exe 17370 19814 50407 resp 50722 0 pmu 1023524 42755 8244056 7155912 50132184
1790346444.288641 W 2042 lat 296 296 462 0 exe 17407 22166 124537 resp 124870 6 pmu 1023474 69472 8243269 6455567 56198283
1790346445.328618 W 2043 lat 296 296 333 0 exe 17518 20185 46962 resp 47277 0 pmu 1023517 46366 8242588 7209474 51031551
1790346446.264640 W 2044 lat 296 296 777 0 exe 17425 22962 111962 resp 112555 5 pmu 1023420 78815 8242652 6423506 58129649
1790346447.304614 W 2045 lat 296 296 333 0 exe 17407 20018 49592 resp 49907 0 pmu 1023522 44501 8241582 7090591 50525081
1790346448.344641 W 2046 lat 296 296 462 0 exe 17370 22481 127870 resp 128203 6 pmu 1023426 73453 8244701 6448215 57007958
1790346449.280620 W 2047 lat 296 296 351 0 exe 17333 19907 48907 resp 49222 0 pmu 1023533 43533 8243131 7244059 50391112
1790346450.320641 W 2048 lat 296 296 425 0 exe 17555 22814 120648 resp 120999 7 pmu 1023466 77309 8243321 6440638 57760380
1790346451.256612 W 2049 lat 296 296 351 0 exe 17111 19740 48148 resp 48462 0 pmu 1023470 41610 8239668 7174385 49934411
1790346452.296639 W 2050 lat 296 296 499 0 exe 17185 22259 109685 resp 109999 5 pmu 1023459 71345 8243029 6431086 56456138
1790346453.340605 W 2051 lat 296 296 333 0 exe 17240 20351 50833 resp 51129 0 pmu 1023517 48456 8244658 7060322 51339630
1790346454.272640 W 2052 lat 296 296 888 0 exe 17222 22759 114018 resp 114333 6 pmu 1023437 76552 8245928 6461409 57636499
1790346455.312616 W 2053 lat 296 296 333 0 exe 17462 20148 50203 resp 50518 0 pmu 1023543 45994 8241808 7108319 50870885
1790346456.352641 W 2054 lat 296 296 518 0 exe 17444 22222 110370 resp 110722 7 pmu 1023449 70372 8246262 6455265 56265951
1790346457.288614 W 2055 lat 296 296 333 0 exe 17518 19999 56407 resp 56703 0 pmu 1023491 44430 8239877 7068508 50497633
1790346458.328638 W 2056 lat 296 296 462 0 exe 16962 22277 116962 resp 117425 5 pmu 1023409 71159 8242637 6516995 56450071
1790346459.264620 W 2057 lat 296 296 333 0 exe 17462 20444 50148 resp 50462 0 pmu 1023477 49554 8240932 7132691 51639894
1790346460.304640 W 2058 lat 296 296 666 0 exe 16999 22277 115074 resp 115388 6 pmu 1023474 70980 8244053 6456340 56357141
1790346461.344616 W 2059 lat 296 296 333 0 exe 17259 20018 48629 resp 48925 0 pmu 1023475 44620 8241166 7114246 50567649
1790346462.280638 W 2060 lat 296 296 555 0 exe 17314 22685 121629 resp 122037 5 pmu 1023440 75688 8242268 6437920 57419272
1790346463.320615 W 2061 lat 296 296 333 0 exe 17611 20037 49129 resp 49444 0 pmu 1023509 44698 8244560 7183258 50657235
1790346464.256638 W 2062 lat 296 296 499 0 exe 17111 22425 119203 resp 119666 6 pmu 1023470 72893 8243956 6444835 56833219
1790346465.296620 W 2063 lat 296 296 351 0 exe 17444 20240 49129 resp 49444 0 pmu 1023478 47306 8240271 7156705 51159038
1790346466.336640 W 2064 lat 296 296 574 0 exe 17092 25203 125981 resp 126370 10 pmu 1023445 105204 8243485 6445085 63960296
1790346467.272612 W 2065 lat 296 296 333 0 exe 16944 19296 41259 resp 41574 0 pmu 1023500 36639 8251627 7238242 48851833
1790346468.320792 W 2066 lat 296 648 5333 0 exe 17203 90148 486185 resp 489388 367 pmu 1021899 379663 8273944 6360250 243011178
1790346469.348626 W 2067 lat 296 759 4907 0 exe 92092 150185 221314 resp 221722 996 pmu 1024963 1019595 8356592 11208484 534194104
1790346470.359131 W 2068 lat 296 648 3666 0 exe 22166 136555 411407 resp 415074 909 pmu 1024509 981262 8346628 9218611 489146162
1790346471.288782 W 2069 lat 296 611 3685 0 exe 23240 134037 320314 resp 321351 954 pmu 1023559 991950 8335050 10711393 473023219
1790346472.357162 W 2070 lat 296 685 4203 0 exe 112481 140425 429981 resp 432611 1000 pmu 1023998 1016452 8343752 9780053 477224432
1790346473.309567 W 2071 lat 314 666 3814 0 exe 112870 142518 223611 resp 224018 1000 pmu 1024904 1020082 8355508 11365798 502445929
1790346474.349033 W 2072 lat 314 703 4499 0 exe 115611 144685 433185 resp 437555 1000 pmu 1025118 1020680 8366960 9301379 498687448
1790346475.796634 W 2073 lat 314 703 3722 0 exe 112722 144111 218259 resp 218685 1000 pmu 1025208 1021653 8365279 11445254 494700084
1790346476.333657 W 2074 lat 314 685 3777 0 exe 113962 142629 205907 resp 206240 1000 pmu 1024933 1020540 8358249 9254945 505979613
1790346477.284738 W 2075 lat 314 685 4166 0 exe 115074 143148 394759 resp 396518 1000 pmu 1024869 1020243 8363699 9130051 499082155
1790346478.345031 W 2076 lat 296 629 3518 0 exe 109537 138611 295333 resp 297129 1000 pmu 1023544 1014654 8342706 11035810 491951224
1790346479.292474 W 2077 lat 296 592 4166 0 exe 99425 135518 192611 resp 193166 999 pmu 1023906 1013490 8319655 9987757 459661077
1790346480.327688 W 2078 lat 296 462 2907 0 exe 109870 127703 188111 resp 188592 1000 pmu 1022403 1010594 8289124 8891568 360155125
1790346481.260764 W 2079 lat 296 462 3166 0 exe 112074 125537 156518 resp 156851 1000 pmu 1021523 1002072 8277228 8852049 328175315
1790346482.300758 W 2080 lat 296 481 3444 0 exe 113648 126333 178166 resp 178796 1000 pmu 1022277 1003241 8279059 8536979 329250981
1790346483.344754 W 2081 lat 296 462 3240 0 exe 113703 125444 145351 resp 147092 1000 pmu 1021990 1001588 8280045 8768352 323542837
1790346484.280759 W 2082 lat 296 444 3481 0 exe 113444 125740 145962 resp 146277 1000 pmu 1022362 1002936 8280517 8440252 323068182
1790346485.324752 W 2083 lat 296 444 4055 0 exe 113222 125370 143092 resp 143407 1000 pmu 1022358 998945 8280908 8440557 322301400
1790346486.288726 W 2084 lat 296 481 3203 0 exe 110648 124777 148629 resp 148944 1000 pmu 1021957 996083 8278050 8411669 322170955
1790346487.260704 W 2085 lat 296 462 3092 0 exe 112629 124111 151166 resp 151611 1000 pmu 1021644 990177 8277292 8447320 321872655
1790346488.340726 W 2086 lat 296 462 3499 0 exe 112037 124148 149722 resp 150037 1000 pmu 1021730 990785 8285113 8479216 321374822
1790346489.312729 W 2087 lat 296 499 3462 0 exe 110722 124259 147555 resp 148074 1000 pmu 1021791 989799 8281585 8463407 322080989
1790346490.284704 W 2088 lat 296 481 3296 0 exe 112703 123999 159685 resp 159999 1000 pmu 1021723 989820 8278926 8436837 321056612
1790346502.340978 W 2089 lat 296 499 3462 0 exe 112055 124277 146018 resp 146333 1000 pmu 1021774 989158 8280001 8564840 322080139
1790346502.349361 W 2090 lat 296 462 3462 0 exe 112018 124277 144092 resp 144425 1000 pmu 1021838 990525 8282269 8427008 321159587
1790346502.349434 W 2091 lat 296 462 3759 0 exe 110907 124129 147870 resp 148185 1000 pmu 1021905 990640 8282500 8407484 321080621
1790346502.349485 W 2092 lat 296 499 4259 0 exe 111425 124166 144962 resp 145277 1000 pmu 1021871 989908 8275835 8440293 320720659
1790346502.349536 W 2093 lat 296 462 3351 0 exe 111962 124370 158055 resp 158537 1000 pmu 1021806 991025 8282529 8416898 323414786
1790346502.349586 W 2094 lat 296 481 2981 0 exe 103555 123833 147166 resp 147481 1000 pmu 1021485 988058 8279446 8547580 322007085
1790346502.349636 W 2095 lat 296 462 3148 0 exe 107777 124037 145018 resp 146499 1000 pmu 1021838 986392 8284788 8391365 321268687
1790346502.349685 W 2096 lat 296 425 3240 0 exe 17407 96574 158962 resp 159296 699 pmu 1022222 757674 8273823 8397884 250180769
1790346502.349731 W 2097 lat 296 296 333 0 exe 17129 19092 42925 resp 43240 0 pmu 1023501 34608 8250282 7940608 48780922
1790346502.349778 W 2098 lat 296 296 333 0 exe 16851 18574 26185 resp 26481 0 pmu 1023493 28557 8246211 6375528 46547012
1790346502.349824 W 2099 lat 296 296 351 0 exe 16888 18481 22444 resp 22759 0 pmu 1023532 27783 8248659 6204216 46267550
1790346502.349870 W 2100 lat 296 296 333 0 exe 16833 18537 25999 resp 26296 0 pmu 1023532 28452 8253750 6166716 46387150
1790346503.256666 W 2101 lat 296 314 1722 0 exe 16851 33981 289888 resp 290203 71 pmu 1023157 182220 8254799 6202329 90564834
1790346504.296611 W 2102 lat 296 296 444 0 exe 16870 19129 45592 resp 45925 0 pmu 1023514 34997 8250773 8925490 49485186
1790346505.340665 W 2103 lat 296 333 2703 0 exe 17425 47018 313759 resp 316462 68 pmu 1022820 320963 8250566 6402126 125835320
1790346506.276624 W 2104 lat 296 296 685 0 exe 16962 20611 52870 resp 53166 0 pmu 1023461 51272 8246395 9249254 53344498
1790346507.316652 W 2105 lat 296 296 537 0 exe 17962 26648 115833 resp 116277 8 pmu 1023301 121411 8249096 6483576 67833392
1790346508.356619 W 2106 lat 296 296 333 0 exe 17037 20407 50537 resp 50851 0 pmu 1023488 48949 8247005 7148557 51569794
1790346509.292641 W 2107 lat 296 296 4722 0 exe 17629 23185 113907 resp 114462 9 pmu 1023364 80953 8248821 6457968 58936470
1790346510.332624 W 2108 lat 296 296 333 0 exe 17574 20499 45833 resp 46148 0 pmu 1023507 49784 8246500 7131786 51772916
1790346511.268652 W 2109 lat 296 296 4074 0 exe 17999 24999 182592 resp 186666 10 pmu 1023323 100473 8248120 6414122 63701392
1790346512.308618 W 2110 lat 296 296 444 0 exe 17185 20740 50351 resp 50666 0 pmu 1023502 52613 8248160 7843863 52841813
1790346513.348643 W 2111 lat 296 296 499 0 exe 17666 23481 132333 resp 132796 10 pmu 1023358 84425 8252033 6458890 59739690
1790346514.284620 W 2112 lat 296 296 333 0 exe 17592 20370 47611 resp 47907 0 pmu 1023517 48605 8251925 7296113 51575463
1790346515.328644 W 2113 lat 296 296 481 0 exe 16962 23537 130185 resp 130648 9 pmu 1023453 84961 8248542 6431223 59759739
1790346516.264622 W 2114 lat 296 296 333 0 exe 17777 20777 45444 resp 45740 0 pmu 1023503 52962 8246918 7271268 52549109
1790346517.304641 W 2115 lat 296 296 555 0 exe 17666 23092 148277 resp 148814 9 pmu 1023401 79414 8248628 6412546 58743911
1790346518.344621 W 2116 lat 296 296 333 0 exe 17537 20499 48018 resp 48351 0 pmu 1023513 50044 8249170 7454215 52010984
1790346519.280642 W 2117 lat 296 296 888 0 exe 17462 23518 135129 resp 136018 7 pmu 1023452 85156 8251317 6435664 59819379
1790346520.320626 W 2118 lat 296 296 370 0 exe 17407 20333 46203 resp 46499 0 pmu 1023550 48280 8249982 7327330 51523005
1790346521.256641 W 2119 lat 296 296 666 0 exe 17444 23240 121462 resp 122092 6 pmu 1023402 81453 8249615 6416057 59049605
1790346522.296624 W 2120 lat 296 296 407 0 exe 17555 21018 51944 resp 52259 0 pmu 1023535 56060 8246532 7186583 53161608
1790346523.336643 W 2121 lat 296 296 851 0 exe 17444 23537 114481 resp 114851 9 pmu 1023305 84881 8254271 6477965 59778397
1790346524.272617 W 2122 lat 296 296 333 0 exe 17388 20259 45129 resp 45444 0 pmu 1023353 46814 8249452 7118081 51195538
1790346525.312662 W 2123 lat 296 296 555 0 exe 17537 23185 115277 resp 115685 12 pmu 1023271 80802 8250189 6404798 58975859
1790346526.352622 W 2124 lat 296 296 444 0 exe 17574 20759 48833 resp 49148 0 pmu 1023502 52433 8246284 7123461 52408781
1790346527.288640 W 2125 lat 296 296 555 0 exe 17296 23629 127222 resp 127555 9 pmu 1023310 85901 8250292 6445850 60158941
1790346528.328622 W 2126 lat 296 296 333 0 exe 17462 21074 44962 resp 45277 0 pmu 1023435 56126 8248252 7243408 53319728
1790346529.264643 W 2127 lat 296 296 592 0 exe 17814 23499 117722 resp 118111 10 pmu 1023203 83842 8247838 6407681 59777084
1790346530.308624 W 2128 lat 296 296 333 0 exe 17592 20444 45629 resp 45944 0 pmu 1023395 48878 8246287 7150877 51686262
1790346531.348645 W 2129 lat 296 296 499 0 exe 17722 23518 123370 resp 123851 9 pmu 1023329 84696 8249065 6411920 59829082
1790346532.284617 W 2130 lat 296 296 333 0 exe 17444 20481 45148 resp 45481 0 pmu 1023405 49249 8246930 7206957 51795415
1790346533.324643 W 2131 lat 296 296 703 0 exe 17685 23833 118981 resp 119499 12 pmu 1023292 88248 8247913 6406500 60632135
1790346534.260622 W 2132 lat 296 296 425 0 exe 17592 20833 59722 resp 60037 0 pmu 1023343 53778 8248836 7165660 52720665
1790346535.300642 W 2133 lat 296 296 518 0 exe 17259 26018 122203 resp 122592 14 pmu 1023217 114736 8252197 6555253 66930893
1790346536.340610 W 2134 lat 296 296 333 0 exe 16796 19333 44222 resp 44537 0 pmu 1023380 36552 8247640 7205174 48895738
1790346537.293065 W 2135 lat 296 3111 16851 0 exe 17166 219759 740870 resp 751537 503 pmu 1021989 444195 8284253 6389833 556630265
1790346538.348938 W 2136 lat 1185 7333 30407 0 exe 142037 393018 734666 resp 744907 1000 pmu 1020820 628128 8297102 14510594 996177202
1790346539.296992 W 2137 lat 1333 6648 23907 0 exe 137074 393685 724074 resp 734388 1000 pmu 1021876 683200 8317155 16030350 1002341051
1790346540.348881 W 2138 lat 740 7407 31999 0 exe 133888 390907 689425 resp 695592 1000 pmu 1021152 619723 8306120 15868172 991587290
1790346541.292956 W 2139 lat 629 6740 40203 0 exe 132722 399407 775185 resp 782425 1000 pmu 1021579 693646 8313811 15512461 1015796917
1790346542.361000 W 2140 lat 925 7592 24462 0 exe 135666 392759 731185 resp 743203 1000 pmu 1021259 620464 8305626 16449272 996693803
1790346543.316966 W 2141 lat 722 6722 43851 0 exe 149629 401796 784185 resp 792407 1000 pmu 1021372 697798 8317576 15941686 1021999393
1790346544.268828 W 2142 lat 1018 6759 20907 0 exe 170722 412981 713777 resp 725370 1000 pmu 1018889 678898 8287323 16659406 1045925541
1790346545.328976 W 2143 lat 1111 5999 25999 0 exe 221074 436203 797018 resp 807407 1000 pmu 1015204 735005 8254200 16020468 1103426341
1790346546.280938 W 2144 lat 1759 5925 17296 0 exe 229166 439185 649685 resp 657925 1000 pmu 1013977 721609 8240396 17236507 1109816519
1790346547.341024 W 2145 lat 1370 6055 18351 0 exe 256685 441018 672037 resp 683777 1000 pmu 1013842 738876 8247444 15767585 1114872611
1790346548.296978 W 2146 lat 1685 6333 16444 0 exe 229722 437388 684351 resp 690907 1000 pmu 1014323 722345 8243037 16159282 1105060522
1790346549.340986 W 2147 lat 1444 5962 15796 0 exe 269592 440055 700481 resp 705740 1000 pmu 1014558 746347 8244418 16096780 1112346919
1790346550.276968 W 2148 lat 1444 6277 19333 0 exe 220351 440481 679740 resp 684722 1000 pmu 1014706 720325 8253790 16458028 1112437549
1790346551.316989 W 2149 lat 1388 6074 17851 0 exe 254759 445814 691499 resp 696740 1000 pmu 1013981 755818 8238569 16024397 1126377400
1790346552.276940 W 2150 lat 1222 6185 17333 0 exe 228277 442333 699685 resp 705129 1000 pmu 1014546 718056 8246518 16333415 1116821305
1790346553.340905 W 2151 lat 1462 5814 15074 0 exe 239870 443240 626148 resp 632685 1000 pmu 1014125 747646 8241978 16263470 1120442127
1790346554.312978 W 2152 lat 2185 6129 15407 0 exe 256759 444333 652833 resp 657592 1000 pmu 1014351 730934 8250155 15584071 1122131761
1790346555.273008 W 2153 lat 1166 5981 17129 0 exe 208074 440777 709462 resp 715814 1000 pmu 1014694 731304 8250297 15938857 1113585286
1790346556.336996 W 2154 lat 1814 5999 19407 0 exe 259777 442444 662629 resp 673222 1000 pmu 1014190 732679 8245666 16254752 1117778495
1790346557.292992 W 2155 lat 1148 6037 15777 0 exe 208796 441759 638574 resp 646351 1000 pmu 1014925 728232 8249997 16089377 1116359277
1790346558.348992 W 2156 lat 1222 6037 20111 0 exe 217518 439574 640407 resp 651962 1000 pmu 1015320 742998 8252181 15555137 1111319456
1790346559.300975 W 2157 lat 1462 6111 17388 0 exe 243925 445777 825425 resp 834740 1000 pmu 1015770 731155 8259032 15646748 1125447160
1790346560.364964 W 2158 lat 1444 6129 17574 0 exe 218666 440148 763148 resp 768037 1000 pmu 1016064 747011 8259851 17636910 1114387469
1790346561.324988 W 2159 lat 1481 6148 17814 0 exe 269129 437166 701240 resp 709055 1000 pmu 1015975 722493 8256831 16838456 1106145414
1790346562.272985 W 2160 lat 1537 5981 20407 0 exe 264166 442129 626907 resp 636148 1000 pmu 1014359 743455 8238397 16472836 1118183662
1790346563.312906 W 2161 lat 1555 6111 28740 0 exe 243944 437703 636388 resp 641907 1000 pmu 1014606 725976 8258928 15749115 1107142712
1790346564.356964 W 2162 lat 1629 6185 20925 0 exe 230462 444629 644481 resp 649888 1000 pmu 1015769 735155 8257770 15744456 1123289273
1790346565.292985 W 2163 lat 1407 5962 17018 0 exe 239185 437333 691259 resp 700666 1000 pmu 1014708 729607 8249732 15753805 1106427706
1790346566.332986 W 2164 lat 1425 5907 17740 0 exe 241425 448814 801129 resp 812574 1000 pmu 1013894 741032 8237098 16226929 1134361726
1790346567.268645 W 2165 lat 296 3333 17629 0 exe 16925 256481 717055 resp 725962 560 pmu 1018214 472006 8242204 17406404 651895615
1790346568.312640 W 2166 lat 296 296 740 0 exe 16814 21407 124277 resp 125018 5 pmu 1023433 61182 8247282 14448019 59074481
1790346569.252661 W 2167 lat 296 296 1166 0 exe 16759 26351 195055 resp 195555 24 pmu 1023249 114169 8249394 7203466 68166593
1790346570.316644 W 2168 lat 296 296 425 0 exe 19185 25555 126444 resp 126870 6 pmu 1023483 108644 8242419 7936880 65331439
1790346571.280630 W 2169 lat 296 296 351 0 exe 19388 23999 41851 resp 42166 0 pmu 1023440 90641 8242440 7254606 60408853
1790346572.344647 W 2170 lat 296 296 555 0 exe 19222 25407 117555 resp 117888 4 pmu 1023437 107227 8245968 6400776 64086629
1790346573.280631 W 2171 lat 296 296 333 0 exe 19648 23759 41592 resp 41907 0 pmu 1023572 87896 8244704 7165411 59752925
1790346574.324650 W 2172 lat 296 296 574 0 exe 19666 26537 109166 resp 109518 5 pmu 1023458 120435 8245381 6398402 66805603
1790346575.284634 W 2173 lat 296 296 407 0 exe 18962 23611 53166 resp 53481 0 pmu 1023478 86004 8242391 7089523 59370674
1790346576.340649 W 2174 lat 296 296 407 0 exe 19333 26092 115944 resp 116277 5 pmu 1023392 115054 8242803 6510252 65740884
1790346577.292633 W 2175 lat 296 296 333 0 exe 18814 21907 42555 resp 42870 0 pmu 1023461 65967 8242196 7152396 55205058
1790346578.336651 W 2176 lat 296 296 574 0 exe 18851 25407 110092 resp 110407 6 pmu 1023469 107170 8243843 6394514 64050079
1790346579.280672 W 2177 lat 296 296 370 0 exe 19555 23240 43796 resp 44092 0 pmu 1023504 81629 8244474 7088769 58456840
1790346580.328672 W 2178 lat 296 296 499 0 exe 18999 26203 122907 resp 123240 6 pmu 1023479 116727 8246818 6417412 66057213
1790346581.264641 W 2179 lat 296 296 351 0 exe 18092 22888 53203 resp 53518 0 pmu 1023495 77523 8238096 7221469 57675285
1790346582.328648 W 2180 lat 296 296 555 0 exe 19499 25444 117462 resp 117833 5 pmu 1023434 107564 8244184 6502439 64213400
1790346583.280635 W 2181 lat 296 296 333 0 exe 18481 22759 43277 resp 43574 0 pmu 1023502 76016 8241532 7166090 57299383
1790346584.320648 W 2182 lat 296 296 537 0 exe 20148 26629 111833 resp 112185 5 pmu 1023472 121769 8242797 6404249 67072117
1790346585.256634 W 2183 lat 296 296 351 0 exe 19166 23499 43111 resp 43425 0 pmu 1023492 84472 8242306 7118857 59068992
1790346586.308648 W 2184 lat 296 296 407 0 exe 18611 25740 112870 resp 113203 5 pmu 1023467 111227 8243904 6409846 64879863
1790346587.256631 W 2185 lat 296 296 351 0 exe 18814 23222 43388 resp 43703 0 pmu 1023458 81324 8242524 7116285 58408630
1790346588.320649 W 2186 lat 296 296 425 0 exe 18648 25111 112166 resp 112481 6 pmu 1023466 103462 8242117 6409350 63290141
1790346589.284630 W 2187 lat 296 296 351 0 exe 19037 24333 42870 resp 43185 0 pmu 1023499 94497 8243444 7106178 61119538
1790346590.344737 W 2188 lat 296 296 462 0 exe 17981 30888 130999 resp 131314 5 pmu 1023233 171938 8246772 6410990 79989124
1790346591.292651 W 2189 lat 296 296 555 0 exe 19629 34555 137722 resp 138037 9 pmu 1023154 214272 8243967 7320494 90341419
1790346592.332646 W 2190 lat 296 296 444 0 exe 18999 24981 125981 resp 126425 6 pmu 1023437 101994 8241817 7414791 63619293
1790346593.272634 W 2191 lat 296 296 333 0 exe 19129 22592 41962 resp 42277 0 pmu 1023485 74122 8241898 7246365 56966948
1790346594.320650 W 2192 lat 296 296 425 0 exe 18703 25203 117592 resp 117925 4 pmu 1023431 104970 8243925 6393638 63576570
1790346595.280638 W 2193 lat 296 296 351 0 exe 18759 24018 55111 resp 55425 0 pmu 1023534 91212 8245431 7161493 60420518
1790346596.336649 W 2194 lat 296 296 388 0 exe 18203 26185 115333 resp 115666 4 pmu 1023419 116534 8243285 6530296 66133227
1790346597.308637 W 2195 lat 296 296 333 0 exe 19611 24703 67666 resp 67981 0 pmu 1023489 99057 8245496 7141074 62080416
1790346598.260647 W 2196 lat 296 296 499 0 exe 19370 25759 111185 resp 111499 5 pmu 1023449 111111 8239406 6663643 65007609
1790346599.308646 W 2197 lat 296 296 425 0 exe 17592 25611 104981 resp 105314 1 pmu 1023463 110187 8247532 7103772 64755509
1790346600.348642 W 2198 lat 296 296 555 0 exe 16740 21611 112537 resp 112851 5 pmu 1023440 63552 8250034 7031836 55073527
1790346601.296642 W 2199 lat 296 296 1351 0 exe 17055 27425 209444 resp 210796 27 pmu 1023142 127390 8252213 7083682 71468877
1790346602.332642 W 2200 lat 296 296 481 0 exe 17203 22481 111981 resp 112314 7 pmu 1023461 73472 8247394 8092693 57879639
1790346603.268612 W 2201 lat 296 296 333 0 exe 16907 19444 43259 resp 43574 0 pmu 1023484 38399 8240969 7084454 49152073
1790346604.308637 W 2202 lat 296 296 481 0 exe 17314 21944 109592 resp 109907 4 pmu 1023418 67263 8242716 6379684 55517870
1790346605.348613 W 2203 lat 296 296 351 0 exe 17314 19833 44518 resp 44833 0 pmu 1023537 42879 8244195 7058370 50097043
1790346606.284640 W 2204 lat 296 296 499 0 exe 17314 22166 106833 resp 107185 5 pmu 1023448 69777 8242611 6396308 56064544
1790346607.324632 W 2205 lat 296 296 370 0 exe 17074 20666 79888 resp 80203 0 pmu 1023524 52660 8241218 7032198 52159722
1790346608.260640 W 2206 lat 296 296 444 0 exe 17203 22148 108814 resp 109259 5 pmu 1023436 69672 8243138 6753017 56222275
1790346609.300611 W 2207 lat 296 296 333 0 exe 16833 19555 47518 resp 47851 0 pmu 1023474 39064 8239060 7051458 49326450
1790346610.340641 W 2208 lat 296 296 462 0 exe 16944 22222 110981 resp 111388 6 pmu 1023402 70226 8242809 6422563 56176209
1790346611.276610 W 2209 lat 296 296 333 0 exe 17111 19629 45592 resp 45925 0 pmu 1023435 40286 8239706 7071984 49585447
1790346612.316638 W 2210 lat 296 296 629 0 exe 17148 22185 111851 resp 112166 9 pmu 1023407 70169 8242740 6405099 56180467
1790346613.252612 W 2211 lat 296 296 333 0 exe 16833 19814 45814 resp 46111 0 pmu 1023527 42652 8242320 7081958 50039359
1790346614.292637 W 2212 lat 296 296 444 0 exe 17277 21870 107925 resp 108240 6 pmu 1023417 66341 8240283 6406501 55388725
1790346615.336610 W 2213 lat 296 296 333 0 exe 17370 19851 45074 resp 45388 0 pmu 1023509 42892 8244689 7040867 50128184
1790346616.272636 W 2214 lat 296 296 592 0 exe 17148 21759 114722 resp 115314 5 pmu 1023440 64787 8244048 6402121 55095087
1790346617.312610 W 2215 lat 296 296 333 0 exe 16962 19351 40962 resp 41277 0 pmu 1023445 36874 8239410 7109738 48890077
1790346618.352637 W 2216 lat 296 296 592 0 exe 17018 22037 110925 resp 111240 6 pmu 1023433 68301 8241998 6356558 55744988
1790346619.288612 W 2217 lat 296 296 351 0 exe 17277 19981 62203 resp 62499 0 pmu 1023514 44694 8242985 7071172 50494323
1790346620.328637 W 2218 lat 296 296 1129 0 exe 17277 21962 119240 resp 119574 5 pmu 1023456 67500 8245694 6573682 55704930
1790346621.264611 W 2219 lat 296 296 351 0 exe 16999 19462 40518 resp 40814 0 pmu 1023483 38343 8241301 7158175 49203658
1790346622.304637 W 2220 lat 296 296 425 0 exe 17296 21888 108185 resp 108592 7 pmu 1023417 66754 8243199 6352742 55437826
1790346623.344610 W 2221 lat 296 296 351 0 exe 17074 19740 46314 resp 46629 0 pmu 1023428 41492 8240072 7044156 49828104
1790346624.280636 W 2222 lat 296 296 574 0 exe 17296 22111 101592 resp 101925 6 pmu 1023355 69721 8241515 6412506 56096279
1790346625.320616 W 2223 lat 296 296 407 0 exe 16870 19981 67666 resp 67962 0 pmu 1023488 44677 8240270 6979622 50431439
1790346626.260637 W 2224 lat 296 296 574 0 exe 17462 22462 110222 resp 110555 4 pmu 1023445 73290 8242748 6626649 56960214
1790346627.300611 W 2225 lat 296 296 351 0 exe 17370 19777 48222 resp 48518 0 pmu 1023506 41971 8240959 7068491 49945612
1790346628.340635 W 2226 lat 296 296 685 0 exe 17388 21666 111037 resp 111388 5 pmu 1023480 64163 8242031 6433324 54806225
1790346629.276610 W 2227 lat 296 296 333 0 exe 17240 19351 43666 resp 43962 0 pmu 1023457 37089 8239012 7072898 48922378
1790346630.316634 W 2228 lat 296 296 592 0 exe 16796 22351 106111 resp 106425 5 pmu 1023440 72608 8246285 6384924 56657384
1790346631.252639 W 2229 lat 296 296 592 0 exe 17296 22907 104333 resp 104722 2 pmu 1023491 78988 8248513 7023557 58142635
1790346632.292635 W 2230 lat 296 296 499 0 exe 17055 21388 109851 resp 110351 5 pmu 1023465 61243 8253123 7011447 54525677
1790346633.340832 W 2231 lat 296 722 7481 0 exe 16777 62185 527018 resp 533222 229 pmu 1021717 222782 8267923 7058552 166789234
1790346634.292773 W 2232 lat 333 2537 9296 0 exe 63388 219148 521240 resp 526925 978 pmu 1015235 731652 8307223 11500979 593965941
1790346635.344788 W 2233 lat 333 2574 11777 0 exe 68499 217592 530203 resp 535314 980 pmu 1014904 722083 8306919 12476902 589892297
1790346636.292819 W 2234 lat 333 2444 8148 0 exe 66240 211537 521407 resp 526203 976 pmu 1015351 739096 8316217 12594044 576500796
1790346637.344928 W 2235 lat 333 2592 10907 0 exe 69629 217018 534611 resp 541833 972 pmu 1014653 719314 8294797 12444029 588373228
1790346638.292793 W 2236 lat 333 2666 10759 0 exe 63277 224592 541888 resp 547907 988 pmu 1014810 743740 8302888 12647220 607120337
1790346639.345013 W 2237 lat 333 2537 8259 0 exe 66185 206611 522907 resp 528537 971 pmu 1015327 713670 8309546 12719675 564136502
1790346640.284837 W 2238 lat 333 2537 9259 0 exe 65777 216092 526722 resp 532518 980 pmu 1015187 734246 8300718 12439509 587005261
1790346641.332831 W 2239 lat 333 2537 9907 0 exe 76518 214648 512759 resp 519907 978 pmu 1014891 722283 8298533 12528743 582714304
1790346642.284979 W 2240 lat 333 2481 10203 0 exe 67407 214925 530537 resp 535314 982 pmu 1014970 733442 8300540 12445684 583956436
1790346643.328824 W 2241 lat 314 2481 8592 0 exe 59499 207462 533518 resp 538574 946 pmu 1014856 713458 8301912 12568368 565405474
1790346644.268938 W 2242 lat 333 2425 11055 0 exe 65314 202814 537314 resp 542111 968 pmu 1015596 723520 8309223 12514721 555700937
1790346645.320792 W 2243 lat 333 2666 8629 0 exe 92148 231111 529166 resp 536240 995 pmu 1014286 745020 8307322 12569312 621751047
1790346646.256982 W 2244 lat 333 2592 9499 0 exe 70833 220185 531018 resp 535222 980 pmu 1015054 733245 8305507 12763912 596978400
1790346647.300908 W 2245 lat 314 2537 9203 0 exe 61925 214499 525759 resp 534962 976 pmu 1014981 720558 8305602 12610842 582865034
1790346648.348767 W 2246 lat 314 2685 9574 0 exe 83722 234870 538870 resp 541962 998 pmu 1014275 754212 8301826 12508558 631038120
1790346649.288760 W 2247 lat 333 2685 9018 0 exe 83740 230314 527203 resp 533740 995 pmu 1014064 745322 8298372 12822501 620142565
1790346650.340763 W 2248 lat 333 2611 9537 0 exe 68499 218981 532999 resp 539037 982 pmu 1014883 736030 8302767 12697581 593695302
1790346651.280871 W 2249 lat 333 2518 9444 0 exe 74611 211722 529648 resp 534666 970 pmu 1015278 724590 8304335 12622602 576090626
1790346652.324933 W 2250 lat 333 2499 8981 0 exe 59833 220222 531555 resp 537018 982 pmu 1015342 736062 8297491 12577243 596732803
1790346653.272778 W 2251 lat 333 2555 10425 0 exe 63981 216777 542222 resp 545962 978 pmu 1014896 720075 8300433 12564727 587852373
1790346654.324754 W 2252 lat 333 2499 8740 0 exe 80851 220240 524981 resp 531648 987 pmu 1014901 742348 8302069 12673962 596777235
1790346655.260882 W 2253 lat 314 2425 9648 0 exe 71425 208851 532277 resp 536037 967 pmu 1015019 717083 8301774 12608934 569447713
1790346656.312857 W 2254 lat 333 2555 10129 0 exe 60685 217425 510388 resp 514611 984 pmu 1015047 737903 8307109 12567489 590242343
1790346657.256833 W 2255 lat 351 2518 10240 0 exe 72277 213074 538407 resp 544444 974 pmu 1015071 723969 8303367 12343107 579101398
1790346658.304823 W 2256 lat 333 2518 9037 0 exe 59629 210888 524518 resp 529648 974 pmu 1015298 722896 8304480 12669073 574806775
1790346659.256769 W 2257 lat 333 2555 10499 0 exe 71129 224462 536537 resp 542296 980 pmu 1014298 727824 8288863 12445475 605858991
1790346660.308932 W 2258 lat 314 2499 10999 0 exe 59055 209481 538666 resp 545296 949 pmu 1015102 726532 8311497 12701616 570714907
1790346661.256981 W 2259 lat 333 2629 10166 0 exe 65685 225574 533907 resp 544074 984 pmu 1014485 732911 8296965 12594165 608671699
1790346662.304797 W 2260 lat 333 2722 9185 0 exe 95037 239759 535870 resp 542111 999 pmu 1014219 756120 8293994 12674600 642662434
1790346663.348644 W 2261 lat 296 2129 10129 0 exe 17833 176499 510907 resp 517425 783 pmu 1016749 607118 8289828 12887075 479972468
1790346664.284641 W 2262 lat 296 296 370 0 exe 17018 21370 116740 resp 117074 7 pmu 1023421 60573 8249927 11935837 57348319
1790346665.324651 W 2263 lat 296 296 1870 0 exe 17148 25111 209555 resp 209944 31 pmu 1023119 98666 8250225 7125203 65125875
1790346666.260648 W 2264 lat 296 296 444 0 exe 20444 26870 133870 resp 134240 7 pmu 1023356 124200 8246753 8080364 69050250
1790346667.300629 W 2265 lat 296 296 388 0 exe 20074 23722 49259 resp 49592 0 pmu 1023473 87522 8247248 7341380 60200883
1790346668.352644 W 2266 lat 296 296 425 0 exe 19629 26351 110388 resp 110759 5 pmu 1023392 118200 8244270 6477254 66801252
1790346669.288630 W 2267 lat 296 296 481 0 exe 19962 23518 43055 resp 43370 0 pmu 1023483 84878 8239524 7099896 59528307
1790346670.328643 W 2268 lat 296 296 592 0 exe 19666 25870 110759 resp 111074 4 pmu 1023423 112756 8241833 6414104 65736639
1790346671.272626 W 2269 lat 296 296 333 0 exe 20129 24222 59888 resp 60203 0 pmu 1023464 93384 8246317 7102032 61318330
1790346672.320642 W 2270 lat 296 296 407 0 exe 19555 25407 120296 resp 120703 6 pmu 1023394 107190 8246276 6585838 64578473
1790346673.256627 W 2271 lat 296 296 333 0 exe 19611 23259 44555 resp 44888 0 pmu 1023436 81950 8244721 7194090 59023564
1790346674.296646 W 2272 lat 296 296 425 0 exe 19777 25370 125666 resp 125999 6 pmu 1023470 106702 8241125 6425292 64373129
1790346675.336628 W 2273 lat 296 296 351 0 exe 19388 23629 49555 resp 49888 0 pmu 1023466 86154 8239900 7248478 59902725
1790346676.272647 W 2274 lat 296 296 407 0 exe 20018 25759 111666 resp 111981 6 pmu 1023393 111522 8246266 6476262 65331446
1790346677.316629 W 2275 lat 296 296 351 0 exe 19296 23740 60611 resp 60962 0 pmu 1023469 87727 8247545 7111356 60122351
1790346678.256643 W 2276 lat 296 296 499 0 exe 18462 24981 114648 resp 115148 4 pmu 1023378 102038 8247005 6586954 63525912
1790346679.300628 W 2277 lat 296 296 333 0 exe 19314 23037 52796 resp 53111 0 pmu 1023433 79110 8245100 7130872 58347377
1790346680.344645 W 2278 lat 296 296 444 0 exe 19203 24833 107851 resp 108277 5 pmu 1023387 100462 8244539 6505071 63136682
1790346681.296630 W 2279 lat 296 296 388 0 exe 19166 23481 46851 resp 47166 0 pmu 1023409 84788 8244017 7065214 59453440
1790346682.344643 W 2280 lat 296 296 537 0 exe 19759 25185 116074 resp 116407 3 pmu 1023376 104504 8242511 6447366 64043767
1790346683.288626 W 2281 lat 296 296 351 0 exe 19388 23981 61222 resp 61537 0 pmu 1023493 90980 8248424 7152071 60790488
1790346684.335816 W 2282 lat 296 296 611 0 exe 19851 24611 120074 resp 120518 6 pmu 1023409 97438 8244941 6594415 62565020
1790346685.276627 W 2283 lat 296 296 333 0 exe 19703 23833 49759 resp 50055 0 pmu 1023478 88518 8240731 7190351 60388175
1790346686.332644 W 2284 lat 296 296 407 0 exe 19370 24907 121648 resp 122055 5 pmu 1023441 100888 8240257 6480520 63390701
1790346687.276627 W 2285 lat 296 296 333 0 exe 19537 25166 78407 resp 78722 0 pmu 1023454 104880 8243472 7203968 63697320
1790346688.316645 W 2286 lat 296 296 444 0 exe 19555 23481 115537 resp 115981 5 pmu 1023413 84469 8238560 6773043 59918833
1790346689.256625 W 2287 lat 296 296 462 0 exe 19814 25092 97555 resp 97870 0 pmu 1023496 104043 8242821 7137236 63574481
1790346690.304643 W 2288 lat 296 296 333 0 exe 19092 22722 47351 resp 47666 0 pmu 1023371 75421 8241126 6966123 57490397
1790346691.252630 W 2289 lat 296 296 740 0 exe 20462 26592 112314 resp 112907 8 pmu 1023408 121151 8246641 6447991 67452242
1790346692.296643 W 2290 lat 296 296 351 0 exe 20499 23722 49444 resp 49740 0 pmu 1023468 87834 8248288 7127167 60073163
1790346693.336637 W 2291 lat 296 296 444 0 exe 19981 26462 130537 resp 130962 5 pmu 1023371 119512 8246480 6480873 67064931
1790346694.280625 W 2292 lat 296 296 351 0 exe 19944 24074 60351 resp 60666 0 pmu 1023388 91563 8245484 7304112 61044969
1790346695.324661 W 2293 lat 296 296 462 0 exe 17851 27555 122240 resp 122592 7 pmu 1023339 132443 8251404 6588991 70276087
1790346696.260613 W 2294 lat 296 296 333 0 exe 16981 19370 46611 resp 46925 0 pmu 1023477 37566 8257335 7215719 49016575
1790346697.308655 W 2295 lat 296 296 851 0 exe 17092 27018 184796 resp 185611 34 pmu 1023178 120685 8258360 6413471 70018606
1790346698.256630 W 2296 lat 296 296 333 0 exe 17462 20703 43555 resp 43870 0 pmu 1023465 52557 8245438 7839057 52718244
1790346699.324639 W 2297 lat 296 296 351 0 exe 17444 23111 110722 resp 111037 4 pmu 1023370 79391 8246861 6391796 58374484
1790346700.280618 W 2298 lat 296 296 333 0 exe 17481 20018 40981 resp 41296 0 pmu 1023481 43250 8244829 7075509 50539279
1790346701.328625 W 2299 lat 296 296 629 0 exe 17499 22240 115388 resp 115722 5 pmu 1023366 68825 8247098 6362545 56121294
1790346702.260618 W 2300 lat 296 296 333 0 exe 17814 20425 43722 resp 44037 0 pmu 1023449 48162 8245166 7119601 51601758
1790346703.304643 W 2301 lat 296 296 407 0 exe 17351 22555 109777 resp 110111 6 pmu 1023438 73295 8246641 6393647 56972133
1790346704.346155 W 2302 lat 296 296 333 0 exe 17314 19759 46499 resp 46833 0 pmu 1023418 41383 8241912 7063242 49902411
1790346705.280634 W 2303 lat 296 296 388 0 exe 17259 21944 105999 resp 106314 5 pmu 1023386 66055 8244039 6415710 55532308
1790346706.320619 W 2304 lat 296 296 351 0 exe 17537 20185 45222 resp 45537 0 pmu 1023449 44929 8242872 7021651 50914738
1790346707.256640 W 2305 lat 296 296 444 0 exe 17518 22481 106814 resp 107129 5 pmu 1023388 72190 8245673 6406237 56794697
1790346708.296615 W 2306 lat 296 296 333 0 exe 17407 20055 47111 resp 47425 0 pmu 1023468 43801 8245663 7034135 50621866
1790346709.336643 W 2307 lat 296 296 555 0 exe 17240 23259 110759 resp 111314 5 pmu 1023366 81105 8248771 6423686 58762651
1790346710.272619 W 2308 lat 296 296 351 0 exe 17425 20092 45907 resp 46222 0 pmu 1023332 44009 8246157 7077831 50713424
1790346711.312638 W 2309 lat 296 296 388 0 exe 17518 22592 123592 resp 123907 5 pmu 1023426 73068 8247514 6411977 57130340
1790346712.352619 W 2310 lat 296 296 351 0 exe 17222 19944 44666 resp 44981 0 pmu 1023449 42282 8242728 7202175 50416942
1790346713.292623 W 2311 lat 296 296 425 0 exe 17240 22166 140537 resp 140870 6 pmu 1023401 69118 8245659 6397845 56017855
1790346714.328622 W 2312 lat 296 296 333 0 exe 17259 20148 48981 resp 49296 0 pmu 1023404 46037 8245368 7368332 51053684
1790346715.264638 W 2313 lat 296 296 425 0 exe 17537 23203 105907 resp 106333 3 pmu 1023377 81304 8244324 6442169 58643624
1790346716.304617 W 2314 lat 296 296 333 0 exe 17462 19814 44796 resp 45111 0 pmu 1023412 41990 8243356 7029167 50000839
1790346717.344639 W 2315 lat 296 296 425 0 exe 17537 23351 115370 resp 115777 4 pmu 1023369 82795 8245652 6399572 59024029
1790346718.280621 W 2316 lat 296 296 351 0 exe 17592 20833 61037 resp 61351 0 pmu 1023452 52943 8243317 7124615 52580004
1790346719.320638 W 2317 lat 296 296 481 0 exe 17666 22462 131574 resp 131907 5 pmu 1023428 72657 8245398 6567833 56882238
1790346720.256624 W 2318 lat 296 296 425 0 exe 17592 20277 52444 resp 52759 0 pmu 1023438 47472 8244316 7282774 51323052
1790346721.296637 W 2319 lat 296 296 425 0 exe 17425 22462 107037 resp 107370 4 pmu 1023383 72082 8243540 6479640 56769839
1790346722.336621 W 2320 lat 296 296 351 0 exe 17518 20259 45592 resp 45907 0 pmu 1023447 46168 8246057 7035799 51102653
1790346723.272639 W 2321 lat 296 296 333 0 exe 17666 22555 116129 resp 116462 5 pmu 1023392 72859 8245636 6410258 57019951
1790346724.312617 W 2322 lat 296 296 370 0 exe 17314 19888 43722 resp 44037 0 pmu 1023447 41994 8246056 7127955 50288909
1790346725.353639 W 2323 lat 296 296 407 0 exe 17481 22462 107666 resp 108074 4 pmu 1023390 71911 8244708 6388769 56729028
1790346726.292608 W 2324 lat 296 296 333 0 exe 17555 20870 49333 resp 49648 0 pmu 1023440 53206 8243936 7042629 52601568
1790346727.328648 W 2325 lat 296 296 1518 0 exe 17814 24981 123296 resp 123666 9 pmu 1023345 100616 8246455 6450797 64336610
1790346728.264609 W 2326 lat 296 296 333 0 exe 16666 19129 48018 resp 48333 0 pmu 1023426 34860 8251451 7218658 48438367
1790346729.308831 W 2327 lat 296 370 6185 0 exe 16666 32185 418981 resp 420518 69 pmu 1023128 156055 8268393 6424715 219674556
1790346730.352856 W 2328 lat 314 1425 11074 0 exe 84685 121166 284611 resp 295351 398 pmu 1023011 934724 8379970 10236618 2284915666
1790346731.292828 W 2329 lat 407 1444 11537 0 exe 87870 119333 288129 resp 289907 471 pmu 1022792 941099 8386415 9754088 2290473195
1790346732.332905 W 2330 lat 425 1592 11333 0 exe 86888 120592 291481 resp 298148 432 pmu 1023131 935646 8383250 9754055 2284616305
1790346733.272884 W 2331 lat 444 1666 12629 0 exe 86037 121925 291407 resp 296611 461 pmu 1023497 938913 8383660 9813149 2281731429
1790346734.316882 W 2332 lat 481 1592 11833 0 exe 88666 120962 280777 resp 283814 436 pmu 1022958 934325 8376849 9814483 2290356544
1790346735.356773 W 2333 lat 425 1555 10981 0 exe 87777 121592 285925 resp 295462 458 pmu 1023512 938572 8391800 9701648 2283324678
1790346736.292882 W 2334 lat 462 1648 12611 0 exe 84888 120944 281814 resp 290425 413 pmu 1023330 932153 8390534 9779456 2267301198
1790346737.332882 W 2335 lat 444 1685 11462 0 exe 85222 120925 291388 resp 297203 469 pmu 1023433 937705 8383552 9724838 2268364400
1790346738.268827 W 2336 lat 407 1592 11055 0 exe 87814 120888 286629 resp 289611 419 pmu 1023125 933853 8393275 9802456 2288652017
1790346739.312899 W 2337 lat 425 1648 11333 0 exe 88462 120814 283851 resp 288407 474 pmu 1023181 940486 8383287 9750952 2283121460
1790346740.352874 W 2338 lat 425 1740 11574 0 exe 83370 120907 285981 resp 287722 441 pmu 1023115 935212 8384080 9735501 2282341636
1790346741.288796 W 2339 lat 444 1537 11222 0 exe 88648 120555 297555 resp 302907 470 pmu 1023178 939869 8387168 9719466 2277986630
1790346742.328856 W 2340 lat 444 1685 11129 0 exe 72740 120870 294851 resp 304499 423 pmu 1022753 928293 8384570 9875355 2269739186
1790346743.264868 W 2341 lat 444 1555 11740 0 exe 84481 120907 286537 resp 292148 454 pmu 1023078 937583 8383642 9792047 2278338140
1790346744.304870 W 2342 lat 425 1574 10981 0 exe 84462 118666 277518 resp 284499 406 pmu 1022802 936805 8390773 9749837 2298828962
1790346745.344836 W 2343 lat 444 1629 11444 0 exe 86111 120370 318740 resp 322740 428 pmu 1023410 940503 8385015 9651579 2270717258
1790346746.280835 W 2344 lat 425 1648 11185 0 exe 83333 119370 284814 resp 294092 370 pmu 1023175 933658 8391346 10067906 2286612941
1790346747.320889 W 2345 lat 425 1574 10907 0 exe 84574 119777 307444 resp 313944 436 pmu 1023146 943955 8387223 9735188 2276054609
1790346748.360891 W 2346 lat 444 1555 11240 0 exe 85648 118018 297314 resp 303092 380 pmu 1022852 937145 8381012 9954078 2299510638
1790346749.300819 W 2347 lat 462 1574 11648 0 exe 87981 120592 303111 resp 307833 408 pmu 1023104 938440 8381507 9847209 2269767908
1790346750.340898 W 2348 lat 462 1666 11685 0 exe 86907 120074 294388 resp 299129 390 pmu 1023214 935165 8390003 9926686 2281461937
1790346751.276765 W 2349 lat 425 1592 10685 0 exe 89277 120796 298111 resp 301759 412 pmu 1022805 937872 8384399 9832366 2279206861
1790346752.316786 W 2350 lat 425 1611 12277 0 exe 87370 120333 300499 resp 301296 381 pmu 1023020 933213 8380035 9874017 2273822523
1790346753.356873 W 2351 lat 462 1592 11185 0 exe 88444 120185 282814 resp 289814 402 pmu 1023051 938826 8383241 9879667 2274837528
1790346754.292908 W 2352 lat 462 1537 12555 0 exe 85370 119537 279870 resp 284722 366 pmu 1022983 934224 8380881 9733077 2286259516
1790346755.332821 W 2353 lat 444 1611 11185 0 exe 86777 120407 291148 resp 299981 412 pmu 1023252 938560 8388725 9681227 2265920947
1790346756.272884 W 2354 lat 425 1592 11314 0 exe 86999 119777 280814 resp 291203 394 pmu 1023077 936563 8390104 9818529 2284176177
1790346757.312983 W 2355 lat 444 1666 11240 0 exe 88518 121296 302666 resp 308851 413 pmu 1023288 937714 8386633 9721484 2264543210
1790346758.264890 W 2356 lat 407 1611 11611 0 exe 78759 119777 284370 resp 290833 379 pmu 1022622 929977 8385556 9934065 2272021653
1790346759.312655 W 2357 lat 462 1499 11388 0 exe 81796 118537 269759 resp 276685 414 pmu 1022580 938416 8370034 9697839 2264281815
1790346760.352608 W 2358 lat 296 296 629 0 exe 16962 21592 101666 resp 101981 5 pmu 1023436 63978 8253955 9560411 60876653
1790346761.288671 W 2359 lat 296 296 499 0 exe 16592 21037 116666 resp 116981 6 pmu 1023488 57305 8251683 6976434 53651075
1790346762.332778 W 2360 lat 296 499 5111 0 exe 20574 121722 515296 resp 517555 983 pmu 1012454 900890 8244490 7124150 356671163
1790346763.268784 W 2361 lat 314 425 2296 0 exe 110685 115018 175277 resp 176333 1000 pmu 1012635 912907 8250502 11667670 344945388
1790346764.308766 W 2362 lat 296 444 1592 0 exe 109666 114351 118185 resp 118611 1000 pmu 1012264 908476 8251298 8664246 341075920
1790346765.348770 W 2363 lat 314 444 1314 0 exe 110277 114814 241481 resp 241962 1000 pmu 1012277 910405 8250331 8078108 342237231
1790346766.288791 W 2364 lat 296 425 1499 0 exe 109814 114703 119092 resp 119537 1000 pmu 1012421 912101 8244244 9315245 342339422
1790346767.328802 W 2365 lat 296 444 3537 0 exe 110444 114944 216666 resp 218055 1000 pmu 1012691 913326 8254514 8089112 342591962
1790346768.264774 W 2366 lat 296 425 1370 0 exe 110388 114388 118296 resp 118648 1000 pmu 1012185 908920 8243158 9084330 341436425
1790346769.304805 W 2367 lat 314 444 1925 0 exe 109703 114814 198388 resp 200314 1000 pmu 1012279 911583 8254961 8081363 342372613
1790346770.344827 W 2368 lat 314 425 1314 0 exe 110611 114518 119499 resp 120185 1000 pmu 1012289 909914 8243483 8891854 341602180
1790346771.280797 W 2369 lat 296 425 1777 0 exe 110851 115388 240351 resp 240759 1000 pmu 1012504 915945 8246658 8096546 343731196
1790346772.324796 W 2370 lat 296 444 1574 0 exe 110388 114574 118351 resp 118944 1000 pmu 1012035 910670 8241383 9311730 341839056
1790346773.260778 W 2371 lat 296 425 1574 0 exe 110111 115074 178148 resp 178574 1000 pmu 1012309 913203 8246474 8085176 342914209
1790346774.300778 W 2372 lat 314 425 1814 0 exe 110314 114388 122555 resp 122870 1000 pmu 1012182 908436 8240143 8683367 341135215
1790346775.344776 W 2373 lat 296 425 2148 0 exe 89388 113999 213666 resp 214888 970 pmu 1012745 904548 8250639 8125577 339488652
1790346776.280786 W 2374 lat 296 425 1444 0 exe 110629 114814 118999 resp 119333 1000 pmu 1012280 912591 8247118 8936622 342300348
1790346777.320765 W 2375 lat 296 425 2999 0 exe 110425 115240 167259 resp 170259 1000 pmu 1012381 915405 8247372 8092015 343387347
1790346778.256772 W 2376 lat 296 425 1462 0 exe 110574 114666 120055 resp 120370 1000 pmu 1012372 911447 8247666 8596952 341807873
1790346779.296775 W 2377 lat 296 444 2611 0 exe 110962 115092 169333 resp 169981 1000 pmu 1012351 913492 8244059 8101737 343057245
1790346780.336762 W 2378 lat 296 425 1611 0 exe 110666 114499 118444 resp 118851 1000 pmu 1012264 910071 8250844 8606010 341404946
1790346781.272780 W 2379 lat 296 425 1703 0 exe 110481 114833 209518 resp 209944 1000 pmu 1012162 910636 8241409 8086201 342337003
1790346782.312765 W 2380 lat 296 425 1666 0 exe 110888 114592 163592 resp 163907 1000 pmu 1012284 910316 8243357 8998230 341792351
1790346783.356774 W 2381 lat 296 425 2518 0 exe 109314 115055 196111 resp 196648 1000 pmu 1012506 913015 8247473 8539263 343134301
1790346784.292784 W 2382 lat 296 425 1481 0 exe 110314 114370 119444 resp 119851 1000 pmu 1012217 908690 8239211 8864179 341106705
1790346785.332780 W 2383 lat 296 425 1499 0 exe 110092 114925 176407 resp 177388 1000 pmu 1012260 912142 8247428 8093169 342616580
1790346786.268786 W 2384 lat 296 425 1481 0 exe 110148 114981 119277 resp 119925 1000 pmu 1012152 914321 8242083 8667538 342496953
1790346787.308780 W 2385 lat 314 444 1555 0 exe 110518 115166 188037 resp 189499 1000 pmu 1012306 914291 8244286 8095039 342992661
1790346788.348775 W 2386 lat 296 425 1481 0 exe 110759 114796 134462 resp 135055 1000 pmu 1012352 912652 8243913 8790038 342327514
1790346789.284828 W 2387 lat 296 425 1611 0 exe 110499 114759 119851 resp 120185 1000 pmu 1012283 912696 8244316 8248787 341728786
1790346790.324770 W 2388 lat 314 425 1462 0 exe 110759 115129 205407 resp 206259 1000 pmu 1012219 913995 8239429 8100581 343074736
1790346791.260777 W 2389 lat 296 425 1407 0 exe 89981 113796 118648 resp 118999 985 pmu 1012467 905970 8249776 8961090 339020601
1790346792.300644 W 2390 lat 296 370 12518 0 exe 17018 27888 450981 resp 453833 61 pmu 1023144 108323 8249006 7977507 74263296
1790346793.348858 W 2391 lat 296 296 333 0 exe 16944 19037 44185 resp 44499 0 pmu 1023449 33932 8248722 10573883 50237657
1790346794.288696 W 2392 lat 296 851 7555 0 exe 17148 88796 589851 resp 593499 219 pmu 1015601 522057 8250581 6387831 255418571
1790346795.340713 W 2393 lat 296 1018 8648 0 exe 44333 95111 514037 resp 520685 218 pmu 1015325 510060 8248421 12250179 274784282
1790346796.288695 W 2394 lat 296 999 7351 0 exe 45370 95740 511185 resp 517129 220 pmu 1015507 524857 8256521 11680659 277170095
1790346797.340709 W 2395 lat 296 777 4296 0 exe 42037 77685 268907 resp 272537 158 pmu 1015093 490077 8244087 11650369 231972703
1790346798.288701 W 2396 lat 296 722 6537 0 exe 39851 76203 386481 resp 387925 146 pmu 1015009 495786 8250040 9092772 226985996
1790346799.340713 W 2397 lat 296 703 4129 0 exe 39870 72648 288444 resp 292185 132 pmu 1014883 484793 8243493 10250036 218348984
1790346800.280696 W 2398 lat 296 814 6555 0 exe 39944 80518 333185 resp 335555 174 pmu 1015283 509617 8250673 9251343 238710626
1790346801.332711 W 2399 lat 296 870 7666 0 exe 45055 84018 477555 resp 484462 191 pmu 1015095 500904 8251554 9744438 246153312
1790346802.288706 W 2400 lat 296 796 6148 0 exe 44703 80944 384555 resp 387759 176 pmu 1015077 505652 8252147 11259589 240217680
1790346803.332821 W 2401 lat 296 759 8703 0 exe 40333 74759 292592 resp 299277 132 pmu 1015175 482257 8244865 10285924 223537950
1790346804.268727 W 2402 lat 296 777 5740 0 exe 43685 78518 306703 resp 311592 176 pmu 1015102 504961 8248767 9343689 232563889
1790346805.308698 W 2403 lat 296 870 5944 0 exe 42648 83333 310777 resp 315481 194 pmu 1015308 500039 8249443 9496693 244418760
1790346806.348717 W 2404 lat 296 796 4833 0 exe 43666 81870 289296 resp 293888 195 pmu 1014925 513368 8244387 9556725 242312924
1790346807.284733 W 2405 lat 296 999 7444 0 exe 43777 94481 504777 resp 509888 226 pmu 1015412 510078 8257966 9333476 271437265
1790346808.324720 W 2406 lat 296 851 6444 0 exe 44592 84759 464462 resp 469851 191 pmu 1015363 510882 8241607 11568544 249304475
1790346809.260713 W 2407 lat 296 1222 8499 0 exe 40777 109851 510425 resp 514722 255 pmu 1015297 522191 8254377 11116536 310684936
1790346810.300731 W 2408 lat 296 925 7296 0 exe 43814 87592 511499 resp 516148 199 pmu 1015564 519429 8251651 11689125 257018886
1790346811.340803 W 2409 lat 296 796 6870 0 exe 38092 80259 317481 resp 322611 173 pmu 1015415 493738 8254675 11597898 238263147
1790346812.284714 W 2410 lat 296 888 5555 0 exe 42796 83314 398777 resp 401092 205 pmu 1015095 513934 8248604 9592217 245919827
1790346813.336712 W 2411 lat 296 851 8222 0 exe 44981 82148 314611 resp 318166 187 pmu 1014944 494082 8243780 10423611 241978077
1790346814.276720 W 2412 lat 296 1314 8870 0 exe 44777 119296 515814 resp 522870 284 pmu 1015819 541871 8252649 9606551 333193038
1790346815.316719 W 2413 lat 296 814 7518 0 exe 44555 81888 310203 resp 315055 192 pmu 1015148 495227 8246105 11826262 242210926
1790346816.252923 W 2414 lat 296 962 7092 0 exe 44629 95092 504833 resp 510722 233 pmu 1015146 525671 8248801 9561636 274052976
1790346817.296717 W 2415 lat 296 851 8814 0 exe 42907 82055 308722 resp 313037 193 pmu 1015010 496280 8247764 11578173 242664346
1790346818.336713 W 2416 lat 296 1185 9129 0 exe 45592 110611 514203 resp 519018 266 pmu 1015835 534114 8255726 9543642 311437788
1790346819.280708 W 2417 lat 296 814 5925 0 exe 45629 79648 291796 resp 296018 166 pmu 1014778 495583 8245468 11760124 236949818
1790346820.336969 W 2418 lat 296 740 6703 0 exe 45592 76240 264574 resp 267351 159 pmu 1014857 507271 8242515 9360735 227860651
1790346821.280706 W 2419 lat 296 703 4722 0 exe 39555 76425 269759 resp 273240 157 pmu 1014785 488484 8246327 9067478 227026171
1790346822.324782 W 2420 lat 296 925 8574 0 exe 45314 91314 523037 resp 530148 214 pmu 1015067 525344 8244180 9083765 264779894
1790346823.268721 W 2421 lat 296 1055 8148 0 exe 42240 97037 509314 resp 514611 225 pmu 1015324 513749 8247326 11758139 279477852
1790346824.308640 W 2422 lat 296 351 5407 0 exe 16907 29740 276444 resp 280962 27 pmu 1022586 134213 8249281 11623110 82165710
1790346825.348610 W 2423 lat 296 296 333 0 exe 16944 19277 46240 resp 46537 0 pmu 1023500 36492 8243882 8809793 49722037
1790346826.288729 W 2424 lat 296 648 5333 0 exe 17111 114666 542018 resp 546481 777 pmu 1019139 856771 8316572 6411135 339689415
1790346827.328700 W 2425 lat 296 611 5166 0 exe 94537 115907 516166 resp 520444 871 pmu 1017907 944794 8320434 11894960 353142070
1790346828.268715 W 2426 lat 314 611 4185 0 exe 95166 116629 429388 resp 432481 891 pmu 1018388 948773 8319768 12027821 355383165
1790346829.312752 W 2427 lat 314 666 5759 0 exe 94611 123351 500999 resp 506759 856 pmu 1018877 948284 8328931 11156002 370803605
1790346830.352727 W 2428 lat 296 611 5703 0 exe 95092 117222 539629 resp 543759 895 pmu 1018088 947001 8317247 11924515 356593943
1790346831.292700 W 2429 lat 314 611 2999 0 exe 94388 118796 439055 resp 441296 901 pmu 1018394 947508 8322716 12273836 360450086
1790346832.332709 W 2430 lat 314 666 6962 0 exe 95314 124962 535203 resp 542074 874 pmu 1019154 952218 8327007 11249428 374956865
1790346833.268743 W 2431 lat 314 629 4407 0 exe 94314 119592 347629 resp 352037 869 pmu 1018425 949299 8324340 12289623 362490772
1790346834.312709 W 2432 lat 296 611 4444 0 exe 95259 119796 445888 resp 450333 872 pmu 1018737 950294 8317972 10356774 361992419
1790346835.352733 W 2433 lat 314 592 2944 0 exe 94425 116444 360629 resp 363092 869 pmu 1018155 946594 8311315 11345415 354205877
1790346836.288720 W 2434 lat 314 555 3962 0 exe 96796 110999 371888 resp 373703 904 pmu 1018096 945682 8312359 10454406 340906039
1790346837.328750 W 2435 lat 314 592 3074 0 exe 95666 115851 305870 resp 308944 898 pmu 1017961 947240 8308985 10553314 352266824
1790346838.264711 W 2436 lat 314 592 2888 0 exe 95185 116407 323703 resp 325537 909 pmu 1018322 950253 8320127 9913811 353720683
1790346839.304772 W 2437 lat 314 592 3111 0 exe 94055 115703 315444 resp 317203 911 pmu 1018038 946477 8309495 10085299 351593343
1790346840.344702 W 2438 lat 314 592 3166 0 exe 92833 113555 299425 resp 301074 907 pmu 1018368 947926 8311204 9994263 346867139
1790346841.280717 W 2439 lat 314 537 3888 0 exe 90685 108833 344444 resp 347518 850 pmu 1017369 941361 8311338 9816888 334329207
1790346842.320697 W 2440 lat 314 555 3222 0 exe 95611 111888 395703 resp 397870 904 pmu 1018183 947614 8314570 10243296 343065467
1790346843.256698 W 2441 lat 314 574 2722 0 exe 95166 113851 292296 resp 294555 904 pmu 1018113 946482 8313582 10788005 347620883
1790346844.296735 W 2442 lat 314 574 3296 0 exe 95240 114685 284018 resp 286185 919 pmu 1018188 948138 8313922 9759599 349358640
1790346845.340721 W 2443 lat 314 592 3740 0 exe 95148 113277 343296 resp 345388 902 pmu 1018148 946373 8320098 9683758 345691309
1790346846.276709 W 2444 lat 314 574 2370 0 exe 95055 113314 295370 resp 296925 913 pmu 1018262 948354 8319944 10271041 346521628
1790346847.316696 W 2445 lat 314 574 3888 0 exe 94981 112962 322240 resp 324185 924 pmu 1017974 945620 8316523 9781816 344886288
1790346848.252773 W 2446 lat 314 574 3296 0 exe 93851 113944 295759 resp 297148 927 pmu 1018179 947721 8314138 10057978 347747382
1790346849.292701 W 2447 lat 314 555 3277 0 exe 94518 112314 352851 resp 354592 899 pmu 1018027 946181 8314834 9786826 343547792
1790346850.332697 W 2448 lat 314 555 3481 0 exe 95555 110518 342259 resp 344055 903 pmu 1018104 945318 8318526 10354401 339687887
1790346851.268785 W 2449 lat 314 592 3018 0 exe 95759 112074 336296 resp 338203 898 pmu 1018019 944602 8307990 10245806 342950725
1790346852.312721 W 2450 lat 314 592 3351 0 exe 94685 115907 317759 resp 321111 932 pmu 1018306 948806 8320733 10193514 352598773
1790346853.352697 W 2451 lat 314 611 3999 0 exe 95333 115814 342074 resp 344407 908 pmu 1018342 946540 8321234 10030823 351826809
1790346854.288700 W 2452 lat 314 592 3999 0 exe 95629 115999 324833 resp 326333 916 pmu 1018284 948415 8314955 10274832 352740622
1790346855.328699 W 2453 lat 314 592 4685 0 exe 93888 114203 342833 resp 344185 900 pmu 1018326 947092 8321156 10100759 348242137
1790346856.264640 W 2454 lat 296 333 2833 0 exe 17296 37629 340870 resp 343703 143 pmu 1022602 223244 8260998 10263356 105820752
1790346857.304608 W 2455 lat 296 296 333 0 exe 17129 19074 44962 resp 45277 0 pmu 1023506 34228 8244048 9474207 49657634
1790346858.252743 W 2456 lat 296 407 3759 0 exe 17074 64499 390333 resp 392074 72 pmu 1013967 507987 8244067 6396246 199032367
1790346859.304714 W 2457 lat 296 388 3407 0 exe 48462 65148 139740 resp 140925 15 pmu 1011998 545217 8233803 10101874 207276318
1790346860.256693 W 2458 lat 296 388 3333 0 exe 42388 63462 155925 resp 156685 32 pmu 1012513 524796 8237162 7751280 201826773
1790346861.304713 W 2459 lat 296 407 5351 0 exe 41333 61277 292611 resp 297962 11 pmu 1012225 490072 8235206 7871905 196912267
1790346862.356698 W 2460 lat 296 425 4148 0 exe 43481 63296 233388 resp 234925 38 pmu 1012525 504577 8239578 9255712 202966741
1790346863.300701 W 2461 lat 296 462 6185 0 exe 45462 64685 350296 resp 355462 33 pmu 1012330 494486 8244282 8659342 206185081
1790346864.260708 W 2462 lat 296 407 5814 0 exe 43574 63981 209759 resp 210925 39 pmu 1011836 522047 8234965 9873716 206749483
1790346865.312698 W 2463 lat 296 388 2814 0 exe 44259 60370 150111 resp 150925 9 pmu 1012361 490944 8237053 8433303 194683005
1790346866.356698 W 2464 lat 296 388 3425 0 exe 43037 62370 257407 resp 260833 25 pmu 1011911 510993 8238104 7805079 200478177
1790346867.300694 W 2465 lat 296 462 5351 0 exe 43722 62796 296259 resp 299666 25 pmu 1012126 494340 8241036 8898196 201663014
1790346868.252709 W 2466 lat 296 425 5851 0 exe 41259 63907 269166 resp 272629 44 pmu 1012575 511660 8243051 9302335 204811738
1790346869.292718 W 2467 lat 296 407 3296 0 exe 44722 62333 330888 resp 334185 9 pmu 1011293 507439 8237694 9027076 203214553
1790346870.348711 W 2468 lat 296 407 6148 0 exe 42833 62685 281296 resp 287444 38 pmu 1012216 505228 8233104 9640159 201095034
1790346871.292701 W 2469 lat 296 444 7944 0 exe 45592 62111 251296 resp 254388 12 pmu 1011553 504818 8243015 9164830 201726650
1790346872.352716 W 2470 lat 296 462 5851 0 exe 38944 66092 287574 resp 293129 51 pmu 1011758 515951 8234486 8869785 211073741
1790346873.304714 W 2471 lat 296 407 3481 0 exe 41759 60981 219870 resp 222796 10 pmu 1012302 493297 8240472 9221250 197576858
1790346874.252731 W 2472 lat 296 518 5092 0 exe 43277 68666 276685 resp 279999 78 pmu 1013148 515767 8253516 8507569 215926593
1790346875.308704 W 2473 lat 296 425 4166 0 exe 43499 61944 252296 resp 254981 19 pmu 1012280 492473 8238813 9132410 199349565
1790346876.252685 W 2474 lat 296 407 5685 0 exe 40907 63574 285018 resp 288240 36 pmu 1012519 508713 8242602 8847548 203385601
1790346877.304721 W 2475 lat 296 407 5203 0 exe 43333 61574 238314 resp 243518 18 pmu 1012143 490351 8238427 9180016 198395379
1790346878.252747 W 2476 lat 296 388 2648 0 exe 40222 61796 155333 resp 157185 25 pmu 1012394 507409 8238977 8722638 199437790
1790346879.296736 W 2477 lat 296 425 4462 0 exe 41240 62407 217129 resp 221592 22 pmu 1012252 492946 8240328 7848940 200203426
1790346880.340719 W 2478 lat 296 425 4388 0 exe 44259 64074 215166 resp 218092 38 pmu 1011972 509863 8233911 8497088 205517770
1790346881.280718 W 2479 lat 296 407 6129 0 exe 39888 61462 241388 resp 247518 13 pmu 1011954 494924 8240517 8492956 198903456
1790346882.320721 W 2480 lat 296 425 4814 0 exe 43518 61351 254481 resp 257981 25 pmu 1012829 500627 8238899 8744962 196288751
1790346883.256704 W 2481 lat 296 592 4092 0 exe 43999 61425 110351 resp 111518 3 pmu 1011739 502311 8229504 8873721 200062898
1790346884.296708 W 2482 lat 296 499 5740 0 exe 41888 64851 225129 resp 229388 40 pmu 1012001 509549 8237607 7420650 206913488
1790346885.336722 W 2483 lat 296 407 3555 0 exe 42611 62851 335574 resp 338092 16 pmu 1012168 492187 8238291 8598282 200989011
1790346886.272720 W 2484 lat 296 425 6462 0 exe 42592 65203 207055 resp 210037 46 pmu 1011559 512839 8245675 9676378 209271916
1790346887.312777 W 2485 lat 296 388 1129 0 exe 45685 63277 141537 resp 141870 5 pmu 1011004 511085 8228032 8419808 204404804
1790346888.352640 W 2486 lat 296 333 1666 0 exe 17037 35425 153148 resp 153740 17 pmu 1021226 210267 8252512 7730115 99049422
1790346889.288609 W 2487 lat 296 296 333 0 exe 16888 19277 42537 resp 42851 0 pmu 1023484 36506 8251608 7567524 48995421
1790346890.352646 W 2488 lat 296 296 962 0 exe 17129 29388 205277 resp 205814 38 pmu 1023172 147211 8251311 6371731 75818477
1790346891.316621 W 2489 lat 296 296 333 0 exe 17277 20277 45055 resp 45351 0 pmu 1023530 47847 8251213 8055156 51789802
1790346892.252640 W 2490 lat 296 296 1074 0 exe 17370 22499 120703 resp 121018 8 pmu 1023423 73543 8251201 6403607 57013893
1790346893.304617 W 2491 lat 296 296 407 0 exe 17111 19499 43574 resp 43888 0 pmu 1023479 38979 8251370 7175379 49344682
1790346894.344640 W 2492 lat 296 296 703 0 exe 17222 21611 110888 resp 111185 8 pmu 1023399 63602 8250945 6384652 54837732
1790346895.280617 W 2493 lat 296 296 333 0 exe 16907 19796 42074 resp 42388 0 pmu 1023503 42237 8250520 7070161 49999421
1790346896.320639 W 2494 lat 296 296 425 0 exe 17092 22222 111648 resp 111962 5 pmu 1023445 70838 8253982 6369569 56372939
1790346897.268619 W 2495 lat 296 296 370 0 exe 17092 20666 64611 resp 64925 0 pmu 1023497 52574 8254050 7078983 52204976
1790346898.308641 W 2496 lat 296 296 592 0 exe 17018 22018 113814 resp 114129 6 pmu 1023440 68156 8254562 6600491 55904757
1790346899.264613 W 2497 lat 296 296 351 0 exe 17018 19629 41222 resp 41555 0 pmu 1023540 40714 8253455 7099947 49629764
1790346900.308638 W 2498 lat 296 296 425 0 exe 16944 21555 118074 resp 118499 6 pmu 1023433 62770 8247160 6361018 54658463
1790346901.252614 W 2499 lat 296 296 333 0 exe 17055 19444 42407 resp 42703 0 pmu 1023478 38112 8247925 7139675 49142705
1790346902.296641 W 2500 lat 296 296 537 0 exe 17166 23166 109111 resp 109555 3 pmu 1023467 81981 8251408 6371835 58729215
1790346903.356615 W 2501 lat 296 296 333 0 exe 16962 19611 43888 resp 44203 0 pmu 1023512 40274 8249879 7059840 49547709
1790346904.300640 W 2502 lat 296 296 425 0 exe 17222 21759 112944 resp 113277 3 pmu 1023484 65580 8254178 6387046 55188569
1790346905.344615 W 2503 lat 296 296 333 0 exe 17166 19629 46018 resp 46333 0 pmu 1023481 40586 8255588 7090344 49652412
1790346906.284639 W 2504 lat 296 296 462 0 exe 16962 21759 106907 resp 107222 4 pmu 1023464 65683 8253155 6409471 55234307
1790346907.340616 W 2505 lat 296 296 407 0 exe 17037 20259 55537 resp 55833 0 pmu 1023471 47642 8251316 7028757 51142145
1790346908.284639 W 2506 lat 296 296 425 0 exe 16851 22222 111425 resp 111851 5 pmu 1023377 70970 8248596 6507502 56435570
1790346909.332616 W 2507 lat 296 296 333 0 exe 17444 19666 44537 resp 44851 0 pmu 1023519 40696 8249158 7076009 49675617
1790346910.268644 W 2508 lat 296 296 537 0 exe 16833 21444 112444 resp 112777 6 pmu 1023436 62176 8248742 6396375 54424824
1790346911.308617 W 2509 lat 296 296 425 0 exe 17388 19851 47148 resp 47462 0 pmu 1023530 43143 8252248 7082433 50212429
1790346912.348644 W 2510 lat 296 296 611 0 exe 16925 21444 110037 resp 110351 6 pmu 1023393 61736 8249213 6423385 54396695
1790346913.284619 W 2511 lat 296 296 425 0 exe 16648 20166 64796 resp 65111 0 pmu 1023567 46563 8251405 7058970 50925148
1790346914.324644 W 2512 lat 296 296 703 0 exe 17222 21796 118499 resp 118925 7 pmu 1023449 65637 8246224 6597851 55412865
1790346915.260615 W 2513 lat 296 296 333 0 exe 17074 20018 45259 resp 45555 0 pmu 1023490 44942 8248301 7148003 50604691
1790346916.300648 W 2514 lat 296 296 611 0 exe 16870 21259 119555 resp 119888 6 pmu 1023382 59803 8245943 6403148 53964653
1790346917.340623 W 2515 lat 296 296 425 0 exe 17203 20740 76185 resp 76481 0 pmu 1023476 53359 8248675 7153098 52454427
1790346918.276644 W 2516 lat 296 296 425 0 exe 17129 21962 115481 resp 115796 4 pmu 1023370 67819 8244379 6717349 55960430
1790346919.316618 W 2517 lat 296 296 333 0 exe 17351 20537 47259 resp 47574 0 pmu 1023517 50933 8249000 7116231 51893062
1790346920.252645 W 2518 lat 296 296 1055 0 exe 16833 23351 110462 resp 110777 10 pmu 1023374 83829 8248702 6427389 59359579
1790346921.292610 W 2519 lat 296 296 333 0 exe 16833 19333 45648 resp 45944 0 pmu 1023465 37321 8248627 7074686 48874044
1790346922.336684 W 2520 lat 296 351 2907 0 exe 16981 52370 291499 resp 294407 68 pmu 1018922 394346 8259149 6402849 158142259
1790346923.272711 W 2521 lat 296 351 2574 0 exe 36611 63425 141870 resp 142277 10 pmu 1015143 547009 8237429 9053451 199874045
1790346924.312707 W 2522 lat 296 351 2314 0 exe 36796 60333 232111 resp 232944 22 pmu 1014829 505676 8247516 7696424 193437271
1790346925.352693 W 2523 lat 296 370 3203 0 exe 36148 65296 179574 resp 182555 23 pmu 1014008 562618 8249452 8585244 208586506
1790346926.288672 W 2524 lat 296 388 2925 0 exe 39222 65611 202037 resp 202666 22 pmu 1013112 563391 8240367 8096668 213942144
1790346927.328757 W 2525 lat 296 370 2648 0 exe 39074 65407 221481 resp 222351 35 pmu 1013014 556738 8247195 8325127 214668159
1790346928.264682 W 2526 lat 296 388 1944 0 exe 43629 67777 203370 resp 204092 18 pmu 1011875 580858 8233835 8517575 222747833
1790346929.304685 W 2527 lat 296 388 3740 0 exe 47333 70777 210018 resp 210333 36 pmu 1011596 615379 8224375 8367084 233097627
1790346930.344710 W 2528 lat 296 407 3777 0 exe 51370 69740 200777 resp 201592 22 pmu 1010941 599182 8224597 8473987 230121405
1790346931.284704 W 2529 lat 296 407 2314 0 exe 51574 72222 173537 resp 174518 38 pmu 1011078 626437 8229267 8399311 238016755
1790346932.324712 W 2530 lat 296 388 1981 0 exe 55981 75537 197462 resp 198259 15 pmu 1010609 667194 8223748 8133851 245855387
1790346933.260702 W 2531 lat 296 407 2166 0 exe 58870 80629 185222 resp 186759 52 pmu 1011265 719858 8233442 8409185 260204969
1790346934.300695 W 2532 lat 296 425 3388 0 exe 61629 82722 262740 resp 263499 49 pmu 1011367 738021 8237442 8331255 265262281
1790346935.340690 W 2533 lat 296 425 3314 0 exe 58574 84148 246018 resp 247685 70 pmu 1011619 752290 8233467 9133127 270580674
1790346936.276687 W 2534 lat 296 444 3462 0 exe 58833 83314 265203 resp 267907 61 pmu 1011259 737706 8233497 8961910 267810012
1790346937.320720 W 2535 lat 296 425 3055 0 exe 59074 84629 240555 resp 241092 110 pmu 1011851 745014 8235105 9157037 271433657
1790346938.256701 W 2536 lat 314 444 5907 0 exe 58999 87296 245703 resp 246703 132 pmu 1012270 769737 8244572 8905402 278839786
1790346939.296693 W 2537 lat 296 425 2111 0 exe 60203 88037 214166 resp 215296 123 pmu 1012287 787022 8240947 8986805 281118489
1790346940.340711 W 2538 lat 296 425 2574 0 exe 66462 88796 218759 resp 219962 95 pmu 1011964 800317 8236717 8662277 283656057
1790346941.276710 W 2539 lat 296 444 3444 0 exe 66425 90222 251907 resp 252888 135 pmu 1012590 817568 8242690 8746388 288314648
1790346942.316712 W 2540 lat 314 444 4129 0 exe 68833 91962 231166 resp 231888 194 pmu 1013419 828674 8257881 9088142 293922906
1790346943.252713 W 2541 lat 296 462 3314 0 exe 68999 91962 258981 resp 259425 206 pmu 1013365 826318 8250815 8903666 294454967
1790346944.292702 W 2542 lat 296 444 2314 0 exe 70314 92944 265222 resp 266777 214 pmu 1013984 836437 8261243 9177371 296924833
1790346945.340714 W 2543 lat 314 462 2851 0 exe 71499 93574 224851 resp 226222 236 pmu 1014295 848863 8267996 9251788 300015051
1790346946.284706 W 2544 lat 314 444 2611 0 exe 72962 94611 265148 resp 266074 266 pmu 1014208 862024 8259252 8859078 301901271
1790346947.324689 W 2545 lat 296 444 2796 0 exe 74518 95148 296777 resp 297518 260 pmu 1014176 865817 8261719 9270911 303603594
1790346948.260713 W 2546 lat 296 444 2499 0 exe 74370 94555 281277 resp 282425 223 pmu 1013622 853007 8260960 9597751 302073505
1790346949.304704 W 2547 lat 314 444 2629 0 exe 74351 96666 294777 resp 296388 272 pmu 1014513 863450 8260313 9439615 307488131
1790346950.344692 W 2548 lat 314 444 3296 0 exe 75888 94814 283574 resp 285203 237 pmu 1014259 857272 8272173 9588108 302744166
1790346951.280771 W 2549 lat 314 444 2888 0 exe 76851 96314 258981 resp 260166 310 pmu 1014994 872217 8273815 9478080 307587379
1790346952.320645 W 2550 lat 296 351 4296 0 exe 16740 47611 401333 resp 402888 114 pmu 1020527 338218 8248690 9239668 142454794
1790346953.256638 W 2551 lat 296 296 499 0 exe 17055 21796 115722 resp 116055 5 pmu 1023437 65735 8247311 10126959 57381016
1790346954.308655 W 2552 lat 296 296 1037 0 exe 17055 26074 259055 resp 259907 29 pmu 1023266 109123 8241713 7118013 680091337
1790346955.256643 W 2553 lat 296 296 425 0 exe 18203 23740 109518 resp 109851 4 pmu 1023452 87995 8240962 8577962 190526132
1790346956.300629 W 2554 lat 296 296 351 0 exe 18296 21629 41518 resp 41814 0 pmu 1023539 61771 8247316 7070858 1534817627
1790346957.344654 W 2555 lat 296 296 481 0 exe 18851 24999 112018 resp 112333 5 pmu 1023529 101539 8247784 6380272 1664267458
1790346958.296630 W 2556 lat 296 296 333 0 exe 18481 21925 45037 resp 45351 0 pmu 1023558 65366 8244919 7105690 1680483201
1790346959.340654 W 2557 lat 296 296 481 0 exe 18425 23944 120555 resp 120870 6 pmu 1023470 89230 8245543 6417795 1332908486
1790346960.288625 W 2558 lat 296 296 333 0 exe 17962 21870 64148 resp 64462 0 pmu 1023503 64634 8244687 7183622 1677172644
1790346961.344644 W 2559 lat 296 296 444 0 exe 18240 23703 120925 resp 121333 5 pmu 1023516 86290 8247579 6606161 1675836210
1790346962.288630 W 2560 lat 296 296 351 0 exe 18574 21648 44870 resp 45185 0 pmu 1023561 61929 8243898 7185452 1680510440
1790346963.340643 W 2561 lat 296 296 407 0 exe 18314 24240 109537 resp 109851 5 pmu 1023508 92967 8243976 6415260 1429454794
1790346964.312629 W 2562 lat 296 296 333 0 exe 18314 21481 44833 resp 45148 0 pmu 1023574 59864 8245004 7073994 1639480602
1790346965.264642 W 2563 lat 296 296 499 0 exe 18666 23240 108185 resp 108481 6 pmu 1023517 81106 8247289 6412683 1672375044
1790346966.324625 W 2564 lat 296 296 333 0 exe 18425 21814 52333 resp 52648 0 pmu 1023577 64134 8242584 7057583 1622195353
1790346967.264650 W 2565 lat 296 296 574 0 exe 18166 23944 116148 resp 116462 4 pmu 1023463 89443 8242702 6489986 1259488355
1790346968.304633 W 2566 lat 277 296 407 0 exe 18333 21425 46074 resp 46388 0 pmu 1023570 59390 8248633 7138789 1680785823
1790346969.344643 W 2567 lat 296 296 592 0 exe 18166 24185 116407 resp 116722 3 pmu 1023502 92141 8246026 6425319 1570493514
1790346970.280618 W 2568 lat 296 296 351 0 exe 17888 20814 48462 resp 48759 0 pmu 1023544 53422 8239080 7142576 286127823
1790346971.320645 W 2569 lat 296 296 388 0 exe 17981 23370 112981 resp 113296 5 pmu 1023527 82570 8245066 6443512 1185214817
1790346972.256626 W 2570 lat 296 296 351 0 exe 18481 21574 51314 resp 51629 0 pmu 1023531 61318 8242660 7102332 1643786736
1790346973.296643 W 2571 lat 296 296 537 0 exe 18185 23055 119851 resp 120166 4 pmu 1023503 78601 8246600 6478897 1672287629
1790346974.336622 W 2572 lat 296 296 333 0 exe 17555 20685 46407 resp 46703 0 pmu 1023566 51062 8243966 7171264 1680956134
1790346975.272647 W 2573 lat 296 296 370 0 exe 18259 23203 120888 resp 121222 3 pmu 1023500 80562 8245300 6420690 1676032526
1790346976.316605 W 2574 lat 296 296 333 0 exe 17833 20481 45629 resp 45944 0 pmu 1023560 49520 8242788 7181763 358090350
1790346977.352645 W 2575 lat 296 296 444 0 exe 17703 23203 112462 resp 112777 4 pmu 1023518 80452 8243328 6413238 1165646312
1790346978.292621 W 2576 lat 277 296 333 0 exe 17944 21111 60518 resp 60833 0 pmu 1023607 56013 8240568 7095149 1680060477
1790346979.332647 W 2577 lat 296 296 444 0 exe 17944 23592 128833 resp 129203 4 pmu 1023488 84798 8243600 6565755 1674133508
1790346980.268622 W 2578 lat 277 296 351 0 exe 17592 20925 47370 resp 47685 0 pmu 1023588 53913 8247140 7262403 1680229089
1790346981.308646 W 2579 lat 296 296 425 0 exe 17925 24185 117981 resp 118388 4 pmu 1023492 92157 8243796 6431747 1582045843
1790346982.348628 W 2580 lat 296 296 333 0 exe 17944 21555 46962 resp 47259 0 pmu 1023548 61943 8243208 7156867 668191855
1790346983.284643 W 2581 lat 296 296 537 0 exe 17999 24148 111185 resp 111648 5 pmu 1023456 91404 8242681 6432515 1556290067
1790346984.324641 W 2582 lat 296 296 944 0 exe 16648 22870 133425 resp 134370 5 pmu 1023440 77243 8246116 7089841 655980426
1790346985.260639 W 2583 lat 296 296 537 0 exe 16851 21277 112351 resp 112666 5 pmu 1023415 59923 8252053 7303517 54454706
1790346986.308652 W 2584 lat 296 296 1425 0 exe 16796 24629 169240 resp 169555 27 pmu 1023267 94523 8243624 7080720 63676999
1790346987.348637 W 2585 lat 296 296 703 0 exe 17277 22499 124092 resp 124407 5 pmu 1023351 73272 8241979 7670672 57700149
1790346988.292611 W 2586 lat 296 296 351 0 exe 16796 19351 45351 resp 45685 0 pmu 1023479 37291 8241299 7207168 49009215
1790346989.336638 W 2587 lat 296 296 518 0 exe 16833 21685 118999 resp 119333 5 pmu 1023358 64360 8242012 6399835 54928758
1790346990.276627 W 2588 lat 296 296 333 0 exe 16759 19370 44240 resp 44537 0 pmu 1023445 37558 8243119 7149093 48995707
1790346991.320637 W 2589 lat 296 296 444 0 exe 16888 22129 113944 resp 114388 4 pmu 1023415 69862 8246965 6388396 56057854
1790346992.256620 W 2590 lat 296 296 351 0 exe 17185 19685 58499 resp 58814 0 pmu 1023521 41090 8240784 7101208 49765044
1790346993.296636 W 2591 lat 296 296 407 0 exe 16925 22148 110833 resp 111148 6 pmu 1023449 69912 8240883 6534672 56206793
1790346994.340616 W 2592 lat 296 296 333 0 exe 16944 20092 60370 resp 60685 0 pmu 1023514 45896 8242071 7069445 50736958
1790346995.280638 W 2593 lat 296 296 629 0 exe 17185 22388 107370 resp 107666 7 pmu 1023444 72741 8243320 6554229 56776012
1790346996.324610 W 2594 lat 296 296 333 0 exe 17092 19370 42203 resp 42518 0 pmu 1023529 37566 8242380 7038441 48924419
1790346997.260639 W 2595 lat 296 296 425 0 exe 17314 22166 110296 resp 110611 6 pmu 1023459 69936 8242579 6369637 56114538
1790346998.300614 W 2596 lat 296 296 351 0 exe 17037 19777 64592 resp 64907 0 pmu 1023503 42144 8239674 7066318 49953201
1790346999.340638 W 2597 lat 296 296 777 0 exe 17370 22944 110685 resp 111462 4 pmu 1023466 78991 8243787 6595532 58170692
1790347000.280612 W 2598 lat 296 296 333 0 exe 17296 19407 43277 resp 43592 0 pmu 1023506 37817 8239816 7078535 49060504
1790347001.320638 W 2599 lat 296 296 388 0 exe 17240 22611 114851 resp 115185 5 pmu 1023427 75067 8245112 6381718 57181712
1790347002.260611 W 2600 lat 296 296 351 0 exe 16907 19462 46037 resp 46370 0 pmu 1023535 38608 8243106 7113504 49187635
1790347003.300637 W 2601 lat 296 296 481 0 exe 17037 22537 107796 resp 108277 6 pmu 1023434 74635 8238975 6407705 57129751
1790347004.340612 W 2602 lat 296 296 333 0 exe 17055 19407 43777 resp 44111 0 pmu 1023503 37842 8237308 7042969 49018202
1790347005.280637 W 2603 lat 296 296 888 0 exe 17166 21999 127703 resp 128018 7 pmu 1023436 67189 8241701 6385460 55598479
1790347006.320610 W 2604 lat 296 296 333 0 exe 16944 19648 44833 resp 45148 0 pmu 1023528 40386 8240564 7241129 49706770
1790347007.264636 W 2605 lat 296 296 481 0 exe 16870 22962 116481 resp 116814 5 pmu 1023460 79072 8242799 6396613 58115234
1790347008.312613 W 2606 lat 296 296 425 0 exe 17185 19888 63129 resp 63444 0 pmu 1023574 43724 8242148 7130195 50294554
1790347009.352636 W 2607 lat 296 296 462 0 exe 16944 21925 106648 resp 106962 7 pmu 1023422 67267 8240086 6582448 55669848
1790347010.288610 W 2608 lat 296 296 333 0 exe 16851 19425 44555 resp 44870 0 pmu 1023486 37868 8239072 7026935 49034820
1790347011.328637 W 2609 lat 296 296 444 0 exe 17240 22462 131185 resp 131499 6 pmu 1023496 73070 8247464 6392275 56786966
1790347012.272610 W 2610 lat 296 296 333 0 exe 17222 19462 43333 resp 43629 0 pmu 1023513 38465 8244376 7276420 49296996
1790347013.316647 W 2611 lat 296 296 444 0 exe 16944 22018 117370 resp 117703 8 pmu 1023411 68248 8242305 6382075 55765297
1790347014.260613 W 2612 lat 296 296 351 0 exe 16833 19574 59259 resp 59574 0 pmu 1023469 40012 8239478 7134531 49526731
1790347015.304637 W 2613 lat 296 296 499 0 exe 17074 22240 127944 resp 128259 7 pmu 1023450 70718 8240273 6540139 56385333
1790347016.348637 W 2614 lat 296 296 425 0 exe 16981 21759 109518 resp 109833 4 pmu 1023504 65465 8247633 7242262 55329681
1790347017.284639 W 2615 lat 296 296 370 0 exe 17166 23592 109092 resp 109425 5 pmu 1023446 87293 8250315 7054799 60062512
1790347018.336906 W 2616 lat 296 1870 6166 0 exe 16925 197888 564351 resp 568166 560 pmu 1023318 522928 8310274 7062093 511443730
1790347019.276895 W 2617 lat 1092 3277 7185 0 exe 286296 345203 395814 resp 398703 1000 pmu 1025267 904901 8381776 12540853 897281425
1790347020.332926 W 2618 lat 1592 3277 6185 0 exe 301629 344833 408722 resp 411925 1000 pmu 1025003 900962 8371985 12950541 895821879
1790347021.276885 W 2619 lat 1277 3222 5944 0 exe 235574 341407 401907 resp 405555 1000 pmu 1024415 899875 8363428 13153385 887816857
1790347022.320936 W 2620 lat 1111 3277 7166 0 exe 220703 341611 401462 resp 406462 1000 pmu 1024666 895417 8363046 12737158 887609215
1790347023.256929 W 2621 lat 1555 3370 6888 0 exe 288148 345759 414018 resp 420462 1000 pmu 1025224 905648 8369229 12671535 898668381
1790347024.304906 W 2622 lat 1296 3314 6425 0 exe 294703 344407 398277 resp 403092 1000 pmu 1024901 901252 8365461 13163619 895463912
1790347025.264924 W 2623 lat 1166 3259 6240 0 exe 244851 341092 392611 resp 398074 1000 pmu 1024675 895771 8366828 13020149 886796201
1790347026.316895 W 2624 lat 1518 3407 6851 0 exe 302499 343907 395407 resp 399203 1000 pmu 1025116 898106 8373098 12699069 894090375
1790347027.260889 W 2625 lat 1685 3296 7185 0 exe 293481 346129 406629 resp 410370 1000 pmu 1025191 905259 8369727 13026583 899152747
1790347028.300921 W 2626 lat 1444 3240 6629 0 exe 267592 343481 393185 resp 398351 1000 pmu 1024917 899064 8369272 13106587 893313676
1790347029.344904 W 2627 lat 1555 3222 5629 0 exe 213222 342851 398481 resp 403166 1000 pmu 1024622 896231 8367196 12832358 889907477
1790347030.280913 W 2628 lat 1629 3222 5870 0 exe 291611 345351 406407 resp 410240 1000 pmu 1025111 905095 8371256 12603288 897356619
1790347031.320825 W 2629 lat 1129 3222 6092 0 exe 282685 345370 402111 resp 406111 1000 pmu 1024958 903144 8366871 13084154 897467528
1790347032.256910 W 2630 lat 1222 3203 6481 0 exe 243925 341444 406611 resp 411870 1000 pmu 1024807 896013 8367915 12996103 888293903
1790347033.312873 W 2631 lat 1481 3185 5462 0 exe 294851 344888 390555 resp 393740 1000 pmu 1025021 901015 8370116 12836231 896590970
1790347034.268913 W 2632 lat 1314 3222 7444 0 exe 286240 345555 406203 resp 409148 1000 pmu 1025035 906179 8370738 12933319 898565116
1790347035.332941 W 2633 lat 1333 3185 6148 0 exe 239166 341555 390981 resp 394981 1000 pmu 1024519 894374 8364541 13058185 887632794
1790347036.280886 W 2634 lat 1407 3222 5648 0 exe 238777 343092 397148 resp 401203 1000 pmu 1025075 900072 8363305 12649449 892135302
1790347037.332885 W 2635 lat 1611 3259 7092 0 exe 288740 345259 402240 resp 406444 1000 pmu 1024823 903337 8369255 12715017 897724519
1790347038.276885 W 2636 lat 666 3203 5833 0 exe 215499 340962 395629 resp 399074 1000 pmu 1024568 900000 8364759 13035825 887470737
1790347039.320925 W 2637 lat 1407 3240 6425 0 exe 236037 343851 408740 resp 413703 1000 pmu 1024736 899449 8361961 12567001 893294618
1790347040.256932 W 2638 lat 1499 3296 6222 0 exe 236333 344222 392444 resp 396259 1000 pmu 1025036 901843 8380923 12829626 894733050
1790347041.296934 W 2639 lat 1592 3444 6740 0 exe 287481 345611 399333 resp 402259 1000 pmu 1024958 903718 8373865 12663984 898133140
1790347042.336975 W 2640 lat 1240 3296 7611 0 exe 240611 342111 395648 resp 398240 1000 pmu 1024871 899290 8370261 12994975 889620686
1790347043.272909 W 2641 lat 1129 3370 6740 0 exe 249388 344425 406240 resp 411703 1000 pmu 1025054 900510 8375318 12706346 894920904
1790347044.312900 W 2642 lat 1092 3370 6962 0 exe 252629 346444 408166 resp 411333 1000 pmu 1025269 908403 8377542 12877404 900415363
1790347045.252916 W 2643 lat 1407 3296 6833 0 exe 247314 343296 405740 resp 410074 1000 pmu 1024685 897345 8369679 12912557 893066704
1790347046.308873 W 2644 lat 1351 3259 6611 0 exe 267259 344981 416833 resp 421870 1000 pmu 1025098 904657 8371870 12852526 896903076
1790347047.352923 W 2645 lat 1092 3240 7407 0 exe 233203 343944 401574 resp 404240 1000 pmu 1024911 900171 8376047 13073479 893000086
1790347048.288647 W 2646 lat 296 1722 5888 0 exe 17240 180648 397166 resp 401222 497 pmu 1024237 490598 8307264 12734451 470424273
1790347049.328622 W 2647 lat 296 296 333 0 exe 16870 19037 47499 resp 47796 0 pmu 1023478 33875 8253363 10780466 50350683
1790347050.272710 W 2648 lat 296 685 8481 0 exe 17166 95055 684240 resp 690537 500 pmu 1021419 514467 8297446 6421525 265957434
1790347051.312743 W 2649 lat 314 518 2296 0 exe 92574 113277 181833 resp 182444 980 pmu 1019424 976514 8339205 13244795 350712238
1790347052.252691 W 2650 lat 314 814 7314 0 exe 85592 139944 627166 resp 633148 943 pmu 1018019 949775 8315509 8628674 409240669
1790347053.292739 W 2651 lat 333 537 3277 0 exe 95722 115425 246129 resp 249407 984 pmu 1019991 980072 8341333 13233988 355820768
1790347054.336693 W 2652 lat 314 740 5666 0 exe 88999 133425 501129 resp 505129 962 pmu 1017670 935804 8315409 9316659 393461683
1790347055.276775 W 2653 lat 333 499 1222 0 exe 100277 110555 155722 resp 156351 1000 pmu 1020273 986102 8344375 11939578 343843618
1790347056.316731 W 2654 lat 314 722 5425 0 exe 85907 131518 470148 resp 475388 980 pmu 1017655 944714 8316969 8387259 388633145
1790347057.256690 W 2655 lat 314 537 4481 0 exe 99351 116481 498648 resp 501962 999 pmu 1019777 983487 8345666 11609719 357483000
1790347058.304797 W 2656 lat 314 592 1999 0 exe 101833 121444 181981 resp 182481 1000 pmu 1018396 964271 8317834 11871557 367756267
1790347059.348711 W 2657 lat 314 685 6055 0 exe 92370 126851 498462 resp 503055 985 pmu 1018746 965068 8335464 8715795 379384675
1790347060.284762 W 2658 lat 314 574 2518 0 exe 100574 118925 170018 resp 170425 1000 pmu 1019135 976377 8340258 11901695 362989910
1790347061.328726 W 2659 lat 314 740 8240 0 exe 99574 128129 496925 resp 501351 1000 pmu 1018629 952196 8336668 8579240 381558067
1790347062.264754 W 2660 lat 333 537 1611 0 exe 101277 118074 176407 resp 177259 1000 pmu 1019357 978134 8337500 11938906 361008745
1790347063.312699 W 2661 lat 314 722 6129 0 exe 99574 131166 499111 resp 502111 1000 pmu 1018298 960324 8327988 8640082 388846178
1790347064.260760 W 2662 lat 314 537 1685 0 exe 100648 116277 167499 resp 168611 1000 pmu 1019773 979179 8339246 11958063 357005926
1790347065.300696 W 2663 lat 333 759 7203 0 exe 100277 132555 494407 resp 499833 1000 pmu 1017858 949142 8323518 8540554 391262918
1790347066.340785 W 2664 lat 333 537 1666 0 exe 97888 114203 184444 resp 185351 993 pmu 1019488 978975 8331555 11939376 352105541
1790347067.276710 W 2665 lat 333 740 6981 0 exe 93148 133944 505851 resp 510703 997 pmu 1017887 951819 8321678 8684775 395063673
1790347068.320750 W 2666 lat 333 518 1888 0 exe 99888 112796 139333 resp 140351 1000 pmu 1019510 979967 8337941 12021184 349069802
1790347069.264693 W 2667 lat 333 740 6074 0 exe 94648 135388 499111 resp 503759 997 pmu 1018020 953920 8325006 8238045 398282362
1790347070.308757 W 2668 lat 333 518 1462 0 exe 99351 111611 138907 resp 139537 999 pmu 1020296 987052 8343382 11962762 346574531
1790347071.352709 W 2669 lat 314 759 5629 0 exe 103222 135222 497277 resp 501629 1000 pmu 1017366 951523 8308702 8221226 396202376
1790347072.292724 W 2670 lat 314 499 3648 0 exe 100111 111703 495907 resp 499388 1000 pmu 1019898 983343 8343975 11982773 346738518
1790347073.332719 W 2671 lat 333 666 5722 0 exe 105111 128981 508833 resp 510018 1000 pmu 1018159 962636 8316371 11820472 385211889
1790347074.268716 W 2672 lat 333 592 7074 0 exe 101537 119499 514351 resp 517518 1000 pmu 1019709 977155 8346392 12060755 364900332
1790347075.308735 W 2673 lat 314 629 5611 0 exe 105481 125777 489148 resp 493907 1000 pmu 1018379 967832 8318540 12067156 377991974
1790347076.348741 W 2674 lat 314 611 5166 0 exe 97259 121259 493092 resp 495259 999 pmu 1019317 968793 8341340 11867032 368533100
1790347077.284728 W 2675 lat 314 574 1944 0 exe 104537 118777 146796 resp 147833 1000 pmu 1018681 971099 8328764 11827405 361872453
1790347078.332714 W 2676 lat 333 685 6388 0 exe 100518 129722 510407 resp 513370 1000 pmu 1019285 969948 8339929 8366575 386141823
1790347079.272765 W 2677 lat 333 703 4222 0 exe 104481 117296 143777 resp 144648 1000 pmu 1019097 977097 8327649 12069706 358827860
1790347080.320642 W 2678 lat 296 685 5277 0 exe 17240 94092 500592 resp 504111 550 pmu 1020427 579408 8287443 8338701 266985566
1790347081.256606 W 2679 lat 296 296 351 0 exe 16999 19499 42740 resp 43055 0 pmu 1023471 38872 8260321 11370934 51828646
1790347082.300735 W 2680 lat 296 407 2148 0 exe 17092 56037 212111 resp 212425 170 pmu 1019481 402095 8271720 6375909 166416580
1790347083.340707 W 2681 lat 314 499 1259 0 exe 82629 93592 149277 resp 149851 131 pmu 1013808 787369 8271282 8262229 292789046
1790347084.276723 W 2682 lat 314 499 1370 0 exe 79277 94074 136981 resp 137555 160 pmu 1014126 794187 8273398 8147097 294538901
1790347085.320717 W 2683 lat 314 499 1555 0 exe 80629 93203 142148 resp 143518 106 pmu 1013892 786531 8270255 8010227 291794891
1790347086.256729 W 2684 lat 314 481 1055 0 exe 78296 93740 145611 resp 146037 143 pmu 1013872 793168 8274425 8069108 293312593
1790347087.296747 W 2685 lat 314 499 1444 0 exe 73759 92018 115425 resp 115981 86 pmu 1013861 778192 8272280 8087336 288221644
1790347088.336736 W 2686 lat 314 499 1259 0 exe 81185 93722 170166 resp 171037 153 pmu 1014160 792586 8276999 7757038 293603858
1790347089.272738 W 2687 lat 314 481 1518 0 exe 82055 92722 148666 resp 149222 69 pmu 1013529 784724 8262126 8350689 290734505
1790347090.316713 W 2688 lat 314 499 1111 0 exe 82814 93296 131777 resp 132185 100 pmu 1013596 790257 8269037 8134588 292578494
1790347091.268743 W 2689 lat 314 481 1018 0 exe 82259 93388 112296 resp 112833 88 pmu 1013800 790565 8276171 7969691 292121167
1790347092.308722 W 2690 lat 314 499 1259 0 exe 80962 93666 141092 resp 141611 106 pmu 1013851 793819 8272500 7772627 293203740
1790347093.348725 W 2691 lat 314 481 907 0 exe 79037 92444 130018 resp 130555 76 pmu 1013560 781088 8266108 8056642 289869601
1790347094.288688 W 2692 lat 314 518 15666 0 exe 80796 94055 149722 resp 151703 132 pmu 1013856 791538 8272351 7928459 294346901
1790347095.332704 W 2693 lat 314 518 1351 0 exe 83314 93444 141740 resp 142166 99 pmu 1013532 789629 8273241 8223715 292500996
1790347096.280724 W 2694 lat 314 499 944 0 exe 81907 93944 138018 resp 138907 103 pmu 1013793 795320 8270851 8073908 293932534
1790347097.320724 W 2695 lat 314 481 1166 0 exe 79481 93092 111925 resp 112574 102 pmu 1013907 789578 8272490 8032358 291493529
1790347098.260720 W 2696 lat 314 499 1203 0 exe 81777 93629 144518 resp 145722 129 pmu 1013932 791032 8266189 7754953 293412121
1790347099.320708 W 2697 lat 314 499 1074 0 exe 81018 93277 146351 resp 146833 116 pmu 1013608 786356 8267834 8098138 292075379
1790347100.276729 W 2698 lat 314 499 1277 0 exe 78833 93870 143833 resp 144444 159 pmu 1014113 794593 8282694 8106838 294127151
1790347101.336739 W 2699 lat 314 499 1370 0 exe 78925 93129 120296 resp 120962 148 pmu 1013636 787379 8266257 8075272 291706716
1790347102.288734 W 2700 lat 314 499 1222 0 exe 80148 93333 142074 resp 143277 119 pmu 1014275 791449 8276178 7837425 292888101
1790347103.328733 W 2701 lat 314 499 1296 0 exe 81666 92555 116462 resp 117333 90 pmu 1013771 791113 8274142 8064007 290904102
1790347104.264751 W 2702 lat 314 481 1055 0 exe 75537 91759 137759 resp 138296 63 pmu 1013985 787052 8273698 7810105 288434998
1790347105.320738 W 2703 lat 314 499 1074 0 exe 82518 91425 123351 resp 123685 30 pmu 1013708 781699 8267655 7985630 287764708
1790347106.272705 W 2704 lat 314 499 1574 0 exe 78629 92462 154981 resp 155555 70 pmu 1014018 793641 8270801 7874029 290789644
1790347107.320728 W 2705 lat 314 499 1222 0 exe 83296 91722 135222 resp 136092 15 pmu 1013495 785888 8268921 8179537 288670856
1790347108.256744 W 2706 lat 314 481 1018 0 exe 80703 91962 147499 resp 148092 45 pmu 1013668 789266 8271168 8001403 289591990
1790347109.312736 W 2707 lat 314 499 1444 0 exe 77925 90888 133555 resp 134407 29 pmu 1013880 777192 8271308 8109733 286608995
1790347110.272711 W 2708 lat 314 499 1259 0 exe 82037 92018 149055 resp 149499 64 pmu 1014096 788247 8283826 7954830 289896507
1790347111.332701 W 2709 lat 314 499 1722 0 exe 82018 92314 150222 resp 150851 31 pmu 1013815 791648 8272720 8132930 290013749
1790347112.272647 W 2710 lat 296 407 1074 0 exe 17240 66888 134740 resp 135277 41 pmu 1017550 534004 8259695 8149074 203785329
1790347113.312611 W 2711 lat 296 296 370 0 exe 17203 21037 113629 resp 113944 3 pmu 1023467 57552 8251994 7538981 53514629
1790347114.252662 W 2712 lat 296 296 1462 0 exe 16555 24444 257518 resp 258981 31 pmu 1023234 89142 8244725 7093244 63346818
1790347115.292637 W 2713 lat 296 296 888 0 exe 17092 22925 109648 resp 110537 6 pmu 1023490 78944 8245620 8557079 59384121
1790347116.332637 W 2714 lat 296 296 351 0 exe 16814 19407 41777 resp 42074 0 pmu 1023510 37838 8240040 7067632 49044419
1790347117.268625 W 2715 lat 296 296 629 0 exe 17222 22851 122796 resp 123425 6 pmu 1023464 77476 8239851 6364123 57773947
1790347118.308644 W 2716 lat 296 296 351 0 exe 17111 19407 39462 resp 39777 0 pmu 1023481 37850 8239092 7196980 49121145
1790347119.348619 W 2717 lat 296 296 425 0 exe 16777 22314 107555 resp 107888 4 pmu 1023426 72049 8243681 6342659 56473805
1790347120.288612 W 2718 lat 296 296 333 0 exe 17074 19666 58499 resp 58833 0 pmu 1023474 40787 8239391 7037072 49682098
1790347121.328635 W 2719 lat 296 296 462 0 exe 17055 21870 121351 resp 121685 5 pmu 1023393 66186 8238732 6534257 55460092
1790347122.264616 W 2720 lat 296 296 333 0 exe 17129 19370 42129 resp 42425 0 pmu 1023511 37282 8237820 7174323 49005189
1790347123.304634 W 2721 lat 296 296 425 0 exe 17166 22148 109074 resp 109388 5 pmu 1023445 69793 8238968 6368945 56045786
1790347124.344638 W 2722 lat 296 296 333 0 exe 16925 19240 38814 resp 39129 0 pmu 1023552 36135 8238842 7053283 48661236
1790347125.280616 W 2723 lat 296 296 499 0 exe 16851 21907 111055 resp 111370 6 pmu 1023446 66992 8240275 6334278 55449846
1790347126.320612 W 2724 lat 296 296 333 0 exe 16944 19592 44444 resp 44740 0 pmu 1023552 39751 8242928 7070621 49464635
1790347127.256639 W 2725 lat 296 296 425 0 exe 17166 22499 109018 resp 109333 6 pmu 1023388 73728 8241973 6392393 56937998
1790347128.296613 W 2726 lat 296 296 333 0 exe 17037 19499 43203 resp 43518 0 pmu 1023512 38917 8240020 7054524 49258750
1790347129.336637 W 2727 lat 296 296 333 0 exe 16944 22129 111851 resp 112166 6 pmu 1023426 69407 8237549 6379994 56069224
1790347130.272614 W 2728 lat 296 296 351 0 exe 16981 19314 43962 resp 44296 0 pmu 1023485 36767 8238604 7079368 48816365
1790347131.312637 W 2729 lat 296 296 685 0 exe 16944 21907 109999 resp 110314 5 pmu 1023462 66831 8240338 6386750 55428388
1790347132.248670 W 2730 lat 296 296 333 0 exe 17148 19851 55481 resp 55796 0 pmu 1023526 43171 8239420 7061450 50140543
1790347133.288638 W 2731 lat 296 296 462 0 exe 16981 22481 108259 resp 108592 5 pmu 1023476 73678 8241751 6505089 57020112
1790347134.328614 W 2732 lat 296 296 333 0 exe 17148 19333 42666 resp 42981 0 pmu 1023556 37006 8240560 7046005 48842110
1790347135.264638 W 2733 lat 296 296 518 0 exe 17074 22499 112481 resp 112814 8 pmu 1023490 73404 8242696 6374314 56961966
1790347136.304615 W 2734 lat 296 296 351 0 exe 17018 19388 41685 resp 41999 0 pmu 1023530 37508 8238760 7089109 49004727
1790347137.344639 W 2735 lat 296 296 648 0 exe 17148 23111 118259 resp 118592 5 pmu 1023437 80882 8244645 6364304 58484196
1790347138.284615 W 2736 lat 296 296 351 0 exe 17092 19851 55574 resp 55870 0 pmu 1023505 42767 8240344 7150938 50188430
1790347139.324640 W 2737 lat 296 296 425 0 exe 16944 22499 109962 resp 110277 4 pmu 1023462 73879 8241272 6505802 56991935
1790347140.260612 W 2738 lat 296 296 333 0 exe 17277 19333 40555 resp 40888 0 pmu 1023481 37121 8237432 7062807 48884440
1790347141.300638 W 2739 lat 296 296 555 0 exe 17185 22018 122018 resp 122333 6 pmu 1023493 67683 8242323 6354025 55701848
1790347142.340617 W 2740 lat 296 296 370 0 exe 16944 19537 45444 resp 45759 0 pmu 1023474 39150 8236464 7182684 49393628
1790347143.276638 W 2741 lat 296 296 518 0 exe 17222 21981 116203 resp 116537 4 pmu 1023409 67885 8239617 6402478 55672782
1790347144.316638 W 2742 lat 296 296 1055 0 exe 17018 21703 123722 resp 124777 4 pmu 1023492 64641 8240635 7124541 55155318
1790347145.252635 W 2743 lat 296 296 351 0 exe 17037 21333 112944 resp 113277 5 pmu 1023458 60661 8250502 7203569 54578652
1790347146.296665 W 2744 lat 296 296 1018 0 exe 17018 27055 186555 resp 186925 32 pmu 1023137 122801 8248844 7087028 70789698
1790347147.340663 W 2745 lat 296 314 814 0 exe 19370 36944 129629 resp 130222 6 pmu 1022680 244058 8255180 7855162 97572411
1790347148.292658 W 2746 lat 296 314 592 0 exe 18351 32777 57333 resp 57648 0 pmu 1023240 196174 8260882 7347147 85215435
1790347149.356652 W 2747 lat 296 296 629 0 exe 19037 32425 123944 resp 124277 6 pmu 1023183 190417 8252836 6595871 83449073
1790347150.320649 W 2748 lat 296 296 703 0 exe 18388 30314 59259 resp 59574 0 pmu 1023209 166618 8251391 7263888 78242033
1790347151.280664 W 2749 lat 296 296 814 0 exe 18203 33055 119555 resp 120370 7 pmu 1023089 198165 8254800 6603382 85901082
1790347152.348652 W 2750 lat 296 296 518 0 exe 18999 32666 86185 resp 86499 0 pmu 1023002 194469 8251383 7222080 84976724
1790347153.296663 W 2751 lat 296 314 648 0 exe 18925 35037 134018 resp 134666 9 pmu 1022887 221187 8256002 6886543 91711299
1790347154.344653 W 2752 lat 296 296 574 0 exe 18555 29370 61833 resp 62259 0 pmu 1023281 155178 8254634 7378782 75854967
1790347155.296656 W 2753 lat 296 296 629 0 exe 19037 34777 124425 resp 125018 7 pmu 1023136 219200 8258399 6625322 90403301
1790347156.352651 W 2754 lat 296 296 499 0 exe 17814 28574 59259 resp 59574 0 pmu 1023258 145656 8256452 7281609 73423352
1790347157.308665 W 2755 lat 296 314 611 0 exe 18796 34055 118370 resp 118722 7 pmu 1023052 210081 8256825 6590912 88448347
1790347158.256663 W 2756 lat 296 296 592 0 exe 18759 31111 59351 resp 59870 0 pmu 1023261 176244 8257405 7215007 80698370
1790347159.308662 W 2757 lat 296 296 611 0 exe 18129 30962 116259 resp 116685 5 pmu 1023268 173141 8254429 6610592 79614570
1790347160.260656 W 2758 lat 296 296 629 0 exe 18314 29592 62777 resp 63296 0 pmu 1023234 158103 8254890 7175510 76691852
1790347161.320661 W 2759 lat 296 296 722 0 exe 18703 32222 122259 resp 122611 6 pmu 1023069 188067 8255592 6635317 83874139
1790347162.268651 W 2760 lat 296 296 1888 0 exe 17648 28055 51981 resp 52518 0 pmu 1023384 139793 8254663 7244862 71911007
1790347163.336664 W 2761 lat 296 296 722 0 exe 18703 30796 116222 resp 116537 5 pmu 1023267 171424 8256863 6522673 79161924
1790347164.280661 W 2762 lat 296 296 777 0 exe 17851 31166 62888 resp 63203 0 pmu 1023221 176836 8254623 7177253 80563055
1790347165.340657 W 2763 lat 296 314 1111 0 exe 18555 32388 116981 resp 117685 7 pmu 1023172 190386 8256639 6641712 83860813
1790347166.292653 W 2764 lat 296 296 1185 0 exe 18814 30018 70370 resp 70703 0 pmu 1023092 162422 8251008 7195973 77245966
1790347167.352658 W 2765 lat 296 296 592 0 exe 19111 34870 125962 resp 126407 4 pmu 1022998 220098 8254498 6717588 91059231
1790347168.300651 W 2766 lat 296 296 537 0 exe 18499 29907 67574 resp 67999 0 pmu 1023194 162056 8252446 7296931 77527077
1790347169.348664 W 2767 lat 296 314 1611 0 exe 17814 32314 132537 resp 134148 6 pmu 1023173 189253 8258278 6685042 83894927
1790347170.300652 W 2768 lat 296 296 648 0 exe 18814 28981 53592 resp 53888 0 pmu 1023391 150553 8256971 7354507 74500165
1790347171.348663 W 2769 lat 296 314 722 0 exe 19203 35222 135148 resp 135611 8 pmu 1023017 224095 8254622 6541833 91490970
1790347172.300653 W 2770 lat 296 296 629 0 exe 17759 30759 56370 resp 56703 0 pmu 1023274 172138 8254591 7391745 79503457
1790347173.340663 W 2771 lat 296 314 796 0 exe 18537 32740 124092 resp 124444 9 pmu 1022987 193992 8253972 6573479 85261110
1790347174.276653 W 2772 lat 296 314 592 0 exe 18537 31944 68981 resp 69296 0 pmu 1023034 185952 8254698 7265463 83384568
1790347175.316663 W 2773 lat 296 296 574 0 exe 18277 33407 117296 resp 117648 4 pmu 1022924 202363 8254069 6709134 87095178
1790347176.252647 W 2774 lat 296 296 537 0 exe 18111 31462 126574 resp 126999 1 pmu 1023256 179834 8257103 7198376 80884922
1790347177.292638 W 2775 lat 296 296 481 0 exe 16925 21648 117537 resp 117851 5 pmu 1023437 64028 8251475 7280748 55362576
1790347178.340658 W 2776 lat 296 296 1999 0 exe 17018 24981 181074 resp 181574 30 pmu 1023289 97827 8257046 7134637 65022266
1790347179.276645 W 2777 lat 296 296 907 0 exe 18555 25037 123962 resp 124870 7 pmu 1023432 98799 8243949 7795626 63983327
1790347180.316627 W 2778 lat 296 296 407 0 exe 18703 22388 43611 resp 43925 0 pmu 1023530 67830 8246585 7229098 56472344
1790347181.260640 W 2779 lat 296 296 685 0 exe 19055 25037 113537 resp 114222 3 pmu 1023483 98961 8248491 6407318 63190460
1790347182.304633 W 2780 lat 296 296 351 0 exe 18888 22222 41351 resp 41666 0 pmu 1023527 65712 8242372 7124859 55977705
1790347183.356604 W 2781 lat 296 296 407 0 exe 19055 24981 111074 resp 111407 6 pmu 1023464 98191 8244675 6384568 63022305
1790347184.296624 W 2782 lat 296 296 351 0 exe 18574 22648 60944 resp 61240 0 pmu 1023517 70577 8242762 7096734 57010596
1790347185.344712 W 2783 lat 296 314 851 0 exe 18944 24759 122055 resp 122907 5 pmu 1023430 95518 8243991 6580961 62611983
1790347186.288630 W 2784 lat 296 296 351 0 exe 18611 22629 55314 resp 55629 0 pmu 1023591 70773 8247484 7209812 57052956
1790347187.344644 W 2785 lat 296 296 555 0 exe 18444 24962 117648 resp 117962 6 pmu 1023444 97578 8244706 6524856 62978913
1790347188.288628 W 2786 lat 296 296 333 0 exe 19055 22648 45037 resp 45351 0 pmu 1023559 70345 8242728 7160211 57016382
1790347189.344642 W 2787 lat 296 296 666 0 exe 19166 24851 123370 resp 124037 5 pmu 1023491 96332 8244445 6424220 62659945
1790347190.288627 W 2788 lat 296 296 370 0 exe 19185 22611 63018 resp 63351 0 pmu 1023504 70255 8243998 7222670 57010237
1790347191.340642 W 2789 lat 296 296 518 0 exe 18759 25055 108499 resp 108944 6 pmu 1023418 99241 8245354 6604743 63333505
1790347192.292628 W 2790 lat 296 296 425 0 exe 18740 22259 44981 resp 45296 0 pmu 1023503 65722 8240818 7071084 56024642
1790347193.348643 W 2791 lat 296 296 351 0 exe 18981 24518 132370 resp 132703 6 pmu 1023471 92650 8244171 6420520 61883124
1790347194.296631 W 2792 lat 296 296 351 0 exe 18981 22648 42055 resp 42370 0 pmu 1023514 70467 8241565 7306670 57130617
1790347195.348643 W 2793 lat 296 296 425 0 exe 18814 24703 117833 resp 118203 4 pmu 1023428 94817 8242490 6394134 62347159
1790347196.296625 W 2794 lat 296 296 425 0 exe 19074 23277 68444 resp 68759 0 pmu 1023471 78163 8242440 7162023 58616981
1790347197.344645 W 2795 lat 296 296 574 0 exe 19111 26037 109277 resp 109648 7 pmu 1023433 110522 8244695 6662079 65782524
1790347198.288634 W 2796 lat 296 296 351 0 exe 18870 22277 40722 resp 41037 0 pmu 1023558 66060 8246308 7085533 56063852
1790347199.332644 W 2797 lat 296 296 462 0 exe 18296 24740 122074 resp 122388 5 pmu 1023438 95504 8247554 6378401 62448731
1790347200.276626 W 2798 lat 296 296 333 0 exe 19111 22203 43462 resp 43777 0 pmu 1023519 65439 8247431 7201991 55977478
1790347201.332646 W 2799 lat 296 296 425 0 exe 19111 24370 109444 resp 109759 3 pmu 1023447 91100 8245592 6406643 61489281
1790347202.272633 W 2800 lat 296 296 333 0 exe 19055 22425 43962 resp 44277 0 pmu 1023456 68108 8245176 7077664 56471639
1790347203.324643 W 2801 lat 296 296 722 0 exe 18666 24037 108222 resp 108555 4 pmu 1023463 87088 8245824 6412446 60630293
1790347204.264626 W 2802 lat 296 296 351 0 exe 18518 21962 43592 resp 43888 0 pmu 1023547 62717 8244159 7063078 55337976
1790347205.308642 W 2803 lat 296 296 444 0 exe 18685 24074 108907 resp 109222 2 pmu 1023456 87304 8243008 6403736 60809805
1790347206.256632 W 2804 lat 296 296 351 0 exe 18499 22296 43666 resp 43962 0 pmu 1023526 66435 8242709 7068679 56136420
1790347207.316645 W 2805 lat 296 296 444 0 exe 18555 25314 103907 resp 104222 3 pmu 1023435 102296 8244463 6406044 63929558
1790347208.268651 W 2806 lat 296 296 944 0 exe 18481 25537 105925 resp 106240 3 pmu 1023411 105048 8246329 7024332 67052223
1790347209.308637 W 2807 lat 296 296 388 0 exe 17092 21592 112870 resp 113185 5 pmu 1023468 63485 8250604 7047705 55021935
1790347210.348794 W 2808 lat 296 314 2018 0 exe 17129 25981 197777 resp 198740 61 pmu 1023233 100129 8254644 7087948 71255007
1790347211.284718 W 2809 lat 314 629 3018 0 exe 109666 128092 184981 resp 185555 1000 pmu 1021278 1026996 8294777 7973576 449660202
1790347212.324732 W 2810 lat 314 629 2703 0 exe 109518 128648 180648 resp 181185 1000 pmu 1021281 1027271 8296859 8823851 452123027
1790347213.261090 W 2811 lat 314 629 3481 0 exe 110148 128833 184203 resp 184907 1000 pmu 1021453 1027628 8301041 8780543 451442743
1790347214.300707 W 2812 lat 314 629 3314 0 exe 107666 128092 178388 resp 179037 1000 pmu 1021007 1026673 8294090 8824834 450406040
1790347215.340795 W 2813 lat 314 611 2592 0 exe 110314 128740 181907 resp 182518 1000 pmu 1021751 1027473 8298608 8749544 452496730
1790347216.277042 W 2814 lat 314 629 2129 0 exe 109907 128444 172925 resp 173481 1000 pmu 1021552 1027719 8300454 8797389 453123271
1790347217.316725 W 2815 lat 296 611 3462 0 exe 109592 128944 182555 resp 182999 1000 pmu 1021549 1027565 8297159 8701603 453001568
1790347218.252835 W 2816 lat 314 592 2277 0 exe 104259 127796 178425 resp 178851 1000 pmu 1021251 1027292 8296390 8804783 449515639
1790347219.292781 W 2817 lat 296 611 2777 0 exe 108055 127629 183018 resp 183351 1000 pmu 1021386 1027533 8298519 8725127 448240664
1790347220.332924 W 2818 lat 314 611 2407 0 exe 110277 127851 181481 resp 182240 1000 pmu 1021110 1026979 8294058 8791188 449990639
1790347221.268831 W 2819 lat 314 629 3111 0 exe 108592 128796 183944 resp 185129 1000 pmu 1021397 1027291 8299278 8788236 452925351
1790347222.308719 W 2820 lat 314 611 2666 0 exe 110796 128722 179055 resp 180481 1000 pmu 1021575 1027954 8302096 8815087 452744101
1790347223.348741 W 2821 lat 314 629 2907 0 exe 107111 128962 173518 resp 174481 1000 pmu 1021639 1028290 8307710 8775603 452688354
1790347224.284893 W 2822 lat 314 629 3222 0 exe 109759 128296 182333 resp 183888 1000 pmu 1021733 1028071 8304143 8702040 451878150
1790347225.325188 W 2823 lat 314 629 2481 0 exe 111499 128481 178685 resp 180944 1000 pmu 1021874 1028137 8302027 8804521 453431822
1790347226.260703 W 2824 lat 296 629 3222 0 exe 109074 128907 180796 resp 181129 1000 pmu 1021333 1027471 8297777 8777472 453796481
1790347227.300862 W 2825 lat 314 592 2629 0 exe 108703 128166 190888 resp 191203 1000 pmu 1021527 1027620 8299576 8782899 450393214
1790347228.340791 W 2826 lat 296 592 2444 0 exe 109944 127907 176148 resp 177018 1000 pmu 1021150 1027263 8295048 8874914 450576913
1790347229.276880 W 2827 lat 314 611 3740 0 exe 109148 128777 182759 resp 183314 1000 pmu 1021416 1027972 8299834 8734236 451836656
1790347230.316715 W 2828 lat 314 611 3870 0 exe 110129 128722 182185 resp 182703 1000 pmu 1021373 1027528 8298044 8805877 452472238
1790347231.252698 W 2829 lat 296 611 2499 0 exe 108814 128611 174351 resp 174740 1000 pmu 1021512 1027840 8299854 8805039 451977923
1790347232.292796 W 2830 lat 296 611 2537 0 exe 108407 128240 181185 resp 182074 1000 pmu 1021482 1027369 8293661 8712028 451718594
1790347233.332713 W 2831 lat 314 648 2759 0 exe 109814 128481 173648 resp 174055 1000 pmu 1021795 1027477 8301498 8779117 452918226
1790347234.268712 W 2832 lat 296 611 2462 0 exe 110240 128499 178907 resp 179648 1000 pmu 1020912 1026376 8292772 8711132 453078486
1790347235.309030 W 2833 lat 314 592 2185 0 exe 104962 128388 172092 resp 172962 1000 pmu 1020879 1025930 8295348 8765786 449036864
1790347236.349131 W 2834 lat 296 611 2629 0 exe 109148 128629 205685 resp 207074 1000 pmu 1021021 1026972 8297218 8670000 452438810
1790347237.284713 W 2835 lat 314 592 2796 0 exe 106870 128296 177074 resp 177722 1000 pmu 1021146 1027226 8298846 9032663 452754348
1790347238.324707 W 2836 lat 314 611 2888 0 exe 107074 127925 202611 resp 203037 1000 pmu 1021379 1027730 8303265 8730913 450251665
1790347239.260710 W 2837 lat 314 592 2592 0 exe 110185 128222 171333 resp 171833 1000 pmu 1021754 1027682 8301838 8984701 452234738
1790347240.300663 W 2838 lat 296 611 2481 0 exe 47592 126962 174444 resp 174962 976 pmu 1021741 1019828 8294203 8687727 444157304
1790347241.340636 W 2839 lat 296 296 407 0 exe 17018 22240 111888 resp 112222 6 pmu 1023423 70885 8247951 8396345 57481517
1790347242.280661 W 2840 lat 296 296 759 0 exe 16833 21240 157740 resp 158092 20 pmu 1023376 57584 8248477 7081055 55249902
1790347243.320642 W 2841 lat 296 296 1185 0 exe 17222 25092 215092 resp 215425 14 pmu 1023374 101214 8249827 7535611 64319912
1790347244.256628 W 2842 lat 296 296 351 0 exe 16962 19685 42666 resp 42981 0 pmu 1023527 41251 8245235 8132248 50371437
1790347245.296639 W 2843 lat 296 296 481 0 exe 17111 21685 112092 resp 112462 6 pmu 1023438 64405 8245825 6375314 54866699
1790347246.336614 W 2844 lat 296 296 333 0 exe 16925 19351 41629 resp 41944 0 pmu 1023545 37422 8243584 7081287 48941134
1790347247.272635 W 2845 lat 296 296 499 0 exe 16888 21629 109351 resp 109685 5 pmu 1023422 63780 8242503 6362988 54718881
1790347248.312614 W 2846 lat 296 296 333 0 exe 17129 19703 48814 resp 49129 0 pmu 1023522 41345 8246178 7052440 49757167
1790347249.248634 W 2847 lat 296 296 499 0 exe 16962 22092 122870 resp 123277 5 pmu 1023440 69503 8244171 6437670 56024359
1790347250.288621 W 2848 lat 296 296 333 0 exe 17148 19555 45129 resp 45425 0 pmu 1023517 39603 8246715 7190696 49443962
1790347251.328635 W 2849 lat 296 296 481 0 exe 16425 21851 127537 resp 127851 7 pmu 1023430 66502 8244499 6400153 55378657
1790347252.264608 W 2850 lat 296 296 333 0 exe 16740 19222 43296 resp 43629 0 pmu 1023533 36122 8247886 7232952 48736339
1790347253.304635 W 2851 lat 296 296 574 0 exe 16833 21703 123629 resp 124203 8 pmu 1023498 64815 8246072 6378266 54965703
1790347254.344617 W 2852 lat 296 296 425 0 exe 17055 19629 49796 resp 50111 0 pmu 1023478 40389 8245483 7196937 49656134
1790347255.280634 W 2853 lat 296 296 666 0 exe 16777 22037 110944 resp 111314 5 pmu 1023411 68648 8243792 6447273 55851538
1790347256.320618 W 2854 lat 296 296 333 0 exe 17129 19592 40648 resp 40981 0 pmu 1023526 40079 8248061 7070943 49483885
1790347257.256635 W 2855 lat 296 296 425 0 exe 16981 22129 122740 resp 123074 6 pmu 1023406 69515 8244656 6355488 56081015
1790347258.296615 W 2856 lat 296 296 333 0 exe 16962 19333 42018 resp 42333 0 pmu 1023527 36922 8246141 7188863 48905872
1790347259.340637 W 2857 lat 296 296 518 0 exe 16944 22018 128777 resp 129259 7 pmu 1023399 68324 8242248 6367025 55762121
1790347260.276615 W 2858 lat 296 296 333 0 exe 16925 19814 51759 resp 52055 0 pmu 1023513 42732 8244888 7249843 50160932
1790347261.316634 W 2859 lat 296 296 388 0 exe 17111 21722 109944 resp 110259 7 pmu 1023423 64996 8243284 6466534 55129987
1790347262.252665 W 2860 lat 296 296 333 0 exe 17018 20240 54092 resp 54407 0 pmu 1023502 47612 8243142 7059335 51093822
1790347263.292634 W 2861 lat 296 296 592 0 exe 16962 22148 123962 resp 124555 5 pmu 1023419 69677 8244906 6492376 56117710
1790347264.332612 W 2862 lat 296 296 333 0 exe 16777 19407 41370 resp 41685 0 pmu 1023510 37619 8242936 7203384 49094652
1790347265.268634 W 2863 lat 296 296 407 0 exe 16999 21740 119555 resp 119870 7 pmu 1023439 64639 8243783 6360016 55040564
1790347266.308613 W 2864 lat 296 296 333 0 exe 17148 19574 49555 resp 49870 0 pmu 1023568 39898 8247123 7155091 49523215
1790347267.348634 W 2865 lat 296 296 481 0 exe 17388 22888 128388 resp 128703 7 pmu 1023413 77967 8246395 6444591 57822721
1790347268.284610 W 2866 lat 296 296 333 0 exe 17166 19574 46740 resp 47055 0 pmu 1023497 39384 8247133 7251537 49518551
1790347269.324634 W 2867 lat 296 296 518 0 exe 16925 21870 119981 resp 120370 5 pmu 1023377 66622 8245838 6416608 55401604
1790347270.260616 W 2868 lat 296 296 333 0 exe 17444 19407 41962 resp 42296 0 pmu 1023468 37606 8243664 7160488 49084172
1790347271.300634 W 2869 lat 296 296 444 0 exe 16870 21592 121222 resp 121555 5 pmu 1023414 63307 8241614 6369346 54722861
1790347272.340645 W 2870 lat 296 296 333 0 exe 16944 19703 41981 resp 42296 0 pmu 1023487 41107 8244696 7170556 49835150
1790347273.280638 W 2871 lat 296 296 666 0 exe 17148 24129 112722 resp 113092 8 pmu 1023416 93572 8252732 6368417 61344978
1790347274.320674 W 2872 lat 296 296 351 0 exe 16981 19222 43851 resp 44166 0 pmu 1023516 36040 8245055 7101002 48628725
1790347275.264748 W 2873 lat 296 407 4092 0 exe 17759 104907 492611 resp 496240 399 pmu 1014926 931151 8222055 6386018 290516051
1790347276.313439 W 2874 lat 296 444 5870 0 exe 93981 107555 481592 resp 485870 428 pmu 1014775 945874 8218109 11342237 299185064
1790347277.252877 W 2875 lat 296 425 5277 0 exe 94351 107759 498481 resp 503759 480 pmu 1014539 952391 8217489 11639032 300552413
1790347278.300698 W 2876 lat 296 444 4777 0 exe 92999 109166 496407 resp 500037 521 pmu 1014700 950610 8217530 11812865 303216046
1790347279.257035 W 2877 lat 296 444 5111 0 exe 92129 109314 510055 resp 515166 567 pmu 1014713 952611 8216056 11781772 303713325
1790347280.308699 W 2878 lat 296 425 5851 0 exe 92907 106518 479444 resp 483203 348 pmu 1014742 943761 8221069 11923102 296687541
1790347281.260709 W 2879 lat 296 444 5925 0 exe 93537 109555 496185 resp 501129 501 pmu 1014776 951254 8217973 11604221 304393922
1790347282.312910 W 2880 lat 296 444 7277 0 exe 93592 108759 494962 resp 496333 441 pmu 1014829 947784 8222806 11796220 301592994
1790347283.252728 W 2881 lat 296 425 5425 0 exe 92037 107407 492277 resp 496944 404 pmu 1014778 946008 8224065 11769109 299002071
1790347284.293633 W 2882 lat 296 425 4907 0 exe 84999 107407 494444 resp 497277 390 pmu 1014820 941773 8221098 11734685 298354306
1790347285.332753 W 2883 lat 296 425 5296 0 exe 95259 108370 487037 resp 489092 564 pmu 1014238 953841 8214931 11710044 301671003
1790347286.268752 W 2884 lat 296 444 6537 0 exe 94314 110111 484962 resp 488425 629 pmu 1014793 956750 8221295 11690164 305169273
1790347287.320741 W 2885 lat 296 425 7370 0 exe 92999 107981 496166 resp 500351 468 pmu 1014814 948299 8223377 11686349 300091557
1790347288.260714 W 2886 lat 296 462 6018 0 exe 93611 110518 506351 resp 511777 537 pmu 1014986 951563 8221703 11789127 306087701
1790347289.304716 W 2887 lat 296 425 6018 0 exe 92629 108648 477907 resp 480314 452 pmu 1014717 947190 8222677 11906035 301523943
1790347290.352697 W 2888 lat 296 444 5481 0 exe 93185 111666 508592 resp 512555 746 pmu 1014749 961765 8220781 11592942 309586137
1790347291.288939 W 2889 lat 296 444 5814 0 exe 93407 110611 493518 resp 497092 597 pmu 1014629 956288 8220915 11922480 306095162
1790347292.337034 W 2890 lat 296 407 4629 0 exe 93833 109462 503333 resp 507962 653 pmu 1014312 960599 8214321 11767310 304543102
1790347293.285073 W 2891 lat 296 462 6666 0 exe 93870 111240 526851 resp 530666 650 pmu 1014655 957988 8218463 11860989 307967191
1790347294.325996 W 2892 lat 296 425 5111 0 exe 93425 109907 473481 resp 478592 570 pmu 1014791 954461 8223674 12111570 305344958
1790347295.276835 W 2893 lat 296 481 5814 0 exe 93277 112203 533777 resp 538574 587 pmu 1014680 952453 8215939 11567464 309348490
1790347296.329351 W 2894 lat 296 444 5777 0 exe 93462 112203 504166 resp 509203 648 pmu 1014651 957748 8220811 12183697 310576244
1790347297.272807 W 2895 lat 296 444 4703 0 exe 94574 112296 524388 resp 528962 651 pmu 1014279 954403 8215772 11889208 309983678
1790347298.324862 W 2896 lat 296 444 5185 0 exe 93203 113333 500981 resp 503814 684 pmu 1014278 957033 8220591 12089947 313018794
1790347299.284774 W 2897 lat 296 462 4129 0 exe 94703 112462 496444 resp 499444 656 pmu 1014300 956613 8221613 11847672 310499512
1790347300.336734 W 2898 lat 296 425 5574 0 exe 93148 111296 499407 resp 503388 582 pmu 1014353 953585 8220379 11800960 308212744
1790347301.280836 W 2899 lat 296 425 6388 0 exe 89203 110851 462425 resp 466870 606 pmu 1014177 952082 8217394 11828962 306242602
1790347302.337215 W 2900 lat 296 444 4703 0 exe 93166 112203 512629 resp 516999 573 pmu 1014476 952009 8216621 11443465 309642566
1790347303.289182 W 2901 lat 296 462 5203 0 exe 94240 113203 485907 resp 487055 641 pmu 1014004 952770 8217097 11963607 312099338
1790347304.348665 W 2902 lat 296 462 7185 0 exe 93222 112388 519722 resp 521833 583 pmu 1014614 953188 8225333 11692968 310574977
1790347305.284613 W 2903 lat 296 314 3574 0 exe 16870 26851 476129 resp 479481 39 pmu 1022881 110698 8251669 12035234 72241471
1790347306.328706 W 2904 lat 296 296 481 0 exe 16814 21388 108777 resp 109148 6 pmu 1023407 60758 8252149 10776965 56774802
1790347307.290031 W 2905 lat 296 314 833 0 exe 17537 33222 183537 resp 184370 28 pmu 1023215 190419 8245562 7045375 87431979
1790347308.332650 W 2906 lat 296 296 537 0 exe 23888 30444 111555 resp 111888 6 pmu 1023480 163977 8250129 7859921 80139112
1790347309.268635 W 2907 lat 296 296 333 0 exe 22555 27388 46592 resp 46888 0 pmu 1023441 127694 8244680 7153719 71493251
1790347310.308649 W 2908 lat 296 296 425 0 exe 22129 30240 109685 resp 109999 6 pmu 1023375 161145 8246467 6481006 78693436
1790347311.348634 W 2909 lat 296 296 351 0 exe 23240 27740 48037 resp 48351 0 pmu 1023467 131766 8246935 7124609 72299252
1790347312.290031 W 2910 lat 296 296 444 0 exe 23222 30537 118759 resp 119203 6 pmu 1023389 164783 8245934 6500774 79451374
1790347313.347340 W 2911 lat 296 296 351 0 exe 22259 28296 63074 resp 63388 0 pmu 1023465 138623 8248176 7223074 73685923
1790347314.280650 W 2912 lat 296 296 481 0 exe 22814 29888 110518 resp 110833 7 pmu 1023423 156962 8247546 6649070 78084227
1790347315.325695 W 2913 lat 296 296 333 0 exe 23018 27629 42925 resp 43240 0 pmu 1023466 130536 8246356 7134814 71967453
1790347316.264649 W 2914 lat 296 296 425 0 exe 23222 30388 111055 resp 111351 3 pmu 1023350 163111 8246124 6447883 79103786
1790347317.312643 W 2915 lat 296 296 351 0 exe 22592 28499 74037 resp 74351 0 pmu 1023420 141132 8247093 7144288 74374243
1790347318.260650 W 2916 lat 296 296 462 0 exe 23129 30648 112055 resp 112370 5 pmu 1023361 166540 8247054 6761268 79991115
1790347319.316644 W 2917 lat 296 296 333 0 exe 22629 27703 42574 resp 42888 0 pmu 1023454 131250 8246084 7155493 72181559
1790347320.256649 W 2918 lat 296 296 462 0 exe 22814 29685 115555 resp 116018 2 pmu 1023436 154861 8250222 6442782 77496683
1790347321.316638 W 2919 lat 296 296 351 0 exe 21907 27685 43203 resp 43518 0 pmu 1023475 131238 8246732 7184869 72167171
1790347322.264654 W 2920 lat 296 296 444 0 exe 23018 29685 106240 resp 106574 5 pmu 1023384 154639 8245341 6445522 77490004
1790347323.313446 W 2921 lat 296 296 333 0 exe 22888 28462 45074 resp 45388 0 pmu 1023424 140394 8248325 7091907 73945120
1790347324.250144 W 2922 lat 296 296 574 0 exe 21925 29314 109574 resp 109907 5 pmu 1023380 150365 8245632 6472788 76537336
1790347325.288641 W 2923 lat 296 296 333 0 exe 23129 28296 42907 resp 43203 0 pmu 1023476 138576 8248620 7118778 73619990
1790347326.340649 W 2924 lat 296 296 481 0 exe 22074 31425 111018 resp 111351 6 pmu 1023343 175569 8246826 6451562 81648101
1790347327.292653 W 2925 lat 296 296 333 0 exe 23833 28907 41148 resp 41481 0 pmu 1023430 146135 8248548 7143828 75084291
1790347328.332650 W 2926 lat 296 296 444 0 exe 23925 32314 110851 resp 111166 5 pmu 1023373 186275 8249141 6440559 83856465
1790347329.280637 W 2927 lat 296 296 425 0 exe 23851 28240 58777 resp 59092 0 pmu 1023497 137754 8246228 7155710 73516551
1790347330.336647 W 2928 lat 296 296 481 0 exe 21907 29999 119111 resp 119537 6 pmu 1023382 158302 8246768 6614191 78362768
1790347331.273926 W 2929 lat 296 296 351 0 exe 22499 27518 42444 resp 42740 0 pmu 1023454 129206 8248425 7217457 71801697
1790347332.320656 W 2930 lat 296 296 425 0 exe 22907 29759 118611 resp 118944 4 pmu 1023386 155415 8247488 6439901 77685429
1790347333.260642 W 2931 lat 296 296 333 0 exe 23277 28240 43574 resp 43888 0 pmu 1023382 137673 8248133 7215506 73495597
1790347334.312989 W 2932 lat 296 296 462 0 exe 23425 31611 109148 resp 109518 7 pmu 1023442 177955 8246733 6458830 82181903
1790347335.252644 W 2933 lat 296 296 333 0 exe 22648 27981 43925 resp 44240 0 pmu 1023466 134849 8249264 7132995 72901681
1790347336.298338 W 2934 lat 296 296 425 0 exe 21555 30499 111166 resp 111555 6 pmu 1023329 164248 8245512 6457803 79440772
1790347337.336640 W 2935 lat 296 296 370 0 exe 16888 22314 112648 resp 112981 2 pmu 1023344 72071 8253029 7138265 56939999
1790347338.272636 W 2936 lat 296 296 425 0 exe 16981 22296 124333 resp 124648 3 pmu 1023349 71640 8253216 7088208 56845389
1790347339.321033 W 2937 lat 296 2407 7074 0 exe 17944 338240 517185 resp 521925 883 pmu 1024355 899626 8344718 7208298 1029549141
1790347340.265021 W 2938 lat 351 2574 7703 0 exe 148018 369333 518555 resp 522462 1000 pmu 1025260 1003484 8353460 12787966 1138725183
1790347341.312929 W 2939 lat 314 2629 7796 0 exe 138092 374833 512444 resp 516351 1000 pmu 1025285 1002353 8364102 13607647 1152735179
1790347342.256998 W 2940 lat 333 2537 7259 0 exe 136703 371333 516629 resp 521222 1000 pmu 1025294 1003486 8357080 13524986 1144638335
1790347343.308846 W 2941 lat 314 2537 7611 0 exe 132999 373444 538462 resp 541222 1000 pmu 1024886 1001242 8352738 13542735 1150101013
1790347344.252943 W 2942 lat 388 2611 7240 0 exe 138444 366925 508351 resp 511907 1000 pmu 1024995 1002496 8350875 13745446 1134877942
1790347345.296932 W 2943 lat 351 2833 7333 0 exe 141018 366259 516537 resp 520759 1000 pmu 1024726 1000657 8349324 13441992 1138080188
1790347346.337045 W 2944 lat 314 2870 7629 0 exe 141481 363944 555240 resp 560148 1000 pmu 1024767 1002304 8345773 13538046 1136402151
1790347347.285051 W 2945 lat 351 2907 7388 0 exe 148759 366240 523407 resp 528129 1000 pmu 1024650 1000534 8346750 13920693 1138197928
1790347348.336938 W 2946 lat 333 2777 7277 0 exe 141777 363148 533833 resp 535203 1000 pmu 1024731 1001084 8343193 13648540 1125001297
1790347349.281057 W 2947 lat 314 2703 6574 0 exe 134629 368962 516351 resp 519537 1000 pmu 1024633 999865 8346594 13684418 1139872635
1790347350.337562 W 2948 lat 388 2425 6499 0 exe 120555 353481 510425 resp 513611 1000 pmu 1024338 1003311 8345443 13508180 1098542860
1790347351.280942 W 2949 lat 333 2666 6388 0 exe 165925 351240 515888 resp 520592 1000 pmu 1024771 1005678 8348962 13299374 1101286484
1790347352.325007 W 2950 lat 333 3018 7314 0 exe 113277 378148 524462 resp 527907 1000 pmu 1025164 1004462 8353550 13577872 1174288347
1790347353.268944 W 2951 lat 333 2888 7055 0 exe 117574 368240 529629 resp 534333 1000 pmu 1024649 1001220 8355050 13534978 1139259773
1790347354.308916 W 2952 lat 333 2870 8388 0 exe 141240 364333 507999 resp 510222 1000 pmu 1024629 1001309 8344207 13562941 1127507023
1790347355.353731 W 2953 lat 407 2888 7240 0 exe 129870 365388 509037 resp 516277 1000 pmu 1024520 999369 8346944 13439408 1129867613
1790347356.289010 W 2954 lat 333 2851 6814 0 exe 137759 366777 513259 resp 517185 1000 pmu 1024805 1003499 8356140 13418234 1134559742
1790347357.328959 W 2955 lat 351 2907 6648 0 exe 145444 370388 506370 resp 510444 1000 pmu 1025058 1002394 8353814 13487615 1143107144
1790347358.268860 W 2956 lat 333 2833 6166 0 exe 147314 365814 516666 resp 520537 1000 pmu 1024901 1003344 8352492 13475301 1139911340
1790347359.313001 W 2957 lat 333 2907 6962 0 exe 140814 365703 499722 resp 503185 1000 pmu 1024952 1002491 8349804 13560918 1135153846
1790347360.260935 W 2958 lat 333 2796 7055 0 exe 146222 364018 516018 resp 519277 1000 pmu 1024835 1002260 8344956 13360746 1139645745
1790347361.305033 W 2959 lat 314 2851 6555 0 exe 139685 366129 513740 resp 516981 1000 pmu 1024726 1001852 8348567 13541290 1132843540
1790347362.252850 W 2960 lat 314 2962 9148 0 exe 151833 369888 515481 resp 518111 1000 pmu 1024548 1000889 8355074 13493899 1141691066
1790347363.304922 W 2961 lat 314 2907 7259 0 exe 140962 367222 524370 resp 528314 1000 pmu 1024862 1003097 8354949 13601222 1134880941
1790347364.253016 W 2962 lat 314 2888 7259 0 exe 144203 368055 512148 resp 516018 1000 pmu 1024657 1001873 8345400 13619266 1136917144
1790347365.304870 W 2963 lat 314 2814 6685 0 exe 130759 367944 510111 resp 513851 1000 pmu 1024790 1001741 8351312 13516956 1137626104
1790347366.252931 W 2964 lat 333 2833 6944 0 exe 139018 360240 512870 resp 516462 1000 pmu 1024302 1001617 8343904 13424962 1130896699
1790347367.296925 W 2965 lat 351 2611 6740 0 exe 165333 339129 474203 resp 479592 1000 pmu 1024834 1006905 8350713 13456019 1061722970
1790347368.344927 W 2966 lat 333 2759 6925 0 exe 109722 357592 515777 resp 520185 1000 pmu 1024815 1005327 8351095 13102416 1108996706
1790347369.284653 W 2967 lat 296 703 7370 0 exe 16759 76222 501814 resp 505518 171 pmu 1023703 228788 8262237 13326723 242073345
1790347370.324611 W 2968 lat 296 296 333 0 exe 16777 18944 42907 resp 43240 0 pmu 1023468 32863 8251375 11302952 50447334
1790347371.495611 W 2969 lat 296 2037 10962 0 exe 17740 286166 888277 resp 894740 831 pmu 1021295 853230 8292604 6375706 878121848
1790347372.445282 W 2970 lat 296 1518 6722 0 exe 87833 231999 582166 resp 585907 955 pmu 1023570 1012724 8320547 16263600 803655007
1790347373.395730 W 2971 lat 296 1462 10166 0 exe 92629 233333 669407 resp 675222 979 pmu 1025258 1017175 8335645 13244801 797747455
1790347374.406908 W 2972 lat 296 1351 6685 0 exe 89999 220129 653611 resp 657777 982 pmu 1025334 1003640 8333932 14175340 790606304
1790347375.343405 W 2973 lat 314 1574 7666 0 exe 120833 241518 530351 resp 532037 1000 pmu 1026341 1026671 8354576 13911911 898212981
1790347376.361285 W 2974 lat 333 2037 7166 0 exe 122925 286407 583814 resp 588574 1000 pmu 1025360 1024563 8335422 12934041 989616704
1790347377.599529 W 2975 lat 296 1629 7907 0 exe 118129 251555 572351 resp 576259 1000 pmu 1024277 1012198 8330284 13718901 926913349
1790347378.345845 W 2976 lat 314 1666 8166 0 exe 126796 251314 596555 resp 599722 1000 pmu 1026029 1027248 8343835 13403311 950171394
1790347379.439781 W 2977 lat 314 2351 7851 0 exe 124018 286981 604703 resp 609407 1000 pmu 1028781 1035170 8391651 13685343 992537351
1790347380.303914 W 2978 lat 296 1888 7925 0 exe 18722 249388 737592 resp 744314 946 pmu 1028942 992379 8401735 13940606 890758536
1790347381.468726 W 2979 lat 314 1981 7999 0 exe 120703 266166 714092 resp 717185 1000 pmu 1029506 1036186 8411640 14563383 970284203
1790347382.438545 W 2980 lat 314 2074 10185 0 exe 123259 263518 731203 resp 738092 1000 pmu 1030359 1038019 8439206 14904782 956622383
1790347383.389442 W 2981 lat 296 1944 8314 0 exe 101833 266166 667555 resp 673574 1000 pmu 1028490 1033746 8397099 15105736 954625138
1790347384.404658 W 2982 lat 314 1944 8592 0 exe 122518 268944 701148 resp 707499 1000 pmu 1027557 1031074 8372934 14361172 961752895
1790347385.326104 W 2983 lat 314 1796 7444 0 exe 120944 266370 553777 resp 556648 1000 pmu 1024161 1019978 8325411 14817452 976689821
1790347386.350401 W 2984 lat 314 1592 6148 0 exe 116703 249092 700555 resp 705388 1000 pmu 1025365 1023815 8338913 13299206 933822146
1790347387.785886 W 2985 lat 314 1611 6185 0 exe 121333 248462 564740 resp 568944 1000 pmu 1025937 1026926 8347633 14661493 926055636
1790347388.335469 W 2986 lat 296 1666 6814 0 exe 104277 246092 681907 resp 686277 1000 pmu 1025670 1022353 8337691 13320636 907930821
1790347389.275870 W 2987 lat 314 1555 8629 0 exe 103462 231759 655944 resp 662481 1000 pmu 1024403 1009462 8342401 14399330 866068549
1790347391.695773 W 2988 lat 314 1722 9111 0 exe 105629 247111 603648 resp 608055 1000 pmu 1028813 1033602 8389381 14083281 914780698
1790347391.740930 W 2989 lat 351 2166 6722 0 exe 129703 300111 520777 resp 525796 1000 pmu 1022506 1016252 8317653 13640369 986068485
1790347392.409854 W 2990 lat 296 1944 7111 0 exe 115722 262148 596870 resp 603129 1000 pmu 1026871 1030654 8368169 13190766 924783601
1790347393.335384 W 2991 lat 314 2074 8259 0 exe 103370 252629 650462 resp 656648 1000 pmu 1027285 1034027 8374664 13698693 885313167
1790347394.827326 W 2992 lat 296 722 8444 0 exe 17666 104111 521962 resp 524759 381 pmu 1023809 538731 8298638 14129660 367233237
1790347395.353497 W 2993 lat 296 1444 5555 0 exe 63518 230388 601555 resp 605240 991 pmu 1023727 1019659 8339603 11652380 844422604
1790347396.784487 W 2994 lat 314 1648 6092 0 exe 124370 252592 522851 resp 525518 1000 pmu 1024462 1023463 8323227 13302547 926790215
1790347397.432624 W 2995 lat 296 1407 8074 0 exe 19499 218870 551925 resp 554388 893 pmu 1024305 940031 8313867 12929169 823008871
1790347398.410315 W 2996 lat 314 1592 7314 0 exe 103944 238314 561407 resp 564388 1000 pmu 1024931 1009563 8333601 12534849 886454731
1790347399.388948 W 2997 lat 296 1722 5666 0 exe 122222 259074 506407 resp 509999 1000 pmu 1025028 1025304 8342366 13148943 924043656
1790347400.317295 W 2998 lat 314 1796 6703 0 exe 115499 255851 633796 resp 638611 1000 pmu 1028063 1033094 8378519 12789529 921275369
1790347401.348734 W 2999 lat 296 666 7370 0 exe 17259 99537 672537 resp 677722 325 pmu 1024343 536508 8283230 14023632 333309949
1790347402.284668 W 3000 lat 296 296 2018 0 exe 16592 22981 219685 resp 219999 11 pmu 1023471 74614 8258707 13136670 62563361
1790347403.438002 W 3001 lat 296 1351 9962 0 exe 17333 180388 958388 resp 966481 337 pmu 1021017 492497 8258821 8169737 479293322
1790347404.402730 W 3002 lat 296 2777 8277 0 exe 75425 372518 744425 resp 750240 987 pmu 1025383 996814 8335425 16433574 1142495219
1790347405.337280 W 3003 lat 296 944 5055 0 exe 18648 155777 507129 resp 510444 731 pmu 1025490 826692 8319820 15531759 599565683
1790347406.272665 W 3004 lat 296 314 2351 0 exe 16925 23740 225759 resp 227629 15 pmu 1023426 74094 8262029 11751138 64631285
1790347407.312653 W 3005 lat 296 296 648 0 exe 16833 21111 94999 resp 95333 0 pmu 1023475 58224 8254456 8244362 54269602
1790347408.248614 W 3006 lat 296 296 333 0 exe 16740 18722 38222 resp 38518 0 pmu 1023513 30137 8251394 6906699 47242817
1790347409.288686 W 3007 lat 296 296 351 0 exe 16833 20999 117407 resp 117740 9 pmu 1023431 56346 8252639 6324763 54430359
1790347410.328632 W 3008 lat 296 296 833 0 exe 17166 22907 120074 resp 120407 18 pmu 1023265 75907 8253793 7128933 60250553
1790347411.264617 W 3009 lat 296 296 333 0 exe 16722 18722 37518 resp 37833 0 pmu 1023510 30267 8250466 7169132 47405896
1790347412.304609 W 3010 lat 296 296 351 0 exe 16648 18462 30296 resp 30592 0 pmu 1023523 27456 8247475 6317741 46237499
1790347413.344614 W 3011 lat 296 296 333 0 exe 16907 18444 24444 resp 24759 0 pmu 1023500 26955 8245546 6243876 46133314
1790347414.280610 W 3012 lat 296 296 333 0 exe 16833 19074 44962 resp 45259 0 pmu 1023504 34410 8251587 6186480 47690452
1790347415.320613 W 3013 lat 296 296 333 0 exe 16759 18648 35129 resp 35444 0 pmu 1023514 29536 8247312 6394329 46758509
1790347421.938813 W 3014 lat 296 296 333 0 exe 16444 18777 31518 resp 31814 0 pmu 1023531 30822 8251674 6293716 46998284
1790347421.938878 W 3015 lat 296 296 351 0 exe 16814 18574 23537 resp 23851 0 pmu 1023545 28606 8250304 6256505 46497381
1790347421.938943 W 3016 lat 296 296 333 0 exe 16814 18499 24518 resp 24814 0 pmu 1023481 27571 8245824 6177677 46251144
1790347421.938989 W 3017 lat 296 296 351 0 exe 16740 18629 36148 resp 36444 0 pmu 1023485 29327 8246306 6186974 46597873
1790347421.939034 W 3018 lat 296 296 333 0 exe 16814 18388 20592 resp 20888 0 pmu 1023497 26389 8248420 6303739 46041255
1790347421.939079 W 3019 lat 296 296 333 0 exe 16444 18314 21462 resp 21759 0 pmu 1023509 25799 8251774 6147054 45786665
1790347422.288643 W 3020 lat 296 296 499 0 exe 16925 24925 119148 resp 119648 28 pmu 1023126 99189 8250889 6153799 65165765
1790347423.328615 W 3021 lat 296 296 333 0 exe 16833 18833 39222 resp 39518 0 pmu 1023486 31527 8253145 7168014 47681613
1790347424.264632 W 3022 lat 296 296 333 0 exe 16944 19555 48944 resp 49259 0 pmu 1023550 39977 8255527 6335747 49258026
1790347425.304614 W 3023 lat 296 296 333 0 exe 16537 18555 35611 resp 35925 0 pmu 1023564 28947 8255543 6437396 46616159
1790347426.344617 W 3024 lat 296 296 333 0 exe 16907 19388 49499 resp 49814 0 pmu 1023488 38020 8254776 6297042 48545384
1790347427.280609 W 3025 lat 296 296 333 0 exe 16833 18629 37314 resp 37629 0 pmu 1023516 29443 8255057 6441797 46743475
1790347428.320614 W 3026 lat 296 296 351 0 exe 16499 18425 28462 resp 28759 0 pmu 1023511 27198 8253045 6315919 46171675
1790347429.256613 W 3027 lat 296 296 333 0 exe 16722 18648 33870 resp 34185 0 pmu 1023526 29516 8254500 6224598 46619004
1790347430.296607 W 3028 lat 296 296 333 0 exe 16777 18703 36388 resp 36685 0 pmu 1023487 30147 8252860 6280809 46826028
1790347431.336610 W 3029 lat 296 296 333 0 exe 16666 18629 32537 resp 32851 0 pmu 1023512 29444 8255210 6306533 46701559
1790347432.272609 W 3030 lat 296 296 333 0 exe 16870 18518 32444 resp 32759 0 pmu 1023530 28395 8257116 6267170 46385668
1790347433.312649 W 3031 lat 296 296 666 0 exe 16611 23907 115185 resp 115685 14 pmu 1023304 89870 8253798 6266784 61753558
1790347434.248627 W 3032 lat 296 296 333 0 exe 16814 20481 70092 resp 70425 0 pmu 1023489 50725 8254215 7122587 51787902
1790347435.288643 W 3033 lat 296 296 685 0 exe 17148 24499 143148 resp 143759 8 pmu 1023406 96344 8255693 6652757 63542713
1790347436.336654 W 3034 lat 296 333 3629 0 exe 17203 44518 184314 resp 185222 210 pmu 1022385 295031 8255200 7409167 148514125
1790347437.272653 W 3035 lat 296 314 3185 0 exe 17166 29166 387074 resp 388222 15 pmu 1023353 136248 8261510 7936871 76012454
1790347438.316642 W 3036 lat 296 296 462 0 exe 17018 21925 109277 resp 109629 7 pmu 1023389 67741 8256793 9886499 57794472
1790347439.268653 W 3037 lat 296 296 1481 0 exe 17481 36629 230222 resp 231703 40 pmu 1023168 235113 8252818 7054073 95676383
1790347440.312638 W 3038 lat 296 296 407 0 exe 17203 22814 112037 resp 112425 6 pmu 1023445 77449 8253283 8349860 58913869
1790347441.264619 W 3039 lat 296 296 333 0 exe 17037 19425 41148 resp 41444 0 pmu 1023511 37961 8247355 7086561 49081017
1790347442.308641 W 3040 lat 296 296 1518 0 exe 17333 23407 132240 resp 132796 6 pmu 1023498 83922 8250644 6359002 59097668
1790347443.256618 W 3041 lat 296 296 333 0 exe 17518 19611 42425 resp 42740 0 pmu 1023478 40162 8244924 7298651 49654054
1790347444.300638 W 3042 lat 296 296 481 0 exe 17148 22592 112462 resp 112796 7 pmu 1023435 74643 8248570 6375161 57111804
1790347445.344618 W 3043 lat 296 296 333 0 exe 16907 19481 40648 resp 40962 0 pmu 1023496 38512 8246736 7089544 49200956
1790347446.284635 W 3044 lat 296 296 481 0 exe 17259 22388 125222 resp 125648 6 pmu 1023447 71901 8247756 6353748 56549364
1790347447.332614 W 3045 lat 296 296 351 0 exe 17129 19425 39296 resp 39629 0 pmu 1023476 37893 8244188 7217248 49158770
1790347448.280638 W 3046 lat 296 296 555 0 exe 17444 22425 112685 resp 113240 5 pmu 1023399 72664 8249854 6341359 56642100
1790347449.324622 W 3047 lat 296 296 333 0 exe 17222 19999 38999 resp 39314 0 pmu 1023453 44359 8245568 7093889 50489619
1790347450.264637 W 3048 lat 296 296 518 0 exe 17444 22962 117629 resp 117944 7 pmu 1023362 79122 8249681 6341563 58058816
1790347451.316616 W 3049 lat 296 296 333 0 exe 17111 19537 44722 resp 45018 0 pmu 1023505 39104 8248850 7144696 49361326
1790347452.256635 W 3050 lat 296 296 499 0 exe 17222 22370 106092 resp 106407 6 pmu 1023457 72654 8247682 6395656 56714031
1790347453.300617 W 3051 lat 296 296 333 0 exe 17129 19537 40259 resp 40555 0 pmu 1023525 39498 8246740 7025145 49360210
1790347454.352636 W 3052 lat 296 296 462 0 exe 16981 22703 116111 resp 116425 6 pmu 1023467 76033 8251715 6351109 57392364
1790347455.292621 W 3053 lat 296 296 333 0 exe 17222 20111 55611 resp 55907 0 pmu 1023533 45898 8247876 7125565 50818444
1790347456.340635 W 3054 lat 296 296 481 0 exe 17203 22111 107888 resp 108370 6 pmu 1023482 69534 8248828 6508022 56027472
1790347457.284625 W 3055 lat 296 296 333 0 exe 17092 19259 37870 resp 38185 0 pmu 1023523 35817 8245148 7042290 48611680
1790347458.336635 W 3056 lat 296 296 981 0 exe 16907 22351 110166 resp 111148 4 pmu 1023439 71962 8248457 6325760 56565473
1790347459.284615 W 3057 lat 296 296 333 0 exe 17259 19537 41185 resp 41499 0 pmu 1023505 39148 8244584 7069978 49326744
1790347460.324637 W 3058 lat 296 296 407 0 exe 17574 22518 105925 resp 106240 4 pmu 1023478 73760 8249617 6361262 56953307
1790347461.264618 W 3059 lat 296 296 333 0 exe 17055 19629 52722 resp 53055 0 pmu 1023507 40251 8247024 7025547 49542169
1790347462.316635 W 3060 lat 296 296 629 0 exe 17314 22518 121074 resp 121481 5 pmu 1023484 73798 8254557 6476064 57006745
1790347463.264630 W 3061 lat 296 296 333 0 exe 16944 19296 38277 resp 38592 0 pmu 1023522 36570 8251027 7177279 48826507
1790347464.320646 W 3062 lat 296 296 407 0 exe 17277 22407 110407 resp 110722 4 pmu 1023452 72524 8250247 6329421 56684416
1790347465.276616 W 3063 lat 296 296 333 0 exe 16851 19407 39925 resp 40259 0 pmu 1023399 37748 8243247 7068194 49017325
1790347466.332638 W 3064 lat 296 296 444 0 exe 17592 22648 114055 resp 114370 5 pmu 1023460 75657 8250452 6346045 57248533
1790347467.280619 W 3065 lat 296 296 333 0 exe 17037 19518 53814 resp 54129 0 pmu 1023498 39156 8244650 7107726 49343202
1790347468.324636 W 3066 lat 296 296 444 0 exe 17222 21814 117722 resp 118148 5 pmu 1023473 65530 8248138 6486262 55238971
1790347469.268636 W 3067 lat 296 296 425 0 exe 16851 21611 111018 resp 111444 4 pmu 1023463 63681 8253354 7138920 55017640
1790347470.308637 W 3068 lat 296 296 462 0 exe 17314 21907 123777 resp 124111 6 pmu 1023450 66941 8258649 7068815 55903687
1790347471.252651 W 3069 lat 296 296 1444 0 exe 17240 25962 177888 resp 178277 28 pmu 1023298 109477 8249700 7200180 68221650
1790347472.308640 W 3070 lat 296 296 555 0 exe 18203 23592 108407 resp 108796 5 pmu 1023531 86078 8249060 7766348 61988027
1790347473.252622 W 3071 lat 296 296 444 0 exe 17870 20407 42351 resp 42666 0 pmu 1023591 48733 8244368 7059946 53021713
1790347474.296635 W 3072 lat 296 296 777 0 exe 18407 23981 119944 resp 120277 5 pmu 1023484 90494 8244489 6380780 62145639
1790347475.340623 W 3073 lat 296 296 351 0 exe 18018 20574 40666 resp 40962 0 pmu 1023619 50889 8245018 7179140 53495967
1790347476.276640 W 3074 lat 296 314 14277 0 exe 17870 23444 115148 resp 117092 5 pmu 1023475 84572 8248748 6364934 60770692
1790347477.316628 W 3075 lat 296 296 425 0 exe 18185 21037 52796 resp 53111 0 pmu 1023587 56194 8242872 7201557 54672468
1790347478.252641 W 3076 lat 296 296 574 0 exe 18240 24037 105740 resp 106074 5 pmu 1023522 91428 8245981 6489939 62348819
1790347479.292621 W 3077 lat 296 296 499 0 exe 17388 20148 44962 resp 45277 0 pmu 1023581 46078 8240004 7035460 52440776
1790347480.332642 W 3078 lat 296 296 537 0 exe 18037 24037 109166 resp 109481 7 pmu 1023502 91336 8248811 6403465 62228570
1790347481.268632 W 3079 lat 296 296 333 0 exe 17444 20444 45518 resp 45833 0 pmu 1023544 49347 8240330 7068415 53110582
1790347482.332639 W 3080 lat 296 296 499 0 exe 18166 24296 110537 resp 110944 7 pmu 1023467 94292 8248403 6409888 62932958
1790347483.284614 W 3081 lat 296 296 407 0 exe 17888 21129 71425 resp 71740 0 pmu 1023576 57529 8248621 7084375 54836658
1790347484.332640 W 3082 lat 296 296 555 0 exe 17611 24240 118166 resp 118481 6 pmu 1023541 93689 8252393 6675131 62921963
1790347485.280615 W 3083 lat 296 296 425 0 exe 17870 20796 52740 resp 53055 0 pmu 1023585 53241 8242177 7157437 54038586
1790347486.332640 W 3084 lat 296 296 462 0 exe 18259 24203 115777 resp 116111 6 pmu 1023525 93114 8246252 6486596 62730905
1790347487.280628 W 3085 lat 296 296 407 0 exe 18111 21759 81333 resp 81648 0 pmu 1023570 64813 8247538 7136222 56418895
1790347488.328638 W 3086 lat 296 296 425 0 exe 17777 24129 116111 resp 116444 9 pmu 1023465 92553 8244950 6778397 62783822
1790347489.272615 W 3087 lat 296 296 499 0 exe 17814 20222 46444 resp 46759 0 pmu 1023623 46726 8242700 7136710 52613067
1790347490.320638 W 3088 lat 296 296 518 0 exe 17796 23814 111240 resp 111759 7 pmu 1023534 88834 8245704 6420816 61687911
1790347491.260613 W 3089 lat 296 296 333 0 exe 17351 20166 48351 resp 48666 0 pmu 1023585 46331 8242691 7087781 52468008
1790347492.316640 W 3090 lat 296 296 1351 0 exe 17944 23611 111481 resp 111833 8 pmu 1023514 86501 8249049 6436449 61304152
1790347493.260615 W 3091 lat 296 296 333 0 exe 17722 20240 48407 resp 48722 0 pmu 1023607 47094 8243205 7093135 52649460
1790347494.316640 W 3092 lat 296 296 444 0 exe 17666 23944 118518 resp 118925 6 pmu 1023478 90234 8252688 6439141 62081750
1790347495.260617 W 3093 lat 296 296 333 0 exe 17629 20314 48425 resp 48740 0 pmu 1023532 47930 8249517 7159627 52869140
1790347496.300641 W 3094 lat 296 296 537 0 exe 17703 23870 114592 resp 114907 7 pmu 1023448 89488 8249911 6439333 61900717
1790347497.344639 W 3095 lat 296 296 462 0 exe 17833 22407 94296 resp 94611 0 pmu 1023624 72703 8247204 7120273 58090917
1790347498.284642 W 3096 lat 296 296 425 0 exe 18222 23425 110666 resp 110999 6 pmu 1023477 84145 8245966 6910138 60989028
1790347499.332620 W 3097 lat 296 296 407 0 exe 17537 20574 47888 resp 48203 0 pmu 1023636 50981 8247281 7080830 53459351
1790347500.284639 W 3098 lat 296 296 462 0 exe 17796 23722 116351 resp 116666 8 pmu 1023526 87397 8244840 6435165 61472480
1790347501.332642 W 3099 lat 296 296 592 0 exe 17148 22407 132018 resp 132611 5 pmu 1023498 72438 8255434 7137288 57270932
1790347502.268638 W 3100 lat 296 296 444 0 exe 16814 21962 127462 resp 127777 6 pmu 1023431 67750 8257905 7286079 56141949
1790347503.310545 W 3101 lat 296 2092 8944 0 exe 16833 215703 710425 resp 717314 672 pmu 1023933 701706 8315002 7236618 602333370
1790347504.348757 W 3102 lat 296 2666 8907 0 exe 19518 282185 605388 resp 609962 926 pmu 1024496 969059 8313978 14120285 803433681
1790347505.288241 W 3103 lat 296 2740 8018 0 exe 29370 297222 612814 resp 618685 970 pmu 1024683 1007779 8337411 13407101 842296460
1790347506.328968 W 3104 lat 296 2611 8425 0 exe 70444 289092 692574 resp 698277 984 pmu 1024960 1020627 8328912 13608179 829860242
1790347507.269011 W 3105 lat 314 3129 9574 0 exe 94333 318537 712888 resp 718574 987 pmu 1023827 1014479 8324642 14571107 893498493
1790347508.312783 W 3106 lat 296 2259 8074 0 exe 19277 249444 612796 resp 618351 813 pmu 1024328 868760 8309000 15048931 710510748
1790347509.352718 W 3107 lat 296 1611 7351 0 exe 17407 187925 559666 resp 564444 633 pmu 1024434 699884 8308271 13313889 540694813
1790347510.288813 W 3108 lat 314 2499 8592 0 exe 73351 283370 587277 resp 591814 992 pmu 1025109 1021662 8324195 12456137 815760809
1790347511.328994 W 3109 lat 314 2944 8888 0 exe 94537 312092 607870 resp 614388 999 pmu 1024794 1018040 8324560 13498673 877459166
1790347512.266182 W 3110 lat 296 2444 9833 0 exe 18370 257277 675314 resp 679944 808 pmu 1024428 847560 8314120 13967262 724337442
1790347513.313037 W 3111 lat 296 2759 8370 0 exe 93222 304740 618685 resp 624759 996 pmu 1024438 1013920 8333135 13980005 864638334
1790347514.352892 W 3112 lat 314 2777 10259 0 exe 98981 305925 597851 resp 600962 999 pmu 1024210 1012963 8313215 14026721 866686058
1790347515.288759 W 3113 lat 296 2629 9814 0 exe 27037 300703 583611 resp 587537 967 pmu 1024912 1000190 8329343 13847851 849846072
1790347516.328889 W 3114 lat 296 2796 7851 0 exe 99814 302333 586499 resp 591037 1000 pmu 1025129 1020246 8324221 13320707 859387200
1790347517.264722 W 3115 lat 314 2481 9018 0 exe 101907 284759 561703 resp 566388 1000 pmu 1025901 1027169 8347002 13715632 824672358
1790347518.310182 W 3116 lat 296 2148 7685 0 exe 20555 259129 542518 resp 547999 923 pmu 1025122 976068 8335662 13395197 749487377
1790347519.352680 W 3117 lat 296 2777 8981 0 exe 34148 295314 612240 resp 618111 974 pmu 1024444 998233 8310739 12664388 837381221
1790347520.296715 W 3118 lat 296 1925 8055 0 exe 18481 223796 596666 resp 601222 777 pmu 1024280 831820 8307167 13621240 649190050
1790347521.336800 W 3119 lat 314 2611 8370 0 exe 97796 300333 595833 resp 600037 999 pmu 1024749 1019897 8321089 13014675 860550888
1790347522.272827 W 3120 lat 314 2759 8833 0 exe 100037 302055 606092 resp 611203 1000 pmu 1025260 1020819 8328726 13789063 864691450
1790347523.313049 W 3121 lat 314 2518 7759 0 exe 90851 282759 590759 resp 595444 997 pmu 1025415 1021136 8329506 13918896 819583034
1790347524.352688 W 3122 lat 314 2907 8629 0 exe 98444 315611 706351 resp 712759 996 pmu 1024951 1017667 8326028 13614677 889221744
1790347525.288719 W 3123 lat 296 2740 9055 0 exe 99259 301666 698592 resp 704814 1000 pmu 1024409 1018372 8322681 14987742 860725240
1790347526.328728 W 3124 lat 314 2481 8148 0 exe 93888 283611 599148 resp 604962 997 pmu 1025862 1022769 8343081 14844651 820387851
1790347527.264824 W 3125 lat 314 2425 7222 0 exe 102370 278037 528018 resp 532055 1000 pmu 1025825 1024100 8335279 13725299 810706875
1790347528.308669 W 3126 lat 314 2518 7925 0 exe 92166 282074 533037 resp 538574 993 pmu 1025883 1022727 8334805 13014642 818449970
1790347529.351486 W 3127 lat 296 1537 7203 0 exe 18222 182462 563074 resp 567796 635 pmu 1024297 722837 8301530 13044575 534542963
1790347530.284828 W 3128 lat 296 2333 7222 0 exe 18555 265648 604407 resp 610333 921 pmu 1025127 958402 8329738 12465434 765221201
1790347531.324857 W 3129 lat 314 2518 12407 0 exe 101666 285851 568222 resp 573277 1000 pmu 1025531 1022881 8336492 13306469 827510517
1790347532.263148 W 3130 lat 296 2351 8962 0 exe 19222 267962 618185 resp 622611 895 pmu 1025229 935136 8319794 13483588 769649123
1790347533.300645 W 3131 lat 296 1203 7907 0 exe 17055 128537 601555 resp 607148 365 pmu 1023925 417107 8277784 13458749 360843386
1790347534.340649 W 3132 lat 296 296 351 0 exe 17055 19333 43611 resp 43907 0 pmu 1023486 37167 8251788 12578161 52148144
1790347535.292655 W 3133 lat 296 314 1055 0 exe 17333 40981 175907 resp 176870 38 pmu 1023004 285782 8254866 6383516 105146004
1790347536.248631 W 3134 lat 296 296 407 0 exe 28407 35888 57648 resp 57962 0 pmu 1023447 234017 8250555 7823082 90270994
1790347537.312653 W 3135 lat 296 296 425 0 exe 29833 43240 109666 resp 110018 10 pmu 1023102 320510 8256408 6663753 109054190
1790347538.264639 W 3136 lat 296 296 425 0 exe 30166 37907 59851 resp 60166 0 pmu 1023365 257606 8254072 7227978 95053651
1790347539.316645 W 3137 lat 296 296 555 0 exe 27814 36499 118870 resp 119203 11 pmu 1023245 240255 8254439 6704859 92226067
1790347540.276633 W 3138 lat 296 296 333 0 exe 28185 33444 47907 resp 48222 0 pmu 1023428 204631 8252488 7276960 83981914
1790347541.340644 W 3139 lat 296 296 703 0 exe 28759 36685 115111 resp 115592 11 pmu 1023275 242753 8256016 6552583 92667113
1790347542.300635 W 3140 lat 296 296 518 0 exe 28722 34685 59296 resp 59611 0 pmu 1023326 219111 8247613 7246574 87115932
1790347543.252643 W 3141 lat 296 296 592 0 exe 28018 37018 115703 resp 116037 11 pmu 1023293 246821 8254964 6676358 93458950
1790347544.296630 W 3142 lat 296 296 333 0 exe 28944 33462 49592 resp 49888 0 pmu 1023461 204526 8251600 7249061 83892809
1790347545.336649 W 3143 lat 296 296 537 0 exe 29240 36925 108740 resp 109074 9 pmu 1023269 245317 8252260 6573191 93059227
1790347546.272631 W 3144 lat 296 296 388 0 exe 27574 33537 52944 resp 53240 0 pmu 1023413 205460 8246569 7184803 84146045
1790347547.312651 W 3145 lat 296 296 666 0 exe 29796 38518 109944 resp 110277 10 pmu 1023184 264629 8250026 6600539 97422256
1790347548.248635 W 3146 lat 296 296 462 0 exe 30111 35685 55314 resp 55611 0 pmu 1023409 231516 8252112 7208272 89584388
1790347549.288648 W 3147 lat 296 296 592 0 exe 29185 37037 120722 resp 121314 7 pmu 1023270 246792 8254982 6647970 93664739
1790347550.328635 W 3148 lat 296 296 481 0 exe 28314 33870 52148 resp 52462 0 pmu 1023532 209496 8253807 7306587 85125925
1790347551.264646 W 3149 lat 296 296 537 0 exe 27129 35833 120074 resp 120611 9 pmu 1023304 232109 8251859 6598521 90438258
1790347552.304646 W 3150 lat 296 296 425 0 exe 25999 32425 53814 resp 54129 0 pmu 1023544 192123 8253001 7283047 81487302
1790347553.344663 W 3151 lat 296 296 925 0 exe 26462 35462 118425 resp 119351 10 pmu 1023332 227583 8254042 6596001 89547666
1790347554.280627 W 3152 lat 296 296 407 0 exe 28037 33777 55685 resp 55999 0 pmu 1023433 208527 8256106 7265353 84861414
1790347555.320655 W 3153 lat 296 296 981 0 exe 26592 35444 115444 resp 116425 9 pmu 1023345 227180 8253084 6631797 89568514
1790347556.256644 W 3154 lat 296 296 333 0 exe 26314 31796 50407 resp 50740 0 pmu 1023515 184578 8250466 7236679 79849247
1790347557.296645 W 3155 lat 296 296 518 0 exe 27129 35314 117055 resp 117425 11 pmu 1023327 225662 8253402 6560217 89136734
1790347558.336671 W 3156 lat 296 296 425 0 exe 26833 33481 70185 resp 70518 0 pmu 1023425 204555 8251394 7249459 84058418
1790347559.272775 W 3157 lat 296 296 648 0 exe 25499 34259 109907 resp 110240 9 pmu 1023301 212948 8252899 6769345 86617473
1790347560.312738 W 3158 lat 296 296 425 0 exe 26111 31185 53666 resp 53962 0 pmu 1023458 177084 8252360 7165042 78263494
1790347561.248743 W 3159 lat 296 296 1092 0 exe 29444 41944 116814 resp 117907 8 pmu 1023157 303884 8255705 6588918 105604172
1790347562.288746 W 3160 lat 296 296 407 0 exe 33574 45055 65425 resp 65740 0 pmu 1023329 341296 8251328 7298244 112616818
1790347563.328745 W 3161 lat 296 296 462 0 exe 28129 39981 110777 resp 111129 10 pmu 1023122 281647 8254649 6813209 101280986
1790347564.264741 W 3162 lat 296 296 777 0 exe 26092 34314 68629 resp 68944 0 pmu 1023452 214903 8258147 7214556 86147551
1790347565.304647 W 3163 lat 296 296 629 0 exe 16925 30925 120018 resp 120611 14 pmu 1023277 173841 8255906 6756057 78956276
1790347566.344611 W 3164 lat 296 296 333 0 exe 16740 19092 43166 resp 43481 0 pmu 1023460 34692 8255516 7207856 48345623
1790347567.312768 W 3165 lat 296 314 2518 0 exe 17296 45777 208166 resp 208703 160 pmu 1022663 318962 8257884 6376655 122994664
1790347568.260638 W 3166 lat 296 296 333 0 exe 17148 23259 67999 resp 68314 0 pmu 1023495 83222 8248793 8174926 59268617
1790347569.328751 W 3167 lat 296 296 499 0 exe 17555 32740 112518 resp 112851 9 pmu 1023296 194995 8256121 6647542 82998686
1790347570.268642 W 3168 lat 296 296 351 0 exe 19666 32055 64796 resp 65092 0 pmu 1023504 187590 8260918 7143135 80426633
1790347571.336632 W 3169 lat 296 296 333 0 exe 19407 30796 74981 resp 75296 0 pmu 1023425 172293 8259546 6671951 77099246
1790347572.264640 W 3170 lat 296 296 333 0 exe 20277 25574 55981 resp 56296 0 pmu 1023480 109552 8253221 6766392 63976094
1790347573.440683 W 3171 lat 296 296 462 0 exe 20481 28296 121277 resp 121592 6 pmu 1023480 141549 8253612 6554545 71216389
1790347574.252663 W 3172 lat 296 296 499 0 exe 17814 35814 114759 resp 115111 7 pmu 1023176 231616 8254562 7222766 90862292
1790347575.336896 W 3173 lat 296 296 425 0 exe 17759 30407 83222 resp 83555 0 pmu 1023433 168058 8253192 7182263 76568135
1790347576.268637 W 3174 lat 296 296 574 0 exe 17611 33574 121925 resp 122277 3 pmu 1023387 205116 8259220 6839051 84283247
1790347578.565428 W 3175 lat 296 296 425 0 exe 17462 31407 109444 resp 109759 5 pmu 1023355 179171 8254067 7242064 79578204
1790347578.565516 W 3176 lat 296 296 425 0 exe 18796 30703 87574 resp 87870 0 pmu 1023455 170977 8254224 7104775 77026202
1790347579.324651 W 3177 lat 296 296 444 0 exe 19592 36981 119388 resp 119722 15 pmu 1023261 245286 8257746 6889158 93627367
1790347580.296645 W 3178 lat 296 296 351 0 exe 17759 29685 81314 resp 81629 0 pmu 1023460 159205 8251586 7243091 74676488
1790347581.368663 W 3179 lat 296 296 537 0 exe 17537 31740 123351 resp 123703 13 pmu 1023359 183309 8252881 6815933 80433000
1790347583.008688 W 3180 lat 296 296 425 0 exe 17444 25148 73277 resp 73592 0 pmu 1023503 105516 8249026 7246570 63398631
1790347583.388708 W 3181 lat 296 296 722 0 exe 21537 36796 113574 resp 114018 12 pmu 1023280 243156 8255001 6711646 92981757
1790347584.545499 W 3182 lat 296 296 351 0 exe 19240 35240 108611 resp 108925 4 pmu 1023401 225538 8259559 7195486 88803448
1790347585.301068 W 3183 lat 296 296 388 0 exe 20333 36777 83981 resp 84314 0 pmu 1023406 244450 8260570 7123924 92336042
1790347586.252652 W 3184 lat 296 296 666 0 exe 20129 41870 110333 resp 110666 13 pmu 1023221 303590 8260887 6891090 106071201
1790347587.312705 W 3185 lat 296 296 333 0 exe 18166 29629 80370 resp 80685 0 pmu 1023481 158559 8258161 7180383 74540008
1790347588.332687 W 3186 lat 296 296 462 0 exe 17462 36648 121037 resp 121407 10 pmu 1023283 241525 8258039 6808010 92839624
1790347589.340674 W 3187 lat 296 296 351 0 exe 17370 28055 86203 resp 86518 0 pmu 1023438 139710 8252898 7247219 70735001
1790347590.276660 W 3188 lat 296 296 462 0 exe 20203 40129 121074 resp 121425 14 pmu 1023233 283521 8260376 6854628 101605686
1790347591.328678 W 3189 lat 296 296 388 0 exe 17962 28796 67722 resp 68018 0 pmu 1023435 148746 8255137 7278587 72378506
1790347592.252646 W 3190 lat 296 296 611 0 exe 18240 33629 116296 resp 116648 7 pmu 1023300 205465 8250101 6676816 84893728
1790347593.260647 W 3191 lat 296 296 333 0 exe 17740 29870 82777 resp 83092 0 pmu 1023496 161653 8255422 7189290 75343669
1790347594.320648 W 3192 lat 296 296 592 0 exe 17499 28351 108388 resp 108703 6 pmu 1023416 142907 8249857 6831346 71541715
1790347595.268695 W 3193 lat 296 296 425 0 exe 19240 35388 111018 resp 111351 1 pmu 1023402 227246 8260528 7079923 89296241
1790347596.348643 W 3194 lat 296 296 333 0 exe 17611 28777 75722 resp 76037 0 pmu 1023492 148415 8252822 7149175 72359401
1790347597.316646 W 3195 lat 296 314 2518 0 exe 17759 40925 158925 resp 159444 74 pmu 1023163 273254 8260475 6754870 133304332
1790347598.252607 W 3196 lat 296 296 333 0 exe 16685 19388 41166 resp 41481 0 pmu 1023520 37652 8253747 7660355 49315934
1790347599.296687 W 3197 lat 296 685 6740 0 exe 16925 69555 594462 resp 601148 203 pmu 1023720 259014 8283821 6358098 182687181
1790347600.336804 W 3198 lat 314 1722 6203 0 exe 102481 225240 353648 resp 356851 1000 pmu 1025087 1018791 8372527 12211486 612850348
1790347601.272749 W 3199 lat 314 1796 6425 0 exe 102259 229851 349240 resp 352925 1000 pmu 1025680 1018589 8369067 10994761 623516893
1790347602.312743 W 3200 lat 314 1333 5314 0 exe 103296 212999 360425 resp 364648 1000 pmu 1023506 1018640 8347567 10976696 581686513
1790347603.352763 W 3201 lat 296 2203 6574 0 exe 101648 242481 379518 resp 384314 1000 pmu 1027250 1019656 8391344 11004223 654400588
1790347604.288766 W 3202 lat 296 1740 6240 0 exe 102499 227222 355722 resp 358296 1000 pmu 1025097 1018911 8373523 11347585 616950571
1790347605.328688 W 3203 lat 314 2111 6481 0 exe 101722 239648 357870 resp 358796 1000 pmu 1027114 1019456 8386451 11022651 647807514
1790347606.264734 W 3204 lat 314 1944 6814 0 exe 102499 234499 364574 resp 368129 1000 pmu 1026056 1019138 8376005 11097234 634806562
1790347607.304778 W 3205 lat 314 1833 6518 0 exe 102074 230759 359407 resp 362462 1000 pmu 1025733 1018793 8375624 11156390 626103476
1790347608.344732 W 3206 lat 314 2259 6722 0 exe 102055 245592 369296 resp 370537 1000 pmu 1027461 1019184 8386474 11079435 661932082
1790347609.280701 W 3207 lat 314 1685 6222 0 exe 102277 225574 359777 resp 364444 1000 pmu 1025113 1018932 8372456 11246473 613354334
1790347610.320790 W 3208 lat 296 1611 6351 0 exe 102666 224388 347833 resp 352722 1000 pmu 1024628 1018086 8356848 11064114 609603403
1790347611.256768 W 3209 lat 314 1462 7296 0 exe 102388 217611 355499 resp 358611 1000 pmu 1024055 1018997 8364452 10941805 593698727
1790347612.300761 W 3210 lat 314 1666 6703 0 exe 102999 225037 349611 resp 355240 1000 pmu 1024906 1018544 8361751 10978502 611206736
1790347613.340782 W 3211 lat 314 1407 5629 0 exe 103685 215962 352740 resp 356648 1000 pmu 1023774 1018782 8352747 10970364 589553474
1790347614.276758 W 3212 lat 314 1777 6851 0 exe 102388 228425 360407 resp 365129 1000 pmu 1025487 1018403 8369613 10944603 619845043
1790347615.316769 W 3213 lat 314 1333 5074 0 exe 103870 213499 349037 resp 352722 1000 pmu 1023238 1019096 8350563 11088956 583462971
1790347616.252792 W 3214 lat 314 2222 6574 0 exe 101722 244499 360148 resp 363370 1000 pmu 1027426 1020142 8405780 10891808 659455184
1790347617.292743 W 3215 lat 314 1759 6518 0 exe 102240 227888 361648 resp 364203 1000 pmu 1025426 1019298 8371802 11156671 619025297
1790347618.332754 W 3216 lat 314 1481 6796 0 exe 103444 218037 354203 resp 357851 1000 pmu 1024031 1018414 8353828 11085375 594180524
1790347619.272706 W 3217 lat 296 1425 7351 0 exe 99240 213499 359166 resp 363425 999 pmu 1023485 1018407 8350409 10973061 583093682
1790347620.312739 W 3218 lat 314 1259 5759 0 exe 104111 207537 353555 resp 357648 1000 pmu 1022546 1018482 8345340 10984623 568426402
1790347621.248686 W 3219 lat 314 2259 6518 0 exe 101962 244685 360444 resp 363462 1000 pmu 1027637 1020292 8394851 10913447 660112978
1790347622.288748 W 3220 lat 314 1648 6314 0 exe 102444 224481 355611 resp 359259 1000 pmu 1024799 1018528 8369727 11160776 610247721
1790347623.328773 W 3221 lat 314 1962 6222 0 exe 102388 235722 361314 resp 364814 1000 pmu 1026419 1019151 8384383 11012911 638091306
1790347624.268762 W 3222 lat 314 1481 6481 0 exe 103629 216518 357425 resp 360592 1000 pmu 1023807 1018728 8355080 11126049 590518375
1790347625.308708 W 3223 lat 314 1685 6814 0 exe 101629 224555 358999 resp 363537 1000 pmu 1024951 1020117 8380081 10994660 610727616
1790347626.348778 W 3224 lat 314 2203 7907 0 exe 101944 244092 351666 resp 354259 1000 pmu 1027456 1019236 8389193 11050206 658512003
1790347627.288762 W 3225 lat 314 1685 6277 0 exe 102499 225574 356296 resp 357462 1000 pmu 1024923 1018785 8373379 11074371 613154958
1790347628.328697 W 3226 lat 314 1611 6203 0 exe 102814 220759 358611 resp 362185 1000 pmu 1024416 1018431 8362485 11013273 600934346
1790347629.272643 W 3227 lat 296 1222 5333 0 exe 18999 191018 364648 resp 369888 865 pmu 1023297 951426 8331722 11024509 520731547
1790347630.312607 W 3228 lat 296 296 333 0 exe 16870 19407 41777 resp 42092 0 pmu 1023555 38254 8257856 10516598 51154436
1790347631.257700 W 3229 lat 296 314 1796 0 exe 16759 32851 333759 resp 334796 140 pmu 1022609 166737 8260431 6365004 114053421
1790347632.301810 W 3230 lat 296 407 3037 0 exe 104425 115555 264166 resp 267203 1000 pmu 1018368 1000465 8257422 9365316 571722048
1790347633.344769 W 3231 lat 296 407 3296 0 exe 104259 116055 264685 resp 265055 1000 pmu 1018448 1000813 8260181 9537884 572481085
1790347634.288746 W 3232 lat 296 407 3092 0 exe 102944 115851 274592 resp 276944 1000 pmu 1018472 1000346 8263501 9532648 571798493
1790347635.332790 W 3233 lat 296 407 3592 0 exe 102666 115537 250388 resp 253981 1000 pmu 1017777 998551 8249966 9633108 571065359
1790347636.268796 W 3234 lat 296 407 2222 0 exe 101648 115388 262018 resp 263055 1000 pmu 1018107 998437 8254908 9396979 567454758
1790347637.308734 W 3235 lat 296 407 3722 0 exe 104425 115277 243518 resp 244388 1000 pmu 1018154 999751 8257441 9487684 570926486
1790347638.252725 W 3236 lat 296 407 3296 0 exe 104092 115074 227759 resp 228555 1000 pmu 1018078 999142 8255985 9322720 570440316
1790347639.293474 W 3237 lat 296 407 2351 0 exe 102981 115481 267129 resp 268074 1000 pmu 1018249 999517 8259654 9159881 571211781
1790347640.336747 W 3238 lat 296 388 1444 0 exe 103333 114907 228296 resp 229388 1000 pmu 1017903 997625 8251200 9546103 569796879
1790347641.276752 W 3239 lat 296 407 3222 0 exe 103907 115703 268925 resp 270814 1000 pmu 1018059 999593 8259103 9152775 570959271
1790347642.320738 W 3240 lat 296 407 2759 0 exe 102999 114833 273462 resp 275203 1000 pmu 1017795 998241 8254161 9578896 570025296
1790347643.261086 W 3241 lat 296 407 3370 0 exe 103722 115685 266499 resp 267944 1000 pmu 1017924 998076 8255715 9612361 571697130
1790347644.304768 W 3242 lat 296 407 1888 0 exe 102666 115166 231407 resp 231759 1000 pmu 1017823 998998 8251728 9552224 570631393
1790347645.348739 W 3243 lat 296 407 2796 0 exe 102833 115592 297259 resp 298111 1000 pmu 1018011 998605 8253922 9180473 571042945
1790347646.288743 W 3244 lat 296 407 3666 0 exe 103462 115944 272851 resp 275981 1000 pmu 1018142 998138 8258000 9848902 571193770
1790347647.332768 W 3245 lat 296 407 2981 0 exe 103462 115537 268481 resp 269314 1000 pmu 1018344 999630 8253660 9625466 571721142
1790347648.276765 W 3246 lat 296 407 2611 0 exe 105277 115925 240740 resp 241629 1000 pmu 1018693 1001571 8263469 9564886 572013078
1790347649.324745 W 3247 lat 296 407 2407 0 exe 103833 115685 256481 resp 258296 1000 pmu 1018209 999686 8258020 9296913 571505312
1790347650.268722 W 3248 lat 296 407 1759 0 exe 104222 115055 256351 resp 256962 1000 pmu 1018051 999272 8260644 9449494 570346575
1790347651.318335 W 3249 lat 296 388 2185 0 exe 103629 114925 239740 resp 240833 1000 pmu 1017508 996974 8251148 9437781 569602134
1790347652.256778 W 3250 lat 296 388 2962 0 exe 100759 115370 228407 resp 228870 1000 pmu 1017740 998077 8249994 9272476 567272152
1790347653.314161 W 3251 lat 296 407 2296 0 exe 102407 116203 251481 resp 251870 1000 pmu 1017939 999427 8258847 9147829 572765111
1790347654.260752 W 3252 lat 296 407 2499 0 exe 104055 115962 267666 resp 268166 1000 pmu 1017794 998477 8254637 9387305 572072419
1790347655.309752 W 3253 lat 296 407 3259 0 exe 103777 115462 231351 resp 231814 1000 pmu 1018030 999585 8255186 9557934 570639109
1790347656.352792 W 3254 lat 296 407 4259 0 exe 103388 114814 252277 resp 252592 1000 pmu 1017860 999286 8250912 9194360 569960569
1790347657.298189 W 3255 lat 296 388 2277 0 exe 104018 115740 223074 resp 223518 1000 pmu 1018034 998630 8252153 9402685 572043327
1790347658.348745 W 3256 lat 296 407 3185 0 exe 103851 116925 313648 resp 315203 1000 pmu 1017958 998297 8265778 9108927 573893610
1790347659.294515 W 3257 lat 296 407 3685 0 exe 104259 116018 261296 resp 264981 1000 pmu 1018057 998983 8250362 10030161 572793625
1790347660.336739 W 3258 lat 296 407 1981 0 exe 102407 115222 239574 resp 239981 1000 pmu 1017792 997152 8243495 9517213 570193009
1790347661.276660 W 3259 lat 296 407 3685 0 exe 18481 110203 296407 resp 297814 921 pmu 1018534 944684 8251092 9261618 531002335
1790347662.316637 W 3260 lat 296 296 425 0 exe 16851 21685 125222 resp 125555 6 pmu 1023444 64251 8260045 9395848 56735887
1790347663.252660 W 3261 lat 296 314 3185 0 exe 16851 26370 230777 resp 231277 49 pmu 1023275 101750 8255044 7211052 69333770
1790347664.296646 W 3262 lat 296 296 499 0 exe 17111 34888 124388 resp 124703 7 pmu 1023504 221453 8261476 8304742 89741443
1790347665.336647 W 3263 lat 296 296 351 0 exe 16962 33703 91351 resp 91666 0 pmu 1023458 207921 8255718 7270139 85553788
1790347666.272658 W 3264 lat 296 296 333 0 exe 16981 30907 119870 resp 120185 5 pmu 1023425 174306 8256531 6932427 78959962
1790347667.312643 W 3265 lat 296 296 351 0 exe 16944 34462 88833 resp 89148 0 pmu 1023461 217480 8256875 7203671 87519719
1790347668.248653 W 3266 lat 296 296 444 0 exe 16944 30333 111740 resp 112055 7 pmu 1023424 167344 8256047 6910937 77136598
1790347669.288649 W 3267 lat 296 296 481 0 exe 17407 34499 76666 resp 76981 0 pmu 1023516 218005 8260343 7119856 86933591
1790347670.328643 W 3268 lat 296 296 481 0 exe 17037 40722 119370 resp 119777 7 pmu 1023467 291748 8258491 6792465 103423494
1790347671.264653 W 3269 lat 296 296 333 0 exe 16833 19185 73925 resp 74240 0 pmu 1023472 35789 8247955 7249318 48647940
1790347672.304639 W 3270 lat 296 296 444 0 exe 17148 23129 107888 resp 108296 7 pmu 1023503 82127 8253771 6684852 58546346
1790347673.344665 W 3271 lat 296 296 407 0 exe 17111 38592 84944 resp 85259 0 pmu 1023468 266937 8260431 7046746 97874640
1790347674.280649 W 3272 lat 296 296 537 0 exe 17296 34703 127666 resp 127999 6 pmu 1023301 219080 8257408 6893824 88516972
1790347675.688452 W 3273 lat 296 296 333 0 exe 17037 19240 38259 resp 38574 0 pmu 1023518 36273 8253555 7303334 48767712
1790347676.256648 W 3274 lat 296 296 425 0 exe 16666 39925 128259 resp 128685 9 pmu 1023197 281577 8256917 6329475 102693074
1790347677.296627 W 3275 lat 296 296 425 0 exe 16759 19592 64129 resp 64444 0 pmu 1023511 40344 8254318 7332268 49638284
1790347678.336640 W 3276 lat 296 296 351 0 exe 16944 21833 119574 resp 119888 5 pmu 1023472 66554 8252685 6588880 55349056
1790347679.272789 W 3277 lat 296 296 425 0 exe 16907 31962 97240 resp 97555 0 pmu 1023317 187521 8251731 7155243 82065590
1790347680.312656 W 3278 lat 296 296 444 0 exe 18203 65481 116629 resp 116962 9 pmu 1023295 585920 8264447 6982714 168550263
1790347681.248674 W 3279 lat 296 296 333 0 exe 17777 59462 86240 resp 86555 0 pmu 1023515 515099 8262381 7350904 152347407
1790347682.288641 W 3280 lat 296 296 351 0 exe 16999 33185 79962 resp 80277 0 pmu 1023514 202279 8258368 7014141 84639368
1790347683.328609 W 3281 lat 296 296 333 0 exe 16759 18870 40703 resp 41018 0 pmu 1023540 32088 8253211 6816030 47591641
1790347684.264605 W 3282 lat 296 296 333 0 exe 16537 18685 30685 resp 30981 0 pmu 1023456 30094 8254980 6350345 46856701
1790347685.304612 W 3283 lat 296 296 333 0 exe 16944 18870 35222 resp 35518 0 pmu 1023424 32172 8254445 6248169 47222521
1790347686.344605 W 3284 lat 296 296 351 0 exe 16518 19259 40388 resp 40703 0 pmu 1023474 36463 8250327 6296461 48165897
1790347687.280605 W 3285 lat 296 296 333 0 exe 16666 18555 33999 resp 34314 0 pmu 1023489 28602 8250017 6348213 46521287
1790347688.320608 W 3286 lat 296 296 333 0 exe 16833 18462 28074 resp 28388 0 pmu 1023468 27387 8247928 6281426 46238865
1790347689.256612 W 3287 lat 296 296 333 0 exe 16685 18462 29277 resp 29574 0 pmu 1023528 27607 8250333 6222594 46203003
1790347690.296652 W 3288 lat 296 296 870 0 exe 17314 60407 122314 resp 122814 9 pmu 1023180 525136 8260713 6233794 155043394
1790347691.336658 W 3289 lat 296 296 407 0 exe 17851 51629 89333 resp 89648 0 pmu 1023550 421917 8265067 7380767 132428346
1790347692.272659 W 3290 lat 296 296 499 0 exe 17962 67925 123129 resp 123462 7 pmu 1023443 615302 8265487 7006660 175816772
1790347693.312669 W 3291 lat 296 296 518 0 exe 17537 48629 111074 resp 111407 6 pmu 1023277 385364 8255786 7427315 127524460
1790347694.248642 W 3292 lat 296 296 944 0 exe 16907 26129 136648 resp 137092 29 pmu 1023206 114695 8251349 7208257 67631478
1790347695.289637 W 3293 lat 296 296 333 0 exe 17037 19351 53055 resp 53370 0 pmu 1023542 37740 8252155 7350935 49038568
1790347696.332832 W 3294 lat 296 1111 7537 0 exe 17444 206796 587685 resp 592037 957 pmu 1025361 979084 8362061 6480765 565016264
1790347697.268851 W 3295 lat 333 981 2962 0 exe 166462 192462 244222 resp 244981 1000 pmu 1026885 1023267 8384025 12827221 538760986
1790347698.308830 W 3296 lat 333 999 3574 0 exe 135407 192222 243092 resp 243685 1000 pmu 1026905 1022974 8376579 10024552 536756524
1790347699.348812 W 3297 lat 333 999 3518 0 exe 168240 192518 237314 resp 239481 1000 pmu 1026847 1022765 8381383 9859198 537143405
1790347700.284824 W 3298 lat 314 1018 3518 0 exe 133537 192425 244296 resp 246574 1000 pmu 1026911 1023473 8382796 9974604 537258461
1790347701.328823 W 3299 lat 314 944 2425 0 exe 118740 190203 243185 resp 243907 1000 pmu 1026523 1022047 8374632 9871027 530946690
1790347702.264829 W 3300 lat 333 1018 3037 0 exe 125203 192629 251851 resp 252777 1000 pmu 1026982 1023171 8382742 9761020 537716426
1790347703.304848 W 3301 lat 333 981 3055 0 exe 167388 192685 247296 resp 248333 1000 pmu 1026962 1023305 8383266 9896714 537560975
1790347704.344826 W 3302 lat 333 981 4129 0 exe 138499 192611 239333 resp 239907 1000 pmu 1026957 1023215 8380434 10063010 537869788
1790347705.280885 W 3303 lat 314 999 3203 0 exe 166111 193018 241074 resp 242333 1000 pmu 1026873 1023139 8385171 9841456 538327378
1790347706.320849 W 3304 lat 314 981 3277 0 exe 143666 192777 247111 resp 248314 1000 pmu 1026849 1023188 8379033 9997714 537962999
1790347707.256853 W 3305 lat 314 981 3499 0 exe 167203 193518 247518 resp 248314 1000 pmu 1026781 1022892 8381215 9944864 539566108
1790347708.296833 W 3306 lat 314 962 2851 0 exe 128759 192074 236407 resp 237759 1000 pmu 1026818 1023237 8382627 10069217 536519067
1790347709.336842 W 3307 lat 314 999 3518 0 exe 166944 192037 238018 resp 238907 1000 pmu 1026857 1023513 8385601 9758230 536059299
1790347710.276833 W 3308 lat 333 1018 5037 0 exe 143240 191722 241148 resp 242907 1000 pmu 1026975 1023606 8386422 9966230 535769795
1790347711.320772 W 3309 lat 333 999 4259 0 exe 167537 192296 241037 resp 241888 1000 pmu 1026951 1023827 8388906 9889556 536748543
1790347712.252828 W 3310 lat 314 999 3018 0 exe 157555 192277 242037 resp 243333 1000 pmu 1026990 1023178 8382418 10004415 536878223
1790347713.292876 W 3311 lat 314 999 3796 0 exe 169555 191944 248425 resp 249129 1000 pmu 1027012 1023586 8386591 9960137 535949072
1790347714.332825 W 3312 lat 333 999 3259 0 exe 139481 192222 247574 resp 248240 1000 pmu 1026992 1023392 8384200 10083390 536986665
1790347715.268827 W 3313 lat 333 999 2888 0 exe 171537 192944 247222 resp 247870 1000 pmu 1027056 1023954 8389491 9923033 538251657
1790347716.308817 W 3314 lat 333 981 3611 0 exe 132388 191907 241203 resp 242388 1000 pmu 1026872 1022984 8384533 10081571 536096168
1790347717.348815 W 3315 lat 333 962 2796 0 exe 169611 192481 241351 resp 242518 1000 pmu 1026854 1022725 8378679 9826482 536948290
1790347718.288804 W 3316 lat 314 999 3370 0 exe 122148 188592 251907 resp 252777 1000 pmu 1026496 1022434 8381179 10012843 527855615
1790347719.328827 W 3317 lat 333 962 2981 0 exe 166092 193240 241388 resp 242388 1000 pmu 1026771 1022790 8377764 9863071 538838623
1790347720.264805 W 3318 lat 314 1018 3999 0 exe 133111 192055 247722 resp 250685 1000 pmu 1026855 1023106 8384171 9999493 536632446
1790347721.304818 W 3319 lat 333 1074 3611 0 exe 170981 191888 240333 resp 240981 1000 pmu 1026875 1023179 8383070 9907040 535795763
1790347722.348807 W 3320 lat 314 1092 4555 0 exe 133574 193092 252907 resp 256185 1000 pmu 1027172 1023235 8382685 10008538 539047177
1790347723.284836 W 3321 lat 333 1185 4444 0 exe 169703 193166 241388 resp 242499 1000 pmu 1026965 1022590 8374359 9971131 538727220
1790347724.324829 W 3322 lat 333 1388 5851 0 exe 140222 192648 241592 resp 243962 1000 pmu 1026776 1023131 8372878 10026168 537954724
1790347725.260858 W 3323 lat 333 1444 5666 0 exe 166685 193629 237333 resp 238611 1000 pmu 1026933 1022889 8381276 9892545 539967439
1790347726.300642 W 3324 lat 296 388 5574 0 exe 16981 38703 376537 resp 379481 95 pmu 1023713 175623 8262140 9978582 103941493
1790347727.340686 W 3325 lat 296 296 351 0 exe 16999 18999 44148 resp 44444 0 pmu 1023428 33184 8254741 9849339 49681223
1790347728.288671 W 3326 lat 296 314 2685 0 exe 17185 65111 229907 resp 231388 48 pmu 1022852 569005 8264290 6386954 167114517
1790347729.328664 W 3327 lat 296 314 1074 0 exe 20555 62148 110944 resp 111240 7 pmu 1023016 543013 8263142 8493860 159566294
1790347730.276659 W 3328 lat 296 314 1166 0 exe 36907 67722 120629 resp 121796 22 pmu 1022764 607229 8266855 7292111 173883305
1790347731.320674 W 3329 lat 296 314 666 0 exe 23092 65277 106314 resp 106648 6 pmu 1023045 577923 8260705 7503632 166894239
1790347732.256659 W 3330 lat 296 314 1444 0 exe 18796 60444 150703 resp 151129 15 pmu 1023096 519772 8266132 7272470 154916342
1790347733.308657 W 3331 lat 296 314 481 0 exe 38314 65018 107833 resp 108148 9 pmu 1023025 574487 8265606 7675003 166488392
1790347734.248640 W 3332 lat 296 296 777 0 exe 17240 42425 118685 resp 119074 9 pmu 1023265 309071 8262094 7361330 108398863
1790347735.296658 W 3333 lat 296 296 481 0 exe 17111 46055 107925 resp 108407 3 pmu 1023266 351440 8261364 7253277 117409449
1790347736.340659 W 3334 lat 296 314 925 0 exe 20703 64481 118666 resp 118999 12 pmu 1023030 567627 8261470 7162172 165480184
1790347737.284676 W 3335 lat 296 314 1759 0 exe 35333 64296 123629 resp 123944 11 pmu 1022927 566359 8262981 7381260 164797579
1790347738.328663 W 3336 lat 296 296 555 0 exe 21499 56814 111870 resp 112185 14 pmu 1023089 477776 8263191 7507483 145622633
1790347739.268659 W 3337 lat 296 314 481 0 exe 35462 63814 121999 resp 122333 5 pmu 1023064 560594 8263813 7277012 163149112
1790347740.312660 W 3338 lat 296 314 1444 0 exe 17907 53314 132833 resp 133166 25 pmu 1023094 435188 8265307 7482854 136718457
1790347741.252663 W 3339 lat 296 314 537 0 exe 20537 63814 117444 resp 117759 8 pmu 1023224 560906 8267595 7455809 163154781
1790347742.292672 W 3340 lat 296 314 999 0 exe 38277 68499 119314 resp 119648 20 pmu 1023014 615919 8264532 7362992 175796284
1790347743.340658 W 3341 lat 296 296 592 0 exe 18277 56444 106555 resp 106851 4 pmu 1023226 474904 8266286 7496189 143858562
1790347744.280676 W 3342 lat 296 314 574 0 exe 38166 66851 130018 resp 130425 14 pmu 1023024 595916 8265984 7205977 171521123
1790347745.320662 W 3343 lat 296 296 518 0 exe 17333 51851 116314 resp 116629 18 pmu 1023167 418678 8259138 7592588 132454129
1790347746.264658 W 3344 lat 296 314 518 0 exe 38185 67981 121111 resp 121444 20 pmu 1022833 609066 8264391 7275639 174670068
1790347747.312659 W 3345 lat 296 314 722 0 exe 31814 65277 108981 resp 109314 13 pmu 1023029 578038 8264528 7508566 167086060
1790347748.252657 W 3346 lat 296 296 499 0 exe 18277 57444 123907 resp 124222 13 pmu 1023099 485643 8265162 7342959 147004573
1790347749.292665 W 3347 lat 296 314 722 0 exe 38111 66444 108148 resp 108537 11 pmu 1023059 592055 8262716 7384165 169810198
1790347750.340665 W 3348 lat 296 296 499 0 exe 17648 50407 126222 resp 126611 16 pmu 1023181 402027 8262684 7372203 128946243
1790347751.288667 W 3349 lat 296 296 481 0 exe 35018 62296 119999 resp 120333 31 pmu 1023122 542273 8263144 7369262 159296495
1790347752.332662 W 3350 lat 296 296 629 0 exe 17425 53537 117740 resp 118074 21 pmu 1023092 438856 8260928 7453046 137564536
1790347753.284664 W 3351 lat 296 314 648 0 exe 23333 64666 117203 resp 117518 11 pmu 1023085 570878 8262384 7299426 165121817
1790347754.340662 W 3352 lat 296 314 777 0 exe 25870 66777 117629 resp 117962 20 pmu 1022996 594744 8262679 7379299 171460957
1790347755.284670 W 3353 lat 296 296 537 0 exe 18685 60740 106944 resp 107277 8 pmu 1023137 525154 8261887 7407832 155012480
1790347756.340663 W 3354 lat 296 314 703 0 exe 34796 67425 116462 resp 116796 18 pmu 1023003 603144 8266853 7233259 173031622
1790347757.280661 W 3355 lat 296 296 481 0 exe 17703 45666 109759 resp 110092 4 pmu 1023253 347786 8260438 7443352 116367964
1790347758.320640 W 3356 lat 296 296 425 0 exe 17222 30444 128259 resp 128555 13 pmu 1023265 166880 8258035 7180945 78158727
1790347759.256612 W 3357 lat 296 296 333 0 exe 16796 18944 40166 resp 40481 0 pmu 1023418 33043 8255679 7286814 48072633
1790347760.305006 W 3358 lat 296 2518 6833 0 exe 17814 308425 570981 resp 574518 862 pmu 1017743 829521 8256884 6348348 989510661
1790347761.260967 W 3359 lat 314 2759 6851 0 exe 102407 338333 585129 resp 588592 1000 pmu 1016683 935084 8244704 13169522 1115750593
1790347762.312855 W 3360 lat 537 3092 7944 0 exe 124574 357314 578018 resp 579592 1000 pmu 1016049 929919 8240917 13884565 1157686637
1790347763.352967 W 3361 lat 425 3129 7833 0 exe 119814 359722 569018 resp 572351 1000 pmu 1016616 898231 8247336 14018138 1161038870
1790347764.300890 W 3362 lat 388 2907 7648 0 exe 96037 348407 573611 resp 577370 999 pmu 1017136 928435 8250704 13924025 1125964014
1790347765.293787 W 3363 lat 444 2999 7481 0 exe 133629 354407 595833 resp 599777 1000 pmu 1016725 937316 8254187 13794523 1142905737
1790347766.336925 W 3364 lat 296 2981 8277 0 exe 119277 350055 597944 resp 606222 1000 pmu 1016936 939808 8252352 14235724 1142279384
1790347767.284970 W 3365 lat 407 3037 7018 0 exe 120203 352388 586481 resp 592092 1000 pmu 1016282 921733 8245638 14187953 1148721036
1790347768.340888 W 3366 lat 481 2944 7981 0 exe 126851 345777 588407 resp 592481 1000 pmu 1016598 946657 8247978 14070668 1131760599
1790347769.284985 W 3367 lat 537 2999 7962 0 exe 128333 352462 592129 resp 594537 1000 pmu 1016254 937859 8241617 14087426 1145119595
1790347770.332923 W 3368 lat 685 3185 7203 0 exe 129537 356870 616666 resp 620129 1000 pmu 1016147 919070 8243921 14157590 1149197752
1790347771.280951 W 3369 lat 444 3111 9592 0 exe 133629 368185 590981 resp 595222 1000 pmu 1016752 951755 8253833 14434081 1172886536
1790347772.328952 W 3370 lat 629 3074 7111 0 exe 133740 367111 593481 resp 596555 1000 pmu 1017199 946480 8250063 14268486 1172179600
1790347773.284922 W 3371 lat 351 2944 7092 0 exe 122962 354814 582074 resp 584648 1000 pmu 1016836 949574 8250642 14271104 1150118608
1790347774.328862 W 3372 lat 444 2944 7722 0 exe 130814 359481 602055 resp 607296 1000 pmu 1017087 961572 8251548 14036940 1164519812
1790347775.265090 W 3373 lat 333 2944 6907 0 exe 131444 352277 604629 resp 608999 1000 pmu 1017030 943248 8257650 14316342 1144113498
1790347776.308850 W 3374 lat 481 2870 7722 0 exe 122907 355055 593944 resp 596907 1000 pmu 1016649 945020 8249631 14300267 1145452102
1790347777.349060 W 3375 lat 444 2944 8833 0 exe 121055 354018 590962 resp 595055 1000 pmu 1016691 959011 8252463 14162005 1147391375
1790347778.288862 W 3376 lat 555 2999 8648 0 exe 119018 354629 572981 resp 577055 1000 pmu 1016704 933251 8245958 14129102 1151865057
1790347779.340933 W 3377 lat 407 2944 7759 0 exe 127407 346703 579851 resp 585722 1000 pmu 1016858 947192 8248065 13942115 1128475905
1790347780.281000 W 3378 lat 314 2962 7314 0 exe 132240 358481 624351 resp 630148 1000 pmu 1016556 951800 8245346 14016728 1154417707
1790347781.328821 W 3379 lat 444 2999 7370 0 exe 127370 354351 602555 resp 606407 1000 pmu 1016844 953856 8250242 14541569 1138470624
1790347782.272920 W 3380 lat 407 3037 7666 0 exe 132074 359129 582499 resp 587111 1000 pmu 1016747 941620 8254292 14270133 1145535879
1790347783.320980 W 3381 lat 333 3166 6944 0 exe 122074 354925 576629 resp 580685 1000 pmu 1016429 894871 8239991 14122261 1140510524
1790347784.264895 W 3382 lat 444 2981 7555 0 exe 116166 332481 592333 resp 595296 1000 pmu 1016653 836870 8243059 13986357 1103764930
1790347785.324924 W 3383 lat 388 3092 7407 0 exe 117611 329685 539240 resp 544407 1000 pmu 1016721 810378 8243512 13998996 1111412794
1790347786.276724 W 3384 lat 296 1592 6166 0 exe 72240 198351 558981 resp 563055 907 pmu 1021208 699564 8272612 13471460 925832381
1790347787.336723 W 3385 lat 296 1240 4351 0 exe 72296 168333 394222 resp 395222 914 pmu 1022721 651405 8287297 12765750 890943229
1790347788.292729 W 3386 lat 296 1240 5555 0 exe 72907 166555 566870 resp 570944 903 pmu 1022091 656625 8273689 10942105 883052915
1790347789.256728 W 3387 lat 296 1203 4537 0 exe 72296 161740 392444 resp 393814 859 pmu 1022273 644018 8278028 12684053 876123016
1790347790.312795 W 3388 lat 296 1129 4962 0 exe 71444 150092 496166 resp 499370 801 pmu 1022021 657486 8276026 10893599 848036432
1790347791.272807 W 3389 lat 296 1277 4907 0 exe 68666 158981 404629 resp 406722 883 pmu 1022274 644588 8280769 11879475 858172023
1790347792.328788 W 3390 lat 296 1240 4944 0 exe 67425 168518 537518 resp 539851 863 pmu 1022128 658817 8283251 10989685 889595193
1790347793.280835 W 3391 lat 296 1333 5425 0 exe 71944 165740 407722 resp 409870 847 pmu 1022223 644508 8277577 12361158 881864357
1790347794.340764 W 3392 lat 296 1296 6203 0 exe 69444 169055 575870 resp 582074 876 pmu 1021964 652183 8273819 11073943 883860432
1790347795.288778 W 3393 lat 296 1259 5055 0 exe 69185 160333 401092 resp 403129 886 pmu 1022065 641623 8280870 12783511 871756219
1790347796.332731 W 3394 lat 296 1333 5351 0 exe 70185 160518 546592 resp 551296 875 pmu 1022117 654447 8281873 10963876 857522838
1790347797.272768 W 3395 lat 296 1203 4722 0 exe 76314 162833 405796 resp 409185 910 pmu 1022376 646357 8277585 12440272 873893544
1790347798.340933 W 3396 lat 296 1333 4888 0 exe 73074 167314 531814 resp 535499 927 pmu 1021917 650827 8283011 11064220 875632962
1790347799.300896 W 3397 lat 296 1240 4203 0 exe 72685 166944 368833 resp 371222 900 pmu 1022361 641183 8281500 12333405 886698817
1790347800.268885 W 3398 lat 296 1203 5333 0 exe 70999 170592 578129 resp 582814 866 pmu 1021873 652232 8277503 10689213 904902310
1790347801.340926 W 3399 lat 296 1370 5481 0 exe 66962 162388 379648 resp 381685 864 pmu 1021954 634748 8278696 12808985 879454943
1790347802.304873 W 3400 lat 296 1277 4814 0 exe 69185 158370 543277 resp 547796 841 pmu 1021774 648371 8277570 10751479 862150022
1790347803.268936 W 3401 lat 296 1259 4351 0 exe 67129 157203 379092 resp 383296 859 pmu 1022146 642591 8279217 12387340 863385932
1790347804.332797 W 3402 lat 296 1314 5777 0 exe 72296 169351 544185 resp 546444 877 pmu 1021854 650771 8279518 10725401 892601376
1790347805.276645 W 3403 lat 296 462 4759 0 exe 17296 49648 441722 resp 446462 150 pmu 1023033 216019 8261565 12458473 204220213
1790347806.316648 W 3404 lat 296 296 462 0 exe 16648 20851 110555 resp 110907 6 pmu 1023393 55096 8250988 10562644 55361304
1790347807.256701 W 3405 lat 296 1351 12574 0 exe 16925 138314 594555 resp 598203 300 pmu 1023009 334006 8287981 7060207 351716949
1790347808.297089 W 3406 lat 314 4740 10425 0 exe 120351 521666 696537 resp 701648 1000 pmu 1021412 966708 8312690 12573580 1311004652
1790347809.336953 W 3407 lat 351 5240 12999 0 exe 105740 537333 706407 resp 712611 1000 pmu 1025640 998558 8365802 16040906 1355373601
1790347810.276740 W 3408 lat 314 3277 10314 0 exe 102481 392333 610648 resp 616777 1000 pmu 1019018 962937 8286822 16166024 1015359939
1790347811.317213 W 3409 lat 481 5037 12648 0 exe 109925 524648 697388 resp 703314 1000 pmu 1023485 988774 8338248 14443379 1320906383
1790347812.256960 W 3410 lat 2592 5981 12999 0 exe 251277 589796 690296 resp 696388 1000 pmu 1025571 998499 8363517 16029882 1477871277
1790347813.301243 W 3411 lat 2111 5814 13314 0 exe 411944 579166 677999 resp 682148 1000 pmu 1026666 1003749 8373920 17009622 1453368426
1790347814.352991 W 3412 lat 2537 5907 12796 0 exe 427111 582481 675555 resp 684444 1000 pmu 1026352 1002219 8372383 17625225 1461202342
1790347815.296972 W 3413 lat 2481 5796 11277 0 exe 386314 581333 680537 resp 686333 1000 pmu 1026218 1000617 8370965 17716844 1459304317
1790347816.337170 W 3414 lat 2851 5888 13518 0 exe 411148 580259 687240 resp 693666 1000 pmu 1026473 1001037 8367948 17533154 1456227503
1790347817.276856 W 3415 lat 2185 5796 11574 0 exe 293703 584666 693351 resp 702740 1000 pmu 1025939 1003044 8367017 17735582 1466908050
1790347818.336704 W 3416 lat 296 4018 12499 0 exe 65759 430277 675296 resp 682185 919 pmu 1020078 940811 8294619 17232664 1096753408
1790347819.300759 W 3417 lat 296 370 1944 0 exe 64240 95259 143499 resp 143888 301 pmu 1014501 832120 8224364 15112286 303008012
1790347820.353048 W 3418 lat 296 777 7203 0 exe 49166 128518 570537 resp 574740 240 pmu 1015604 709875 8242959 8007477 350648795
1790347821.305320 W 3419 lat 629 5018 12629 0 exe 208055 541999 675555 resp 681111 1000 pmu 1021457 989327 8319939 12418867 1366774957
1790347822.257253 W 3420 lat 2259 5629 12574 0 exe 463518 594314 686981 resp 693037 1000 pmu 1023134 986555 8334620 16387783 1487706703
1790347823.304392 W 3421 lat 2388 5999 12148 0 exe 499851 617370 687611 resp 694833 1000 pmu 1024372 986257 8342052 18054384 1543943834
1790347824.357088 W 3422 lat 2462 5592 12611 0 exe 482537 598388 701981 resp 710037 1000 pmu 1023097 990847 8323007 18363744 1504682129
1790347825.297198 W 3423 lat 833 5129 12333 0 exe 177296 571925 682407 resp 689148 1000 pmu 1020263 999600 8311146 18330708 1434916066
1790347826.356719 W 3424 lat 296 3037 11629 0 exe 46666 359962 675148 resp 681055 872 pmu 1020681 901131 8295147 16457635 925733539
1790347827.297008 W 3425 lat 314 1611 6055 0 exe 113888 251481 540148 resp 542055 1000 pmu 1019555 948401 8296079 14651756 676567918
1790347828.352799 W 3426 lat 296 1407 7055 0 exe 83407 247203 558166 resp 562592 983 pmu 1016255 927899 8262462 13040314 664317161
1790347829.305084 W 3427 lat 296 1462 6648 0 exe 81759 239111 513222 resp 517055 978 pmu 1014001 919212 8234599 13063210 636276338
1790347830.345056 W 3428 lat 296 2574 9481 0 exe 103518 347851 622240 resp 628370 1000 pmu 1016894 965065 8270162 12560323 913046772
1790347831.301075 W 3429 lat 351 3814 8814 0 exe 117240 461944 656777 resp 662277 1000 pmu 1020689 996836 8303245 14334236 1189867545
1790347832.257096 W 3430 lat 314 4925 11074 0 exe 122129 526703 656203 resp 662499 1000 pmu 1022460 997168 8328198 15318836 1336845761
1790347833.297118 W 3431 lat 703 4370 10611 0 exe 200092 491166 636833 resp 642370 1000 pmu 1021856 1002311 8308947 15681890 1257315939
1790347834.345239 W 3432 lat 1018 4814 10092 0 exe 290333 532074 663870 resp 669574 1000 pmu 1021164 999175 8315921 15693273 1346233973
1790347835.285211 W 3433 lat 1685 5296 10629 0 exe 238740 548111 658888 resp 662555 1000 pmu 1023656 1003948 8339976 16621606 1385007002
1790347836.341035 W 3434 lat 2796 5777 10981 0 exe 424296 579407 670648 resp 676888 1000 pmu 1025661 998206 8356572 16392250 1453232478
1790347837.284651 W 3435 lat 296 4462 10851 0 exe 21240 466907 671981 resp 679740 829 pmu 1024101 901738 8323633 17616423 1175441048
1790347838.324606 W 3436 lat 296 296 333 0 exe 16962 19444 43222 resp 43518 0 pmu 1023528 38302 8253243 15036993 53910536
1790347839.268782 W 3437 lat 296 796 9370 0 exe 16722 74814 700185 resp 704074 126 pmu 1023417 149549 8268053 6379882 188898791
1790347840.321089 W 3438 lat 314 4740 11407 0 exe 104740 634999 792203 resp 799481 1000 pmu 1017950 931446 8244175 13293834 1574341711
1790347841.273064 W 3439 lat 314 2796 11277 0 exe 86777 392018 783018 resp 789685 999 pmu 1017867 843152 8250614 17502044 986274498
1790347842.324727 W 3440 lat 296 4333 11722 0 exe 129296 592555 830648 resp 839148 1000 pmu 1017665 922270 8244959 16092195 1469420921
1790347843.269096 W 3441 lat 296 2703 10037 0 exe 74333 362888 786240 resp 791370 995 pmu 1019813 823228 8277263 17802670 920324595
1790347844.324719 W 3442 lat 296 3907 10592 0 exe 109370 570537 802351 resp 809388 1000 pmu 1016886 947426 8237446 15901973 1417117466
1790347845.273042 W 3443 lat 296 3592 10870 0 exe 94111 490296 787740 resp 793462 999 pmu 1018177 829525 8248029 17294931 1222229142
1790347846.324891 W 3444 lat 296 2277 9425 0 exe 85148 354277 820296 resp 827222 998 pmu 1018463 862420 8261264 16664490 893351326
1790347847.265018 W 3445 lat 314 4611 9592 0 exe 106018 600574 793962 resp 800722 1000 pmu 1018484 906882 8261658 16257341 1492480972
1790347848.321076 W 3446 lat 296 3074 9444 0 exe 87907 426259 783111 resp 788351 905 pmu 1018349 832660 8252991 17341226 1068382042
1790347849.264713 W 3447 lat 314 3944 9796 0 exe 100074 546314 795814 resp 802018 1000 pmu 1017982 885002 8247332 16254845 1356893314
1790347850.317070 W 3448 lat 296 3277 10111 0 exe 78962 417907 762481 resp 767259 987 pmu 1018972 826695 8263568 17053970 1053419833
1790347851.264751 W 3449 lat 296 3129 9481 0 exe 91499 458166 774351 resp 781518 963 pmu 1018707 853058 8257034 15964207 1142234473
1790347852.325143 W 3450 lat 296 4055 10074 0 exe 95259 536148 797629 resp 807703 988 pmu 1018924 814082 8260329 16354892 1331951337
1790347853.269139 W 3451 lat 296 2444 9722 0 exe 93611 350555 805499 resp 811166 997 pmu 1019390 876575 8285803 17018480 889498948
1790347854.333061 W 3452 lat 388 4648 10277 0 exe 105814 532740 773518 resp 778592 1000 pmu 1018540 709718 8254660 16129124 1323744724
1790347855.281030 W 3453 lat 1888 4851 13074 0 exe 369092 588629 735833 resp 739833 1000 pmu 1019387 734112 8258650 16792550 1457108752
1790347856.328732 W 3454 lat 296 2092 9074 0 exe 78203 306351 757185 resp 763722 776 pmu 1019519 763504 8260030 18028150 776368234
1790347857.285086 W 3455 lat 296 4018 12222 0 exe 77870 480333 779203 resp 784407 878 pmu 1020483 718535 8268477 15346912 1194333864
1790347858.333132 W 3456 lat 2074 5148 11796 0 exe 341981 597148 885814 resp 892907 1000 pmu 1020386 716611 8266844 16454483 1477511864
1790347859.284721 W 3457 lat 407 4444 11518 0 exe 229055 557648 829833 resp 835499 1000 pmu 1020255 813039 8268618 19447075 1384702190
1790347860.333096 W 3458 lat 296 907 4462 0 exe 105240 205740 439962 resp 441481 1000 pmu 1019746 852882 8267937 18104694 531806847
1790347861.281063 W 3459 lat 314 4370 12851 0 exe 104944 512685 807148 resp 813407 1000 pmu 1019532 867423 8280934 11752983 1282448660
1790347862.341067 W 3460 lat 2037 5370 11092 0 exe 408407 646740 788925 resp 795703 1000 pmu 1019913 785019 8264074 17041158 1598792696
1790347863.284740 W 3461 lat 296 4444 10944 0 exe 83333 556333 777518 resp 782259 980 pmu 1020805 779900 8276763 19054064 1378893216
1790347864.333049 W 3462 lat 296 1277 10518 0 exe 67462 174277 790703 resp 796703 372 pmu 1021111 579460 8271055 16836543 451004097
1790347865.289010 W 3463 lat 2074 5018 11444 0 exe 323537 552481 805351 resp 810370 1000 pmu 1020651 666291 8274122 14968843 1367162760
1790347866.337128 W 3464 lat 2037 5092 10833 0 exe 347518 578999 842148 resp 851944 1000 pmu 1020364 699621 8266484 18313993 1434094483
1790347867.292722 W 3465 lat 314 2537 11555 0 exe 117888 364296 823851 resp 830407 1000 pmu 1019729 858132 8267751 18955588 915744043
1790347868.340929 W 3466 lat 296 2018 8722 0 exe 73018 271833 627703 resp 630333 964 pmu 1019742 823965 8284958 16516870 699482607
1790347869.277170 W 3467 lat 1407 4981 12314 0 exe 294314 603962 777592 resp 783277 1000 pmu 1018809 792380 8260144 13832299 1494579096
1790347870.329094 W 3468 lat 2018 5277 10351 0 exe 380740 646574 768666 resp 773611 1000 pmu 1020498 796396 8267009 18152017 1598616792
1790347871.272726 W 3469 lat 296 2370 11277 0 exe 64481 317370 791833 resp 797870 639 pmu 1021610 692093 8280725 18697954 797299005
1790347872.312640 W 3470 lat 296 351 1703 0 exe 16944 48962 205703 resp 206759 47 pmu 1022694 281655 8269308 15687485 133559784
1790347873.248611 W 3471 lat 296 296 333 0 exe 16777 19037 38240 resp 38555 0 pmu 1023365 33282 8259904 8163123 48750751
1790347874.293004 W 3472 lat 296 2685 8462 0 exe 17074 291611 567518 resp 572611 579 pmu 1025097 606570 8331026 6328635 738009896
1790347875.333018 W 3473 lat 1333 4759 7999 0 exe 198185 515203 576074 resp 580759 1000 pmu 1027210 1012770 8381682 13063938 1300902892
1790347876.268947 W 3474 lat 1555 4777 8055 0 exe 290962 514814 555999 resp 561407 1000 pmu 1027125 1014214 8386766 15184253 1301275669
1790347877.312892 W 3475 lat 1537 4777 7759 0 exe 253499 512648 558129 resp 564203 1000 pmu 1027133 1012345 8386284 15450627 1296501516
1790347878.349038 W 3476 lat 1222 4759 7703 0 exe 145388 514648 562962 resp 565796 1000 pmu 1027063 1012444 8384051 15275570 1300772809
1790347879.284965 W 3477 lat 759 4777 9333 0 exe 197388 511240 562703 resp 566203 1000 pmu 1027219 1012887 8385475 14775134 1292858541
1790347880.324992 W 3478 lat 1629 4685 7777 0 exe 257722 515388 557277 resp 562796 1000 pmu 1027114 1012892 8380167 15024821 1302319488
1790347881.284908 W 3479 lat 1518 4703 8685 0 exe 197722 511629 561425 resp 565740 1000 pmu 1027180 1011911 8374351 15299183 1294173001
1790347882.345076 W 3480 lat 925 4740 9259 0 exe 299314 514574 565703 resp 569499 1000 pmu 1027118 1012247 8368693 15019747 1300448264
1790347883.301018 W 3481 lat 1777 4759 8499 0 exe 146481 510629 565870 resp 572055 1000 pmu 1027332 1010965 8377174 15582740 1291959458
1790347884.353019 W 3482 lat 1555 4796 8537 0 exe 315037 515333 560722 resp 564944 1000 pmu 1027091 1012903 8375728 14813172 1302280504
1790347885.289045 W 3483 lat 1018 4666 7814 0 exe 214537 511481 562703 resp 566981 1000 pmu 1027260 1012322 8378518 15617268 1293763476
1790347886.341198 W 3484 lat 962 4740 9222 0 exe 323944 514759 564574 resp 569518 1000 pmu 1027107 1010765 8371283 15108717 1300752339
1790347887.300967 W 3485 lat 1333 4592 8129 0 exe 178148 507055 559666 resp 563685 1000 pmu 1026751 1010188 8373466 15701287 1282882390
1790347888.357019 W 3486 lat 1666 4740 8925 0 exe 340518 516851 560314 resp 563944 1000 pmu 1027077 1014636 8375890 14875761 1305626702
1790347889.305004 W 3487 lat 1333 4666 8333 0 exe 168388 510999 556592 resp 562092 1000 pmu 1026975 1010545 8370580 15747542 1292752910
1790347890.252992 W 3488 lat 1629 4722 7851 0 exe 147777 514444 562537 resp 566166 1000 pmu 1027063 1011505 8366626 14824780 1299972647
1790347891.309017 W 3489 lat 1388 4703 8277 0 exe 172944 512796 558648 resp 561981 1000 pmu 1027132 1013170 8377176 14788496 1296396775
1790347892.265040 W 3490 lat 1129 4722 8925 0 exe 158833 514148 557407 resp 563018 1000 pmu 1027078 1012047 8378038 14866597 1299181176
1790347893.321000 W 3491 lat 1222 4666 8277 0 exe 190740 510240 557555 resp 564037 1000 pmu 1027118 1010981 8374156 14803595 1290248708
1790347894.284993 W 3492 lat 1499 4740 7999 0 exe 315499 516481 559962 resp 565685 1000 pmu 1027073 1012723 8366852 14946286 1304756712
1790347895.340977 W 3493 lat 1037 4703 8999 0 exe 184648 512407 565907 resp 570537 1000 pmu 1027302 1011775 8373465 15622191 1295886558
1790347896.305021 W 3494 lat 1407 4685 9444 0 exe 174796 513777 559203 resp 563370 1000 pmu 1027091 1011108 8370537 15003985 1298452749
1790347897.257023 W 3495 lat 1370 4703 9111 0 exe 149074 513388 558981 resp 563740 1000 pmu 1027169 1012381 8374988 14896170 1297765174
1790347898.308968 W 3496 lat 1425 4685 8370 0 exe 191981 516370 558907 resp 564296 1000 pmu 1027150 1012835 8374539 14764579 1304521410
1790347899.352992 W 3497 lat 1425 4722 8703 0 exe 189351 512148 564722 resp 569518 1000 pmu 1027299 1012405 8372028 14992878 1295109276
1790347900.293036 W 3498 lat 1259 4759 8425 0 exe 138925 514222 558685 resp 563499 1000 pmu 1027050 1011558 8376322 15015653 1299578637
1790347901.333040 W 3499 lat 1111 4703 7796 0 exe 182037 511388 556296 resp 560740 1000 pmu 1027225 1012260 8377948 14711660 1293102385
1790347902.273019 W 3500 lat 1944 4796 9129 0 exe 187425 514944 558555 resp 562981 1000 pmu 1027010 1011991 8371183 14883011 1301410854
1790347903.324884 W 3501 lat 1166 4722 7759 0 exe 209962 512055 561444 resp 565388 1000 pmu 1027098 1011120 8369836 14961375 1294930378
1790347904.256650 W 3502 lat 296 2277 8370 0 exe 17333 242870 564111 resp 570055 469 pmu 1024733 512461 8299018 15073643 617193472
1790347905.296637 W 3503 lat 296 296 981 0 exe 16962 21240 112425 resp 112851 5 pmu 1023363 59478 8252967 12786171 57646815
1790347906.336714 W 3504 lat 296 592 4796 0 exe 16851 83462 233981 resp 235314 528 pmu 1019643 559487 8252884 7086153 821857098
1790347907.272880 W 3505 lat 296 833 4611 0 exe 19444 131851 216462 resp 216796 907 pmu 1016892 957547 8245685 8638728 1433947500
1790347908.316760 W 3506 lat 296 888 4425 0 exe 60592 138814 213888 resp 214314 989 pmu 1016331 1011302 8242730 8714059 1520463352
1790347909.253059 W 3507 lat 314 888 4425 0 exe 104814 140759 198555 resp 199203 1000 pmu 1016164 1013498 8243248 8928459 1564335107
1790347910.292702 W 3508 lat 296 888 4481 0 exe 98222 140111 218055 resp 218666 998 pmu 1016118 1012318 8245341 9007261 1559922535
1790347911.333121 W 3509 lat 296 870 3944 0 exe 107629 140407 212351 resp 213037 1000 pmu 1016319 1014664 8248867 9165955 1558644951
1790347912.268944 W 3510 lat 314 870 3814 0 exe 104777 140833 185722 resp 186759 1000 pmu 1016070 1013737 8246899 9155208 1565676573
1790347913.313867 W 3511 lat 296 611 3777 0 exe 17296 87722 202481 resp 203092 538 pmu 1019548 589860 8254752 8876724 881237096
1790347914.248938 W 3512 lat 296 833 4481 0 exe 22796 133870 190499 resp 191092 927 pmu 1016659 965533 8246956 8338722 1459165034
1790347915.289775 W 3513 lat 296 851 4296 0 exe 30759 136888 186740 resp 188851 949 pmu 1016608 992894 8247195 8481823 1474183276
1790347916.334320 W 3514 lat 296 759 3648 0 exe 17351 117314 199074 resp 200240 785 pmu 1017841 835478 8251725 8505409 1245117669
1790347917.273350 W 3515 lat 314 888 4870 0 exe 104018 140296 187074 resp 188907 1000 pmu 1015884 1013279 8245007 8455948 1553418437
1790347918.313555 W 3516 lat 296 796 3259 0 exe 70537 134481 199203 resp 199537 978 pmu 1017143 1009331 8247587 8894228 1447171336
1790347919.249228 W 3517 lat 296 870 4611 0 exe 87592 139999 193944 resp 194314 993 pmu 1016104 1014649 8248642 8803230 1557092646
1790347920.289080 W 3518 lat 296 666 3166 0 exe 17388 95277 189574 resp 190925 611 pmu 1018904 658923 8246766 8869571 971034556
1790347921.329136 W 3519 lat 296 499 4018 0 exe 17481 65814 178962 resp 179499 364 pmu 1020662 420990 8247475 8247250 607396552
1790347922.264699 W 3520 lat 296 814 7907 0 exe 19018 126462 189296 resp 190388 850 pmu 1017402 915273 8257516 7994930 1348502709
1790347923.305835 W 3521 lat 296 907 5240 0 exe 101481 140462 201092 resp 201407 1000 pmu 1016172 1014994 8243559 8433398 1575815462
1790347924.344664 W 3522 lat 296 833 4740 0 exe 22462 134555 195833 resp 196370 933 pmu 1016973 972390 8249116 9016610 1462030353
1790347925.280618 W 3523 lat 296 296 333 0 exe 16740 19222 47870 resp 48185 0 pmu 1023507 36175 8257746 8534958 49505781
1790347926.321087 W 3524 lat 296 851 5018 0 exe 17611 132407 212018 resp 212388 926 pmu 1016825 946848 8255792 6426725 1458317273
1790347927.261173 W 3525 lat 296 759 3222 0 exe 17740 119018 179944 resp 180518 802 pmu 1017703 849768 8247775 8664892 1281659133
1790347928.300714 W 3526 lat 296 870 3796 0 exe 106777 140166 212314 resp 213444 1000 pmu 1016217 1014155 8250581 8270091 1552779324
1790347929.345116 W 3527 lat 296 759 3462 0 exe 23296 128685 180407 resp 182796 931 pmu 1017613 971653 8248921 9150643 1365592590
1790347930.281795 W 3528 lat 296 925 3499 0 exe 105925 140592 193240 resp 194222 1000 pmu 1016058 1014061 8246783 8361146 1565825562
1790347931.325448 W 3529 lat 296 851 3814 0 exe 82629 139444 202796 resp 203351 991 pmu 1015984 1012410 8244393 8955939 1562184253
1790347932.261295 W 3530 lat 296 870 4740 0 exe 99425 139259 173462 resp 174740 998 pmu 1016027 1013582 8244429 8928402 1543198092
1790347933.302052 W 3531 lat 296 870 4203 0 exe 70814 140462 199129 resp 199611 986 pmu 1016523 1011823 8244635 8726425 1547834326
1790347934.342719 W 3532 lat 296 814 2944 0 exe 31462 135111 198388 resp 199555 925 pmu 1016824 987069 8248481 8839210 1455010086
1790347935.277405 W 3533 lat 296 888 4537 0 exe 106037 140407 193425 resp 194333 1000 pmu 1015901 1013535 8240146 8605271 1557296331
1790347936.316652 W 3534 lat 296 592 3981 0 exe 17055 83555 189111 resp 191425 507 pmu 1019844 560956 8253478 8960684 814557967
1790347937.252616 W 3535 lat 296 296 351 0 exe 16462 19592 44259 resp 44592 0 pmu 1023511 40404 8256240 8189640 50214171
1790347938.308635 W 3536 lat 296 296 1092 0 exe 17555 27962 182055 resp 182481 35 pmu 1023260 133303 8254400 6388340 72332362
1790347939.344614 W 3537 lat 296 296 333 0 exe 17240 21277 51444 resp 51777 0 pmu 1023513 59422 8247544 7817952 54063570
1790347940.280637 W 3538 lat 296 296 425 0 exe 17222 23722 117925 resp 118259 4 pmu 1023409 88054 8243687 6472562 60042767
1790347941.320616 W 3539 lat 296 296 333 0 exe 17351 20018 42333 resp 42648 0 pmu 1023435 44839 8242394 7149970 50597826
1790347942.256638 W 3540 lat 296 296 666 0 exe 17425 23055 113722 resp 114129 5 pmu 1023366 80209 8243068 6375536 58251279
1790347943.296610 W 3541 lat 296 296 333 0 exe 17351 20333 41944 resp 42277 0 pmu 1023488 48309 8244332 7107168 51308961
1790347944.336639 W 3542 lat 296 296 574 0 exe 17407 23314 117962 resp 118296 7 pmu 1023387 83060 8248497 6373244 58976848
1790347945.272617 W 3543 lat 296 296 333 0 exe 17425 20962 39444 resp 39759 0 pmu 1023555 55565 8248784 7150077 52873221
1790347946.312637 W 3544 lat 296 296 537 0 exe 17148 23759 121722 resp 122259 5 pmu 1023446 88723 8247608 6351854 60052027
1790347947.248610 W 3545 lat 296 296 333 0 exe 17388 20074 40703 resp 41018 0 pmu 1023503 45340 8247448 7189325 50729345
1790347948.288638 W 3546 lat 296 296 796 0 exe 17222 23351 116944 resp 117277 5 pmu 1023443 83600 8244759 6359606 59062493
1790347949.328612 W 3547 lat 296 296 333 0 exe 17425 20444 39092 resp 39388 0 pmu 1023540 49521 8245384 7140234 51618251
1790347950.264638 W 3548 lat 296 296 444 0 exe 17537 23759 119277 resp 119648 6 pmu 1023422 88375 8246370 6345451 59972109
1790347951.304614 W 3549 lat 296 296 333 0 exe 17351 20518 41833 resp 42129 0 pmu 1023507 50279 8244000 7165649 51769706
1790347952.344637 W 3550 lat 296 296 518 0 exe 17740 24037 115370 resp 115722 9 pmu 1023469 91842 8247810 6372935 60738495
1790347953.280613 W 3551 lat 296 296 333 0 exe 17444 20574 41907 resp 42203 0 pmu 1023503 51048 8245584 7129151 51937425
1790347954.320640 W 3552 lat 296 296 444 0 exe 17444 23962 108240 resp 108666 9 pmu 1023529 90919 8251099 6374347 60601767
1790347955.256611 W 3553 lat 296 296 333 0 exe 17074 20111 41388 resp 41685 0 pmu 1023544 45634 8247028 7055989 50719383
1790347956.296638 W 3554 lat 296 296 444 0 exe 17759 24037 123166 resp 123481 7 pmu 1023429 91152 8247678 6365054 60649832
1790347957.336619 W 3555 lat 296 296 333 0 exe 17722 21277 56129 resp 56444 0 pmu 1023524 59264 8245108 7206692 53677282
1790347958.272638 W 3556 lat 296 296 425 0 exe 17537 23814 120481 resp 120796 6 pmu 1023400 88852 8245827 6521750 60243996
1790347959.312612 W 3557 lat 296 296 333 0 exe 17314 20592 53944 resp 54259 0 pmu 1023528 51392 8247020 7177438 52005151
1790347960.248637 W 3558 lat 296 296 518 0 exe 17611 23592 117259 resp 117777 8 pmu 1023460 86212 8250348 6494309 59636905
1790347961.288617 W 3559 lat 296 296 333 0 exe 17074 20166 40074 resp 40388 0 pmu 1023532 46414 8248980 7146036 50936623
1790347962.328637 W 3560 lat 296 296 425 0 exe 17314 24240 121648 resp 121962 6 pmu 1023424 94072 8246613 6352242 61263521
1790347963.264611 W 3561 lat 296 296 333 0 exe 17574 20555 42314 resp 42611 0 pmu 1023516 50814 8246770 7190010 51934986
1790347964.304640 W 3562 lat 296 296 796 0 exe 17388 23555 126574 resp 126888 6 pmu 1023481 85682 8247092 6378978 59489697
1790347965.344612 W 3563 lat 296 296 333 0 exe 17185 20370 45888 resp 46203 0 pmu 1023516 48763 8246538 7238437 51484552
1790347966.280636 W 3564 lat 296 296 611 0 exe 17518 23888 118814 resp 119425 5 pmu 1023420 89980 8244696 6412064 60388369
1790347967.320617 W 3565 lat 296 296 333 0 exe 17425 20944 49907 resp 50222 0 pmu 1023537 55249 8246548 7163414 52831203
1790347968.256642 W 3566 lat 296 296 574 0 exe 17351 24981 120518 resp 120944 10 pmu 1023397 102579 8251244 6456271 63480163
1790347969.296616 W 3567 lat 296 296 333 0 exe 16870 18888 41129 resp 41444 0 pmu 1023495 32293 8256200 7184062 47855666
1790347970.348945 W 3568 lat 296 388 2796 0 exe 17222 61777 338388 resp 338888 282 pmu 1021944 420128 8257954 6356273 182819361
1790347971.296694 W 3569 lat 296 518 3259 0 exe 22574 106574 362629 resp 363111 618 pmu 1019834 797169 8257672 9560215 340768557
1790347972.342029 W 3570 lat 296 425 2574 0 exe 20129 86296 339555 resp 340722 440 pmu 1020753 659046 8258399 10055832 268334788
1790347973.280646 W 3571 lat 296 296 444 0 exe 19629 41240 69851 resp 70166 0 pmu 1023562 297779 8261518 9709513 104367140
1790347974.332654 W 3572 lat 296 296 444 0 exe 19870 43296 110314 resp 110759 14 pmu 1023357 321624 8261324 6768913 108645623
1790347975.272652 W 3573 lat 296 296 499 0 exe 19703 41407 105185 resp 105518 3 pmu 1023494 299410 8260463 7185717 103411076
1790347976.316661 W 3574 lat 296 296 425 0 exe 19685 44092 112796 resp 113111 9 pmu 1023301 331010 8259704 7123803 110938941
1790347977.262951 W 3575 lat 296 296 333 0 exe 19240 40444 73037 resp 73351 0 pmu 1023507 288339 8261106 7212649 100875473
1790347978.306602 W 3576 lat 296 296 425 0 exe 20111 44740 113629 resp 114055 9 pmu 1023347 338460 8257772 6794232 112098690
1790347979.247204 W 3577 lat 296 296 555 0 exe 19759 41592 76037 resp 76351 0 pmu 1023528 301855 8259932 7227054 103760763
1790347980.294646 W 3578 lat 296 296 481 0 exe 20203 44333 106981 resp 107296 9 pmu 1023411 333951 8262814 6833859 111200159
1790347981.338367 W 3579 lat 296 296 444 0 exe 19629 40740 70240 resp 70574 0 pmu 1023511 291805 8258936 7158611 101536059
1790347982.277098 W 3580 lat 296 296 481 0 exe 19888 45777 112611 resp 112925 10 pmu 1023351 350720 8258384 6770314 114713826
1790347983.326668 W 3581 lat 296 296 333 0 exe 19129 41481 70018 resp 70351 0 pmu 1023530 300435 8261152 7220655 103333884
1790347984.276661 W 3582 lat 296 296 518 0 exe 20092 44555 110499 resp 110833 8 pmu 1023412 336628 8260879 6768578 111821756
1790347985.347816 W 3583 lat 296 296 388 0 exe 19814 41444 69629 resp 69944 0 pmu 1023583 300730 8261801 7194733 103338953
1790347986.301421 W 3584 lat 296 296 592 0 exe 20648 46370 106499 resp 106814 8 pmu 1023294 358673 8258806 6768295 116315273
1790347987.255080 W 3585 lat 296 296 481 0 exe 33037 44499 69685 resp 69999 0 pmu 1023563 337446 8266690 7166958 110966716
1790347988.322939 W 3586 lat 296 296 425 0 exe 28999 46555 104740 resp 105074 7 pmu 1023261 361069 8261545 6850963 116929682
1790347989.268651 W 3587 lat 296 296 481 0 exe 29481 42666 65222 resp 65537 0 pmu 1023521 315365 8262443 7191288 106380937
1790347990.328651 W 3588 lat 296 296 444 0 exe 28555 47037 108370 resp 108685 7 pmu 1023336 366838 8259556 6779185 118131002
1790347991.285645 W 3589 lat 296 296 333 0 exe 26962 42259 61240 resp 61555 0 pmu 1023593 310437 8261644 7227780 105349918
1790347992.346845 W 3590 lat 296 296 444 0 exe 26296 44777 107962 resp 108296 3 pmu 1023295 339918 8260961 6723969 112474688
1790347993.304651 W 3591 lat 296 296 425 0 exe 26629 43129 81037 resp 81351 0 pmu 1023473 320466 8254868 7201297 107489776
1790347994.262288 W 3592 lat 296 296 481 0 exe 26629 46296 115481 resp 115833 10 pmu 1023466 357463 8262350 6925126 116156933
1790347995.326614 W 3593 lat 296 296 425 0 exe 27722 42537 60166 resp 60481 0 pmu 1023525 313817 8262545 7285941 106096285
1790347996.276787 W 3594 lat 296 296 555 0 exe 26703 45037 115111 resp 115444 9 pmu 1023319 342689 8262376 6718896 112865414
1790347997.335301 W 3595 lat 296 296 499 0 exe 26518 42907 63333 resp 63833 0 pmu 1023521 318084 8260537 7276566 107030590
1790347998.296877 W 3596 lat 296 296 1111 0 exe 25703 47055 104999 resp 105333 8 pmu 1023302 366585 8260729 6747722 118103134
1790347999.248645 W 3597 lat 296 296 425 0 exe 25555 42870 68703 resp 69018 0 pmu 1023568 317416 8263581 7183297 106818395
1790348000.296641 W 3598 lat 296 296 611 0 exe 17555 38388 116592 resp 117037 12 pmu 1023433 263054 8260459 6795171 96814061
1790348001.336609 W 3599 lat 296 296 333 0 exe 16851 19111 42388 resp 42685 0 pmu 1023545 34621 8256352 7213226 48400649
1790348002.288643 W 3600 lat 296 314 2740 0 exe 17222 29351 293462 resp 296203 35 pmu 1023162 145893 8256988 6369011 75727894
1790348003.248617 W 3601 lat 296 296 333 0 exe 17296 20092 45703 resp 46037 0 pmu 1023528 45691 8245778 8957298 51825266
1790348004.312638 W 3602 lat 296 296 537 0 exe 17074 22148 115703 resp 116129 7 pmu 1023429 70092 8247502 6409490 56118300
1790348005.272615 W 3603 lat 296 296 333 0 exe 17018 19962 42537 resp 42851 0 pmu 1023560 43974 8250876 7120014 50395880
1790348006.340641 W 3604 lat 296 296 870 0 exe 17407 22407 112314 resp 112629 5 pmu 1023442 73117 8248579 6375555 56757816
1790348007.296630 W 3605 lat 296 296 333 0 exe 16925 19888 48333 resp 48648 0 pmu 1023471 43205 8244931 7090406 50202234
1790348008.256643 W 3606 lat 296 296 462 0 exe 16999 22759 112555 resp 112962 8 pmu 1023462 77424 8248448 6432639 57637019
1790348009.312633 W 3607 lat 296 296 351 0 exe 17111 19722 45462 resp 45777 0 pmu 1023446 41444 8244788 7090988 49853056
1790348010.280646 W 3608 lat 296 296 388 0 exe 17333 22444 109185 resp 109499 9 pmu 1023405 73175 8245980 6404303 56822410
1790348011.344622 W 3609 lat 296 296 407 0 exe 17240 19944 41685 resp 42018 0 pmu 1023507 44135 8248546 7056344 50359786
1790348012.296643 W 3610 lat 296 296 1814 0 exe 16777 21259 128722 resp 130537 7 pmu 1023412 59084 8244862 6368567 53854227
1790348013.256626 W 3611 lat 296 296 333 0 exe 17296 20185 41444 resp 41759 0 pmu 1023454 46631 8249016 7257834 51035656
1790348014.328645 W 3612 lat 296 296 537 0 exe 16814 21851 112796 resp 113333 6 pmu 1023417 66655 8249899 6367203 55364717
1790348015.284616 W 3613 lat 296 296 333 0 exe 17055 20444 56833 resp 57129 0 pmu 1023464 49892 8247873 7088991 51573035
1790348016.348641 W 3614 lat 296 296 592 0 exe 17074 20407 113222 resp 113611 6 pmu 1023386 49311 8246968 6521164 51911145
1790348017.292621 W 3615 lat 296 296 333 0 exe 17129 21296 96074 resp 96370 0 pmu 1023529 60029 8249608 7086628 53650064
1790348018.256656 W 3616 lat 296 296 333 0 exe 16833 19574 36185 resp 36499 0 pmu 1023510 39731 8243472 6918108 49356852
1790348019.324620 W 3617 lat 296 296 499 0 exe 17240 22222 115370 resp 115685 6 pmu 1023427 71104 8246246 6309290 56281192
1790348020.292647 W 3618 lat 296 296 333 0 exe 16944 19722 39425 resp 39740 0 pmu 1023475 41192 8244272 7117191 49797246
1790348021.252661 W 3619 lat 296 296 499 0 exe 17092 22296 122537 resp 123037 8 pmu 1023438 71229 8248032 6343003 56368151
1790348022.312643 W 3620 lat 296 296 333 0 exe 17240 19833 50425 resp 50740 0 pmu 1023486 42797 8249105 7189440 50146303
1790348023.276616 W 3621 lat 296 296 981 0 exe 17129 22648 114203 resp 115185 8 pmu 1023432 75557 8246442 6454842 57376539
1790348024.340645 W 3622 lat 296 296 333 0 exe 17314 19962 55425 resp 55722 0 pmu 1023432 44131 8246538 7112948 50398199
1790348025.300620 W 3623 lat 296 296 333 0 exe 17277 22203 112611 resp 112925 5 pmu 1023488 70508 8247933 6505878 56256925
1790348026.252613 W 3624 lat 296 296 333 0 exe 16962 19648 37148 resp 37444 0 pmu 1023495 40579 8244720 7088955 49627667
1790348027.320641 W 3625 lat 296 296 444 0 exe 17037 22666 121296 resp 121666 7 pmu 1023405 75373 8243956 6319944 57293836
1790348028.280621 W 3626 lat 296 296 425 0 exe 17259 20277 55407 resp 55722 0 pmu 1023482 48004 8244197 7177893 51248796
1790348029.352642 W 3627 lat 296 296 481 0 exe 17185 22259 119333 resp 119666 6 pmu 1023425 70902 8249403 6507670 56410569
1790348030.308749 W 3628 lat 296 296 333 0 exe 17462 20481 62148 resp 62462 0 pmu 1023510 50428 8249264 7156831 51731842
1790348031.264641 W 3629 lat 296 296 499 0 exe 17259 22240 111481 resp 111796 7 pmu 1023467 70808 8247857 6576448 56404847
1790348032.328646 W 3630 lat 296 296 333 0 exe 17518 20055 43907 resp 44203 0 pmu 1023519 45344 8245656 7078640 50642208
1790348033.264626 W 3631 lat 296 296 499 0 exe 17018 24092 131592 resp 131925 8 pmu 1023410 92852 8258123 6392109 61279044
1790348034.304804 W 3632 lat 296 296 333 0 exe 16944 19018 35555 resp 35851 0 pmu 1023441 33494 8251070 7287691 48196840
1790348035.264640 W 3633 lat 296 296 1407 0 exe 17555 26092 320037 resp 320370 38 pmu 1023284 107583 8246766 6300693 67674967
1790348036.316616 W 3634 lat 296 296 333 0 exe 17166 19277 41537 resp 41833 0 pmu 1023512 36519 8248332 9189722 50019764
1790348037.256659 W 3635 lat 296 314 925 0 exe 17611 51166 170518 resp 171444 78 pmu 1022388 405688 8257350 6363123 137529627
1790348038.312614 W 3636 lat 296 296 333 0 exe 17462 21074 84203 resp 84499 0 pmu 1023529 57080 8251384 7820793 53573540
1790348039.276640 W 3637 lat 296 296 370 0 exe 17425 22111 133444 resp 133777 7 pmu 1023386 69152 8249933 6799990 56266060
1790348040.320624 W 3638 lat 296 296 425 0 exe 17370 21537 78592 resp 78907 0 pmu 1023520 62799 8250011 7297978 54563731
1790348041.272637 W 3639 lat 296 296 537 0 exe 17092 21796 112314 resp 112722 6 pmu 1023438 65553 8245649 6746421 55379624
1790348042.336617 W 3640 lat 296 296 333 0 exe 17277 19703 38185 resp 38481 0 pmu 1023534 41288 8247224 7084614 49779568
1790348043.284638 W 3641 lat 296 296 407 0 exe 17370 21944 109462 resp 109796 7 pmu 1023497 67549 8250512 6332068 55566409
1790348044.344613 W 3642 lat 296 296 333 0 exe 16944 19314 38333 resp 38648 0 pmu 1023538 36732 8249575 7057156 48806272
1790348045.284637 W 3643 lat 296 296 592 0 exe 17314 21703 120851 resp 121166 6 pmu 1023463 64396 8245955 6330076 54914158
1790348046.340622 W 3644 lat 296 296 333 0 exe 17277 19388 37722 resp 38018 0 pmu 1023482 37356 8244220 7170322 49068330
1790348047.284637 W 3645 lat 296 296 388 0 exe 17203 22425 121333 resp 121722 6 pmu 1023421 72392 8245386 6325798 56716976
1790348048.352612 W 3646 lat 296 296 333 0 exe 17055 19333 41537 resp 41851 0 pmu 1023493 36953 8245867 7177623 48935360
1790348049.296640 W 3647 lat 296 296 481 0 exe 17092 21962 120444 resp 120759 6 pmu 1023423 67322 8247195 6362813 55565740
1790348050.344612 W 3648 lat 296 296 351 0 exe 16944 19648 38981 resp 39296 0 pmu 1023526 40618 8247372 7165904 49682384
1790348051.288636 W 3649 lat 296 296 370 0 exe 17537 21907 108425 resp 108759 6 pmu 1023451 66895 8251080 6338294 55413818
1790348052.348619 W 3650 lat 296 296 333 0 exe 17314 19666 42796 resp 43111 0 pmu 1023512 40807 8248411 7047182 49707992
1790348053.304637 W 3651 lat 296 296 722 0 exe 17240 21944 122518 resp 123018 7 pmu 1023388 66847 8248304 6378184 55471108
1790348054.256613 W 3652 lat 296 296 333 0 exe 16648 19518 38481 resp 38814 0 pmu 1023532 39132 8249382 7189327 49383893
1790348055.308632 W 3653 lat 296 296 555 0 exe 17333 22259 107796 resp 108240 6 pmu 1023369 71177 8244697 6331123 56327843
1790348056.256611 W 3654 lat 296 296 333 0 exe 17129 19333 39907 resp 40222 0 pmu 1023515 36910 8247770 7043244 48843367
1790348057.304637 W 3655 lat 296 296 444 0 exe 17166 22074 134314 resp 134722 8 pmu 1023384 68610 8252594 6346760 55856286
1790348058.256613 W 3656 lat 296 296 351 0 exe 17092 19629 39481 resp 39777 0 pmu 1023374 40442 8246045 7305842 49747730
1790348059.308638 W 3657 lat 296 296 333 0 exe 17129 22888 113185 resp 113499 7 pmu 1023462 78426 8251180 6343864 57944274
1790348060.260612 W 3658 lat 296 296 351 0 exe 17240 19518 40333 resp 40648 0 pmu 1023412 39101 8245543 7097423 49327128
1790348061.312638 W 3659 lat 296 296 1203 0 exe 17462 22351 113259 resp 113611 7 pmu 1023391 71797 8245024 6352480 56471620
1790348062.264612 W 3660 lat 296 296 333 0 exe 17370 19444 40370 resp 40685 0 pmu 1023431 38129 8243401 7101633 49155269
1790348063.324635 W 3661 lat 296 296 555 0 exe 17277 21981 117629 resp 117944 8 pmu 1023443 67524 8250599 6353028 55616779
1790348064.272623 W 3662 lat 296 296 333 0 exe 17444 19944 45129 resp 45425 0 pmu 1023455 44002 8251665 7139295 50395747
1790348065.312641 W 3663 lat 296 296 462 0 exe 16925 24092 129629 resp 130037 10 pmu 1023437 92265 8257167 6403554 61243924
1790348066.248608 W 3664 lat 296 296 333 0 exe 16981 19111 39796 resp 40092 0 pmu 1023522 34744 8257279 7267969 48464305
1790348067.304643 W 3665 lat 296 314 2388 0 exe 17537 27499 286944 resp 288240 37 pmu 1023191 124417 8253163 6343883 71182799
1790348068.348620 W 3666 lat 296 296 333 0 exe 17111 19425 35777 resp 36092 0 pmu 1023549 38186 8250825 8875538 50183232
1790348069.284642 W 3667 lat 296 296 555 0 exe 17222 22203 115518 resp 116074 5 pmu 1023501 70618 8251313 6305861 56094302
1790348070.324615 W 3668 lat 296 296 333 0 exe 16981 19592 39740 resp 40055 0 pmu 1023470 39880 8251941 7119940 49487743
1790348071.260641 W 3669 lat 296 296 444 0 exe 16870 21629 113388 resp 113703 6 pmu 1023373 63481 8250780 6345635 54650720
1790348072.300619 W 3670 lat 296 296 333 0 exe 17148 19666 40962 resp 41277 0 pmu 1023533 40690 8250679 7092367 49654469
1790348073.340639 W 3671 lat 296 296 444 0 exe 17462 22111 113999 resp 114314 5 pmu 1023447 69243 8250599 6359173 55883060
1790348074.276614 W 3672 lat 296 296 333 0 exe 17074 19481 39055 resp 39351 0 pmu 1023545 38836 8252361 7103842 49229520
1790348075.316641 W 3673 lat 296 296 425 0 exe 17240 21999 106944 resp 107277 6 pmu 1023465 68257 8253833 6338575 55645088
1790348076.252612 W 3674 lat 296 296 333 0 exe 17037 19055 41388 resp 41703 0 pmu 1023476 34239 8250046 7031762 48216181
1790348077.292640 W 3675 lat 296 296 481 0 exe 17444 21925 118444 resp 118925 5 pmu 1023463 67200 8252780 6359654 55483331
1790348078.332621 W 3676 lat 296 296 333 0 exe 16833 19370 39185 resp 39499 0 pmu 1023532 37328 8252050 7148289 48941438
1790348079.268640 W 3677 lat 296 296 388 0 exe 17240 22222 113444 resp 113759 6 pmu 1023465 70861 8253018 6338263 56152916
1790348080.308615 W 3678 lat 296 296 333 0 exe 16999 19351 38722 resp 39037 0 pmu 1023476 37126 8249646 7097451 48912106
1790348081.348640 W 3679 lat 296 296 370 0 exe 17166 22407 115925 resp 116296 6 pmu 1023417 72728 8249374 6334449 56662185
1790348082.284613 W 3680 lat 296 296 333 0 exe 16759 19499 39222 resp 39518 0 pmu 1023499 39177 8248648 7123167 49312198
1790348083.324640 W 3681 lat 296 296 592 0 exe 17240 21833 118222 resp 118814 7 pmu 1023407 66059 8252571 6338888 55236209
1790348084.260620 W 3682 lat 296 296 333 0 exe 17055 19629 39611 resp 39925 0 pmu 1023512 40579 8248772 7145634 49631873
1790348085.300641 W 3683 lat 296 296 370 0 exe 17018 21925 111851 resp 112203 5 pmu 1023486 67348 8253297 6344986 55454921
1790348086.340613 W 3684 lat 296 296 333 0 exe 16851 19166 40759 resp 41092 0 pmu 1023496 35313 8252984 7079011 48458233
1790348087.276640 W 3685 lat 296 296 592 0 exe 17148 21870 121351 resp 121944 4 pmu 1023452 66787 8253816 6353101 55322716
1790348088.316613 W 3686 lat 296 296 351 0 exe 17259 19499 39222 resp 39518 0 pmu 1023460 39104 8249864 7176716 49335778
1790348089.252667 W 3687 lat 296 296 555 0 exe 17296 21962 110351 resp 110685 5 pmu 1023458 67776 8251110 6341502 55528782
1790348090.292625 W 3688 lat 296 296 333 0 exe 17111 20314 60999 resp 61296 0 pmu 1023537 48568 8253487 7066465 51290937
1790348091.332641 W 3689 lat 296 296 666 0 exe 17425 21814 113388 resp 114055 5 pmu 1023398 65778 8251668 6562470 55308927
1790348092.268613 W 3690 lat 296 296 333 0 exe 17166 19240 41499 resp 41833 0 pmu 1023417 36030 8248096 7099033 48638739
1790348093.308637 W 3691 lat 296 296 537 0 exe 17314 21796 112092 resp 112407 5 pmu 1023443 65878 8253420 6362453 55119354
1790348094.348613 W 3692 lat 296 296 333 0 exe 17018 19481 41222 resp 41518 0 pmu 1023559 38739 8252349 7082935 49230347
1790348095.284646 W 3693 lat 296 296 1611 0 exe 17185 21925 124037 resp 124351 6 pmu 1023422 67025 8252877 6359961 55492223
1790348096.324615 W 3694 lat 296 296 333 0 exe 17092 19296 40574 resp 40888 0 pmu 1023567 36785 8253340 7207802 48854279
1790348097.260637 W 3695 lat 296 296 499 0 exe 16944 24240 137518 resp 137851 8 pmu 1023465 94163 8252226 6353096 61533681
1790348098.300610 W 3696 lat 296 296 333 0 exe 17092 19333 52055 resp 52351 0 pmu 1023495 37235 8248743 7347516 49008622
1790348099.352681 W 3697 lat 296 314 2111 0 exe 17055 37740 236518 resp 236870 36 pmu 1022801 244428 8262359 6468096 99945748
1790348100.300691 W 3698 lat 296 296 499 0 exe 17574 31555 79444 resp 79925 0 pmu 1023162 179201 8264788 8413933 83352239
1790348101.248696 W 3699 lat 296 296 722 0 exe 17037 32907 116981 resp 117407 6 pmu 1023109 195966 8262192 6807309 86247671
1790348102.312694 W 3700 lat 296 314 1777 0 exe 17518 32388 68481 resp 70259 0 pmu 1023305 189868 8263525 7187599 84575602
1790348103.256676 W 3701 lat 296 296 999 0 exe 17277 34907 119592 resp 120018 7 pmu 1023183 219261 8261306 6714512 91079434
1790348104.316670 W 3702 lat 296 296 1222 0 exe 17999 32481 66370 resp 66703 0 pmu 1023287 190482 8263334 7226182 84671274
1790348105.252700 W 3703 lat 296 314 1796 0 exe 18444 34981 138222 resp 138537 11 pmu 1023132 219112 8262146 6686140 91272553
1790348106.320674 W 3704 lat 296 296 888 0 exe 17814 31907 65518 resp 65851 0 pmu 1023270 184486 8264455 7422221 83459424
1790348107.268672 W 3705 lat 296 314 907 0 exe 17870 33907 113722 resp 114074 6 pmu 1023126 207203 8264423 6672046 88584907
1790348108.324672 W 3706 lat 296 296 1499 0 exe 17425 32240 72814 resp 73148 0 pmu 1023191 187767 8261705 7164689 84152667
1790348109.272675 W 3707 lat 296 314 722 0 exe 18240 34351 107166 resp 107740 9 pmu 1023053 212635 8265428 6747949 90375632
1790348110.328670 W 3708 lat 296 314 3018 0 exe 17518 32333 67166 resp 67499 0 pmu 1023155 188881 8264280 7103444 84382767
1790348111.280694 W 3709 lat 296 296 685 0 exe 18092 34518 125370 resp 125703 11 pmu 1023033 214046 8258417 6699993 90529949
1790348112.336671 W 3710 lat 296 296 1314 0 exe 17203 31888 63648 resp 63962 0 pmu 1023250 183796 8264972 7284115 83315003
1790348113.272671 W 3711 lat 296 314 1203 0 exe 18462 34333 111759 resp 112185 6 pmu 1023147 212176 8262439 6652234 89771804
1790348114.336680 W 3712 lat 296 296 851 0 exe 17462 32185 64703 resp 65018 0 pmu 1023248 187307 8263711 7152018 83962284
1790348115.284704 W 3713 lat 296 296 555 0 exe 18037 35018 113314 resp 113666 7 pmu 1023284 220589 8262910 6663232 91151794
1790348116.324695 W 3714 lat 296 314 2222 0 exe 17962 32018 63759 resp 64074 0 pmu 1023173 185223 8261632 7165162 83435884
1790348117.260703 W 3715 lat 296 314 888 0 exe 18240 34796 131166 resp 132055 14 pmu 1023183 216826 8261185 6662479 90954420
1790348118.300712 W 3716 lat 296 296 703 0 exe 18351 33074 58703 resp 59018 0 pmu 1023284 198495 8264366 7348027 86230030
1790348119.340718 W 3717 lat 296 314 1703 0 exe 18018 35240 127203 resp 127555 9 pmu 1023179 221653 8263461 6611389 91881160
1790348120.276689 W 3718 lat 296 314 1444 0 exe 18037 32370 60074 resp 60425 0 pmu 1023209 188206 8260696 7310873 84094441
1790348121.316698 W 3719 lat 296 296 833 0 exe 18555 35425 115351 resp 115666 11 pmu 1023084 222861 8262943 6623899 92425841
1790348122.252685 W 3720 lat 296 296 796 0 exe 17481 33092 65037 resp 65351 0 pmu 1023267 197171 8264010 7191426 85877396
1790348123.292693 W 3721 lat 296 314 999 0 exe 18111 34999 114611 resp 115037 10 pmu 1023153 219590 8265441 6671081 91266148
1790348124.332686 W 3722 lat 296 296 685 0 exe 18481 32259 61481 resp 61796 0 pmu 1023260 188169 8263884 7181013 83776307
1790348125.268676 W 3723 lat 296 296 740 0 exe 17851 34851 123240 resp 123703 10 pmu 1023226 218338 8262306 6635721 90642011
1790348126.308689 W 3724 lat 296 314 1351 0 exe 18055 33037 66166 resp 66462 0 pmu 1023274 196835 8263534 7264054 85981089
1790348127.348697 W 3725 lat 296 296 777 0 exe 19018 35444 143351 resp 143777 7 pmu 1023268 225042 8260603 6687704 92303618
1790348128.284700 W 3726 lat 296 296 962 0 exe 18259 33055 70611 resp 70962 0 pmu 1023270 198124 8263940 7474143 86213775
1790348129.324639 W 3727 lat 296 296 1018 0 exe 17296 28444 121203 resp 121555 12 pmu 1023306 143510 8260716 6731474 73080806
1790348130.260607 W 3728 lat 296 296 333 0 exe 17037 19407 43055 resp 43351 0 pmu 1023479 37973 8251575 7209766 49118689
1790348131.312643 W 3729 lat 296 296 629 0 exe 17037 27833 209481 resp 210111 37 pmu 1023178 130010 8247314 6378296 72125879
1790348132.256624 W 3730 lat 296 296 703 0 exe 16796 19370 40351 resp 40648 0 pmu 1023535 37200 8244993 8087712 49559671
1790348133.312638 W 3731 lat 296 296 685 0 exe 17092 22333 109018 resp 109425 5 pmu 1023392 71513 8243964 6351488 56526497
1790348134.264618 W 3732 lat 296 296 851 0 exe 16425 19777 42314 resp 42648 0 pmu 1023487 41654 8243213 7054973 49938753
1790348135.308640 W 3733 lat 296 296 592 0 exe 17111 21870 112499 resp 112814 7 pmu 1023425 66141 8244940 6372299 55315218
1790348136.248624 W 3734 lat 296 296 648 0 exe 17222 19759 39481 resp 39796 0 pmu 1023520 41684 8245180 7086550 49910221
1790348137.300641 W 3735 lat 296 296 685 0 exe 16944 22333 109999 resp 110388 4 pmu 1023403 71817 8244259 6346629 56488662
1790348138.252621 W 3736 lat 296 296 703 0 exe 17037 19685 42648 resp 42962 0 pmu 1023501 40724 8248171 7064007 49709902
1790348139.296643 W 3737 lat 296 296 1129 0 exe 17129 21888 125259 resp 125944 5 pmu 1023428 66016 8244026 6377259 55337974
1790348140.340618 W 3738 lat 296 296 685 0 exe 17259 19685 42129 resp 42425 0 pmu 1023553 40721 8249228 7219084 49789208
1790348141.280638 W 3739 lat 296 296 481 0 exe 16962 22074 126277 resp 126592 5 pmu 1023404 68239 8246160 6373030 55877100
1790348142.320621 W 3740 lat 296 296 537 0 exe 17092 19833 57259 resp 57555 0 pmu 1023486 42563 8248178 7224134 50176602
1790348143.256637 W 3741 lat 296 296 666 0 exe 17240 22259 108481 resp 108814 3 pmu 1023411 71065 8247973 6523572 56512598
1790348144.308616 W 3742 lat 296 296 703 0 exe 16999 19259 39148 resp 39462 0 pmu 1023480 35743 8243416 7049474 48677536
1790348145.252639 W 3743 lat 296 296 907 0 exe 16962 22185 114870 resp 115185 8 pmu 1023412 69640 8243415 6340124 56145498
1790348146.304621 W 3744 lat 296 296 722 0 exe 17222 19759 54333 resp 54666 0 pmu 1023476 41464 8244370 7112656 49925628
1790348147.252639 W 3745 lat 296 296 703 0 exe 17314 22129 109166 resp 109555 7 pmu 1023449 69324 8244460 6495755 56083781
1790348148.296630 W 3746 lat 296 296 833 0 exe 16981 19759 41685 resp 41981 0 pmu 1023515 41599 8241968 7056589 49888917
1790348149.348639 W 3747 lat 296 296 944 0 exe 16851 22166 115833 resp 116148 11 pmu 1023450 69674 8245630 6368458 56098334
1790348150.292616 W 3748 lat 296 296 629 0 exe 17148 19907 39907 resp 40222 0 pmu 1023499 43369 8247279 7121981 50310235
1790348151.336638 W 3749 lat 296 296 907 0 exe 16814 22481 115185 resp 115499 6 pmu 1023473 73317 8248621 6351208 56880846
1790348152.284618 W 3750 lat 296 296 722 0 exe 17148 19499 40703 resp 41018 0 pmu 1023484 38158 8240949 7116614 49268936
1790348153.340637 W 3751 lat 296 296 999 0 exe 17129 21962 115870 resp 116259 6 pmu 1023425 67406 8247327 6357523 55601040
1790348154.284618 W 3752 lat 296 296 629 0 exe 16648 19999 59999 resp 60314 0 pmu 1023512 44310 8246765 7123351 50518910
1790348155.336637 W 3753 lat 296 296 962 0 exe 17037 21814 121907 resp 122351 6 pmu 1023443 65519 8248088 6550091 55307889
1790348156.284618 W 3754 lat 296 296 925 0 exe 17037 19425 38203 resp 38537 0 pmu 1023462 37410 8244547 7182519 49135487
1790348157.332643 W 3755 lat 296 296 851 0 exe 17148 22685 109055 resp 109462 8 pmu 1023430 76001 8246008 6332814 57428228
1790348158.284617 W 3756 lat 296 296 537 0 exe 16999 19777 41888 resp 42185 0 pmu 1023535 41722 8247944 7058070 49929931
1790348159.332640 W 3757 lat 296 296 592 0 exe 16870 22296 118999 resp 119314 5 pmu 1023468 70890 8245693 6369202 56447228
1790348160.276619 W 3758 lat 296 296 740 0 exe 16777 19611 42611 resp 42925 0 pmu 1023587 39844 8249360 7152628 49612218
1790348161.320641 W 3759 lat 296 296 611 0 exe 16999 24203 126462 resp 126833 10 pmu 1023381 93179 8252562 6375507 61458219
1790348162.256608 W 3760 lat 296 296 333 0 exe 16925 19518 46018 resp 46314 0 pmu 1023513 39388 8253832 7237814 49384205
1790348163.312643 W 3761 lat 296 314 1148 0 exe 16722 27370 185462 resp 186055 33 pmu 1023212 125091 8254530 6407730 71018940
1790348164.256610 W 3762 lat 296 296 333 0 exe 17055 19925 42833 resp 43148 0 pmu 1023524 43887 8247985 7846061 50787259
1790348165.316643 W 3763 lat 296 296 722 0 exe 17240 22074 113074 resp 113407 7 pmu 1023456 68676 8246552 6378683 55881716
1790348166.268611 W 3764 lat 296 296 333 0 exe 16907 19777 44018 resp 44333 0 pmu 1023500 42081 8248824 7094903 49966076
1790348167.320640 W 3765 lat 296 296 555 0 exe 17092 22185 120518 resp 120833 6 pmu 1023457 70054 8246200 6388950 56150436
1790348168.264612 W 3766 lat 296 296 333 0 exe 17018 19814 46074 resp 46407 0 pmu 1023475 42510 8249652 7168031 50094381
1790348169.312639 W 3767 lat 296 296 444 0 exe 17425 22018 117277 resp 117592 6 pmu 1023385 68266 8247299 6410288 55749680
1790348170.272615 W 3768 lat 296 296 333 0 exe 17314 20277 46055 resp 46370 0 pmu 1023500 47780 8251423 7136091 51224677
1790348171.336637 W 3769 lat 296 296 611 0 exe 16944 22092 117814 resp 118129 9 pmu 1023418 69151 8248486 6413881 55896957
1790348172.292613 W 3770 lat 296 296 333 0 exe 17259 20351 44388 resp 44703 0 pmu 1023526 48628 8250840 7140165 51405947
1790348173.344641 W 3771 lat 296 296 555 0 exe 17222 21722 114240 resp 114574 6 pmu 1023429 64783 8244160 6397236 55001250
1790348174.280613 W 3772 lat 296 296 333 0 exe 17240 20685 46407 resp 46722 0 pmu 1023516 52421 8247968 7103709 52201501
1790348175.320639 W 3773 lat 296 296 462 0 exe 17240 22425 114611 resp 114925 7 pmu 1023413 72845 8246177 6418999 56764274
1790348176.256612 W 3774 lat 296 296 333 0 exe 17462 19925 45962 resp 46277 0 pmu 1023404 43586 8246506 7110599 50318598
1790348177.296641 W 3775 lat 296 296 481 0 exe 17203 22203 114129 resp 114481 10 pmu 1023426 70313 8244678 6412009 56193867
1790348178.336611 W 3776 lat 296 296 333 0 exe 17018 20277 45074 resp 45370 0 pmu 1023518 47673 8247644 7104602 51178151
1790348179.272638 W 3777 lat 296 296 407 0 exe 16944 22055 110259 resp 110574 8 pmu 1023500 68849 8249033 6402523 55837489
1790348180.312615 W 3778 lat 296 296 333 0 exe 17388 20259 40925 resp 41259 0 pmu 1023489 47402 8248796 7063359 51113416
1790348181.248645 W 3779 lat 296 296 425 0 exe 17407 22296 113370 resp 113796 7 pmu 1023377 71501 8245816 6362969 56401864
1790348182.288619 W 3780 lat 296 296 370 0 exe 17203 20740 61388 resp 61685 0 pmu 1023531 53015 8249164 7098799 52313092
1790348183.328637 W 3781 lat 296 296 777 0 exe 17185 21962 118685 resp 119092 7 pmu 1023473 67325 8245430 6568993 55598914
1790348184.264611 W 3782 lat 296 296 333 0 exe 17111 19962 44685 resp 44999 0 pmu 1023534 44175 8248440 7150869 50415670
1790348185.304636 W 3783 lat 296 296 388 0 exe 17092 21518 112111 resp 112499 8 pmu 1023445 62336 8246113 6397580 54443514
1790348186.344611 W 3784 lat 296 296 333 0 exe 17185 20203 41203 resp 41518 0 pmu 1023490 46925 8246191 7080166 50989396
1790348187.280640 W 3785 lat 296 296 518 0 exe 17425 22148 107999 resp 108314 9 pmu 1023452 69924 8245772 6364226 56058575
1790348188.320614 W 3786 lat 296 296 333 0 exe 17055 20259 44129 resp 44444 0 pmu 1023521 47460 8247270 7044306 51133860
1790348189.256645 W 3787 lat 296 296 462 0 exe 16999 21740 111351 resp 111685 11 pmu 1023447 64846 8243862 6393147 55025708
1790348190.296613 W 3788 lat 296 296 333 0 exe 17240 20518 44925 resp 45240 0 pmu 1023496 50451 8247586 7073434 51761700
1790348191.336637 W 3789 lat 296 296 648 0 exe 17129 21333 121555 resp 121870 7 pmu 1023439 59897 8243393 6403367 54073652
1790348192.276612 W 3790 lat 296 296 333 0 exe 17092 20629 41777 resp 42111 0 pmu 1023519 51904 8249576 7174984 52091411
1790348193.316642 W 3791 lat 296 296 388 0 exe 17388 25148 115296 resp 115629 9 pmu 1023385 105011 8250696 6371822 63908366
1790348194.252607 W 3792 lat 296 296 333 0 exe 16666 20148 47462 resp 47759 0 pmu 1023490 46650 8252821 7131493 50899496
1790348195.296657 W 3793 lat 296 314 2888 0 exe 16999 27129 251111 resp 251870 37 pmu 1023163 118102 8258101 6424141 71820420
1790348196.340623 W 3794 lat 296 296 425 0 exe 18314 23314 99111 resp 99407 0 pmu 1023378 80687 8242199 8512217 59890092
1790348197.276650 W 3795 lat 296 296 499 0 exe 17759 21611 72203 resp 72703 0 pmu 1023536 60743 8256069 6964931 54800223
1790348198.316622 W 3796 lat 296 296 518 0 exe 18370 23999 115851 resp 116259 5 pmu 1023294 88396 8245873 6686080 61442166
1790348199.260670 W 3797 lat 296 296 351 0 exe 18259 20907 39555 resp 39870 0 pmu 1023484 52830 8249169 7137250 52944210
1790348200.300646 W 3798 lat 296 296 611 0 exe 18370 25722 122703 resp 123074 6 pmu 1023297 108562 8248482 6356828 65721567
1790348201.344626 W 3799 lat 296 296 351 0 exe 18203 21222 53703 resp 54055 0 pmu 1023539 56331 8249533 7214677 53823979
1790348202.300647 W 3800 lat 296 296 962 0 exe 18203 24666 125944 resp 126907 5 pmu 1023346 96384 8246123 6499873 63172316
1790348203.344621 W 3801 lat 296 296 333 0 exe 18203 20814 44722 resp 45018 0 pmu 1023460 51457 8246108 7245647 52782737
1790348204.296647 W 3802 lat 296 296 944 0 exe 18018 24037 114314 resp 115037 7 pmu 1023427 89223 8254390 6407485 61528276
1790348205.244624 W 3803 lat 296 296 407 0 exe 17981 20999 42851 resp 43166 0 pmu 1023518 53565 8247415 7123855 53136121
1790348206.304644 W 3804 lat 296 296 481 0 exe 18333 24185 110259 resp 110685 4 pmu 1023370 90630 8248928 6389119 61863142
1790348207.256623 W 3805 lat 296 296 351 0 exe 18203 21037 42092 resp 42407 0 pmu 1023511 53926 8248641 7081745 53242883
1790348208.312649 W 3806 lat 296 296 1240 0 exe 18555 25203 131407 resp 132648 4 pmu 1023388 102505 8249348 6382414 64480751
1790348209.256621 W 3807 lat 296 296 425 0 exe 17851 20944 44666 resp 44981 0 pmu 1023435 52668 8245914 7307367 53100180
1790348210.300647 W 3808 lat 296 296 722 0 exe 18592 24611 117185 resp 117537 7 pmu 1023431 95525 8252203 6406421 62776946
1790348211.340621 W 3809 lat 296 296 388 0 exe 17851 20888 45222 resp 45518 0 pmu 1023462 52331 8247360 7155444 52900876
1790348212.284645 W 3810 lat 296 296 611 0 exe 18333 24481 115481 resp 115925 6 pmu 1023417 94277 8252070 6411385 62551756
1790348213.324628 W 3811 lat 296 296 462 0 exe 18574 21907 62499 resp 62814 0 pmu 1023556 64115 8249914 7136297 55539231
1790348214.264648 W 3812 lat 296 296 851 0 exe 18703 24425 119111 resp 119648 6 pmu 1023400 93283 8250789 6593447 62520580
1790348215.312621 W 3813 lat 296 296 370 0 exe 17999 20888 43685 resp 43999 0 pmu 1023491 52048 8246233 7175762 52903695
1790348216.256645 W 3814 lat 296 296 648 0 exe 18444 24444 119981 resp 120314 7 pmu 1023354 93654 8249293 6396910 62547924
1790348217.296630 W 3815 lat 296 296 611 0 exe 18259 21833 58722 resp 59074 0 pmu 1023490 63495 8248739 7181330 55379251
1790348218.244645 W 3816 lat 296 296 518 0 exe 18444 24944 113574 resp 113907 6 pmu 1023343 99796 8248416 6554640 63923709
1790348219.288620 W 3817 lat 296 296 333 0 exe 17833 20777 42462 resp 42777 0 pmu 1023438 51218 8244819 7119174 52629706
1790348220.332645 W 3818 lat 296 296 611 0 exe 18166 24425 140314 resp 140925 5 pmu 1023330 92615 8247965 6383111 62343786
1790348221.272623 W 3819 lat 296 296 388 0 exe 18148 21037 43962 resp 44277 0 pmu 1023459 54086 8247017 7384315 53401832
1790348222.324649 W 3820 lat 296 296 1166 0 exe 18666 25277 112981 resp 114148 4 pmu 1023290 103685 8251248 6401139 64836392
1790348223.268625 W 3821 lat 296 296 407 0 exe 18296 21499 45907 resp 46222 0 pmu 1023491 59343 8248499 7123364 54456143
1790348224.332647 W 3822 lat 296 296 611 0 exe 18481 24629 119722 resp 120277 8 pmu 1023369 95306 8253652 6423775 62922108
1790348225.268641 W 3823 lat 296 296 444 0 exe 17148 22518 114092 resp 114407 4 pmu 1023410 72847 8250073 7180821 57516047
1790348226.308638 W 3824 lat 296 296 481 0 exe 17166 21925 137611 resp 138092 6 pmu 1023410 66864 8252807 7105110 55951778
1790348227.248651 W 3825 lat 296 296 851 0 exe 17203 24962 231722 resp 232074 30 pmu 1023252 97508 8251513 7338627 65031362
1790348228.288647 W 3826 lat 296 296 666 0 exe 17999 23851 127185 resp 127499 6 pmu 1023369 88682 8244024 8296279 61572153
1790348229.328627 W 3827 lat 296 296 333 0 exe 17203 19962 45481 resp 45777 0 pmu 1023502 44002 8248441 7248330 50514292
1790348230.264644 W 3828 lat 296 296 648 0 exe 17722 24314 113592 resp 114240 6 pmu 1023418 94302 8246445 6405806 61603244
1790348231.304619 W 3829 lat 296 296 333 0 exe 16944 20259 43574 resp 43888 0 pmu 1023523 47344 8245777 7114621 51154076
1790348232.344645 W 3830 lat 296 296 537 0 exe 17999 23759 122555 resp 122944 7 pmu 1023399 87730 8244941 6387168 60165481
1790348233.280619 W 3831 lat 296 296 333 0 exe 17666 20685 61388 resp 61703 0 pmu 1023524 52260 8244037 7201285 52282102
1790348234.332650 W 3832 lat 296 296 592 0 exe 18037 24425 114796 resp 115388 12 pmu 1023388 95397 8244795 6570897 61978795
1790348235.276622 W 3833 lat 296 296 333 0 exe 17537 20796 48277 resp 48592 0 pmu 1023482 53461 8244048 7128607 52454301
1790348236.328647 W 3834 lat 296 296 703 0 exe 17648 23592 128777 resp 129129 8 pmu 1023402 85698 8243819 6439819 59753841
1790348237.268623 W 3835 lat 296 296 333 0 exe 17462 20444 48148 resp 48462 0 pmu 1023641 49537 8241176 7261531 51702917
1790348238.316647 W 3836 lat 296 296 537 0 exe 17981 24592 115944 resp 116333 7 pmu 1023334 97656 8247696 6436360 62402535
1790348239.260620 W 3837 lat 296 296 333 0 exe 17425 20722 64666 resp 64981 0 pmu 1023553 53050 8248452 7139296 52349401
1790348240.312660 W 3838 lat 296 296 981 0 exe 17740 30592 120333 resp 120648 20 pmu 1023006 167378 8246559 6602816 80275984
1790348241.264652 W 3839 lat 296 296 481 0 exe 17666 28833 121759 resp 122074 4 pmu 1023174 148408 8248140 7213711 74808051
1790348242.316647 W 3840 lat 296 296 518 0 exe 17425 24148 119407 resp 119740 7 pmu 1023384 92564 8247881 7216228 61631389
1790348243.272623 W 3841 lat 296 296 351 0 exe 17518 21296 60814 resp 61129 0 pmu 1023543 59550 8248407 7168349 53779966
1790348244.324647 W 3842 lat 296 296 648 0 exe 18055 23518 110870 resp 111314 8 pmu 1023411 85243 8246988 6567721 59664425
1790348245.276621 W 3843 lat 296 296 333 0 exe 17685 20777 51351 resp 51666 0 pmu 1023525 53362 8245927 7084153 52444379
1790348246.332650 W 3844 lat 296 296 537 0 exe 18037 24314 119999 resp 120314 8 pmu 1023398 94234 8247374 6471320 61625813
1790348247.280619 W 3845 lat 296 296 333 0 exe 17537 20333 51425 resp 51759 0 pmu 1023470 48091 8241028 7178175 51387626
1790348248.332646 W 3846 lat 296 296 592 0 exe 17814 23333 115129 resp 115462 7 pmu 1023411 82734 8243539 6469082 59157539
1790348249.276620 W 3847 lat 296 296 351 0 exe 17648 20537 50518 resp 50833 0 pmu 1023501 50530 8244744 7123884 51861622
1790348250.324646 W 3848 lat 296 296 574 0 exe 17555 24722 111648 resp 112222 9 pmu 1023383 98895 8246789 6461479 62581143
1790348256.801791 W 3849 lat 296 296 555 0 exe 17777 22148 88574 resp 88907 0 pmu 1023467 69601 8244442 7095873 56103636
1790348256.801912 W 3850 lat 296 296 592 0 exe 17648 23314 119333 resp 119814 5 pmu 1023462 82711 8244313 6852066 59121281
1790348256.801967 W 3851 lat 296 296 333 0 exe 17333 20018 27407 resp 27722 0 pmu 1023498 44215 8243332 7165595 50542400
1790348256.802041 W 3852 lat 296 296 333 0 exe 17666 20537 35685 resp 35999 0 pmu 1023501 50296 8242576 6226067 51266322
1790348256.802091 W 3853 lat 296 296 351 0 exe 17462 19703 27296 resp 27592 0 pmu 1023482 40717 8240776 6313296 49273289
1790348256.802137 W 3854 lat 296 296 333 0 exe 17407 19629 28592 resp 28888 0 pmu 1023455 40168 8242708 6224224 49072215
1790348257.316644 W 3855 lat 296 296 777 0 exe 17333 23018 172055 resp 172611 10 pmu 1023467 78010 8252480 6236319 58215270
1790348258.252611 W 3856 lat 296 296 333 0 exe 17018 19277 45055 resp 45351 0 pmu 1023581 36774 8250410 7691164 49133953
1790348259.300652 W 3857 lat 296 296 2351 0 exe 16907 25129 224851 resp 225351 37 pmu 1023167 95176 8250870 6397435 65119985
1790348260.344620 W 3858 lat 296 296 351 0 exe 17222 19814 46648 resp 46944 0 pmu 1023482 42556 8247624 8235339 50767893
1790348261.284639 W 3859 lat 296 296 481 0 exe 17055 22166 104111 resp 104425 8 pmu 1023451 70171 8247563 6417094 56200596
1790348262.324613 W 3860 lat 296 296 333 0 exe 16833 19777 42907 resp 43222 0 pmu 1023506 41913 8244252 7003282 49901882
1790348263.260639 W 3861 lat 296 296 666 0 exe 17259 22203 110666 resp 110981 6 pmu 1023426 70328 8244801 6377393 56159451
1790348264.304615 W 3862 lat 296 296 333 0 exe 17296 19981 44333 resp 44629 0 pmu 1023515 44251 8245114 7071055 50419559
1790348265.344638 W 3863 lat 296 296 388 0 exe 16888 22777 123092 resp 123462 4 pmu 1023452 77696 8247715 6394944 57708073
1790348266.280612 W 3864 lat 296 296 333 0 exe 17074 19666 44388 resp 44703 0 pmu 1023469 40788 8243886 7195404 49751591
1790348267.324637 W 3865 lat 296 296 444 0 exe 17074 22074 139703 resp 140129 5 pmu 1023460 68558 8248341 6393025 55840137
1790348268.260611 W 3866 lat 296 296 333 0 exe 16962 19314 44944 resp 45259 0 pmu 1023481 36849 8245250 7359258 48987466
1790348269.300637 W 3867 lat 296 296 611 0 exe 17092 22277 111018 resp 111333 5 pmu 1023448 71268 8243382 6396282 56411375
1790348270.340617 W 3868 lat 296 296 333 0 exe 17166 19759 42018 resp 42314 0 pmu 1023497 41797 8242831 7073811 49884358
1790348271.288638 W 3869 lat 296 296 481 0 exe 17148 23037 102499 resp 102888 6 pmu 1023438 80425 8243076 6370121 58284682
1790348272.328618 W 3870 lat 296 296 333 0 exe 17092 19796 43388 resp 43685 0 pmu 1023501 42543 8244525 6992361 49982746
1790348273.264642 W 3871 lat 296 296 481 0 exe 17388 22703 109759 resp 110129 4 pmu 1023366 76565 8246428 6383654 57453761
1790348274.304617 W 3872 lat 296 296 351 0 exe 17277 20425 55759 resp 56074 0 pmu 1023473 49650 8244545 7064619 51542716
1790348275.344643 W 3873 lat 296 296 518 0 exe 17203 22555 117092 resp 117444 5 pmu 1023496 74526 8246543 6511667 57169311
1790348276.280613 W 3874 lat 296 296 333 0 exe 17092 19666 63333 resp 63648 0 pmu 1023476 40926 8242587 7136331 49728086
1790348277.320644 W 3875 lat 296 296 425 0 exe 17074 23018 112129 resp 112444 7 pmu 1023502 80436 8247566 6582615 58342879
1790348278.256611 W 3876 lat 296 296 333 0 exe 16777 19703 46129 resp 46425 0 pmu 1023490 41531 8244892 7087626 49829312
1790348279.296641 W 3877 lat 296 296 481 0 exe 17129 22666 115518 resp 115833 6 pmu 1023446 76004 8246526 6409035 57387533
1790348280.336613 W 3878 lat 296 296 333 0 exe 17074 19777 44185 resp 44499 0 pmu 1023517 42048 8248663 7120392 49982143
1790348281.276638 W 3879 lat 296 296 444 0 exe 16944 22592 108240 resp 108685 9 pmu 1023416 75369 8248821 6391531 57251917
1790348282.324613 W 3880 lat 296 296 351 0 exe 17092 19907 43907 resp 44222 0 pmu 1023454 43289 8243840 7046741 50216519
1790348283.264636 W 3881 lat 296 296 777 0 exe 17259 22555 116759 resp 117074 9 pmu 1023440 74615 8249295 6389425 57125929
1790348284.308615 W 3882 lat 296 296 333 0 exe 16962 20222 51222 resp 51555 0 pmu 1023535 47335 8247295 7134475 51083441
1790348285.248637 W 3883 lat 296 296 425 0 exe 17314 22555 109666 resp 110037 5 pmu 1023417 74359 8245456 6463555 57076538
1790348286.288617 W 3884 lat 296 296 333 0 exe 17333 20055 49092 resp 49407 0 pmu 1023421 45439 8245908 7062289 50641937
1790348287.328635 W 3885 lat 296 296 537 0 exe 16962 22296 116074 resp 116444 5 pmu 1023352 71649 8244856 6443168 56463621
1790348288.272612 W 3886 lat 296 296 333 0 exe 16629 19425 40999 resp 41296 0 pmu 1023483 38228 8243508 7123825 49148055
1790348289.312638 W 3887 lat 296 296 425 0 exe 17462 24296 112870 resp 113185 6 pmu 1023362 95448 8251139 6355511 61814993
1790348290.248617 W 3888 lat 296 296 333 0 exe 16574 19629 43277 resp 43574 0 pmu 1023501 40644 8251746 7103396 49594478
1790348291.296641 W 3889 lat 296 296 1074 0 exe 16907 26629 229259 resp 230333 37 pmu 1023110 115552 8255324 6379263 69164176
1790348292.252614 W 3890 lat 296 296 333 0 exe 17277 19574 45222 resp 45537 0 pmu 1023477 39609 8246762 8283392 50176627
1790348293.292639 W 3891 lat 296 296 425 0 exe 17074 21962 107129 resp 107444 5 pmu 1023480 67646 8246253 6401997 55639410
1790348294.336621 W 3892 lat 296 296 333 0 exe 17055 19537 41203 resp 41499 0 pmu 1023527 39296 8248574 7032365 49323810
1790348295.276636 W 3893 lat 296 296 407 0 exe 17074 21629 108666 resp 108981 5 pmu 1023388 63894 8247165 6360283 54727717
1790348296.320603 W 3894 lat 296 296 333 0 exe 17314 19592 43333 resp 43648 0 pmu 1023539 39873 8246530 7046068 49449481
1790348297.264639 W 3895 lat 296 296 444 0 exe 17296 21999 118759 resp 119129 5 pmu 1023494 68480 8251141 6383276 55756696
1790348298.308614 W 3896 lat 296 296 333 0 exe 17111 19351 41185 resp 41481 0 pmu 1023501 37064 8248411 7150470 48926781
1790348299.244640 W 3897 lat 296 296 1018 0 exe 17333 21796 118037 resp 119055 4 pmu 1023425 65630 8247847 6359299 55155079
1790348300.288613 W 3898 lat 296 296 333 0 exe 16851 19592 39759 resp 40074 0 pmu 1023417 39859 8246930 7148507 49542074
1790348301.328638 W 3899 lat 296 296 537 0 exe 17148 21703 108537 resp 109018 8 pmu 1023466 64823 8248294 6345245 54946313
1790348302.264615 W 3900 lat 296 296 333 0 exe 16759 19722 58592 resp 58907 0 pmu 1023525 41639 8250060 7046923 49780772
1790348303.312642 W 3901 lat 296 296 2074 0 exe 16962 21796 113592 resp 113999 5 pmu 1023442 65840 8249387 6533731 55294603
1790348304.256613 W 3902 lat 296 296 333 0 exe 16833 19351 43370 resp 43685 0 pmu 1023503 37043 8243292 7104398 48874507
1790348305.304640 W 3903 lat 296 296 499 0 exe 16925 22111 105666 resp 106055 7 pmu 1023457 69666 8250520 6379974 56042763
1790348306.344617 W 3904 lat 296 296 351 0 exe 17166 19537 44314 resp 44611 0 pmu 1023446 39529 8246580 7018571 49339155
1790348307.284638 W 3905 lat 296 296 962 0 exe 16962 21814 115833 resp 116796 7 pmu 1023417 65698 8246472 6392027 55245430
1790348308.324615 W 3906 lat 296 296 333 0 exe 17055 19481 63462 resp 63759 0 pmu 1023471 38898 8245179 7124100 49283111
1790348309.260639 W 3907 lat 296 296 425 0 exe 17074 21777 117370 resp 117703 6 pmu 1023443 65693 8246150 6582544 55287396
1790348310.316613 W 3908 lat 296 296 333 0 exe 16981 19518 44092 resp 44407 0 pmu 1023513 38973 8247243 7134068 49322295
1790348311.260641 W 3909 lat 296 296 481 0 exe 16833 21777 110129 resp 110518 6 pmu 1023414 65525 8244770 6388746 55142948
1790348312.300609 W 3910 lat 296 296 333 0 exe 16759 19018 41518 resp 41814 0 pmu 1023556 33535 8245446 7060874 48088994
1790348313.348651 W 3911 lat 296 296 351 0 exe 16925 21796 121444 resp 121759 5 pmu 1023466 65696 8250384 6359295 55151797
1790348314.292760 W 3912 lat 296 296 351 0 exe 17037 19740 60611 resp 60925 0 pmu 1023492 42075 8247691 7173705 49989911
1790348315.336641 W 3913 lat 296 296 629 0 exe 17037 22166 120592 resp 121129 6 pmu 1023498 69772 8242676 6555458 56229951
1790348316.272609 W 3914 lat 296 296 388 0 exe 16907 19351 40666 resp 40962 0 pmu 1023521 37020 8248336 7170063 48913697
1790348317.316639 W 3915 lat 296 296 611 0 exe 16833 21796 118333 resp 118685 6 pmu 1023420 65593 8243204 6353473 55202443
1790348318.260614 W 3916 lat 296 296 351 0 exe 17222 19499 40111 resp 40425 0 pmu 1023440 38933 8241916 7143471 49328818
1790348319.304639 W 3917 lat 296 296 351 0 exe 17111 21481 119592 resp 119944 6 pmu 1023459 61892 8247950 6350034 54366064
1790348320.248614 W 3918 lat 296 296 333 0 exe 17148 19870 53388 resp 53703 0 pmu 1023496 43292 8246432 7154550 50252000
1790348321.292640 W 3919 lat 296 296 462 0 exe 16814 23629 119703 resp 120055 8 pmu 1023385 87584 8252479 6484253 60243289
1790348322.332609 W 3920 lat 296 296 333 0 exe 16833 19388 40018 resp 40333 0 pmu 1023526 37765 8251185 7165495 49031353
1790348323.272645 W 3921 lat 296 296 1166 0 exe 17425 27259 276740 resp 277203 33 pmu 1023180 123128 8251602 6346712 70761736
1790348324.312614 W 3922 lat 296 296 351 0 exe 17129 19944 43944 resp 44259 0 pmu 1023551 43700 8245849 8761316 51354485
1790348325.248643 W 3923 lat 296 296 555 0 exe 16740 21685 108518 resp 108944 5 pmu 1023395 64313 8245744 6390259 54907812
1790348326.288612 W 3924 lat 296 296 333 0 exe 17148 19685 47277 resp 47592 0 pmu 1023476 40992 8243496 7044402 49703351
1790348327.328645 W 3925 lat 296 296 444 0 exe 16851 21629 108111 resp 108481 4 pmu 1023390 64046 8244415 6422371 54913636
1790348328.268612 W 3926 lat 296 296 333 0 exe 17037 19814 41555 resp 41851 0 pmu 1023512 42530 8243524 7039634 50038040
1790348329.308645 W 3927 lat 296 296 444 0 exe 16870 21425 109944 resp 110388 5 pmu 1023351 61833 8244260 6364936 54326871
1790348330.244614 W 3928 lat 296 296 333 0 exe 17074 20277 40462 resp 40777 0 pmu 1023479 47767 8243126 7057513 51170765
1790348331.288645 W 3929 lat 296 296 499 0 exe 17018 21462 106314 resp 106648 8 pmu 1023445 61506 8246951 6356871 54391545
1790348332.328612 W 3930 lat 296 296 333 0 exe 17092 20240 68259 resp 68555 0 pmu 1023522 47721 8247778 7021896 51089553
1790348333.264639 W 3931 lat 296 296 611 0 exe 17444 20185 121851 resp 122166 7 pmu 1023447 46651 8245230 6634541 51444365
1790348334.304613 W 3932 lat 296 296 333 0 exe 17351 21074 92962 resp 93259 0 pmu 1023473 57332 8244100 7173422 53200271
1790348335.344647 W 3933 lat 296 296 518 0 exe 17333 19777 112851 resp 113166 2 pmu 1023313 42018 8242652 6886965 50112779
1790348336.280611 W 3934 lat 296 296 333 0 exe 17240 22074 108203 resp 108518 4 pmu 1023410 68940 8241400 7080483 55940380
1790348337.320641 W 3935 lat 296 296 333 0 exe 16944 20074 70648 resp 70981 0 pmu 1023499 45461 8242732 7043747 50652469
1790348338.256612 W 3936 lat 296 296 481 0 exe 17481 22425 121833 resp 122314 7 pmu 1023464 72490 8246200 6657057 56888590
1790348339.296648 W 3937 lat 296 296 333 0 exe 17148 19129 33444 resp 33759 0 pmu 1023492 34748 8243328 7184822 48458204
1790348340.256617 W 3938 lat 296 296 388 0 exe 17444 22092 110814 resp 111129 6 pmu 1023409 68717 8243457 6281182 55892308
1790348341.312645 W 3939 lat 296 296 351 0 exe 17259 19666 57370 resp 57703 0 pmu 1023509 40671 8247397 7071418 49695810
1790348342.276616 W 3940 lat 296 296 462 0 exe 17462 22425 119537 resp 119944 8 pmu 1023336 71958 8243898 6524012 56772397
1790348343.324642 W 3941 lat 296 296 333 0 exe 17111 19111 32314 resp 32648 0 pmu 1023508 34051 8243284 7161424 48333842
1790348344.288616 W 3942 lat 296 296 759 0 exe 17037 22055 112481 resp 112814 6 pmu 1023467 68296 8248456 6269508 55718607
1790348345.344646 W 3943 lat 296 296 351 0 exe 17055 19148 31185 resp 31481 0 pmu 1023535 34635 8246541 7087970 48384192
1790348346.296614 W 3944 lat 296 296 481 0 exe 16740 22092 116407 resp 116740 6 pmu 1023480 68863 8245440 6258193 55914676
1790348347.256610 W 3945 lat 296 296 333 0 exe 16870 20111 68111 resp 68407 0 pmu 1023473 45727 8243433 7124461 50796400
1790348348.316635 W 3946 lat 296 296 481 0 exe 17240 22222 107962 resp 108425 5 pmu 1023440 70787 8245296 6631214 56440636
1790348349.256619 W 3947 lat 296 296 333 0 exe 17166 19388 43166 resp 43462 0 pmu 1023505 37665 8243224 7043766 49017513
1790348350.296641 W 3948 lat 296 296 518 0 exe 17037 22777 105814 resp 106148 5 pmu 1023478 77097 8247861 6379786 57667248
1790348351.336645 W 3949 lat 296 296 333 0 exe 17425 20018 44185 resp 44481 0 pmu 1023497 44537 8243806 7023877 50492201
1790348352.272616 W 3950 lat 296 296 555 0 exe 17333 21870 114407 resp 114740 5 pmu 1023440 66353 8243874 6394235 55300196
1790348353.312637 W 3951 lat 296 296 407 0 exe 16944 21629 109277 resp 109611 4 pmu 1023436 63657 8246025 7106713 54937926
1790348354.248637 W 3952 lat 296 296 481 0 exe 16907 21444 114648 resp 115129 6 pmu 1023453 62097 8260927 7051631 54800808
1790348355.296654 W 3953 lat 296 296 1351 0 exe 17092 24462 222574 resp 223925 29 pmu 1023256 90472 8253587 7105225 63354865
1790348356.340637 W 3954 lat 296 296 499 0 exe 17259 22277 112777 resp 113277 4 pmu 1023465 71491 8248659 8209365 57517024
1790348357.276611 W 3955 lat 296 296 333 0 exe 17037 19333 40499 resp 40814 0 pmu 1023499 37296 8247884 7092801 48917936
1790348358.324639 W 3956 lat 296 296 425 0 exe 16944 22018 111333 resp 111648 6 pmu 1023437 68749 8247523 6352269 55795204
1790348359.260609 W 3957 lat 296 296 333 0 exe 16814 19314 40111 resp 40407 0 pmu 1023519 36837 8244572 7074075 48814098
1790348360.304636 W 3958 lat 296 296 425 0 exe 17018 22111 109092 resp 109425 6 pmu 1023467 69170 8250801 6346959 55900118
1790348361.244612 W 3959 lat 296 296 425 0 exe 16870 19814 54129 resp 54425 0 pmu 1023510 42748 8245752 7052407 50058308
1790348362.284636 W 3960 lat 296 296 481 0 exe 17203 22148 109111 resp 109481 7 pmu 1023422 69861 8246722 6490354 56129737
1790348363.328610 W 3961 lat 296 296 333 0 exe 17055 19222 38796 resp 39111 0 pmu 1023491 35699 8245676 7054227 48573117
1790348364.264636 W 3962 lat 296 296 407 0 exe 16814 22481 111592 resp 111925 7 pmu 1023466 74046 8254640 6334811 56912235
1790348365.308610 W 3963 lat 296 296 333 0 exe 17055 19314 39351 resp 39666 0 pmu 1023473 36651 8242880 7078205 48818562
1790348366.252639 W 3964 lat 296 296 592 0 exe 16962 22722 110555 resp 110888 8 pmu 1023479 76525 8243633 6340768 57436579
1790348367.292611 W 3965 lat 296 296 333 0 exe 16962 19518 60092 resp 60407 0 pmu 1023403 39230 8246361 7070920 49361331
1790348368.332636 W 3966 lat 296 296 425 0 exe 17129 21981 114981 resp 115296 7 pmu 1023412 67934 8248777 6548596 55816040
1790348369.268625 W 3967 lat 296 296 333 0 exe 17259 19277 38259 resp 38574 0 pmu 1023543 36333 8245056 7111332 48743021
1790348370.316635 W 3968 lat 296 296 462 0 exe 17185 22370 109055 resp 109499 6 pmu 1023450 72439 8249854 6330729 56556034
1790348371.256613 W 3969 lat 296 296 351 0 exe 17166 19611 38999 resp 39314 0 pmu 1023523 40104 8247480 7055086 49515292
1790348372.316637 W 3970 lat 296 296 351 0 exe 16999 22370 115388 resp 115703 7 pmu 1023453 72414 8253058 6339307 56658417
1790348373.264616 W 3971 lat 296 296 333 0 exe 16944 19314 39111 resp 39425 0 pmu 1023511 36588 8244456 7116312 48839789
1790348374.316636 W 3972 lat 296 296 574 0 exe 17129 21740 113499 resp 113870 8 pmu 1023438 64827 8243774 6337782 54963881
1790348375.264610 W 3973 lat 296 296 333 0 exe 16870 19240 38444 resp 38759 0 pmu 1023484 35844 8245892 7096378 48659734
1790348376.320638 W 3974 lat 296 296 537 0 exe 17425 21999 116685 resp 117111 4 pmu 1023451 67969 8249792 6330473 55729034
1790348377.260615 W 3975 lat 296 296 333 0 exe 17444 19555 38074 resp 38388 0 pmu 1023507 39285 8245844 7131124 49426740
1790348378.304639 W 3976 lat 296 296 499 0 exe 17203 22222 110333 resp 110666 6 pmu 1023459 70784 8252175 6331121 56223005
1790348379.256610 W 3977 lat 296 296 333 0 exe 17111 19222 36462 resp 36759 0 pmu 1023503 35582 8245200 7066729 48562283
1790348380.312635 W 3978 lat 296 296 407 0 exe 17111 21888 112518 resp 112851 6 pmu 1023443 66627 8249046 6311588 55337989
1790348381.264613 W 3979 lat 296 296 351 0 exe 17259 19370 37555 resp 37870 0 pmu 1023583 37294 8248555 7086078 48943581
1790348382.304639 W 3980 lat 296 296 555 0 exe 17259 22981 111277 resp 111629 7 pmu 1023450 79535 8247124 6324333 58149447
1790348383.344614 W 3981 lat 296 296 333 0 exe 17185 19648 44111 resp 44407 0 pmu 1023495 40392 8243566 7080747 49632540
1790348384.292638 W 3982 lat 296 296 499 0 exe 17462 21944 108685 resp 109018 7 pmu 1023445 67328 8246375 6390523 55536925
1790348385.336639 W 3983 lat 296 296 333 0 exe 17296 22444 113518 resp 113833 3 pmu 1023524 73417 8251854 7050326 56861887
1790348386.272636 W 3984 lat 296 296 518 0 exe 16999 21907 121444 resp 121759 6 pmu 1023444 66736 8251900 7099362 55887025
1790348387.324653 W 3985 lat 296 296 1407 0 exe 16740 24333 266425 resp 267481 29 pmu 1023300 89306 8251204 7175471 63269584
1790348388.272643 W 3986 lat 296 296 499 0 exe 17129 22722 117611 resp 117944 4 pmu 1023373 76561 8249118 8644258 58964316
1790348389.316603 W 3987 lat 296 296 333 0 exe 17111 19351 45907 resp 46222 0 pmu 1023509 37134 8244468 7141815 48908222
1790348390.256639 W 3988 lat 296 296 407 0 exe 17277 21999 112148 resp 112481 5 pmu 1023477 67939 8250056 6406668 55638753
1790348391.296609 W 3989 lat 296 296 333 0 exe 17148 19222 42537 resp 42851 0 pmu 1023474 35977 8243851 7083876 48604836
1790348392.340639 W 3990 lat 296 296 592 0 exe 17148 21925 123611 resp 124203 6 pmu 1023431 66817 8246906 6372668 55485208
1790348393.292614 W 3991 lat 296 296 333 0 exe 17185 19611 56277 resp 56574 0 pmu 1023536 40565 8248605 7199565 49652084
1790348394.336638 W 3992 lat 296 296 462 0 exe 17314 22166 122388 resp 122703 6 pmu 1023425 70165 8254840 6512165 56174789
1790348395.276609 W 3993 lat 296 296 407 0 exe 17240 19240 42759 resp 43055 0 pmu 1023526 35957 8246972 7187354 48673728
1790348396.324638 W 3994 lat 296 296 333 0 exe 17129 21925 110074 resp 110388 5 pmu 1023363 67191 8245175 6375758 55529282
1790348397.268623 W 3995 lat 296 296 333 0 exe 17148 20555 65907 resp 66240 0 pmu 1023400 51407 8243619 7061503 51905482
1790348398.320639 W 3996 lat 296 296 1037 0 exe 17148 21962 125203 resp 125629 6 pmu 1023451 67587 8247424 6612958 55744730
1790348399.260611 W 3997 lat 296 296 333 0 exe 17185 19592 63222 resp 63555 0 pmu 1023501 40064 8244513 7217211 49616496
1790348400.300639 W 3998 lat 296 296 425 0 exe 17240 21944 117018 resp 117351 6 pmu 1023440 67239 8246612 6581561 55659484
1790348401.244608 W 3999 lat 296 296 333 0 exe 16666 19166 44037 resp 44333 0 pmu 1023473 35192 8242728 7132072 48508383
1790348402.292638 W 4000 lat 296 296 499 0 exe 17037 22407 120648 resp 121055 6 pmu 1023434 72772 8250205 6384856 56715058
1790348403.332609 W 4001 lat 296 296 333 0 exe 16851 19129 42944 resp 43259 0 pmu 1023456 34831 8246267 7170335 48462741
1790348404.276637 W 4002 lat 296 296 462 0 exe 17074 22555 104518 resp 104833 7 pmu 1023407 74673 8247920 6374667 57077554
1790348405.316610 W 4003 lat 296 296 333 0 exe 16685 19259 41740 resp 42055 0 pmu 1023531 36339 8248004 7009475 48672886
1790348406.260637 W 4004 lat 296 296 462 0 exe 17388 22037 119018 resp 119481 7 pmu 1023420 68116 8244963 6362425 55776613
1790348407.304610 W 4005 lat 296 296 333 0 exe 17240 19277 42203 resp 42518 0 pmu 1023413 36574 8243092 7154061 48780133
1790348408.248638 W 4006 lat 296 296 407 0 exe 16870 21759 116388 resp 116740 5 pmu 1023426 65216 8247654 6369838 55086002
1790348409.300621 W 4007 lat 296 296 333 0 exe 16759 19185 43722 resp 44055 0 pmu 1023558 35354 8246991 7122985 48535977
1790348410.244636 W 4008 lat 296 296 407 0 exe 17296 22814 120240 resp 120592 6 pmu 1023454 77488 8250589 6382497 57734277
1790348411.300608 W 4009 lat 296 296 333 0 exe 16685 18962 42740 resp 43055 0 pmu 1023479 33290 8244645 7168928 48081743
1790348412.340632 W 4010 lat 296 296 462 0 exe 16962 22037 104796 resp 105129 7 pmu 1023406 68850 8248909 6370969 55802405
1790348413.284609 W 4011 lat 296 296 351 0 exe 16870 19129 38185 resp 38499 0 pmu 1023488 34474 8243203 7009021 48280368
1790348414.344632 W 4012 lat 296 296 629 0 exe 17259 22240 107962 resp 108277 7 pmu 1023387 70742 8247232 6327119 56230012
1790348415.296610 W 4013 lat 296 296 370 0 exe 17148 19351 53925 resp 54240 0 pmu 1023468 37075 8247032 7043965 48858841
1790348416.344634 W 4014 lat 296 296 425 0 exe 17074 22166 116203 resp 116537 6 pmu 1023505 69922 8248310 6487253 56165713
1790348417.284641 W 4015 lat 296 296 574 0 exe 17018 21555 109092 resp 109425 4 pmu 1023505 63229 8249730 7124199 54784978
1790348418.328632 W 4016 lat 296 296 611 0 exe 17018 21740 125759 resp 126148 6 pmu 1023392 64819 8255464 7050498 55399793
1790348419.272653 W 4017 lat 296 296 1240 0 exe 16555 24055 225481 resp 225870 28 pmu 1023263 85602 8257262 7218689 62564248
1790348420.328636 W 4018 lat 296 296 537 0 exe 17222 23018 115537 resp 115870 7 pmu 1023499 79575 8252867 8228254 59294274
1790348421.276615 W 4019 lat 296 296 333 0 exe 16740 19259 38999 resp 39314 0 pmu 1023502 36115 8245257 7123176 48726074
1790348422.340636 W 4020 lat 296 296 648 0 exe 17222 23111 117055 resp 117444 5 pmu 1023383 81163 8250737 6335364 58397788
1790348423.292609 W 4021 lat 296 296 333 0 exe 16740 18962 40759 resp 41074 0 pmu 1023472 33104 8247100 7139572 48033206
1790348424.252631 W 4022 lat 296 296 537 0 exe 16833 22018 109777 resp 110111 8 pmu 1023407 68225 8247676 6351315 55715609
1790348425.304616 W 4023 lat 296 296 351 0 exe 16666 19240 41203 resp 41499 0 pmu 1023484 36061 8247720 7058547 48606363
1790348426.256632 W 4024 lat 296 296 425 0 exe 17129 22203 116944 resp 117259 6 pmu 1023404 69938 8247040 6356853 56129922
1790348427.320609 W 4025 lat 296 296 333 0 exe 17055 19222 39518 resp 39833 0 pmu 1023423 35787 8246153 7131919 48585758
1790348428.276635 W 4026 lat 296 296 629 0 exe 17092 22425 130222 resp 130851 5 pmu 1023458 72847 8249383 6341984 56739457
1790348429.336615 W 4027 lat 296 296 333 0 exe 16999 18999 39777 resp 40092 0 pmu 1023531 33358 8247063 7268283 48151944
1790348430.296636 W 4028 lat 296 296 666 0 exe 17351 22018 124648 resp 125314 5 pmu 1023437 67580 8247330 6343196 55629371
1790348431.248608 W 4029 lat 296 296 351 0 exe 17259 19074 42111 resp 42444 0 pmu 1023520 34254 8246120 7212186 48308111
1790348432.296632 W 4030 lat 296 296 574 0 exe 16944 22499 121777 resp 122166 8 pmu 1023455 73054 8247021 6368072 56853426
1790348433.244608 W 4031 lat 296 296 333 0 exe 17018 19388 40111 resp 40425 0 pmu 1023515 37465 8248589 7182013 49034952
1790348434.296633 W 4032 lat 296 296 425 0 exe 17055 22037 116259 resp 116574 6 pmu 1023475 68276 8246156 6348333 55754874
1790348435.244609 W 4033 lat 296 296 351 0 exe 17074 19148 38277 resp 38592 0 pmu 1023483 34612 8240852 7124051 48406369
1790348436.292633 W 4034 lat 296 296 555 0 exe 17314 21740 123759 resp 124092 7 pmu 1023502 64829 8247894 6329256 55043632
1790348437.244609 W 4035 lat 296 296 333 0 exe 16962 19481 43222 resp 43518 0 pmu 1023532 38870 8247913 7199487 49343323
1790348438.304632 W 4036 lat 296 296 444 0 exe 16555 22407 116814 resp 117148 7 pmu 1023446 72501 8246856 6379704 56679910
1790348439.252607 W 4037 lat 296 296 333 0 exe 16759 19037 36722 resp 37037 0 pmu 1023489 33657 8245880 7129069 48169102
1790348440.312631 W 4038 lat 296 296 425 0 exe 16833 21888 127629 resp 127944 6 pmu 1023409 66693 8246478 6311623 55366076
1790348441.268615 W 4039 lat 296 296 333 0 exe 16629 19055 39333 resp 39629 0 pmu 1023405 33820 8243007 7235880 48285618
1790348442.324632 W 4040 lat 296 296 444 0 exe 17037 21703 111055 resp 111370 6 pmu 1023364 64444 8245852 6336963 54862448
1790348443.276611 W 4041 lat 296 296 351 0 exe 16777 19481 61481 resp 61796 0 pmu 1023518 38928 8248237 7070144 49261695
1790348444.324635 W 4042 lat 296 296 962 0 exe 17240 21574 122425 resp 122722 5 pmu 1023459 62850 8246084 6561567 54712002
1790348445.276611 W 4043 lat 296 296 333 0 exe 17148 19259 45407 resp 45722 0 pmu 1023481 36036 8246424 7186694 48720193
1790348446.344636 W 4044 lat 296 296 499 0 exe 17370 21888 114592 resp 114907 5 pmu 1023484 66506 8247211 6401442 55371098
1790348447.292608 W 4045 lat 296 296 333 0 exe 16648 19129 39925 resp 40240 0 pmu 1023465 34511 8243671 7108380 48346096
1790348448.340639 W 4046 lat 296 296 481 0 exe 16759 21722 119203 resp 119555 7 pmu 1023386 64859 8248940 6343406 55005552
1790348449.288641 W 4047 lat 296 296 666 0 exe 17074 21481 109259 resp 109611 4 pmu 1023421 61994 8247060 7150786 54590611
1790348450.328634 W 4048 lat 296 296 407 0 exe 16944 21870 122259 resp 122592 6 pmu 1023425 66470 8256712 7052598 55749178
1790348451.268653 W 4049 lat 296 314 2740 0 exe 17018 24240 233962 resp 234685 28 pmu 1023239 87752 8254151 7182674 63107563
1790348452.320640 W 4050 lat 296 296 351 0 exe 17166 22814 109166 resp 109499 4 pmu 1023410 77549 8247178 8325589 58907025
1790348453.268622 W 4051 lat 296 296 333 0 exe 17111 19611 39870 resp 40185 0 pmu 1023551 40204 8246800 7057150 49521514
1790348454.328637 W 4052 lat 296 296 407 0 exe 17296 22277 110425 resp 110740 7 pmu 1023441 71478 8247047 6347439 56370667
1790348455.276615 W 4053 lat 296 296 333 0 exe 16944 19240 37314 resp 37629 0 pmu 1023520 35636 8243842 7067950 48577073
1790348456.336637 W 4054 lat 296 296 629 0 exe 16925 22018 109629 resp 110240 5 pmu 1023424 68495 8245861 6319469 55757401
1790348457.288629 W 4055 lat 296 296 333 0 exe 17111 20648 77740 resp 78055 0 pmu 1023473 52517 8244064 7059336 52115990
1790348458.336638 W 4056 lat 296 296 592 0 exe 17388 23129 117148 resp 117481 5 pmu 1023416 81341 8247028 6731538 58763292
1790348459.284615 W 4057 lat 296 296 333 0 exe 17148 19425 37629 resp 37944 0 pmu 1023496 38012 8242876 7140864 49124543
1790348460.336638 W 4058 lat 296 296 351 0 exe 17166 22166 113759 resp 114092 6 pmu 1023409 70136 8244665 6324529 56119366
1790348461.288619 W 4059 lat 296 296 333 0 exe 17333 19314 37851 resp 38166 0 pmu 1023521 36681 8245078 7099864 48821027
1790348462.344638 W 4060 lat 296 296 574 0 exe 17240 22129 108092 resp 108481 5 pmu 1023465 69690 8247666 6327106 55905868
1790348463.296623 W 4061 lat 296 296 351 0 exe 17166 19666 55148 resp 55481 0 pmu 1023514 40910 8246162 7044714 49676419
1790348464.240686 W 4062 lat 296 296 518 0 exe 17037 22222 112351 resp 112666 6 pmu 1023438 70893 8245723 6501157 56399699
1790348465.304622 W 4063 lat 296 296 333 0 exe 16796 19370 41592 resp 41907 0 pmu 1023516 37635 8247276 7086174 48973397
1790348466.252636 W 4064 lat 296 296 592 0 exe 17296 22222 104277 resp 104722 5 pmu 1023441 70814 8248708 6362282 56243941
1790348467.308615 W 4065 lat 296 296 333 0 exe 17037 19351 35037 resp 35333 0 pmu 1023477 37283 8247990 7007647 48853720
1790348468.260635 W 4066 lat 296 296 370 0 exe 17018 22296 106351 resp 106666 7 pmu 1023456 71782 8245634 6297681 56462077
1790348469.304621 W 4067 lat 296 296 333 0 exe 17277 19925 36481 resp 36796 0 pmu 1023520 43565 8243620 7025793 50267808
1790348470.244637 W 4068 lat 296 296 388 0 exe 17111 21999 113907 resp 114240 6 pmu 1023436 68086 8247563 6316282 55614320
1790348471.300615 W 4069 lat 296 296 351 0 exe 17037 19333 36592 resp 36907 0 pmu 1023517 37029 8246237 7100344 48860532
1790348472.244636 W 4070 lat 296 296 407 0 exe 17444 21999 115222 resp 115537 7 pmu 1023396 68036 8244765 6313241 55677624
1790348473.300621 W 4071 lat 296 296 333 0 exe 17055 19425 36166 resp 36462 0 pmu 1023533 37896 8246444 7115305 49091941
1790348474.252641 W 4072 lat 296 296 444 0 exe 17129 22462 114703 resp 115037 4 pmu 1023505 73310 8249408 6309341 56823043
1790348475.308620 W 4073 lat 296 296 333 0 exe 17111 19814 40481 resp 40796 0 pmu 1023511 42376 8247182 7110902 50043039
1790348476.260642 W 4074 lat 296 296 518 0 exe 17018 21777 110777 resp 111203 7 pmu 1023409 65533 8244159 6354609 55122713
1790348477.300620 W 4075 lat 296 296 333 0 exe 17277 19629 39222 resp 39518 0 pmu 1023525 40269 8246036 7068638 49579845
1790348478.244642 W 4076 lat 296 296 407 0 exe 17240 22314 109166 resp 109481 6 pmu 1023472 71890 8249693 6342129 56509747
1790348479.288616 W 4077 lat 296 296 333 0 exe 17351 19592 41037 resp 41333 0 pmu 1023567 40113 8248073 7055212 49514011
1790348480.336641 W 4078 lat 296 296 611 0 exe 16925 22185 115240 resp 115666 7 pmu 1023441 70109 8247576 6360246 56146225
1790348481.280660 W 4079 lat 296 296 407 0 exe 17259 22907 106240 resp 106555 3 pmu 1023451 79153 8247008 7115321 58080216
1790348482.320637 W 4080 lat 296 296 425 0 exe 17129 21611 112148 resp 112462 5 pmu 1023453 63506 8252664 7028944 55090686
1790348483.260658 W 4081 lat 296 296 1444 0 exe 16925 23592 212999 resp 214444 28 pmu 1023282 81564 8259798 7081035 61323416
1790348484.316640 W 4082 lat 296 296 499 0 exe 17462 23388 109592 resp 109907 5 pmu 1023394 83761 8245569 8109245 60210043
1790348485.256613 W 4083 lat 296 296 333 0 exe 17166 19870 43537 resp 43851 0 pmu 1023533 43235 8246820 7066365 50193102
1790348486.300638 W 4084 lat 296 296 777 0 exe 17018 21888 126425 resp 126796 6 pmu 1023423 66190 8243875 6385863 55376446
1790348487.240624 W 4085 lat 296 296 333 0 exe 17351 20462 60074 resp 60388 0 pmu 1023526 50265 8244068 7226866 51779723
1790348488.280638 W 4086 lat 296 296 796 0 exe 16629 21962 133907 resp 134703 4 pmu 1023430 67488 8243752 6555163 55718014
1790348489.332618 W 4087 lat 296 296 351 0 exe 17425 20666 59388 resp 59722 0 pmu 1023481 52496 8245182 7302241 52328728
1790348490.272644 W 4088 lat 296 296 925 0 exe 17055 22462 121611 resp 122537 6 pmu 1023441 73405 8243590 6549878 56938824
1790348491.316611 W 4089 lat 296 296 333 0 exe 17277 19870 47222 resp 47555 0 pmu 1023490 43006 8243392 7185129 50252310
1790348492.256643 W 4090 lat 296 296 629 0 exe 17074 21611 125759 resp 126111 7 pmu 1023456 63500 8246384 6423350 54754372
1790348493.304612 W 4091 lat 296 296 333 0 exe 17259 20092 45407 resp 45703 0 pmu 1023498 45470 8246068 7218082 50804463
1790348494.248649 W 4092 lat 296 296 425 0 exe 16981 22296 112037 resp 112370 6 pmu 1023365 71708 8242562 6405967 56550359
1790348495.292614 W 4093 lat 296 296 333 0 exe 17185 20388 44296 resp 44592 0 pmu 1023484 48973 8242756 7082743 51467435
1790348496.240640 W 4094 lat 296 296 722 0 exe 16999 21481 121703 resp 122185 7 pmu 1023430 62318 8242794 6396152 54488410
1790348497.284615 W 4095 lat 296 296 333 0 exe 16444 20203 57629 resp 57925 0 pmu 1023500 46967 8243216 7177553 51069916
1790348498.328644 W 4096 lat 296 296 407 0 exe 17185 21481 126277 resp 126611 5 pmu 1023326 61503 8242636 6524843 54558528
1790348499.268612 W 4097 lat 296 296 333 0 exe 17037 20740 67814 resp 68129 0 pmu 1023561 53271 8245179 7221990 52402075
1790348500.312640 W 4098 lat 296 296 703 0 exe 17129 20759 120425 resp 120759 6 pmu 1023461 53140 8242457 6632369 52849894
1790348501.256614 W 4099 lat 296 296 333 0 exe 17092 21388 96574 resp 96870 0 pmu 1023502 61280 8245396 7161071 53983275
1790348502.300642 W 4100 lat 296 296 425 0 exe 17129 19777 102074 resp 102388 1 pmu 1023513 41777 8249716 6923420 50071849
1790348503.340613 W 4101 lat 296 296 407 0 exe 16999 22074 122685 resp 123074 6 pmu 1023428 68318 8240165 6971116 55915695
1790348504.288639 W 4102 lat 296 296 333 0 exe 16981 19333 38666 resp 38981 0 pmu 1023491 36918 8243216 7188344 48931790
1790348505.340615 W 4103 lat 296 296 444 0 exe 17351 22796 113240 resp 113555 7 pmu 1023430 77368 8245005 6333566 57777189
1790348506.288644 W 4104 lat 296 296 333 0 exe 16851 19666 39074 resp 39370 0 pmu 1023495 40623 8245704 7099191 49658497
1790348507.332615 W 4105 lat 296 296 462 0 exe 17222 21925 110685 resp 111148 5 pmu 1023440 66983 8245896 6338612 55462655
1790348508.272656 W 4106 lat 296 296 333 0 exe 17166 19296 36499 resp 36814 0 pmu 1023528 36423 8244324 7069336 48744050
1790348509.316634 W 4107 lat 296 296 555 0 exe 17314 21962 123037 resp 123351 6 pmu 1023431 67332 8244216 6312667 55560575
1790348510.268611 W 4108 lat 296 296 351 0 exe 17185 20203 62444 resp 62759 0 pmu 1023485 47060 8245571 7193328 51080981
1790348511.320637 W 4109 lat 296 296 444 0 exe 17629 22314 118703 resp 119111 7 pmu 1023459 71552 8247883 6576712 56597215
1790348512.272612 W 4110 lat 296 296 333 0 exe 17074 19425 45407 resp 45722 0 pmu 1023510 38059 8243234 7153244 49143867
1790348513.320651 W 4111 lat 296 296 999 0 exe 17537 23759 115462 resp 115981 9 pmu 1023366 88585 8245988 6401860 60528420
1790348514.256609 W 4112 lat 296 296 333 0 exe 17074 20111 63777 resp 64074 0 pmu 1023536 46256 8255367 7130897 50766483
1790348515.300665 W 4113 lat 296 296 499 0 exe 17111 22518 127611 resp 127999 16 pmu 1023378 73616 8256885 6589100 58057858
1790348516.252625 W 4114 lat 296 296 1870 0 exe 17444 23888 273277 resp 275148 19 pmu 1023302 84070 8244005 7241048 60889992
1790348517.316639 W 4115 lat 296 296 499 0 exe 17037 22444 108777 resp 109203 6 pmu 1023433 72647 8249626 8720339 58167213
1790348518.284610 W 4116 lat 296 296 333 0 exe 17074 19370 40611 resp 40925 0 pmu 1023473 37392 8246106 7052042 48931429
1790348519.240635 W 4117 lat 296 296 518 0 exe 17240 21611 118592 resp 118907 5 pmu 1023428 63198 8251834 6353583 54721738
1790348520.312615 W 4118 lat 296 296 333 0 exe 16759 20129 57777 resp 58074 0 pmu 1023532 46238 8244041 7146483 50862762
1790348521.260635 W 4119 lat 296 296 407 0 exe 16944 21870 111722 resp 112037 7 pmu 1023499 66097 8248723 6527526 55400435
1790348522.308613 W 4120 lat 296 296 333 0 exe 17240 19370 47462 resp 47777 0 pmu 1023534 37375 8248231 7077067 48931531
1790348523.272634 W 4121 lat 296 296 833 0 exe 17333 21759 110907 resp 111222 6 pmu 1023447 65296 8251113 6423123 55152294
1790348524.340610 W 4122 lat 296 296 333 0 exe 17037 19074 38777 resp 39111 0 pmu 1023497 33956 8248894 7072361 48201254
1790348525.300636 W 4123 lat 296 296 555 0 exe 17092 22166 116981 resp 117296 6 pmu 1023403 69881 8249792 6333795 56097820
1790348526.256610 W 4124 lat 296 296 333 0 exe 16777 19407 38240 resp 38574 0 pmu 1023498 37745 8244990 7132702 49056507
1790348527.320634 W 4125 lat 296 296 722 0 exe 17240 22388 126037 resp 126481 5 pmu 1023410 71873 8245208 6328837 56583963
1790348528.272613 W 4126 lat 296 296 351 0 exe 16907 19203 38962 resp 39277 0 pmu 1023525 35525 8246707 7226496 48611073
1790348529.332637 W 4127 lat 296 296 537 0 exe 17444 22037 117166 resp 117499 7 pmu 1023391 68193 8244214 6335700 55751329
1790348530.288611 W 4128 lat 296 296 333 0 exe 16962 19611 40777 resp 41111 0 pmu 1023535 39970 8247012 7135667 49542521
1790348531.240632 W 4129 lat 296 296 388 0 exe 17037 21888 125981 resp 126314 6 pmu 1023369 66734 8249105 6356097 55371219
1790348532.304614 W 4130 lat 296 296 333 0 exe 17018 19481 45333 resp 45666 0 pmu 1023453 39031 8250590 7220282 49327954
1790348533.260635 W 4131 lat 296 296 851 0 exe 17037 22259 134240 resp 134574 5 pmu 1023400 70380 8246401 6401202 56287399
1790348534.316611 W 4132 lat 296 296 333 0 exe 17055 19296 44611 resp 44907 0 pmu 1023517 36668 8248440 7306808 48934788
1790348535.276636 W 4133 lat 296 296 425 0 exe 17333 22314 113129 resp 113537 7 pmu 1023511 71446 8254858 6393131 56492558
1790348536.336608 W 4134 lat 296 296 333 0 exe 16740 19222 38537 resp 38851 0 pmu 1023563 35855 8247195 7095870 48593121
1790348537.288637 W 4135 lat 296 296 499 0 exe 17166 22222 110222 resp 110518 10 pmu 1023418 70399 8246531 6330574 56180575
1790348538.248608 W 4136 lat 296 296 333 0 exe 17037 19222 39296 resp 39611 0 pmu 1023546 35822 8247605 7065239 48574440
1790348539.304635 W 4137 lat 296 296 444 0 exe 17462 22537 111777 resp 112222 5 pmu 1023471 74180 8252445 6339643 56957637
1790348540.260610 W 4138 lat 296 296 333 0 exe 17037 19148 40518 resp 40814 0 pmu 1023499 34952 8248797 7084501 48411107
1790348541.328637 W 4139 lat 296 296 870 0 exe 17148 22074 138148 resp 139018 7 pmu 1023442 68268 8252700 6351261 55774368
1790348542.296613 W 4140 lat 296 296 333 0 exe 17185 19444 39759 resp 40074 0 pmu 1023525 38367 8246633 7348447 49321084
1790348543.252635 W 4141 lat 296 296 462 0 exe 17462 22111 111222 resp 111537 5 pmu 1023447 68964 8250131 6346108 55893667
1790348544.304617 W 4142 lat 296 296 351 0 exe 16962 19425 39351 resp 39666 0 pmu 1023487 38020 8243652 7076079 49077647
1790348545.268646 W 4143 lat 296 296 425 0 exe 16999 22037 115166 resp 115592 5 pmu 1023475 68017 8249356 6340986 55684070
1790348546.308632 W 4144 lat 296 296 407 0 exe 16944 20962 108296 resp 108648 2 pmu 1023453 56319 8256630 7113332 53306274
1790348547.244634 W 4145 lat 296 296 518 0 exe 17074 21925 111740 resp 112055 7 pmu 1023419 67366 8256850 7038437 55891261
1790348548.316651 W 4146 lat 296 296 1092 0 exe 17425 25111 236499 resp 237592 28 pmu 1023282 97846 8245788 7078832 64978852
1790348549.276639 W 4147 lat 296 296 351 0 exe 17574 22499 115518 resp 115851 2 pmu 1023453 73997 8248097 8350965 58164966
1790348550.244612 W 4148 lat 296 296 351 0 exe 16870 19666 39944 resp 40259 0 pmu 1023505 40840 8244794 7121267 49668597
1790348551.320636 W 4149 lat 296 296 555 0 exe 17425 22537 109240 resp 109574 5 pmu 1023448 73841 8245201 6347610 56929329
1790348552.280610 W 4150 lat 296 296 333 0 exe 16740 19481 40425 resp 40740 0 pmu 1023457 38797 8245287 7058822 49232074
1790348553.248633 W 4151 lat 296 296 555 0 exe 17037 22388 107222 resp 107555 3 pmu 1023379 72350 8245504 6350653 56665154
1790348554.320616 W 4152 lat 296 296 444 0 exe 17407 19925 44240 resp 44537 0 pmu 1023507 43867 8243520 7036006 50282029
1790348555.284634 W 4153 lat 296 296 499 0 exe 17277 22685 109018 resp 109351 4 pmu 1023415 75734 8246264 6394762 57410273
1790348556.252609 W 4154 lat 296 296 333 0 exe 17296 19555 40166 resp 40462 0 pmu 1023526 39166 8247120 7056396 49351752
1790348557.320638 W 4155 lat 296 296 648 0 exe 17222 22333 132925 resp 133574 6 pmu 1023470 71670 8244723 6351220 56505709
1790348558.292611 W 4156 lat 296 296 333 0 exe 17092 19648 38907 resp 39240 0 pmu 1023540 40562 8246812 7295697 49773901
1790348559.256633 W 4157 lat 296 296 870 0 exe 17129 22037 135148 resp 136018 6 pmu 1023425 67964 8245838 6338246 55674822
1790348560.332612 W 4158 lat 296 296 351 0 exe 16777 19833 46425 resp 46759 0 pmu 1023500 42649 8242620 7318247 50213991
1790348561.300637 W 4159 lat 296 296 444 0 exe 17259 22388 112444 resp 112759 7 pmu 1023452 72273 8245047 6412873 56653677
1790348562.264611 W 4160 lat 296 296 333 0 exe 17314 19648 40481 resp 40796 0 pmu 1023517 40690 8246176 7088772 49609112
1790348563.340633 W 4161 lat 296 296 537 0 exe 17037 22259 125296 resp 125611 5 pmu 1023458 70755 8244760 6354933 56310764
1790348564.304609 W 4162 lat 296 296 333 0 exe 17037 19499 41796 resp 42111 0 pmu 1023515 39023 8244240 7215966 49377565
1790348565.272635 W 4163 lat 296 296 518 0 exe 17166 22166 112759 resp 113074 6 pmu 1023407 69455 8244300 6366030 56019886
1790348566.344612 W 4164 lat 296 296 351 0 exe 17037 19962 44999 resp 45314 0 pmu 1023466 44268 8241152 7090579 50450699
1790348567.312634 W 4165 lat 296 296 611 0 exe 17129 22462 106555 resp 106999 8 pmu 1023410 73369 8243709 6400463 56923762
1790348568.280609 W 4166 lat 296 296 333 0 exe 17259 19462 39851 resp 40166 0 pmu 1023491 38271 8242782 7030984 49144640
1790348569.244633 W 4167 lat 296 296 481 0 exe 17018 21962 116870 resp 117351 6 pmu 1023417 67775 8244112 6347433 55634681
1790348570.320614 W 4168 lat 296 296 333 0 exe 17148 19740 45481 resp 45814 0 pmu 1023469 41715 8244404 7130648 49910540
1790348571.292635 W 4169 lat 296 296 518 0 exe 17148 22759 112074 resp 112462 4 pmu 1023386 76563 8243833 6404580 57567608
1790348572.256612 W 4170 lat 296 296 333 0 exe 16999 19925 43074 resp 43370 0 pmu 1023524 43759 8244068 7087037 50337790
1790348573.332638 W 4171 lat 296 296 444 0 exe 17166 22351 113722 resp 114055 5 pmu 1023434 72115 8244325 6380677 56669001
1790348574.296610 W 4172 lat 296 296 333 0 exe 16944 19685 38222 resp 38537 0 pmu 1023463 40854 8244060 7100821 49757903
1790348575.256634 W 4173 lat 296 296 425 0 exe 16962 22037 112296 resp 112722 6 pmu 1023462 68120 8244192 6330676 55713021
1790348576.324610 W 4174 lat 296 296 425 0 exe 17166 19703 41999 resp 42296 0 pmu 1023469 41064 8243800 7084321 49766373
1790348577.296638 W 4175 lat 296 296 555 0 exe 17148 23333 116222 resp 116666 6 pmu 1023366 83643 8243555 6370085 59009481
1790348578.336636 W 4176 lat 296 296 407 0 exe 17018 22055 108277 resp 108592 4 pmu 1023491 69169 8255715 7131869 56030106
1790348579.272639 W 4177 lat 296 296 685 0 exe 17148 21462 122648 resp 123129 6 pmu 1023463 62070 8256352 7043918 54740367
1790348580.316650 W 4178 lat 296 296 1333 0 exe 17037 24740 195518 resp 196851 27 pmu 1023272 95457 8245814 7187663 64170066
1790348581.252679 W 4179 lat 296 296 407 0 exe 17351 22203 111814 resp 112129 6 pmu 1023411 70173 8243277 7939805 57140436
1790348582.292618 W 4180 lat 296 296 333 0 exe 17055 19611 46314 resp 46629 0 pmu 1023514 40007 8246531 7081632 49511142
1790348583.332634 W 4181 lat 296 296 444 0 exe 16833 21981 116037 resp 116370 2 pmu 1023392 67827 8244764 6411665 55674251
1790348584.268613 W 4182 lat 296 296 333 0 exe 17018 19481 38759 resp 39074 0 pmu 1023547 38440 8242852 7120535 49233853
1790348585.308636 W 4183 lat 296 296 481 0 exe 16962 21759 114999 resp 115388 5 pmu 1023445 65178 8241398 6335407 55068967
1790348586.244616 W 4184 lat 296 296 333 0 exe 16777 20129 60796 resp 61111 0 pmu 1023496 46300 8246024 7110251 50834396
1790348587.284637 W 4185 lat 296 296 351 0 exe 17185 22111 120592 resp 120944 5 pmu 1023423 69146 8246986 6557746 56033555
1790348588.324612 W 4186 lat 296 296 333 0 exe 17259 19388 38592 resp 38907 0 pmu 1023464 37519 8245352 7168102 49069679
1790348589.260635 W 4187 lat 296 296 537 0 exe 16574 21722 108259 resp 108592 5 pmu 1023464 64670 8244127 6334615 54934686
1790348590.300612 W 4188 lat 296 296 333 0 exe 16981 19574 41944 resp 42259 0 pmu 1023508 39936 8244624 7040678 49475161
1790348591.340636 W 4189 lat 296 296 1240 0 exe 17148 22203 124277 resp 125518 3 pmu 1023419 70201 8242859 6367596 56191258
1790348592.276614 W 4190 lat 296 296 425 0 exe 16981 19740 56648 resp 56962 0 pmu 1023495 41717 8245996 7214095 49969465
1790348593.320638 W 4191 lat 296 296 351 0 exe 17092 22166 118296 resp 118611 5 pmu 1023418 69820 8245222 6516020 56160205
1790348594.264614 W 4192 lat 296 296 333 0 exe 16944 19703 41055 resp 41370 0 pmu 1023506 41421 8244152 7144576 49845738
1790348595.304637 W 4193 lat 296 296 444 0 exe 16833 22092 118222 resp 118555 5 pmu 1023447 69196 8245344 6359081 55966692
1790348596.240612 W 4194 lat 296 296 333 0 exe 16907 19481 41777 resp 42074 0 pmu 1023525 38670 8244873 7142920 49271709
1790348597.292637 W 4195 lat 296 296 407 0 exe 17370 22481 125259 resp 125574 6 pmu 1023440 73341 8245991 6365009 56870450
1790348598.340616 W 4196 lat 296 296 351 0 exe 16833 20037 59055 resp 59370 0 pmu 1023485 44963 8243612 7217627 50679572
1790348599.284638 W 4197 lat 296 296 518 0 exe 17203 21759 121314 resp 121648 5 pmu 1023407 65370 8242708 6540433 55219144
1790348600.328611 W 4198 lat 296 296 333 0 exe 16907 19592 41814 resp 42148 0 pmu 1023482 39751 8244424 7174309 49539718
1790348601.268638 W 4199 lat 296 296 555 0 exe 17092 23537 122203 resp 122703 6 pmu 1023444 86154 8245810 6366081 59509627
1790348602.308614 W 4200 lat 296 296 351 0 exe 17166 19648 38166 resp 38499 0 pmu 1023485 40486 8243672 7192605 49684963
1790348603.244637 W 4201 lat 296 296 499 0 exe 17129 22148 116759 resp 117074 7 pmu 1023466 69644 8244871 6331313 56043835
1790348604.284615 W 4202 lat 296 296 333 0 exe 17037 19962 47351 resp 47666 0 pmu 1023523 44172 8247060 7130257 50414378
1790348605.328640 W 4203 lat 296 296 555 0 exe 17222 22296 127240 resp 127592 7 pmu 1023425 71417 8245912 6423871 56429827
1790348606.276615 W 4204 lat 296 296 351 0 exe 16962 19722 41481 resp 41796 0 pmu 1023502 41153 8243304 7236733 49895242
1790348607.328640 W 4205 lat 296 296 574 0 exe 17018 22629 110666 resp 111240 4 pmu 1023441 75405 8245849 6363615 57233709
1790348608.264612 W 4206 lat 296 296 333 0 exe 17203 19481 44833 resp 45148 0 pmu 1023502 38444 8243720 7072764 49197388
1790348609.308638 W 4207 lat 296 296 592 0 exe 16962 22074 111962 resp 112333 7 pmu 1023426 68840 8244199 6397056 55916951
1790348610.244641 W 4208 lat 296 296 574 0 exe 17037 22018 108833 resp 109148 5 pmu 1023498 68817 8258743 7081848 55926387
1790348611.284637 W 4209 lat 296 296 462 0 exe 17166 21592 123351 resp 123814 6 pmu 1023442 63447 8254336 7050239 55071308
1790348612.328652 W 4210 lat 296 296 962 0 exe 17314 24925 181574 resp 181888 30 pmu 1023267 95857 8248584 7194169 64432514
1790348613.264641 W 4211 lat 296 296 444 0 exe 16925 22407 114555 resp 114870 5 pmu 1023403 72635 8245150 7795582 57504931
1790348614.304612 W 4212 lat 296 296 333 0 exe 17240 19722 43240 resp 43555 0 pmu 1023524 41391 8246536 7108157 49816905
1790348615.240641 W 4213 lat 296 296 444 0 exe 17314 22166 114388 resp 114740 6 pmu 1023425 70093 8244693 6382497 56131250
1790348616.280614 W 4214 lat 296 296 351 0 exe 17111 19592 46018 resp 46351 0 pmu 1023521 39871 8245046 7107353 49507665
1790348617.324625 W 4215 lat 296 296 574 0 exe 17240 22277 121499 resp 121907 5 pmu 1023486 71213 8245597 6409195 56338293
1790348618.256619 W 4216 lat 296 296 351 0 exe 17333 20166 46666 resp 46981 0 pmu 1023531 46367 8245861 7179709 50938153
1790348619.296641 W 4217 lat 296 296 851 0 exe 17185 22129 111481 resp 111814 8 pmu 1023384 69704 8245409 6419706 55999353
1790348620.336614 W 4218 lat 296 296 333 0 exe 17185 19907 53074 resp 53388 0 pmu 1023552 43491 8247096 7079429 50240777
1790348621.272640 W 4219 lat 296 296 592 0 exe 17240 22333 109870 resp 110462 8 pmu 1023361 72398 8246778 6481620 56583290
1790348622.320613 W 4220 lat 296 296 333 0 exe 17203 19759 44870 resp 45185 0 pmu 1023483 41758 8244240 7064630 49872572
1790348623.260636 W 4221 lat 296 296 518 0 exe 16814 22222 110055 resp 110370 6 pmu 1023419 70622 8243107 6398833 56225694
1790348624.300617 W 4222 lat 296 296 333 0 exe 16944 19703 59574 resp 59888 0 pmu 1023545 41810 8244434 7061919 49826967
1790348625.240637 W 4223 lat 296 296 537 0 exe 16740 22203 109185 resp 109722 7 pmu 1023430 70917 8243816 6544374 56346348
1790348626.284613 W 4224 lat 296 296 333 0 exe 17055 19703 39981 resp 40296 0 pmu 1023489 41124 8243165 7054099 49751547
1790348627.328634 W 4225 lat 296 296 462 0 exe 17074 21925 118814 resp 119222 5 pmu 1023439 67122 8246467 6348947 55490605
1790348628.268613 W 4226 lat 296 296 333 0 exe 16944 19537 41314 resp 41629 0 pmu 1023433 38939 8243644 7149668 49367306
1790348629.308638 W 4227 lat 296 296 425 0 exe 17222 21925 110611 resp 110925 6 pmu 1023408 67472 8245198 6360983 55494171
1790348630.248617 W 4228 lat 296 296 351 0 exe 17148 20111 59111 resp 59425 0 pmu 1023517 45877 8246428 7067664 50779643
1790348631.288637 W 4229 lat 296 296 444 0 exe 16666 21981 121722 resp 122055 6 pmu 1023401 67845 8241804 6542882 55714285
1790348632.328617 W 4230 lat 296 296 351 0 exe 17203 19537 41888 resp 42203 0 pmu 1023471 39239 8242200 7176446 49422044
1790348633.272634 W 4231 lat 296 296 425 0 exe 17037 22314 111537 resp 111888 7 pmu 1023453 71841 8245363 6367892 56432490
1790348634.316613 W 4232 lat 296 296 333 0 exe 17018 19703 41259 resp 41555 0 pmu 1023511 41099 8247848 7078182 49768103
1790348635.260636 W 4233 lat 296 296 518 0 exe 17296 22129 109259 resp 109592 6 pmu 1023433 69240 8246356 6361392 55981927
1790348636.308614 W 4234 lat 296 296 444 0 exe 16629 19925 60185 resp 60499 0 pmu 1023496 43524 8245816 7056200 50297013
1790348637.252638 W 4235 lat 296 296 444 0 exe 17037 22203 121648 resp 121981 5 pmu 1023389 70676 8243336 6550458 56314740
1790348638.300617 W 4236 lat 296 296 333 0 exe 17388 19999 48499 resp 48814 0 pmu 1023496 44598 8243784 7178722 50540380
1790348639.244634 W 4237 lat 296 296 444 0 exe 17037 21851 117074 resp 117407 6 pmu 1023341 66619 8243273 6437357 55368806
1790348640.288617 W 4238 lat 296 296 333 0 exe 17018 19592 37944 resp 38259 0 pmu 1023487 39817 8244720 7131334 49534130
1790348641.328640 W 4239 lat 296 296 481 0 exe 17037 21962 119759 resp 120092 7 pmu 1023431 67878 8245443 6327851 55623723
1790348642.264641 W 4240 lat 296 296 407 0 exe 16962 23314 105499 resp 105833 3 pmu 1023490 84097 8259919 7158948 59234981
1790348643.304635 W 4241 lat 296 296 388 0 exe 16925 21351 127296 resp 127611 6 pmu 1023425 60437 8253415 7022264 54446977
1790348644.252653 W 4242 lat 296 296 1092 0 exe 17259 24629 189814 resp 190129 29 pmu 1023234 93842 8253494 7230169 63910038
1790348645.300638 W 4243 lat 296 296 537 0 exe 17092 22240 109425 resp 109740 6 pmu 1023461 70975 8256340 7876813 57148072
1790348646.340610 W 4244 lat 296 296 333 0 exe 17277 19851 43870 resp 44185 0 pmu 1023528 42870 8253492 7057355 50115861
1790348647.276637 W 4245 lat 296 296 462 0 exe 17111 21370 116629 resp 117092 5 pmu 1023465 60863 8251847 6389689 54097056
1790348648.316612 W 4246 lat 296 296 333 0 exe 17018 19759 52611 resp 52925 0 pmu 1023476 41968 8252433 7125525 49918820
1790348649.252638 W 4247 lat 296 296 407 0 exe 16666 21722 107444 resp 107796 6 pmu 1023386 65115 8250567 6475364 55010425
1790348650.292613 W 4248 lat 296 296 333 0 exe 16759 19796 63333 resp 63648 0 pmu 1023501 42521 8250126 7032430 50005886
1790348651.332639 W 4249 lat 296 296 537 0 exe 16981 21574 124240 resp 124777 6 pmu 1023456 62736 8250480 6581404 54666523
1790348652.268610 W 4250 lat 296 296 333 0 exe 17166 19407 43296 resp 43592 0 pmu 1023540 37953 8256889 7202786 49106938
1790348653.308641 W 4251 lat 296 296 1018 0 exe 16907 21666 113999 resp 115018 7 pmu 1023389 64425 8250249 6381156 54849288
1790348654.244610 W 4252 lat 296 296 407 0 exe 17111 19814 46685 resp 46999 0 pmu 1023471 42608 8253170 7105228 50079662
1790348655.284640 W 4253 lat 296 296 518 0 exe 16777 21740 107740 resp 108074 11 pmu 1023348 65479 8249477 6417154 55084566
1790348656.324613 W 4254 lat 296 296 333 0 exe 17111 19944 48425 resp 48759 0 pmu 1023499 43902 8245576 7036557 50324837
1790348657.260641 W 4255 lat 296 296 351 0 exe 17129 22351 123925 resp 124259 8 pmu 1023458 72232 8251296 6435070 56508419
1790348658.300615 W 4256 lat 296 296 407 0 exe 17240 19759 45814 resp 46222 0 pmu 1023548 41845 8250691 7202215 49967216
1790348659.340636 W 4257 lat 296 296 407 0 exe 16870 21722 123851 resp 124166 7 pmu 1023416 64452 8244793 6409292 54982617
1790348660.276610 W 4258 lat 296 296 333 0 exe 17148 19629 40092 resp 40388 0 pmu 1023497 40487 8251953 7197289 49699093
1790348661.316638 W 4259 lat 296 296 1129 0 exe 16944 21592 114277 resp 114592 7 pmu 1023497 63422 8250373 6350111 54626693
1790348662.252617 W 4260 lat 296 296 333 0 exe 16944 19962 44592 resp 44907 0 pmu 1023469 44273 8250644 7104922 50432297
1790348663.292638 W 4261 lat 296 296 537 0 exe 16833 21462 116425 resp 116962 6 pmu 1023437 61977 8248634 6395781 54347428
1790348664.332613 W 4262 lat 296 296 333 0 exe 16833 19407 40166 resp 40481 0 pmu 1023495 37957 8258909 7123424 49074477
1790348665.268638 W 4263 lat 296 296 444 0 exe 17018 21481 110722 resp 111037 6 pmu 1023474 62647 8255573 6348258 54412577
1790348666.308612 W 4264 lat 296 296 351 0 exe 17092 19740 42981 resp 43296 0 pmu 1023555 41589 8246008 7065696 49870848
1790348667.248643 W 4265 lat 296 296 388 0 exe 16851 21537 109962 resp 110277 5 pmu 1023430 62718 8250925 6379425 54512935
1790348668.288622 W 4266 lat 296 296 333 0 exe 17240 20148 51870 resp 52185 0 pmu 1023493 46597 8251757 7057296 50858092
1790348669.328634 W 4267 lat 296 296 351 0 exe 17129 21055 105703 resp 106018 4 pmu 1023425 57612 8251475 6471010 53416253
1790348670.264612 W 4268 lat 296 296 333 0 exe 17240 20055 40333 resp 40629 0 pmu 1023429 45272 8246492 7013343 50591683
1790348671.304639 W 4269 lat 296 296 555 0 exe 17129 21462 110222 resp 110555 6 pmu 1023368 61945 8247676 6354963 54313152
1790348672.240612 W 4270 lat 296 296 333 0 exe 16833 20055 51351 resp 51648 0 pmu 1023513 45278 8251541 7061834 50605440
1790348673.280641 W 4271 lat 296 296 370 0 exe 17111 20351 104703 resp 105074 3 pmu 1023447 48814 8248787 6463070 51702521
1790348674.320641 W 4272 lat 296 296 388 0 exe 16925 23037 106740 resp 107074 3 pmu 1023479 80670 8252398 7000121 58348779
1790348675.256646 W 4273 lat 296 296 462 0 exe 16981 19499 113407 resp 113759 6 pmu 1023550 39013 8252632 7033006 49849473
1790348676.300712 W 4274 lat 296 444 3740 0 exe 17777 80074 175925 resp 176499 203 pmu 1016393 681610 8261880 7083383 276096870
1790348677.340733 W 4275 lat 296 555 4055 0 exe 86129 96703 148499 resp 149092 225 pmu 1013491 838758 8258773 8033974 345642147
1790348678.280728 W 4276 lat 314 537 4129 0 exe 86203 96740 148351 resp 148833 244 pmu 1014197 849618 8267851 8186947 346682379
1790348679.320724 W 4277 lat 296 518 5203 0 exe 84611 95962 147407 resp 147740 199 pmu 1014016 837728 8264839 8185682 344735539
1790348680.264745 W 4278 lat 296 555 3796 0 exe 82425 94666 149888 resp 151092 188 pmu 1013682 814337 8259126 8168791 341149359
1790348681.304722 W 4279 lat 296 537 3833 0 exe 82074 94240 148166 resp 148518 168 pmu 1013366 810986 8255774 8173635 340106516
1790348682.240708 W 4280 lat 296 574 3740 0 exe 82722 95833 149685 resp 150129 222 pmu 1014077 820773 8264924 8148475 343353166
1790348683.280705 W 4281 lat 296 592 6129 0 exe 83685 95111 146259 resp 146611 190 pmu 1014223 817391 8267291 8174932 341904429
1790348684.328713 W 4282 lat 314 574 5111 0 exe 79666 94296 147611 resp 148037 190 pmu 1013725 799685 8266258 8153368 338513872
1790348685.264707 W 4283 lat 296 574 3259 0 exe 82351 94240 152370 resp 152870 172 pmu 1013620 800774 8258717 8138118 339110641
1790348686.304716 W 4284 lat 314 555 4499 0 exe 81962 93740 144703 resp 145074 162 pmu 1013726 804351 8266422 8189630 338894308
1790348687.248729 W 4285 lat 314 499 2888 0 exe 84555 93629 124407 resp 124981 146 pmu 1014026 829169 8270463 8114044 341283396
1790348688.288710 W 4286 lat 296 481 2611 0 exe 85425 93907 124833 resp 125166 137 pmu 1014118 834556 8266226 7916127 342075578
1790348689.336719 W 4287 lat 296 481 2999 0 exe 83888 94111 127888 resp 128259 152 pmu 1014113 833278 8264744 7923533 342944125
1790348690.276700 W 4288 lat 296 481 2611 0 exe 84888 93481 124518 resp 125499 147 pmu 1014002 827781 8269701 7949496 341718768
1790348691.320730 W 4289 lat 296 481 2685 0 exe 84425 93592 126018 resp 126333 142 pmu 1013988 827936 8269989 7918733 341645537
1790348692.260713 W 4290 lat 296 462 2296 0 exe 68574 93240 122666 resp 123092 143 pmu 1014130 825982 8266089 7929144 339562015
1790348693.300714 W 4291 lat 296 574 5629 0 exe 80333 93888 148518 resp 148981 175 pmu 1013542 801684 8257639 7813048 338135570
1790348694.340699 W 4292 lat 296 592 3814 0 exe 81833 93851 146462 resp 146814 165 pmu 1013514 804137 8263534 8151051 338627820
1790348695.276709 W 4293 lat 314 592 5314 0 exe 81111 93685 150907 resp 151333 163 pmu 1013693 796876 8261716 8128149 337833309
1790348696.316708 W 4294 lat 296 592 4777 0 exe 82388 93962 148277 resp 148611 173 pmu 1013818 799059 8262514 8176276 338497822
1790348697.252703 W 4295 lat 314 611 5092 0 exe 81092 94018 150759 resp 151462 164 pmu 1013714 799435 8262669 8154631 338737321
1790348705.988906 W 4296 lat 314 611 5277 0 exe 81925 93888 145685 resp 146092 170 pmu 1013784 801929 8268893 8176669 338458447
1790348705.989006 W 4297 lat 314 555 4722 0 exe 80148 93518 147074 resp 147407 167 pmu 1013638 794989 8257008 8129001 337119062
1790348705.989057 W 4298 lat 314 592 4296 0 exe 80888 93740 146407 resp 146888 157 pmu 1013791 795765 8260706 8128564 337744457
1790348705.989109 W 4299 lat 296 592 4055 0 exe 80537 93981 149074 resp 149499 168 pmu 1013654 797989 8253645 8125714 338315468
1790348705.989158 W 4300 lat 296 574 3999 0 exe 80777 93999 152240 resp 152592 173 pmu 1013714 798117 8261287 8150279 337912318
1790348705.989210 W 4301 lat 296 574 4666 0 exe 81555 94185 149111 resp 149759 170 pmu 1013667 803599 8258740 8182438 339218291
1790348705.989260 W 4302 lat 296 555 5648 0 exe 80148 93925 148907 resp 149574 158 pmu 1013798 799587 8258872 8160674 338612248
1790348705.989311 W 4303 lat 296 555 4055 0 exe 80981 93666 146888 resp 147370 155 pmu 1013919 806485 8257400 8155286 338967403
1790348706.308691 W 4304 lat 296 370 3296 0 exe 16611 47481 256592 resp 259129 76 pmu 1020648 320330 8255622 8128790 150295426
1790348707.244616 W 4305 lat 296 296 333 0 exe 16925 18925 46648 resp 46944 0 pmu 1023416 32206 8252170 8678211 48838324
1790348708.296653 W 4306 lat 296 296 1388 0 exe 16962 24388 200814 resp 201444 32 pmu 1023145 90967 8252458 6411030 63526637
1790348709.336619 W 4307 lat 296 296 333 0 exe 17074 19666 42388 resp 42703 0 pmu 1023372 40517 8249093 7987138 50236339
1790348710.276641 W 4308 lat 296 296 333 0 exe 17222 22222 118555 resp 118888 4 pmu 1023343 70083 8249488 6373001 56251914
1790348711.324614 W 4309 lat 296 296 333 0 exe 17425 19592 42592 resp 42888 0 pmu 1023358 39479 8248670 7148142 49535956
1790348712.268639 W 4310 lat 296 296 351 0 exe 17129 21666 110648 resp 110962 5 pmu 1023356 63944 8247746 6376340 54873103
1790348713.316614 W 4311 lat 296 296 351 0 exe 17259 19444 42407 resp 42703 0 pmu 1023402 37941 8245880 7065975 49147375
1790348714.252642 W 4312 lat 296 296 555 0 exe 17055 24240 107092 resp 107407 4 pmu 1023373 94458 8249813 6372931 61253546
1790348715.296613 W 4313 lat 296 296 333 0 exe 17148 19370 44203 resp 44499 0 pmu 1023387 37177 8242654 7043903 48962643
1790348716.336638 W 4314 lat 296 296 814 0 exe 17148 21703 113537 resp 114351 5 pmu 1023265 64130 8244959 6389912 54964433
1790348717.272613 W 4315 lat 296 296 351 0 exe 16944 19574 40925 resp 41240 0 pmu 1023395 39165 8244112 7099925 49438335
1790348718.316636 W 4316 lat 296 296 481 0 exe 17129 22314 109537 resp 109870 3 pmu 1023313 71772 8243826 6357254 56518218
1790348719.252612 W 4317 lat 296 296 351 0 exe 17388 19629 38499 resp 38814 0 pmu 1023421 39775 8249987 7058834 49527520
1790348720.300638 W 4318 lat 296 296 462 0 exe 17296 21944 115296 resp 115629 5 pmu 1023345 67177 8247091 6335632 55511846
1790348721.240613 W 4319 lat 296 296 351 0 exe 17425 19777 45777 resp 46074 0 pmu 1023430 41854 8246876 7115413 49984088
1790348722.288637 W 4320 lat 296 296 444 0 exe 17259 22129 106240 resp 106555 4 pmu 1023373 69541 8248007 6409228 56096189
1790348723.336612 W 4321 lat 296 296 333 0 exe 17092 19537 41425 resp 41740 0 pmu 1023391 38936 8242628 7025222 49318159
1790348724.280642 W 4322 lat 296 296 444 0 exe 17277 21574 129648 resp 129981 6 pmu 1023295 62732 8245996 6362682 54646115
1790348725.324614 W 4323 lat 296 296 333 0 exe 17259 19796 38685 resp 38981 0 pmu 1023434 41857 8247131 7256924 50110803
1790348726.268641 W 4324 lat 296 296 425 0 exe 16907 21962 107037 resp 107462 7 pmu 1023327 67650 8245103 6337410 55656089
1790348727.308616 W 4325 lat 296 296 333 0 exe 17185 19833 42499 resp 42796 0 pmu 1023390 42412 8247862 7031181 50055017
1790348728.244643 W 4326 lat 296 296 499 0 exe 17074 21277 126185 resp 126685 7 pmu 1023363 59302 8245548 6375281 53899621
1790348729.292614 W 4327 lat 296 296 333 0 exe 17185 19851 45611 resp 45925 0 pmu 1023400 42447 8247584 7220902 50193105
1790348730.336636 W 4328 lat 296 296 555 0 exe 17259 21185 117740 resp 118240 6 pmu 1023363 58134 8247855 6406540 53726801
1790348731.284612 W 4329 lat 296 296 351 0 exe 17203 20407 57574 resp 57870 0 pmu 1023411 49146 8247095 7137057 51514458
1790348732.328641 W 4330 lat 296 296 407 0 exe 16962 20537 115185 resp 115499 6 pmu 1023350 50777 8246910 6529153 52256819
1790348733.264615 W 4331 lat 296 296 351 0 exe 17148 21240 98851 resp 99148 0 pmu 1023369 59284 8243000 7105166 53593360
1790348734.312639 W 4332 lat 296 296 351 0 exe 16925 19388 38129 resp 38444 0 pmu 1023437 37383 8244463 6945685 48918309
1790348735.252614 W 4333 lat 296 296 537 0 exe 16944 22351 116611 resp 116999 7 pmu 1023361 71586 8246692 6328370 56508395
1790348736.300644 W 4334 lat 296 296 333 0 exe 16944 19203 34277 resp 34592 0 pmu 1023457 35285 8245056 7129499 48553626
1790348737.240614 W 4335 lat 296 296 537 0 exe 17240 22018 115425 resp 115833 7 pmu 1023323 68047 8244544 6288940 55701051
1790348738.292648 W 4336 lat 296 296 555 0 exe 17277 22666 107518 resp 107833 5 pmu 1023339 76080 8247113 7117367 57516550
1790348739.332611 W 4337 lat 296 296 518 0 exe 16796 21481 120111 resp 120537 6 pmu 1023261 62230 8254703 7041595 54889353
1790348740.276664 W 4338 lat 296 296 1111 0 exe 16981 23870 167277 resp 167722 28 pmu 1023152 85639 8253812 7159450 61929731
1790348741.244638 W 4339 lat 296 296 833 0 exe 17148 22296 131407 resp 131722 6 pmu 1023371 70268 8248988 7647164 57174770
1790348742.316663 W 4340 lat 296 296 351 0 exe 16962 19129 44666 resp 44981 0 pmu 1023413 34444 8242248 7279320 48502201
1790348743.280614 W 4341 lat 296 296 425 0 exe 17259 22259 120592 resp 120925 7 pmu 1023339 70662 8247178 6392421 56403112
1790348744.240609 W 4342 lat 296 296 333 0 exe 16759 18999 32129 resp 32444 0 pmu 1023317 32745 8241986 7169429 48074031
1790348745.284637 W 4343 lat 296 296 425 0 exe 17351 22574 118092 resp 118425 7 pmu 1023365 73984 8246701 6265464 57052928
1790348746.328649 W 4344 lat 296 296 351 0 exe 17111 19685 50314 resp 50629 0 pmu 1023473 40984 8250164 7146557 49781147
1790348747.268617 W 4345 lat 296 296 537 0 exe 16777 21777 116074 resp 116407 6 pmu 1023337 65044 8246668 6452527 55200124
1790348748.324609 W 4346 lat 296 296 333 0 exe 17111 18944 34648 resp 34962 0 pmu 1023367 31964 8244661 7120162 47889910
1790348749.276637 W 4347 lat 296 296 499 0 exe 17240 21740 111444 resp 111870 6 pmu 1023374 64615 8248646 6292087 54982952
1790348750.340652 W 4348 lat 296 296 333 0 exe 17018 19259 36518 resp 36833 0 pmu 1023441 35999 8247492 7076135 48701530
1790348751.296634 W 4349 lat 296 296 444 0 exe 16870 21685 117685 resp 118018 5 pmu 1023356 63835 8249648 6311944 54881123
1790348752.248611 W 4350 lat 296 296 351 0 exe 16962 19148 42555 resp 42870 0 pmu 1023419 34608 8245492 7135678 48435732
1790348753.288636 W 4351 lat 296 296 648 0 exe 17370 21870 116055 resp 116425 7 pmu 1023304 65740 8245776 6371555 55398468
1790348754.240612 W 4352 lat 296 296 333 0 exe 17148 19277 38851 resp 39148 0 pmu 1023452 36116 8248450 7124122 48757935
1790348755.292635 W 4353 lat 296 296 518 0 exe 17314 22444 115703 resp 116037 5 pmu 1023270 72510 8250890 6335919 56810991
1790348756.240613 W 4354 lat 296 296 333 0 exe 17129 19407 50629 resp 50925 0 pmu 1023316 37492 8249174 7122176 49073964
1790348757.304639 W 4355 lat 296 296 499 0 exe 17481 23055 122833 resp 123203 6 pmu 1023319 79911 8248959 6454275 58388614
1790348758.260611 W 4356 lat 296 296 351 0 exe 17222 19388 40333 resp 40629 0 pmu 1023422 37319 8248164 7197584 49049878
1790348759.332636 W 4357 lat 296 296 518 0 exe 17425 21999 109259 resp 109685 7 pmu 1023373 67747 8247945 6351745 55707035
1790348760.292610 W 4358 lat 296 296 333 0 exe 17055 19055 40999 resp 41314 0 pmu 1023428 33670 8248654 7056839 48194251
1790348761.240634 W 4359 lat 296 296 481 0 exe 17259 22037 110499 resp 110925 5 pmu 1023355 68102 8249404 6355901 55796014
1790348762.304616 W 4360 lat 296 296 425 0 exe 16944 19648 55703 resp 56018 0 pmu 1023388 40366 8247232 7068104 49641050
1790348763.252636 W 4361 lat 296 296 907 0 exe 17259 21740 125537 resp 125981 5 pmu 1023356 64435 8249972 6505714 55123827
1790348764.312610 W 4362 lat 296 296 333 0 exe 17129 18759 38222 resp 38537 0 pmu 1023306 30250 8247164 7219391 47567385
1790348765.256638 W 4363 lat 296 296 499 0 exe 17129 21833 111444 resp 111759 8 pmu 1023376 65465 8250956 6327084 55179104
1790348766.308611 W 4364 lat 296 296 333 0 exe 16851 19203 43722 resp 44037 0 pmu 1023485 35708 8248724 7075551 48597903
1790348767.268634 W 4365 lat 296 296 499 0 exe 17370 21999 132092 resp 132574 5 pmu 1023363 66955 8246054 6382875 55635010
1790348768.328614 W 4366 lat 296 296 333 0 exe 16870 19185 43833 resp 44129 0 pmu 1023476 34988 8242634 7284956 48607123
1790348769.284636 W 4367 lat 296 296 518 0 exe 16962 21703 119351 resp 119666 6 pmu 1023346 63966 8252905 6383938 54971721
1790348770.240638 W 4368 lat 296 296 481 0 exe 16962 21185 140851 resp 141185 3 pmu 1023383 58455 8252484 7153342 53900250
1790348771.280637 W 4369 lat 296 296 388 0 exe 16999 22148 109925 resp 110240 5 pmu 1023354 69692 8257881 7365402 56648830
1790348772.332652 W 4370 lat 296 314 1740 0 exe 16851 23944 297574 resp 298296 30 pmu 1023162 82798 8256783 7060815 62163782
1790348773.288641 W 4371 lat 296 296 851 0 exe 17370 23166 107944 resp 108481 4 pmu 1023321 81133 8254866 8954469 60102423
1790348774.244612 W 4372 lat 296 296 333 0 exe 17074 19277 37277 resp 37592 0 pmu 1023404 36223 8247716 7051150 48741431
1790348775.300634 W 4373 lat 296 296 407 0 exe 17148 22055 113537 resp 113870 6 pmu 1023347 68182 8250033 6319962 55745950
1790348776.252613 W 4374 lat 296 296 333 0 exe 17166 19777 48592 resp 48907 0 pmu 1023341 41843 8247532 7097293 49979119
1790348777.300639 W 4375 lat 296 296 537 0 exe 17148 22148 104425 resp 104759 6 pmu 1023388 69228 8250823 6436153 56061691
1790348778.260617 W 4376 lat 296 296 351 0 exe 17129 19814 44740 resp 45055 0 pmu 1023408 42009 8242524 7007287 49998379
1790348779.316636 W 4377 lat 296 296 499 0 exe 17277 22240 120074 resp 120518 6 pmu 1023371 70397 8248579 6397531 56303357
1790348780.256612 W 4378 lat 296 296 333 0 exe 17129 19203 38018 resp 38333 0 pmu 1023371 35008 8241676 7165345 48576179
1790348781.324638 W 4379 lat 296 296 370 0 exe 17333 22444 119388 resp 119703 6 pmu 1023361 72243 8247568 6327236 56706529
1790348782.276613 W 4380 lat 296 296 333 0 exe 17074 19351 40018 resp 40333 0 pmu 1023407 37188 8250824 7158502 48978088
1790348783.328637 W 4381 lat 296 296 481 0 exe 17259 22111 110037 resp 110351 6 pmu 1023291 68921 8246134 6347529 55958709
1790348784.284613 W 4382 lat 296 296 351 0 exe 17037 19666 61444 resp 61759 0 pmu 1023395 40668 8244985 7063295 49711243
1790348785.244640 W 4383 lat 296 296 518 0 exe 17333 22388 110333 resp 110703 9 pmu 1023317 72071 8247699 6563493 56720519
1790348786.316614 W 4384 lat 296 296 333 0 exe 17037 19518 46981 resp 47296 0 pmu 1023429 38771 8246094 7068586 49296106
1790348787.264639 W 4385 lat 296 296 814 0 exe 17129 22259 110018 resp 110333 6 pmu 1023333 70342 8246248 6418031 56320392
1790348788.316611 W 4386 lat 296 296 351 0 exe 16833 19259 45425 resp 45740 0 pmu 1023340 35951 8248520 7064760 48672973
1790348789.268641 W 4387 lat 296 296 611 0 exe 16851 22481 123574 resp 124185 8 pmu 1023260 73129 8250722 6400196 56917381
1790348790.328612 W 4388 lat 296 296 351 0 exe 17314 19537 43203 resp 43518 0 pmu 1023333 38910 8250087 7200634 49396171
1790348791.272639 W 4389 lat 296 296 462 0 exe 16851 22388 114129 resp 114462 9 pmu 1023304 71598 8250816 6381684 56575726
1790348792.332613 W 4390 lat 296 296 333 0 exe 16722 19240 46407 resp 46722 0 pmu 1023377 35617 8246676 7103651 48679956
1790348793.288640 W 4391 lat 296 296 425 0 exe 17129 22037 127129 resp 127537 6 pmu 1023315 67635 8248982 6409385 55737321
1790348794.244610 W 4392 lat 296 296 333 0 exe 16999 19481 46907 resp 47222 0 pmu 1023385 38228 8248212 7233584 49297923
1790348795.304640 W 4393 lat 296 296 444 0 exe 16981 22722 111648 resp 111981 6 pmu 1023365 75936 8248272 6416868 57491183
1790348796.260611 W 4394 lat 296 296 351 0 exe 16944 19388 44166 resp 44481 0 pmu 1023318 37310 8246920 7081108 49000254
1790348797.308637 W 4395 lat 296 296 333 0 exe 17240 23629 118388 resp 118722 8 pmu 1023380 86492 8252405 6388590 59651527
1790348798.244611 W 4396 lat 296 296 333 0 exe 17037 19555 43037 resp 43370 0 pmu 1023404 39251 8249453 7153739 49465783
1790348799.284637 W 4397 lat 296 296 481 0 exe 17407 22703 107777 resp 108092 7 pmu 1023329 76039 8249192 6378893 57497077
1790348800.324614 W 4398 lat 296 296 351 0 exe 17037 19648 41092 resp 41407 0 pmu 1023417 40120 8245109 7044674 49597102
1790348801.260637 W 4399 lat 296 296 499 0 exe 17240 22462 119962 resp 120462 8 pmu 1023320 72767 8248784 6359684 56837061
1790348802.300637 W 4400 lat 296 296 333 0 exe 17333 22370 110703 resp 111018 1 pmu 1023336 72334 8245610 7165397 56854037
1790348803.340638 W 4401 lat 296 296 481 0 exe 16962 21814 121055 resp 121370 6 pmu 1023301 65179 8251793 7070906 55603849
1790348804.280655 W 4402 lat 296 296 925 0 exe 16925 22944 174277 resp 175203 29 pmu 1023171 73093 8250567 7170600 59778839
1790348805.320647 W 4403 lat 296 296 537 0 exe 18277 26203 110166 resp 110703 8 pmu 1023337 116672 8256277 7713734 66943438
1790348806.256626 W 4404 lat 296 296 333 0 exe 18018 21481 41407 resp 41722 0 pmu 1023366 60834 8249108 7091751 54103676
1790348807.296645 W 4405 lat 296 296 444 0 exe 18185 24333 109037 resp 109444 8 pmu 1023368 94618 8252037 6376778 61437411
1790348808.336624 W 4406 lat 296 296 333 0 exe 17962 21703 43740 resp 44055 0 pmu 1023428 63798 8254452 7069392 54647840
1790348809.272642 W 4407 lat 296 296 425 0 exe 18074 24444 116703 resp 117129 5 pmu 1023345 95784 8251908 6401105 61749282
1790348810.312629 W 4408 lat 296 296 333 0 exe 18092 22092 46037 resp 46351 0 pmu 1023399 68306 8253779 7145972 55693726
1790348811.248643 W 4409 lat 296 296 499 0 exe 18037 24666 114777 resp 115185 7 pmu 1023372 98078 8254473 6426736 62287172
1790348812.288641 W 4410 lat 296 296 351 0 exe 17925 21555 45518 resp 45814 0 pmu 1023403 61795 8250184 7128164 54323741
1790348813.328643 W 4411 lat 296 296 518 0 exe 17962 23833 108944 resp 109388 5 pmu 1023343 88645 8251246 6417848 60253169
1790348814.264620 W 4412 lat 296 296 333 0 exe 18259 21499 41462 resp 41759 0 pmu 1023366 61086 8251803 7065387 54140520
1790348815.304644 W 4413 lat 296 296 537 0 exe 18370 24259 108740 resp 109185 5 pmu 1023341 93769 8249400 6378605 61340563
1790348816.240624 W 4414 lat 296 296 333 0 exe 18259 21574 52314 resp 52629 0 pmu 1023420 62165 8249777 7067599 54363956
1790348817.280647 W 4415 lat 296 296 444 0 exe 18148 26129 109722 resp 110074 7 pmu 1023358 115689 8255284 6487772 66016670
1790348818.320628 W 4416 lat 296 296 351 0 exe 17648 21666 45759 resp 46055 0 pmu 1023410 63191 8252180 7084809 54588776
1790348819.256644 W 4417 lat 296 296 481 0 exe 18259 24481 120481 resp 120870 6 pmu 1023349 96065 8255283 6419525 61927628
1790348820.296625 W 4418 lat 296 296 333 0 exe 18037 21407 43388 resp 43703 0 pmu 1023310 59821 8248381 7184984 53989333
1790348821.340648 W 4419 lat 296 296 444 0 exe 18185 24462 118425 resp 118851 8 pmu 1023276 95924 8251373 6396406 61844332
1790348822.276630 W 4420 lat 296 296 333 0 exe 18537 22611 58833 resp 59148 0 pmu 1023403 74141 8251752 7163997 56967829
1790348823.316644 W 4421 lat 296 296 666 0 exe 18037 24037 117888 resp 118314 4 pmu 1023331 90830 8250843 6559481 60899257
1790348824.252632 W 4422 lat 296 296 333 0 exe 18037 21518 37259 resp 37592 0 pmu 1023445 61318 8248772 7156838 54297138
1790348825.292646 W 4423 lat 296 296 407 0 exe 18370 24444 120240 resp 120648 4 pmu 1023345 95632 8251004 6335872 61777691
1790348826.332624 W 4424 lat 296 296 351 0 exe 18277 21814 40518 resp 40833 0 pmu 1023414 64971 8245152 7182656 55054714
1790348827.268646 W 4425 lat 296 296 499 0 exe 18592 24481 117555 resp 117981 4 pmu 1023313 96299 8253570 6370996 61866763
1790348828.308631 W 4426 lat 296 296 333 0 exe 18296 22740 52277 resp 52574 0 pmu 1023463 75807 8254742 7157861 57277442
1790348829.244645 W 4427 lat 296 296 351 0 exe 17722 24388 126074 resp 126407 6 pmu 1023327 94779 8252886 6493378 61678486
1790348830.284628 W 4428 lat 296 296 333 0 exe 18277 22240 48277 resp 48611 0 pmu 1023427 69744 8256541 7237059 56101228
1790348831.324644 W 4429 lat 296 296 537 0 exe 18185 24666 111833 resp 112185 8 pmu 1023344 98066 8253870 6450824 62299973
1790348832.260626 W 4430 lat 296 296 333 0 exe 18296 21814 43370 resp 43666 0 pmu 1023429 64888 8251404 7099225 54955061
1790348833.300647 W 4431 lat 296 296 777 0 exe 18611 24907 108648 resp 109425 5 pmu 1023310 101172 8253295 6399449 62973081
1790348834.340648 W 4432 lat 296 296 518 0 exe 18611 22944 108277 resp 108611 4 pmu 1023340 77757 8253054 7074057 58077739
1790348835.276634 W 4433 lat 296 296 518 0 exe 17148 23222 113129 resp 113555 6 pmu 1023346 82167 8259817 7057072 59151839
1790348836.320652 W 4434 lat 296 296 333 0 exe 16833 18981 37944 resp 38259 0 pmu 1023383 32741 8254988 7100062 48029023
1790348837.260641 W 4435 lat 296 296 944 0 exe 17148 27111 172981 resp 173425 33 pmu 1023067 123171 8254495 6323862 70286467
1790348838.300616 W 4436 lat 296 296 333 0 exe 17055 19833 49888 resp 50222 0 pmu 1023398 42450 8251993 7720354 50459225
1790348839.340635 W 4437 lat 296 296 370 0 exe 16925 21981 125129 resp 125462 6 pmu 1023329 67320 8251307 6448746 55652197
1790348840.280609 W 4438 lat 296 296 333 0 exe 17148 19370 40888 resp 41185 0 pmu 1023405 37093 8250243 7211575 49051049
1790348841.320634 W 4439 lat 296 296 425 0 exe 17462 22074 112499 resp 112925 6 pmu 1023393 68189 8250554 6356617 55723842
1790348842.256613 W 4440 lat 296 296 333 0 exe 17185 19777 57611 resp 57907 0 pmu 1023465 41886 8249044 7089177 49968387
1790348843.300634 W 4441 lat 296 296 351 0 exe 17333 22611 112499 resp 112814 7 pmu 1023425 74952 8245316 6526343 57338101
1790348844.340608 W 4442 lat 296 296 333 0 exe 16740 19111 38222 resp 38537 0 pmu 1023415 34425 8250739 7090165 48377758
1790348845.276634 W 4443 lat 296 296 537 0 exe 16814 21518 111648 resp 111981 6 pmu 1023357 62108 8249635 6326831 54428465
1790348846.320610 W 4444 lat 296 296 333 0 exe 17074 19499 41999 resp 42314 0 pmu 1023387 38696 8254410 7074641 49266022
1790348847.256636 W 4445 lat 296 296 444 0 exe 16851 22425 108111 resp 108555 6 pmu 1023366 73157 8254806 6368223 56794266
1790348848.300610 W 4446 lat 296 296 333 0 exe 16999 19111 40574 resp 40907 0 pmu 1023399 33995 8250089 7044135 48277114
1790348849.340635 W 4447 lat 296 296 592 0 exe 17055 21370 127592 resp 128037 6 pmu 1023349 60359 8247573 6351728 54018647
1790348850.276609 W 4448 lat 296 296 351 0 exe 17055 19370 42574 resp 42888 0 pmu 1023369 37153 8248013 7235501 49051289
1790348851.316638 W 4449 lat 296 296 462 0 exe 17148 22203 117129 resp 117592 7 pmu 1023360 70348 8248258 6373263 56201980
1790348852.252615 W 4450 lat 296 296 333 0 exe 17074 19537 43851 resp 44166 0 pmu 1023416 39000 8250378 7134811 49376697
1790348853.292635 W 4451 lat 296 296 333 0 exe 17055 21814 114648 resp 114962 7 pmu 1023341 65699 8248696 6386938 55208275
1790348854.332610 W 4452 lat 296 296 333 0 exe 16740 19481 41129 resp 41444 0 pmu 1023414 38569 8255826 7106310 49283142
1790348855.268635 W 4453 lat 296 296 425 0 exe 17018 21685 107666 resp 107999 7 pmu 1023362 64415 8253922 6357636 54905420
1790348856.312609 W 4454 lat 296 296 333 0 exe 16851 19148 42925 resp 43240 0 pmu 1023406 34235 8248093 7036219 48336930
1790348857.248637 W 4455 lat 296 296 462 0 exe 17407 21370 114333 resp 114648 5 pmu 1023380 60810 8250407 6374496 54098516
1790348858.288611 W 4456 lat 296 296 351 0 exe 17018 19555 49129 resp 49425 0 pmu 1023390 39024 8251344 7103198 49397894
1790348859.328633 W 4457 lat 296 296 444 0 exe 17129 22203 105185 resp 105499 7 pmu 1023266 70733 8253165 6439485 56285702
1790348860.264611 W 4458 lat 296 296 333 0 exe 17111 19148 40777 resp 41111 0 pmu 1023383 34462 8252739 7014517 48361893
1790348861.312636 W 4459 lat 296 296 444 0 exe 17166 21592 109407 resp 109722 5 pmu 1023398 63283 8251724 6354478 54607759
1790348862.248613 W 4460 lat 296 296 425 0 exe 17074 19611 41759 resp 42055 0 pmu 1023428 39893 8253112 7053930 49520769
1790348863.292639 W 4461 lat 296 296 407 0 exe 17222 21462 116907 resp 117240 5 pmu 1023334 61668 8246506 6366690 54357399
1790348864.332614 W 4462 lat 296 296 333 0 exe 16574 19462 44148 resp 44462 0 pmu 1023419 38271 8250873 7128420 49208261
1790348865.268633 W 4463 lat 296 296 351 0 exe 17166 21999 115888 resp 116222 3 pmu 1023384 67980 8249714 6386916 55663205
1790348866.312647 W 4464 lat 296 296 333 0 exe 17055 19351 41574 resp 41870 0 pmu 1023407 36819 8250650 7120380 48908759
1790348867.248635 W 4465 lat 296 296 537 0 exe 16925 23518 118296 resp 118740 9 pmu 1023378 85601 8258078 6362979 59749213
1790348868.288710 W 4466 lat 296 296 333 0 exe 16703 18944 39851 resp 40166 0 pmu 1023401 32497 8255352 7152395 47971686
1790348869.328711 W 4467 lat 296 648 3074 0 exe 17462 132407 191648 resp 192277 948 pmu 1020086 979523 8295918 6345013 647415024
1790348870.264703 W 4468 lat 296 666 2870 0 exe 111740 139444 180648 resp 181611 1000 pmu 1020228 1025454 8287217 8451596 695828435
1790348871.305167 W 4469 lat 314 685 4888 0 exe 111685 139129 174259 resp 175296 1000 pmu 1020085 1025210 8285012 8848832 689743219
1790348872.240764 W 4470 lat 314 703 3092 0 exe 111777 137277 181388 resp 181962 1000 pmu 1020564 1025905 8293748 8793711 696151258
1790348873.280833 W 4471 lat 314 648 3907 0 exe 106888 137703 188018 resp 188814 1000 pmu 1019240 1024150 8280799 8845116 681924711
1790348874.324739 W 4472 lat 314 648 2574 0 exe 112462 137166 171388 resp 171796 1000 pmu 1020232 1025148 8292178 8893824 695182295
1790348875.264709 W 4473 lat 296 592 2444 0 exe 101074 131129 173925 resp 175296 1000 pmu 1019733 1023846 8276322 8744261 627016214
1790348876.304712 W 4474 lat 296 666 3388 0 exe 111814 138592 170796 resp 171685 1000 pmu 1018623 1024256 8284408 8686294 687808345
1790348877.240991 W 4475 lat 314 666 3092 0 exe 109999 138166 177999 resp 179129 1000 pmu 1018846 1024172 8284718 8748755 690751138
1790348878.280708 W 4476 lat 296 685 3481 0 exe 114018 137129 187703 resp 189314 1000 pmu 1020236 1025060 8285700 8809486 695642782
1790348879.320736 W 4477 lat 296 685 3944 0 exe 111222 138444 173981 resp 174333 1000 pmu 1019434 1024276 8281154 8925576 692277972
1790348880.257034 W 4478 lat 296 685 2851 0 exe 110962 137907 171611 resp 172240 1000 pmu 1020227 1025373 8285855 8777147 694016133
1790348881.296833 W 4479 lat 314 666 3203 0 exe 113018 138425 190740 resp 191296 1000 pmu 1020107 1025271 8291558 8745298 691338422
1790348882.336712 W 4480 lat 296 666 3055 0 exe 111925 137870 173611 resp 174888 1000 pmu 1018064 1023132 8275985 8950702 684193365
1790348883.272906 W 4481 lat 314 648 4296 0 exe 110962 137777 188777 resp 189166 1000 pmu 1018494 1023651 8276079 8774078 685239904
1790348884.313374 W 4482 lat 296 648 2962 0 exe 112185 137888 168092 resp 168666 1000 pmu 1019544 1024837 8287720 8922365 691917437
1790348885.248787 W 4483 lat 296 648 2518 0 exe 112499 138277 177648 resp 178666 1000 pmu 1019123 1024480 8279532 8716294 687814192
1790348886.289149 W 4484 lat 296 666 2981 0 exe 111814 137592 173370 resp 173740 1000 pmu 1020226 1026208 8296957 8815375 693623541
1790348887.329419 W 4485 lat 314 648 2314 0 exe 110962 138055 169814 resp 170351 1000 pmu 1019364 1024958 8284662 8764858 689096485
1790348888.264696 W 4486 lat 314 685 3388 0 exe 112537 138111 169166 resp 169481 1000 pmu 1020369 1026197 8295947 8724780 700167386
1790348889.305277 W 4487 lat 314 648 4777 0 exe 112555 137629 177555 resp 178407 1000 pmu 1020513 1025612 8291769 8730971 696722273
1790348890.240696 W 4488 lat 296 685 3925 0 exe 106759 138351 178796 resp 179740 1000 pmu 1018706 1024067 8279201 8822126 683911625
1790348891.280798 W 4489 lat 296 703 4944 0 exe 111425 139796 181648 resp 182296 1000 pmu 1018632 1023553 8270374 8805334 686718038
1790348892.320771 W 4490 lat 296 666 3481 0 exe 112962 137574 185703 resp 186203 1000 pmu 1019964 1025735 8297942 8868052 693050292
1790348893.328890 W 4491 lat 296 611 3925 0 exe 97092 133759 169981 resp 170537 998 pmu 1019999 1024717 8285907 8896970 647684438
1790348894.265354 W 4492 lat 296 703 4555 0 exe 108796 138888 170018 resp 171055 1000 pmu 1020586 1025814 8290823 8643732 692020569
1790348895.308713 W 4493 lat 314 648 2944 0 exe 110851 138296 169055 resp 169629 1000 pmu 1019079 1024589 8283256 8733981 688591218
1790348896.245028 W 4494 lat 296 648 3425 0 exe 108870 137981 187555 resp 188259 1000 pmu 1020094 1025442 8285669 8721209 690020528
1790348897.272718 W 4495 lat 296 611 3111 0 exe 101092 134703 175481 resp 175999 1000 pmu 1019059 1024569 8283454 8897611 655092738
1790348898.312714 W 4496 lat 296 685 3314 0 exe 112018 138907 171629 resp 172240 1000 pmu 1020849 1026970 8298719 8718965 692868580
1790348899.248644 W 4497 lat 296 333 1944 0 exe 16574 31462 166370 resp 166851 87 pmu 1022829 146369 8243833 8755266 106844316
1790348900.288641 W 4498 lat 296 296 648 0 exe 16870 21277 112074 resp 112388 6 pmu 1023285 59624 8256458 7678687 54684967
1790348901.344649 W 4499 lat 296 296 999 0 exe 16870 25092 250870 resp 251796 29 pmu 1023200 97683 8250675 7078733 64997781
1790348902.280616 W 4500 lat 296 296 407 0 exe 17129 22685 119185 resp 119499 6 pmu 1023361 75729 8249117 8490563 58664636
1790348903.320645 W 4501 lat 296 296 333 0 exe 16944 19407 37333 resp 37629 0 pmu 1023336 37590 8245576 7156779 49091792
1790348904.256622 W 4502 lat 296 296 462 0 exe 17074 22296 115833 resp 116296 5 pmu 1023328 71135 8244868 6320523 56344585
1790348905.296612 W 4503 lat 296 296 351 0 exe 17129 19703 42129 resp 42462 0 pmu 1023434 41037 8253723 7121978 49794880
1790348906.240651 W 4504 lat 296 296 444 0 exe 17037 22481 109611 resp 109962 5 pmu 1023342 73367 8248372 6370951 56811959
1790348907.284618 W 4505 lat 296 296 351 0 exe 17129 19796 42296 resp 42611 0 pmu 1023302 42090 8248900 7059861 50003242
1790348908.332637 W 4506 lat 296 296 722 0 exe 17314 22444 115740 resp 116092 6 pmu 1023393 72903 8249460 6372847 56790556
1790348909.272618 W 4507 lat 296 296 333 0 exe 17092 19444 42833 resp 43148 0 pmu 1023415 38086 8245541 7123773 49131014
1790348910.316637 W 4508 lat 296 296 462 0 exe 17148 22944 123574 resp 123888 6 pmu 1023341 78741 8250643 6376273 58006759
1790348911.260615 W 4509 lat 296 296 351 0 exe 17296 19666 41296 resp 41611 0 pmu 1023428 40359 8247652 7202318 49719208
1790348912.304639 W 4510 lat 296 296 648 0 exe 16888 22185 111666 resp 111981 6 pmu 1023377 70103 8253174 6363195 56067941
1790348913.248614 W 4511 lat 296 296 333 0 exe 16851 19907 65796 resp 66111 0 pmu 1023375 43515 8247072 7079029 50310336
1790348914.296637 W 4512 lat 296 296 592 0 exe 17092 22611 109185 resp 109611 4 pmu 1023298 75080 8248051 6607122 57311753
1790348915.240617 W 4513 lat 296 296 351 0 exe 17240 19833 43185 resp 43481 0 pmu 1023419 42439 8247792 7057503 50069233
1790348916.284639 W 4514 lat 296 296 462 0 exe 17055 22370 130166 resp 130481 6 pmu 1023311 72131 8248668 6382514 56577587
1790348917.340613 W 4515 lat 296 296 333 0 exe 17111 19444 41037 resp 41351 0 pmu 1023390 37902 8244919 7264834 49228821
1790348918.276638 W 4516 lat 296 296 499 0 exe 17314 22666 122037 resp 122481 6 pmu 1023327 75612 8249633 6358401 57330446
1790348919.320613 W 4517 lat 296 296 351 0 exe 17333 19518 39444 resp 39740 0 pmu 1023436 38813 8246347 7187191 49376924
1790348920.260641 W 4518 lat 296 296 462 0 exe 17092 22166 114111 resp 114425 6 pmu 1023353 69684 8248072 6344153 56002133
1790348921.312613 W 4519 lat 296 296 333 0 exe 17351 19722 43148 resp 43462 0 pmu 1023402 40867 8247680 7103328 49796385
1790348922.252641 W 4520 lat 296 296 574 0 exe 17240 22870 108796 resp 109351 6 pmu 1023361 77930 8249272 6382212 57797997
1790348923.292618 W 4521 lat 296 296 333 0 exe 17148 19925 43999 resp 44314 0 pmu 1023423 43598 8244733 7056441 50293226
1790348924.332640 W 4522 lat 296 296 370 0 exe 16925 22370 120796 resp 121166 6 pmu 1023343 71944 8246630 6390702 56579845
1790348925.276614 W 4523 lat 296 296 351 0 exe 17333 19574 41129 resp 41462 0 pmu 1023428 39251 8249542 7170356 49503678
1790348926.316639 W 4524 lat 296 296 481 0 exe 17314 22907 123222 resp 123537 7 pmu 1023373 78383 8251336 6361386 57939071
1790348927.256613 W 4525 lat 296 296 333 0 exe 17388 19462 43425 resp 43722 0 pmu 1023421 38113 8247968 7199576 49226167
1790348928.300638 W 4526 lat 296 296 481 0 exe 17388 22407 129092 resp 129407 7 pmu 1023333 71993 8249738 6383862 56614652
1790348929.340616 W 4527 lat 296 296 333 0 exe 16814 20129 58870 resp 59166 0 pmu 1023377 45815 8246012 7256144 50924201
1790348930.276637 W 4528 lat 296 296 444 0 exe 17148 24370 127092 resp 127407 5 pmu 1023314 95617 8250117 6538625 61637911
1790348931.316639 W 4529 lat 296 296 351 0 exe 17037 22444 101796 resp 102129 1 pmu 1023345 73674 8252063 7244520 57043608
1790348932.252635 W 4530 lat 296 296 333 0 exe 16999 21462 120277 resp 120592 5 pmu 1023350 61347 8255179 6980930 54696420
1790348933.296650 W 4531 lat 296 296 1722 0 exe 16666 24425 178629 resp 178944 27 pmu 1023216 91161 8250001 7160592 63364306
1790348934.336638 W 4532 lat 296 296 555 0 exe 17333 22444 109518 resp 109851 5 pmu 1023296 73048 8253597 7764202 57641589
1790348935.272612 W 4533 lat 296 296 351 0 exe 16851 19148 41888 resp 42203 0 pmu 1023505 34758 8247220 7060755 48402938
1790348936.312637 W 4534 lat 296 296 444 0 exe 16814 21555 124814 resp 125148 5 pmu 1023327 62534 8252470 6364215 54523012
1790348937.248624 W 4535 lat 296 296 333 0 exe 17148 20111 74444 resp 74759 0 pmu 1023413 45997 8251592 7205965 50857457
1790348938.292637 W 4536 lat 296 296 388 0 exe 17333 21814 109722 resp 110074 5 pmu 1023319 65625 8254211 6696173 55378579
1790348939.332618 W 4537 lat 296 296 333 0 exe 17129 19333 42555 resp 42870 0 pmu 1023420 36951 8251206 7058902 48861829
1790348940.268639 W 4538 lat 296 296 425 0 exe 17333 22333 108851 resp 109277 7 pmu 1023345 71726 8252276 6373177 56506010
1790348941.308612 W 4539 lat 296 296 425 0 exe 16999 19185 40888 resp 41203 0 pmu 1023383 35061 8248955 7053356 48452139
1790348942.248638 W 4540 lat 296 296 370 0 exe 16944 22277 120870 resp 121185 6 pmu 1023331 71047 8251245 6355608 56345415
1790348943.288611 W 4541 lat 296 296 333 0 exe 17037 18888 41055 resp 41370 0 pmu 1023409 31992 8251832 7170360 47871517
1790348944.328637 W 4542 lat 296 296 425 0 exe 16944 21796 118351 resp 118666 7 pmu 1023370 65284 8250815 6355483 55132871
1790348945.264617 W 4543 lat 296 296 425 0 exe 17240 19462 44592 resp 44888 0 pmu 1023387 38244 8244724 7143124 49219653
1790348946.304638 W 4544 lat 296 296 425 0 exe 17222 22388 114055 resp 114388 4 pmu 1023420 72548 8253744 6395124 56638820
1790348947.240611 W 4545 lat 296 296 351 0 exe 16833 18981 42962 resp 43296 0 pmu 1023419 33029 8247374 7104487 48020389
1790348948.280638 W 4546 lat 296 296 555 0 exe 17129 21962 114888 resp 115203 6 pmu 1023346 67310 8250342 6374193 55577471
1790348949.320612 W 4547 lat 296 296 333 0 exe 16759 19074 46018 resp 46314 0 pmu 1023424 33637 8249632 7110913 48218190
1790348950.256638 W 4548 lat 296 296 833 0 exe 17092 22462 126999 resp 127351 8 pmu 1023378 72469 8251407 6404582 56745709
1790348951.296624 W 4549 lat 296 296 333 0 exe 16833 19222 41296 resp 41592 0 pmu 1023459 35455 8251020 7235946 48682971
1790348952.336636 W 4550 lat 296 296 407 0 exe 16925 22092 115388 resp 115796 6 pmu 1023367 68809 8253299 6358494 55879254
1790348953.272612 W 4551 lat 296 296 333 0 exe 16740 18981 42703 resp 42999 0 pmu 1023429 32744 8249936 7115337 47996605
1790348954.312638 W 4552 lat 296 296 499 0 exe 17277 22055 113370 resp 113685 7 pmu 1023329 68326 8252174 6371000 55782700
1790348955.248609 W 4553 lat 296 296 333 0 exe 16870 19037 41685 resp 41999 0 pmu 1023410 33567 8251656 7096630 48157123
1790348956.288643 W 4554 lat 296 296 388 0 exe 17222 21814 130685 resp 131018 6 pmu 1023318 65182 8251276 6361783 55134936
1790348957.328615 W 4555 lat 296 296 407 0 exe 16907 19296 45203 resp 45518 0 pmu 1023404 36467 8249600 7267781 48886996
1790348958.264635 W 4556 lat 296 296 499 0 exe 16981 22388 111629 resp 112037 6 pmu 1023345 72178 8249209 6398864 56609532
1790348959.304610 W 4557 lat 296 296 333 0 exe 16907 19296 40111 resp 40425 0 pmu 1023411 36287 8248672 7079911 48760521
1790348960.240638 W 4558 lat 296 296 388 0 exe 17185 22370 112962 resp 113351 8 pmu 1023322 71762 8252661 6347468 56559943
1790348961.280614 W 4559 lat 296 296 351 0 exe 16981 19203 40166 resp 40481 0 pmu 1023417 35201 8249659 7093545 48551942
1790348962.320639 W 4560 lat 296 296 388 0 exe 17037 21888 132055 resp 132425 6 pmu 1023368 65756 8253690 6347968 55274392
1790348963.256639 W 4561 lat 296 296 481 0 exe 16833 21277 122037 resp 122370 5 pmu 1023305 59396 8256586 7281293 54183632
1790348964.300633 W 4562 lat 296 296 481 0 exe 17129 21296 126407 resp 126740 7 pmu 1023327 59452 8250227 7177230 54414345
1790348965.248769 W 4563 lat 296 481 3148 0 exe 17277 76518 244203 resp 244944 247 pmu 1020144 595485 8305459 7223218 235028269
1790348966.296742 W 4564 lat 296 537 3648 0 exe 77703 92611 181814 resp 182574 176 pmu 1018947 773630 8321338 8694290 291861106
1790348967.240720 W 4565 lat 314 518 3370 0 exe 77759 92018 139499 resp 139907 163 pmu 1018485 771214 8314596 8455938 289605428
1790348968.292748 W 4566 lat 314 518 2388 0 exe 76981 91129 202629 resp 204037 140 pmu 1019042 761443 8318929 8026912 287690375
1790348969.332729 W 4567 lat 314 555 3444 0 exe 77685 90537 160648 resp 161074 118 pmu 1018726 754068 8325486 8649713 286311889
1790348970.272725 W 4568 lat 314 592 4833 0 exe 76555 94037 174925 resp 176092 240 pmu 1019455 766857 8324960 8231572 294714003
1790348971.320739 W 4569 lat 314 555 3055 0 exe 77388 91907 154833 resp 155351 189 pmu 1019153 758638 8320197 8396837 289518282
1790348972.260757 W 4570 lat 296 555 3851 0 exe 61981 91499 175999 resp 177481 196 pmu 1018872 760603 8320722 8177190 288075310
1790348973.300739 W 4571 lat 314 537 3333 0 exe 78185 91462 158648 resp 159037 151 pmu 1018942 759007 8324666 8318275 288340329
1790348974.244740 W 4572 lat 314 537 3388 0 exe 77444 91592 183462 resp 184018 162 pmu 1018880 764885 8321469 8217567 288867008
1790348975.284737 W 4573 lat 314 499 1777 0 exe 78185 89370 142462 resp 142870 82 pmu 1018579 751681 8309702 8463518 283244343
1790348976.328764 W 4574 lat 314 537 3074 0 exe 78055 92018 182537 resp 183296 168 pmu 1018948 766870 8311183 8037364 289860369
1790348977.268753 W 4575 lat 296 518 3370 0 exe 77833 90074 139592 resp 140444 126 pmu 1018728 751073 8307692 8459046 284947956
1790348978.320739 W 4576 lat 296 555 2833 0 exe 78203 92740 170777 resp 172129 205 pmu 1019270 766820 8318996 8020819 291625117
1790348979.268724 W 4577 lat 296 574 3648 0 exe 77259 91925 154907 resp 156092 218 pmu 1019115 751362 8319642 8347799 289003065
1790348980.316758 W 4578 lat 314 537 3833 0 exe 76333 92999 227759 resp 229796 225 pmu 1019489 763847 8312857 8183778 292074774
1790348981.260737 W 4579 lat 314 518 2981 0 exe 76870 90814 139518 resp 139981 144 pmu 1019273 758434 8320161 8918076 287062115
1790348982.304728 W 4580 lat 314 537 4444 0 exe 76685 92314 192407 resp 193314 192 pmu 1019057 769297 8313883 8014987 290560731
1790348983.244734 W 4581 lat 296 537 3166 0 exe 75055 90814 151018 resp 151370 176 pmu 1019282 750504 8323803 8560094 286788506
1790348984.296754 W 4582 lat 314 574 3462 0 exe 74925 93629 228666 resp 230981 229 pmu 1019655 759176 8325903 8121342 293518510
1790348985.340758 W 4583 lat 296 537 3314 0 exe 78962 91203 152333 resp 152925 153 pmu 1018618 759442 8304444 8922707 287737824
1790348986.280746 W 4584 lat 314 555 3722 0 exe 77333 93185 180907 resp 181944 214 pmu 1019130 771020 8319163 8158000 292433220
1790348987.320751 W 4585 lat 296 574 3222 0 exe 76074 92777 165962 resp 166462 223 pmu 1019257 756721 8327411 8449735 291160168
1790348988.264744 W 4586 lat 296 555 3518 0 exe 68277 92685 196722 resp 197129 209 pmu 1019126 766413 8320748 8287102 290933129
1790348989.312757 W 4587 lat 314 518 2962 0 exe 76074 90796 147055 resp 147537 143 pmu 1018672 758886 8312016 8555865 286748399
1790348990.252750 W 4588 lat 296 537 3666 0 exe 74166 91222 172870 resp 173296 174 pmu 1019158 749613 8311502 8086451 287496382
1790348991.292746 W 4589 lat 296 518 3666 0 exe 76481 90055 164648 resp 165037 118 pmu 1019015 753811 8321963 8340174 284919706
1790348992.340696 W 4590 lat 314 518 2444 0 exe 77277 91462 225166 resp 227611 136 pmu 1018954 766460 8313562 8263363 288778961
1790348993.280753 W 4591 lat 314 555 4351 0 exe 74481 91129 177129 resp 177796 215 pmu 1019260 737433 8322400 8884157 287515983
1790348994.324727 W 4592 lat 314 555 3925 0 exe 75777 92425 168277 resp 168888 220 pmu 1019185 758413 8324898 8388957 290774485
1790348995.260646 W 4593 lat 296 370 3259 0 exe 16814 44814 144407 resp 146925 65 pmu 1022135 300289 8269325 8310704 129998984
1790348996.300639 W 4594 lat 296 296 555 0 exe 16925 21574 117648 resp 117962 6 pmu 1023364 63369 8256637 7543792 55337769
1790348997.240653 W 4595 lat 296 296 759 0 exe 17388 24648 210759 resp 211518 29 pmu 1023154 93219 8255115 7135926 63917848
1790348998.280638 W 4596 lat 296 296 481 0 exe 16925 22277 109462 resp 109814 6 pmu 1023339 71649 8252699 8087703 57472052
1790348999.320611 W 4597 lat 296 296 333 0 exe 17166 19203 37925 resp 38240 0 pmu 1023417 34993 8249607 7057060 48516488
1790349000.256636 W 4598 lat 296 296 592 0 exe 17222 21925 109777 resp 110111 5 pmu 1023458 67408 8252228 6326495 55496648
1790349001.296617 W 4599 lat 296 296 333 0 exe 17111 19166 38759 resp 39092 0 pmu 1023421 34930 8248008 7060354 48463130
1790349002.336635 W 4600 lat 296 296 481 0 exe 17018 22444 113759 resp 114092 6 pmu 1023361 73139 8255088 6334346 56687477
1790349003.272611 W 4601 lat 296 296 351 0 exe 17185 19499 53462 resp 53759 0 pmu 1023369 38764 8247164 7101160 49310873
1790349004.312634 W 4602 lat 296 296 574 0 exe 16851 21333 111944 resp 112425 5 pmu 1023306 60369 8249889 6483440 54091062
1790349005.248614 W 4603 lat 296 296 333 0 exe 16944 19277 43499 resp 43814 0 pmu 1023457 36274 8255593 7077708 48708072
1790349006.288635 W 4604 lat 296 296 444 0 exe 17092 22074 102851 resp 103185 6 pmu 1023362 69176 8252879 6381565 55912393
1790349007.332616 W 4605 lat 296 296 333 0 exe 17018 19629 42648 resp 42944 0 pmu 1023404 40373 8247229 6990423 49552411
1790349008.268636 W 4606 lat 296 296 444 0 exe 16499 21703 117129 resp 117537 7 pmu 1023318 64724 8250038 6374904 54997135
1790349009.308617 W 4607 lat 296 296 333 0 exe 17240 19129 36759 resp 37074 0 pmu 1023437 34474 8254520 7128792 48389652
1790349010.244632 W 4608 lat 296 296 666 0 exe 17185 21592 110796 resp 111111 6 pmu 1023368 63368 8250431 6314876 54593357
1790349011.284609 W 4609 lat 296 296 333 0 exe 17185 19518 38240 resp 38555 0 pmu 1023417 38850 8254472 7068974 49305417
1790349012.324637 W 4610 lat 296 296 1074 0 exe 17074 21907 107574 resp 107888 7 pmu 1023402 67233 8251556 6331288 55477083
1790349013.260616 W 4611 lat 296 296 333 0 exe 17074 19240 39074 resp 39370 0 pmu 1023453 35755 8251373 7039828 48608699
1790349014.300637 W 4612 lat 296 296 407 0 exe 17185 22222 106518 resp 106833 5 pmu 1023349 71033 8251650 6337621 56266138
1790349015.240611 W 4613 lat 296 296 333 0 exe 17370 19314 42611 resp 42925 0 pmu 1023426 36621 8253680 7027951 48782375
1790349016.280634 W 4614 lat 296 296 407 0 exe 16981 21277 110592 resp 110999 7 pmu 1023398 59846 8251623 6374883 53857213
1790349017.320619 W 4615 lat 296 296 351 0 exe 17037 19648 39981 resp 40296 0 pmu 1023516 40401 8247106 7063548 49661152
1790349018.256634 W 4616 lat 296 296 796 0 exe 16925 21814 110537 resp 110851 5 pmu 1023452 66315 8243736 6348626 55283439
1790349019.296610 W 4617 lat 296 296 351 0 exe 17388 19666 39388 resp 39703 0 pmu 1023443 40509 8250146 7066866 49660093
1790349020.340637 W 4618 lat 296 296 481 0 exe 17277 22296 119981 resp 120296 6 pmu 1023391 71511 8249017 6344651 56451645
1790349021.276617 W 4619 lat 296 296 333 0 exe 17407 19777 37962 resp 38259 0 pmu 1023431 41767 8250932 7163855 50001565
1790349022.316636 W 4620 lat 296 296 444 0 exe 17074 21925 117074 resp 117481 5 pmu 1023373 66934 8254529 6330911 55499087
1790349023.252611 W 4621 lat 296 296 333 0 exe 17351 19425 38351 resp 38666 0 pmu 1023438 37914 8255813 7132204 49145204
1790349024.292643 W 4622 lat 296 296 407 0 exe 16851 21148 111907 resp 112296 6 pmu 1023409 58187 8252868 6332708 53473665
1790349025.336609 W 4623 lat 296 296 351 0 exe 17074 19351 43296 resp 43611 0 pmu 1023417 36891 8254348 7075225 48896821
1790349026.272639 W 4624 lat 296 296 499 0 exe 17185 21888 112499 resp 112814 5 pmu 1023381 66666 8254119 6380556 55418720
1790349027.312635 W 4625 lat 296 296 407 0 exe 17351 22055 108277 resp 108592 4 pmu 1023394 68261 8256731 7086637 55982919
1790349028.248647 W 4626 lat 296 296 555 0 exe 16925 21018 128925 resp 129314 6 pmu 1023345 56524 8252706 7045690 53635770
1790349029.300654 W 4627 lat 296 314 1537 0 exe 17537 24981 255796 resp 256648 30 pmu 1023216 96290 8257049 7246017 64751610
1790349030.240645 W 4628 lat 296 296 499 0 exe 17259 22240 113777 resp 114277 6 pmu 1023392 70995 8250238 8544995 57676739
1790349031.288610 W 4629 lat 296 296 351 0 exe 17277 19685 44981 resp 45277 0 pmu 1023400 40667 8251853 7102644 49712765
1790349032.328636 W 4630 lat 296 296 518 0 exe 17018 21296 110703 resp 111055 5 pmu 1023396 59997 8251725 6400053 53992842
1790349033.268611 W 4631 lat 296 296 333 0 exe 17277 19703 38407 resp 38722 0 pmu 1023421 40963 8249940 7065065 49720490
1790349034.308640 W 4632 lat 296 296 444 0 exe 16925 21166 114148 resp 114592 6 pmu 1023372 58321 8249129 6334329 53596317
1790349035.248615 W 4633 lat 296 296 333 0 exe 17296 20166 56092 resp 56407 0 pmu 1023372 46502 8252184 7098580 50938214
1790349036.288658 W 4634 lat 296 296 481 0 exe 16925 20592 122166 resp 122481 5 pmu 1023379 51943 8252809 6513550 52370038
1790349037.328614 W 4635 lat 296 296 333 0 exe 16851 20055 55685 resp 55981 0 pmu 1023440 45426 8250252 7175340 50705770
1790349038.268644 W 4636 lat 296 314 14314 0 exe 17129 20703 113611 resp 119703 4 pmu 1023382 52864 8253085 6506605 52623518
1790349039.312611 W 4637 lat 296 296 351 0 exe 16814 20833 96296 resp 96611 0 pmu 1023450 54547 8249184 7189554 52585554
1790349040.252642 W 4638 lat 296 296 351 0 exe 16611 18888 36018 resp 36351 0 pmu 1023413 32089 8249566 6916687 47675576
1790349041.296614 W 4639 lat 296 296 407 0 exe 17148 22018 123944 resp 124259 6 pmu 1023387 67991 8250528 6303346 55675247
1790349042.236608 W 4640 lat 296 296 333 0 exe 17111 19277 42370 resp 42685 0 pmu 1023460 36267 8248204 7201127 48773510
1790349043.276638 W 4641 lat 296 296 388 0 exe 16851 22018 119462 resp 119796 5 pmu 1023403 68102 8253335 6370938 55681772
1790349044.316643 W 4642 lat 296 296 333 0 exe 17129 18999 45296 resp 45629 0 pmu 1023461 33271 8253534 7154753 48074492
1790349045.252614 W 4643 lat 296 296 1296 0 exe 16759 22648 128240 resp 129537 6 pmu 1023337 75637 8250174 6399121 57374999
1790349046.292645 W 4644 lat 296 296 333 0 exe 16759 19537 64518 resp 64851 0 pmu 1023414 39306 8248737 7254805 49476904
1790349047.336617 W 4645 lat 296 296 407 0 exe 16851 21833 114277 resp 114611 5 pmu 1023446 65873 8253352 6592210 55334396
1790349048.272609 W 4646 lat 296 296 333 0 exe 17055 19129 35370 resp 35685 0 pmu 1023467 34677 8253949 7102099 48364363
1790349049.316638 W 4647 lat 296 296 1222 0 exe 16999 22129 121759 resp 122981 5 pmu 1023366 69179 8253313 6300102 55971928
1790349050.252608 W 4648 lat 296 296 351 0 exe 16925 19370 43444 resp 43777 0 pmu 1023403 37351 8245768 7187698 49038121
1790349051.296636 W 4649 lat 296 296 518 0 exe 17203 22388 121388 resp 121703 8 pmu 1023401 72184 8249392 6381533 56599613
1790349052.236608 W 4650 lat 296 296 333 0 exe 16999 19129 42296 resp 42611 0 pmu 1023461 34480 8247141 7178131 48395218
1790349053.276633 W 4651 lat 296 296 999 0 exe 17129 22462 109870 resp 110259 6 pmu 1023346 73308 8249888 6368890 56861509
1790349054.316654 W 4652 lat 296 296 333 0 exe 17166 19351 39388 resp 39703 0 pmu 1023418 37074 8250147 7065808 48898751
1790349055.268628 W 4653 lat 296 296 740 0 exe 16981 22092 112296 resp 112611 6 pmu 1023383 68854 8257135 6341862 55938391
1790349056.316612 W 4654 lat 296 296 333 0 exe 16907 19222 41462 resp 41796 0 pmu 1023406 35562 8250032 7085784 48564659
1790349057.264639 W 4655 lat 296 296 999 0 exe 17481 23129 123740 resp 124240 7 pmu 1023390 80744 8251380 6360745 58440793
1790349058.308609 W 4656 lat 296 296 351 0 exe 17018 19499 43814 resp 44111 0 pmu 1023448 38780 8248692 7210107 49369189
1790349059.244641 W 4657 lat 296 296 481 0 exe 17296 23999 113148 resp 113537 8 pmu 1023348 91526 8255200 6386030 61067239
1790349060.284606 W 4658 lat 296 296 333 0 exe 16888 18907 42555 resp 42851 0 pmu 1023436 32156 8255808 7104490 47800763
1790349061.324651 W 4659 lat 296 314 1092 0 exe 16999 29333 139685 resp 139999 66 pmu 1023091 148164 8257781 6369937 75856877
1790349062.260607 W 4660 lat 296 296 333 0 exe 17018 19518 48777 resp 49092 0 pmu 1023453 39369 8259425 7398202 49515490
1790349062.802978 Closing cell "rt-bench"
1790349062.803074 [MG] Initializing memguard on CPU 3
1790349062.803115 [SMMUv2] Exiting SMMUv2 on cell 1
1790349062.804683 [COL] Colored OP 1: PHYS 0x30000000 -> VIRT 0x00000000 (SIZE: 0x00400000, COL: 0x000000ff, extra: 0x0000000000000000)
1790349062.804749 [COL] Result: 0
1790349062.804829 [COL] Colored OP 4: PHYS 0x30000000 -> VIRT 0x00000000 (SIZE: 0x00400000, COL: 0x000000ff, extra: 0x0000000000000001)
1790349062.804854 [COL] Result: 0
1790349062.804936 Page pool usage after cell destruction: mem 85/4061, remap 5/131072
1790349062.804971 [MG] Initializing memguard on CPU 3
1790349062.805002 [MG] Initializing memguard on CPU 3
1790349062.805049 [MG] Initializing memguard on CPU 3
1790349062.805076 Created cell "rt-bench"
1790349062.805116 Page pool usage after cell creation: mem 94/4061, remap 5/131072
1790352397.159773 <missed 3256 bytes of console log>
1790352397.163917 MG] Initializing memguard on CPU 3
1790352397.163956 rt-bench: ws 768 KB, 1024 loads/period, window 1000
1790352397.164008 W 0 lat 296 462 796 0 exe 24240 35388 141592 resp 141944 42 pmu 1023276 128712 8251532 5307599 60247647
1790352397.164061 W 1 lat 296 314 703 0 exe 17203 27259 138925 resp 139574 27 pmu 1023183 122550 8254793 7482841 67804000
1790352397.164111 W 2 lat 296 296 333 0 exe 17092 19888 51370 resp 51685 0 pmu 1023456 42901 8252253 7380475 50405733
1790352397.164161 W 3 lat 296 296 462 0 exe 16740 22925 122462 resp 122796 6 pmu 1023368 78321 8255051 6463789 58115469
1790352397.164210 W 4 lat 296 296 333 0 exe 17037 19574 54351 resp 54666 0 pmu 1023400 39450 8249965 7189021 49554659
1790352397.164260 W 5 lat 296 296 444 0 exe 17037 21907 113240 resp 113666 8 pmu 1023376 66523 8252182 6491851 55588654
1790352397.164283 Closing cell "rt-bench"
1790352397.164310 [MG] Initializing memguard on CPU 3
1790352397.164343 [SMMUv2] Exiting SMMUv2 on cell 1
1790352397.164398 [COL] Colored OP 1: PHYS 0x30000000 -> VIRT 0x00000000 (SIZE: 0x00400000, COL: 0x000000ff, extra: 0x0000000000000000)
1790352397.164419 [COL] Result: 0
1790352397.164480 [COL] Colored OP 4: PHYS 0x30000000 -> VIRT 0x00000000 (SIZE: 0x00400000, COL: 0x000000ff, extra: 0x0000000000000001)
1790352397.164500 [COL] Result: 0
1790352397.164535 Page pool usage after cell destruction: mem 85/4061, remap 5/131072
1790352397.164560 [MG] Initializing memguard on CPU 3
1790352397.164584 [MG] Initializing memguard on CPU 3
1790352397.164637 [COL] Colored OP 0: PHYS 0x30000000 -> VIRT 0x00000000 (SIZE: 0x00400000, COL: 0x000000ff, extra: 0x0000000000000000)
1790352397.164656 [COL] Result: 0
1790352397.164680 [MG] Initializing memguard on CPU 3
1790352397.164699 Created cell "rt-bench"
1790352397.164733 Page pool usage after cell creation: mem 98/4061, remap 5/131072
1790352397.164758 [MG] Initializing memguard on CPU 3
1790352397.164811 [COL] Colored OP 3: PHYS 0x30000000 -> VIRT 0x00000000 (SIZE: 0x00400000, COL: 0x000000ff, extra: 0x0000000000000000)
1790352397.164830 [COL] Result: 0
1790352397.164851 Cell "rt-bench" can be loaded
1790352397.164904 [COL] Colored OP 2: PHYS 0x30000000 -> VIRT 0x00000000 (SIZE: 0x00400000, COL: 0x000000ff, extra: 0x0000000000000000)
1790352397.164923 [COL] Result: 0
1790352397.164975 [COL] Colored OP 4: PHYS 0x30000000 -> VIRT 0x00000000 (SIZE: 0x00400000, COL: 0x000000ff, extra: 0x0000000000000001)
1790352397.164994 [COL] Result: 0
1790352397.165013 Started cell "rt-bench"
1790352397.165037 [MG] Initializing memguard on CPU 3
1790352397.165067 rt-bench: ws 768 KB, 1024 loads/period, window 1000
1790352398.200410 W 0 lat 314 462 962 0 exe 24148 33518 130185 resp 131129 40 pmu 1023596 112690 8264633 5307594 57509198
1790352399.136405 W 1 lat 296 314 888 0 exe 17333 27148 176222 resp 176962 27 pmu 1023437 123519 8260347 7362739 67760920
1790352400.176377 W 2 lat 296 296 333 0 exe 16759 19351 51962 resp 52277 0 pmu 1023698 38316 8254629 7755108 49346314
1790352401.216398 W 3 lat 296 296 1037 0 exe 17055 23111 123666 resp 124703 8 pmu 1023603 82104 8260276 6465512 58551912
1790352402.152378 W 4 lat 296 296 333 0 exe 17166 19925 51462 resp 51777 0 pmu 1023719 45184 8264840 7209855 50405332
1790352403.192447 W 5 lat 296 296 648 0 exe 16888 22240 117388 resp 118037 9 pmu 1023714 71584 8259817 6465328 56333601
1790352404.152047 W 6 lat 296 462 2759 0 exe 17870 121203 417074 resp 419777 673 pmu 1022758 819457 8266476 7140112 359676742
1790352405.188401 W 7 lat 296 314 1611 0 exe 16777 28129 282462 resp 283351 23 pmu 1023471 129461 8264590 10656835 75124376
1790352406.124406 W 8 lat 296 296 740 0 exe 17333 32092 133462 resp 133796 74 pmu 1023168 181100 8257806 8824236 85169239
1790352407.164397 W 9 lat 296 296 425 0 exe 17037 21925 113481 resp 113870 8 pmu 1023681 68305 8259642 7349270 56127709
1790352407.476418 Closing cell "rt-bench"
1790352407.476483 [MG] Initializing memguard on CPU 3
1790352407.476509 [SMMUv2] Exiting SMMUv2 on cell 1
1790352407.476562 [COL] Colored OP 1: PHYS 0x30000000 -> VIRT 0x00000000 (SIZE: 0x00400000, COL: 0x000000ff, extra: 0x0000000000000000)
1790352407.476582 [COL] Result: 0
1790352407.476643 [COL] Colored OP 4: PHYS 0x30000000 -> VIRT 0x00000000 (SIZE: 0x00400000, COL: 0x000000ff, extra: 0x0000000000000001)
1790352407.476663 [COL] Result: 0
1790352407.476697 Page pool usage after cell destruction: mem 85/4061, remap 5/131072
1790352407.476722 [MG] Initializing memguard on CPU 3
1790352407.584446 [MG] Initializing memguard on CPU 3
1790352407.584526 [MG] Initializing memguard on CPU 3
1790352407.584559 Created cell "rt-bench"
1790352407.584608 Page pool usage after cell creation: mem 94/4061, remap 5/131072
1790352407.584648 [MG] Initializing memguard on CPU 3
1790352407.584682 Cell "rt-bench" can be loaded
1790357565.347209 <missed 3259 bytes of console log>
1790357565.351723 G] Initializing memguard on CPU 3
1790357565.351761 rt-bench: ws 768 KB, 1024 loads/period, window 1000
1790357565.351813 W 0 lat 314 462 1055 0 exe 24370 35166 171296 resp 172092 40 pmu 1023238 125907 8251212 5307603 59570769
1790357565.351867 W 1 lat 277 314 629 0 exe 17240 26574 133944 resp 134574 28 pmu 1023286 115975 8250589 7782994 66549536
1790357565.351924 W 2 lat 277 296 351 0 exe 16925 19981 53018 resp 53333 0 pmu 1023369 44140 8255565 7327076 50615724
1790357565.351974 W 3 lat 296 296 611 0 exe 16981 22925 123851 resp 124166 7 pmu 1023365 78637 8254098 6479979 58069512
1790357565.352023 W 4 lat 277 296 333 0 exe 17092 19518 52333 resp 52629 0 pmu 1023381 38907 8254283 7204838 49409764
1790357565.352072 W 5 lat 277 296 333 0 exe 17111 21703 125648 resp 125962 8 pmu 1023290 64120 8254115 6471433 54963872
1790357565.352093 Closing cell "rt-bench"
1790357565.352118 [MG] Initializing memguard on CPU 3
1790357565.352142 [SMMUv2] Exiting SMMUv2 on cell 1
1790357565.352195 [COL] Colored OP 1: PHYS 0x30000000 -> VIRT 0x00000000 (SIZE: 0x00400000, COL: 0x000000ff, extra: 0x0000000000000000)
1790357565.352215 [COL] Result: 0
1790357565.352268 [COL] Colored OP 4: PHYS 0x30000000 -> VIRT 0x00000000 (SIZE: 0x00400000, COL: 0x000000ff, extra: 0x0000000000000001)
1790357565.352287 [COL] Result: 0
1790357565.352322 Page pool usage after cell destruction: mem 85/4061, remap 5/131072
1790357565.352348 [MG] Initializing memguard on CPU 3
1790357565.352372 [MG] Initializing memguard on CPU 3
1790357565.352540 [COL] Colored OP 0: PHYS 0x30000000 -> VIRT 0x00000000 (SIZE: 0x00400000, COL: 0x000000ff, extra: 0x0000000000000000)
1790357565.352566 [COL] Result: 0
1790357565.352592 [MG] Initializing memguard on CPU 3
1790357565.352612 Created cell "rt-bench"
1790357565.352646 Page pool usage after cell creation: mem 98/4061, remap 5/131072
1790357565.352700 [COL] Colored OP 3: PHYS 0x30000000 -> VIRT 0x00000000 (SIZE: 0x00400000, COL: 0x000000ff, extra: 0x0000000000000000)
1790357565.352726 [MG] Initializing memguard on CPU 3
1790357565.352743 [COL] Result: 0
1790357565.352765 Cell "rt-bench" can be loaded
1790357565.352817 [COL] Colored OP 2: PHYS 0x30000000 -> VIRT 0x00000000 (SIZE: 0x00400000, COL: 0x000000ff, extra: 0x0000000000000000)
1790357565.352836 [COL] Result: 0
1790357565.352888 [COL] Colored OP 4: PHYS 0x30000000 -> VIRT 0x00000000 (SIZE: 0x00400000, COL: 0x000000ff, extra: 0x0000000000000001)
1790357565.352907 [COL] Result: 0
1790357565.352927 Started cell "rt-bench"
1790357565.352951 [MG] Initializing memguard on CPU 3
1790357565.352981 rt-bench: ws 768 KB, 1024 loads/period, window 1000
1790357566.384510 W 0 lat 333 462 888 0 exe 24203 33481 172296 resp 172870 41 pmu 1023292 109222 8255202 5307597 57244039
1790357567.424564 W 1 lat 277 314 537 0 exe 16648 26518 176074 resp 176611 27 pmu 1023376 116069 8256198 7781819 66554360
1790357568.360524 W 2 lat 277 296 333 0 exe 16962 19166 51962 resp 52277 0 pmu 1023543 35682 8250108 7744213 48878179
1790357569.400554 W 3 lat 296 296 611 0 exe 17074 23499 112888 resp 113314 8 pmu 1023452 86255 8257328 6465492 59420381
1790357570.336486 W 4 lat 277 296 333 0 exe 16888 19499 50999 resp 51314 0 pmu 1023466 39097 8246901 7098953 49274994
1790357571.376559 W 5 lat 277 296 462 0 exe 16962 21759 119574 resp 119888 6 pmu 1023438 65477 8245808 6457168 55189576
1790357572.442783 W 6 lat 277 462 3592 0 exe 17148 102333 425981 resp 429574 281 pmu 1022599 635497 8256134 7156250 313934519
1790357573.364530 W 7 lat 277 314 3611 0 exe 16944 27722 306148 resp 309759 19 pmu 1023295 120199 8247927 10656306 74195677
1790357574.404504 W 8 lat 277 296 1037 0 exe 17018 31425 135388 resp 135703 58 pmu 1023091 171307 8248974 9083440 82858401
1790357575.340534 W 9 lat 296 296 611 0 exe 17018 21907 129925 resp 130388 7 pmu 1023441 67201 8247334 7364865 56056971
1790357575.684623 Closing cell "rt-bench"
1790357575.684707 [MG] Initializing memguard on CPU 3
1790357575.684738 [SMMUv2] Exiting SMMUv2 on cell 1
1790357575.684791 [COL] Colored OP 1: PHYS 0x30000000 -> VIRT 0x00000000 (SIZE: 0x00400000, COL: 0x000000ff, extra: 0x0000000000000000)
1790357575.684812 [COL] Result: 0
1790357575.684862 [COL] Colored OP 4: PHYS 0x30000000 -> VIRT 0x00000000 (SIZE: 0x00400000, COL: 0x000000ff, extra: 0x0000000000000001)
1790357575.684883 [COL] Result: 0
1790357575.684917 Page pool usage after cell destruction: mem 85/4061, remap 5/131072
1790357575.684965 [MG] Initializing memguard on CPU 3
1790357575.792569 [MG] Initializing memguard on CPU 3
1790357575.792630 [MG] Initializing memguard on CPU 3
1790357575.792654 Created cell "rt-bench"
1790357575.792693 Page pool usage after cell creation: mem 94/4061, remap 5/131072
1790359430.198636 <missed 3258 bytes of console log>
1790359430.201197 G] Initializing memguard on CPU 3
1790359430.201233 rt-bench: ws 768 KB, 1024 loads/period, window 1000
1790359430.201283 W 0 lat 314 462 2055 0 exe 24444 35259 171629 resp 173685 39 pmu 1023605 129518 8258342 5307587 60242648
1790359430.201334 W 1 lat 296 314 999 0 exe 17018 26629 147259 resp 148259 28 pmu 1023443 117982 8261684 7798519 66780292
1790359430.201383 W 2 lat 296 296 333 0 exe 16962 19722 46074 resp 46388 0 pmu 1023594 42441 8255729 7463119 50073698
1790359430.201431 W 3 lat 296 296 444 0 exe 17055 22777 114092 resp 114407 8 pmu 1023585 78469 8259758 6409440 57727941
1790359430.201479 W 4 lat 296 296 333 0 exe 16888 19425 47444 resp 47777 0 pmu 1023661 39357 8258828 7106011 49159165
1790359430.201527 W 5 lat 296 296 648 0 exe 16962 22129 111518 resp 111833 8 pmu 1023547 70438 8259052 6421408 56064288
1790359430.201549 Closing cell "rt-bench"
1790359430.201573 [MG] Initializing memguard on CPU 3
1790359430.201597 [SMMUv2] Exiting SMMUv2 on cell 1
1790359430.201649 [COL] Colored OP 1: PHYS 0x30000000 -> VIRT 0x00000000 (SIZE: 0x00400000, COL: 0x000000ff, extra: 0x0000000000000000)
1790359430.201669 [COL] Result: 0
1790359430.201720 [COL] Colored OP 4: PHYS 0x30000000 -> VIRT 0x00000000 (SIZE: 0x00400000, COL: 0x000000ff, extra: 0x0000000000000001)
1790359430.201740 [COL] Result: 0
1790359430.201774 Page pool usage after cell destruction: mem 85/4061, remap 5/131072
1790359430.201800 [MG] Initializing memguard on CPU 3
1790359430.201824 [MG] Initializing memguard on CPU 3
1790359430.201876 [COL] Colored OP 0: PHYS 0x30000000 -> VIRT 0x00000000 (SIZE: 0x00400000, COL: 0x000000ff, extra: 0x0000000000000000)
1790359430.201895 [COL] Result: 0
1790359430.201919 [MG] Initializing memguard on CPU 3
1790359430.201939 Created cell "rt-bench"
1790359430.201973 Page pool usage after cell creation: mem 98/4061, remap 5/131072
1790359430.201998 [MG] Initializing memguard on CPU 3
1790359430.202050 [COL] Colored OP 3: PHYS 0x30000000 -> VIRT 0x00000000 (SIZE: 0x00400000, COL: 0x000000ff, extra: 0x0000000000000000)
1790359430.202069 [COL] Result: 0
1790359430.202091 Cell "rt-bench" can be loaded
1790359430.202142 [COL] Colored OP 2: PHYS 0x30000000 -> VIRT 0x00000000 (SIZE: 0x00400000, COL: 0x000000ff, extra: 0x0000000000000000)
1790359430.202161 [COL] Result: 0
1790359430.202212 [COL] Colored OP 4: PHYS 0x30000000 -> VIRT 0x00000000 (SIZE: 0x00400000, COL: 0x000000ff, extra: 0x0000000000000001)
1790359430.202232 [COL] Result: 0
1790359430.202251 Started cell "rt-bench"
1790359430.202275 [MG] Initializing memguard on CPU 3
1790359430.202305 rt-bench: ws 768 KB, 1024 loads/period, window 1000
1790359431.236490 W 0 lat 314 462 1740 0 exe 24333 33629 164092 resp 164518 40 pmu 1023548 109369 8259724 5307591 57195415
1790359432.172466 W 1 lat 296 314 703 0 exe 17296 26703 134574 resp 135092 27 pmu 1023530 118371 8260334 7704691 66568758
1790359433.212437 W 2 lat 296 296 333 0 exe 16925 19370 48666 resp 48981 0 pmu 1023693 38111 8256881 7334108 49103856
1790359434.252465 W 3 lat 296 296 444 0 exe 17055 22574 114277 resp 114592 9 pmu 1023662 75677 8254919 6433348 57139614
1790359435.188435 W 4 lat 296 296 333 0 exe 17037 19537 64185 resp 64499 0 pmu 1023732 40314 8259556 7106896 49435432
1790359436.228463 W 5 lat 296 296 462 0 exe 17055 21888 113333 resp 113648 8 pmu 1023647 67604 8254084 6590028 55581951
1790359437.273740 W 6 lat 296 462 3074 0 exe 17351 102277 407592 resp 409351 267 pmu 1022803 638752 8255405 7094772 314166573
1790359438.204463 W 7 lat 296 314 3740 0 exe 17240 27685 255444 resp 255851 18 pmu 1023455 123420 8257989 10461506 74283839
1790359439.248473 W 8 lat 296 296 944 0 exe 16703 32518 169277 resp 169592 73 pmu 1023263 185808 8263052 8562338 85687353
1790359440.184460 W 9 lat 296 296 444 0 exe 16907 22074 129314 resp 129629 7 pmu 1023555 69492 8261150 7707460 56706836
1790359440.608483 Closing cell "rt-bench"
1790359440.608556 [MG] Initializing memguard on CPU 3
1790359440.608587 [SMMUv2] Exiting SMMUv2 on cell 1
1790359440.608651 [COL] Colored OP 1: PHYS 0x30000000 -> VIRT 0x00000000 (SIZE: 0x00400000, COL: 0x000000ff, extra: 0x0000000000000000)
1790359440.608674 [COL] Result: 0
1790359440.608736 [COL] Colored OP 4: PHYS 0x30000000 -> VIRT 0x00000000 (SIZE: 0x00400000, COL: 0x000000ff, extra: 0x0000000000000001)
1790359440.608759 [COL] Result: 0
1790359440.608800 Page pool usage after cell destruction: mem 85/4061, remap 5/131072
1790359440.608830 [MG] Initializing memguard on CPU 3
1790359440.608858 [MG] Initializing memguard on CPU 3
1790359440.608887 [MG] Initializing memguard on CPU 3
1790359440.608910 Created cell "rt-bench"
1790359440.608953 Page pool usage after cell creation: mem 94/4061, remap 5/131072
