1790320693.378561 <missed 2298677 bytes of console log>
1790320693.378678  21685 56611 resp 56925 0 pmu 1023558 65562 8254299 7186422 55435854
1790320693.378758 W 1415 lat 296 296 611 0 exe 19203 25333 125574 resp 125888 12 pmu 1023450 105765 8250817 6535459 65433422
1790320693.378824 W 1416 lat 296 296 555 0 exe 18870 22907 56870 resp 57185 0 pmu 1023581 79397 8255309 7245256 58828827
1790320693.378888 W 1417 lat 296 296 555 0 exe 19129 26092 113888 resp 114203 14 pmu 1023506 115084 8260833 6544190 67640549
1790320693.378949 W 1418 lat 296 296 481 0 exe 18907 22444 56777 resp 57092 0 pmu 1023619 73998 8254137 7131466 57363454
1790320693.379012 W 1419 lat 296 296 648 0 exe 18351 30499 120592 resp 120925 40 pmu 1023337 164878 8259756 6540859 78996596
1790320693.379073 W 1420 lat 296 296 333 0 exe 17055 19296 49185 resp 49499 0 pmu 1023668 37372 8259439 7217428 48884765
1790320693.379100 Closing cell "rt-bench"
1790320693.379130 [MG] Initializing memguard on CPU 3
1790320693.379159 [SMMUv2] Exiting SMMUv2 on cell 1
1790320693.379224 [COL] Colored OP 1: PHYS 0x30000000 -> VIRT 0x00000000 (SIZE: 0x00400000, COL: 0x000000ff, extra: 0x0000000000000000)
1790320693.379248 [COL] Result: 0
1790320693.379313 [COL] Colored OP 4: PHYS 0x30000000 -> VIRT 0x00000000 (SIZE: 0x00400000, COL: 0x000000ff, extra: 0x0000000000000001)
1790320693.379337 [COL] Result: 0
1790320693.379379 Page pool usage after cell destruction: mem 85/4061, remap 5/131072
1790320693.379411 [MG] Initializing memguard on CPU 3
1790320693.379440 [MG] Initializing memguard on CPU 3
1790320693.379505 [COL] Colored OP 0: PHYS 0x30000000 -> VIRT 0x00000000 (SIZE: 0x00400000, COL: 0x000000ff, extra: 0x0000000000000000)
1790320693.379529 [COL] Result: 0
1790320693.379558 [MG] Initializing memguard on CPU 3
1790320693.379582 Created cell "rt-bench"
1790320693.379624 Page pool usage after cell creation: mem 98/4061, remap 5/131072
1790320693.379690 [COL] Colored OP 3: PHYS 0x30000000 -> VIRT 0x00000000 (SIZE: 0x00400000, COL: 0x000000ff, extra: 0x0000000000000000)
1790320693.379722 [MG] Initializing memguard on CPU 3
1790320693.379743 [COL] Result: 0
1790320693.379769 Cell "rt-bench" can be loaded
1790320693.379834 [COL] Colored OP 2: PHYS 0x30000000 -> VIRT 0x00000000 (SIZE: 0x00400000, COL: 0x000000ff, extra: 0x0000000000000000)
1790320693.379857 [COL] Result: 0
1790320693.379921 [COL] Colored OP 4: PHYS 0x30000000 -> VIRT 0x00000000 (SIZE: 0x00400000, COL: 0x000000ff, extra: 0x0000000000000001)
1790320693.379944 [COL] Result: 0
1790320693.379968 Started cell "rt-bench"
1790320693.379997 [MG] Initializing memguard on CPU 3
1790320693.380035 rt-bench: ws 768 KB, 1024 loads/period, window 1000
1790320694.418047 W 0 lat 388 462 1444 0 exe 23018 33814 146555 resp 146962 46 pmu 1023716 118778 8256020 5307605 57327694
1790320695.354046 W 1 lat 462 462 611 0 exe 24018 32240 128555 resp 129018 26 pmu 1023731 95065 8259288 7522489 52020854
1790320696.394017 W 2 lat 462 462 499 0 exe 24314 26814 59074 resp 59555 0 pmu 1023868 39063 8252188 7335779 42726035
1790320697.434047 W 3 lat 462 462 759 0 exe 24351 31351 135648 resp 136148 22 pmu 1023755 85458 8259123 6615039 50034647
1790320698.370026 W 4 lat 462 462 518 0 exe 23888 27740 86574 resp 87055 0 pmu 1023868 48586 8257908 7405054 44202626
1790320699.414115 W 5 lat 462 462 814 0 exe 24203 30870 135240 resp 135851 18 pmu 1023686 80453 8258506 6892548 49409814
1790320700.421277 W 6 lat 296 537 3703 0 exe 25740 129574 409314 resp 411870 374 pmu 1022762 763968 8258155 7399643 367729466
1790320701.406013 W 7 lat 296 333 3814 0 exe 17222 31444 515185 resp 518314 26 pmu 1023583 142339 8262899 10664853 88046461
1790320702.446002 W 8 lat 296 296 425 0 exe 17240 21888 112833 resp 113166 4 pmu 1023747 68604 8260038 11192276 58420813
1790320703.382011 W 9 lat 296 296 574 0 exe 16814 22259 109388 resp 109962 6 pmu 1023724 72824 8258139 7089744 56777664
1790320704.421983 W 10 lat 296 296 333 0 exe 16962 19240 45888 resp 46203 0 pmu 1023811 37598 8255000 7057180 48638004
1790320705.358044 W 11 lat 296 425 629 0 exe 17203 29796 128759 resp 129333 17 pmu 1023714 87897 8259441 6405022 51800127
1790320706.398022 W 12 lat 462 462 499 0 exe 24129 26592 67555 resp 68055 0 pmu 1023828 36651 8255260 7291359 42324986
1790320707.438051 W 13 lat 462 462 685 0 exe 24351 29796 129166 resp 129666 18 pmu 1023798 69374 8261336 6697924 47579250
1790320708.374018 W 14 lat 462 462 499 0 exe 23870 26703 56444 resp 56944 0 pmu 1023762 37925 8260172 7332330 42539053
1790320709.414047 W 15 lat 462 462 518 0 exe 24148 29296 135499 resp 135999 18 pmu 1023712 64375 8259532 6586036 46731319
1790320710.350017 W 16 lat 462 462 499 0 exe 24203 27796 57592 resp 58092 0 pmu 1023887 48876 8261892 7391194 44258956
1790320711.390047 W 17 lat 462 462 611 0 exe 24166 30074 131111 resp 131703 18 pmu 1023767 72197 8260226 6604739 48030374
1790320712.430017 W 18 lat 462 462 518 0 exe 23999 26574 53055 resp 53555 0 pmu 1023834 36629 8260080 7352035 42348986
1790320713.366049 W 19 lat 462 462 648 0 exe 24129 30037 130888 resp 131370 19 pmu 1023761 72095 8259986 6552238 47922731
1790320714.406023 W 20 lat 462 462 499 0 exe 24425 26870 54796 resp 55296 0 pmu 1023829 39476 8258188 7349146 42819921
1790320715.450049 W 21 lat 462 462 537 0 exe 24222 29574 130870 resp 131407 19 pmu 1023723 67419 8258017 6573211 47238178
1790320716.386021 W 22 lat 462 462 518 0 exe 24037 27222 65740 resp 66203 0 pmu 1023818 43230 8261000 7346821 43353117
1790320717.426047 W 23 lat 370 462 740 0 exe 20722 29259 141611 resp 142222 17 pmu 1023761 68150 8261510 6682150 47496310
1790320718.362017 W 24 lat 462 462 537 0 exe 24037 26574 53370 resp 53851 0 pmu 1023870 36399 8259591 7435936 42385741
1790320719.402045 W 25 lat 462 462 555 0 exe 24314 29703 139611 resp 140166 17 pmu 1023736 68533 8255099 6555668 47363713
1790320720.442022 W 26 lat 462 462 499 0 exe 24222 27092 54111 resp 54592 0 pmu 1023850 41640 8256272 7435648 43183490
1790320721.378044 W 27 lat 462 462 740 0 exe 24351 29537 136648 resp 137148 17 pmu 1023770 66751 8260203 6566192 47130710
1790320722.418019 W 28 lat 462 462 518 0 exe 24203 27074 51444 resp 51925 0 pmu 1023775 41524 8257114 7405943 43162875
1790320723.354052 W 29 lat 462 462 611 0 exe 23962 29537 127129 resp 127629 18 pmu 1023690 66934 8260041 6539498 47147478
1790320724.394019 W 30 lat 462 462 499 0 exe 24148 26740 54814 resp 55296 0 pmu 1023838 38177 8260911 7308194 42562928
1790320725.434046 W 31 lat 462 462 685 0 exe 24222 29425 131166 resp 131666 18 pmu 1023767 65576 8261301 6571152 46961782
1790320726.370019 W 32 lat 462 462 499 0 exe 23722 26629 61129 resp 61629 0 pmu 1023879 37474 8263144 7349674 42445518
1790320727.410048 W 33 lat 462 462 851 0 exe 24370 29629 126166 resp 126666 18 pmu 1023780 68119 8258788 6631866 47331474
1790320728.450027 W 34 lat 462 462 499 0 exe 24018 27333 50888 resp 51388 0 pmu 1023846 44187 8257404 7302298 43505395
1790320729.386044 W 35 lat 462 462 518 0 exe 24296 29537 128407 resp 128925 20 pmu 1023705 66893 8256318 6534323 47141443
1790320730.426025 W 36 lat 462 462 518 0 exe 24462 27703 58074 resp 58574 0 pmu 1023836 47812 8263016 7322206 44066063
1790320731.362049 W 37 lat 462 462 759 0 exe 23944 29944 132592 resp 133351 20 pmu 1023718 70793 8261086 6610351 47786773
1790320732.402020 W 38 lat 444 462 499 0 exe 24129 27037 52888 resp 53370 0 pmu 1023821 41137 8261984 7366845 43073450
1790320733.442043 W 39 lat 462 462 685 0 exe 23981 29185 132370 resp 133018 18 pmu 1023802 62997 8260501 6553227 46549954
1790320734.378022 W 40 lat 407 462 499 0 exe 21537 26722 51592 resp 52055 0 pmu 1023917 44230 8254129 7359979 43686372
1790320735.418052 W 41 lat 462 462 518 0 exe 24018 30240 129055 resp 129537 18 pmu 1023728 73915 8257186 6525518 48218184
1790320736.354018 W 42 lat 462 462 499 0 exe 24425 26907 52703 resp 53185 0 pmu 1023888 39981 8264112 7330523 42828659
1790320737.394046 W 43 lat 462 462 555 0 exe 24333 29259 133703 resp 134259 18 pmu 1023742 63930 8263074 6552279 46692070
1790320738.434023 W 44 lat 462 462 574 0 exe 24222 28203 86425 resp 86925 0 pmu 1023810 53108 8258079 7374388 44954149
1790320739.370046 W 45 lat 462 462 833 0 exe 24481 29740 131574 resp 132055 17 pmu 1023762 68792 8259032 6895400 47650827
1790320740.410021 W 46 lat 462 462 499 0 exe 24314 27499 58222 resp 58703 0 pmu 1023837 46060 8263233 7357205 43800791
1790320741.450056 W 47 lat 462 462 555 0 exe 24037 29333 133425 resp 133925 18 pmu 1023728 64712 8259369 6609896 46819953
1790320742.386017 W 48 lat 462 462 518 0 exe 24277 27277 64370 resp 64851 0 pmu 1023867 43655 8262540 7370277 43438355
1790320743.426049 W 49 lat 462 462 537 0 exe 24296 29648 139037 resp 139574 17 pmu 1023743 68099 8258422 6670325 47327106
1790320744.362018 W 50 lat 462 462 518 0 exe 23870 26666 55666 resp 56148 0 pmu 1023819 37583 8257910 7429373 42525832
1790320745.402048 W 51 lat 462 462 611 0 exe 23648 29351 136833 resp 137333 17 pmu 1023745 64832 8257180 6578146 46843005
1790320746.442023 W 52 lat 444 462 499 0 exe 23851 27259 57999 resp 58481 0 pmu 1023771 43369 8259828 7402688 43438043
1790320747.378049 W 53 lat 462 462 777 0 exe 24092 29666 135648 resp 136185 17 pmu 1023764 68340 8261678 6604147 47391178
1790320748.418019 W 54 lat 462 462 537 0 exe 24111 26870 54722 resp 55222 0 pmu 1023872 39468 8259516 7395791 42795083
1790320749.354045 W 55 lat 462 462 629 0 exe 24037 29314 137925 resp 138444 18 pmu 1023761 64466 8256492 6571105 46794290
1790320750.394012 W 56 lat 370 444 499 0 exe 21240 26814 57870 resp 58370 0 pmu 1023877 46413 8261866 7415596 44061849
1790320751.434046 W 57 lat 462 462 611 0 exe 24259 29796 135092 resp 135703 18 pmu 1023714 69511 8261616 6587168 47534193
1790320752.370008 W 58 lat 462 462 518 0 exe 24296 27351 61037 resp 61518 0 pmu 1023823 44435 8255835 7391173 43570649
1790320753.410049 W 59 lat 462 462 703 0 exe 24148 29518 126981 resp 127648 16 pmu 1023711 66629 8258409 6637341 47206506
1790320754.450008 W 60 lat 462 462 499 0 exe 24462 26944 57092 resp 57574 0 pmu 1023830 40017 8260957 7308799 42873984
1790320755.386047 W 61 lat 462 462 629 0 exe 23962 29592 136055 resp 136685 16 pmu 1023722 67131 8258813 6596634 47270779
1790320756.426007 W 62 lat 462 462 518 0 exe 23925 27129 59425 resp 59907 0 pmu 1023845 42168 8263260 7398561 43225342
1790320757.362053 W 63 lat 462 462 666 0 exe 24296 29425 127740 resp 128240 16 pmu 1023790 66056 8263604 6618242 47041058
1790320758.402017 W 64 lat 462 462 518 0 exe 24222 28388 85999 resp 86499 0 pmu 1023814 55019 8258238 7315580 45154651
1790320759.442045 W 65 lat 462 462 611 0 exe 23907 29962 133277 resp 133740 16 pmu 1023763 71205 8260172 6891832 48014376
1790320760.378022 W 66 lat 462 462 499 0 exe 24351 27222 56796 resp 57277 0 pmu 1023814 43277 8264296 7371298 43359569
1790320761.422047 W 67 lat 462 462 648 0 exe 24092 30074 130851 resp 131370 17 pmu 1023777 72441 8264025 6594674 48031842
1790320762.358020 W 68 lat 462 462 499 0 exe 24166 26740 57351 resp 57814 0 pmu 1023781 38236 8264216 7348933 42590412
1790320763.398049 W 69 lat 462 462 592 0 exe 24314 29666 127314 resp 127907 17 pmu 1023703 68232 8260338 6596598 47397677
1790320764.438016 W 70 lat 462 462 499 0 exe 23925 27222 55962 resp 56462 0 pmu 1023834 43124 8259608 7312944 43341377
1790320765.374048 W 71 lat 462 462 833 0 exe 24092 29499 130962 resp 131481 16 pmu 1023697 66369 8258797 6584095 47089112
1790320766.414041 W 72 lat 462 462 499 0 exe 24129 26814 55129 resp 55611 0 pmu 1023850 38987 8262314 7348189 42718821
1790320767.350049 W 73 lat 388 462 925 0 exe 21222 30962 130259 resp 131185 21 pmu 1023739 85735 8257108 6574614 50111708
1790320768.390018 W 74 lat 462 462 499 0 exe 23925 26759 53537 resp 54018 0 pmu 1023710 38342 8261988 7336111 42611397
1790320769.430044 W 75 lat 462 462 611 0 exe 24166 29129 135537 resp 136148 16 pmu 1023652 62820 8261388 6557446 46531003
1790320770.366020 W 76 lat 462 462 537 0 exe 24111 27296 54055 resp 54537 0 pmu 1023886 43991 8262882 7391735 43495704
1790320771.406049 W 77 lat 462 462 648 0 exe 23999 30111 127870 resp 128370 17 pmu 1023761 72757 8258709 6566499 48064324
1790320772.446016 W 78 lat 462 462 648 0 exe 24018 26870 54092 resp 54555 0 pmu 1023865 39577 8259763 7318906 42801991
1790320773.382046 W 79 lat 462 462 629 0 exe 23907 29333 131444 resp 131925 18 pmu 1023748 64908 8259976 6564705 46869604
1790320774.422021 W 80 lat 462 462 499 0 exe 24148 26888 54185 resp 54685 0 pmu 1023847 39607 8252772 7350090 42829678
1790320775.358047 W 81 lat 462 462 611 0 exe 23981 29722 128759 resp 129240 18 pmu 1023660 68452 8251576 6565790 47388327
1790320776.398018 W 82 lat 462 462 518 0 exe 24148 27240 54240 resp 54703 0 pmu 1023876 43276 8264237 7325397 43373380
1790320777.438043 W 83 lat 462 462 555 0 exe 24351 29555 136037 resp 136537 18 pmu 1023669 66963 8263506 6567970 47139289
1790320778.374018 W 84 lat 462 462 518 0 exe 23703 26814 55759 resp 56259 0 pmu 1023719 39122 8260484 7399170 42757486
1790320779.414045 W 85 lat 462 462 611 0 exe 24092 29481 133037 resp 133537 18 pmu 1023625 66330 8258132 6579057 47064903
1790320780.350019 W 86 lat 462 462 518 0 exe 24074 27092 52759 resp 53259 0 pmu 1023760 41590 8254763 7367568 43156957
1790320781.390045 W 87 lat 462 462 666 0 exe 24203 29518 131240 resp 131740 17 pmu 1023743 66607 8257947 6552366 47111789
1790320782.430022 W 88 lat 462 462 518 0 exe 24185 27166 57722 resp 58185 0 pmu 1023742 42364 8257395 7350700 43255993
1790320783.366047 W 89 lat 388 462 648 0 exe 21629 29407 132037 resp 132648 21 pmu 1023765 70084 8260384 6602681 47741053
1790320784.406013 W 90 lat 462 462 499 0 exe 23962 26944 52444 resp 52925 0 pmu 1023879 40260 8260537 7345223 42902607
1790320785.446046 W 91 lat 462 462 555 0 exe 23907 29129 139870 resp 140351 18 pmu 1023821 62939 8257240 6547556 46466508
1790320786.382018 W 92 lat 462 462 499 0 exe 24166 26685 57370 resp 57851 0 pmu 1023851 37813 8261399 7432862 42575527
1790320787.422051 W 93 lat 462 462 740 0 exe 23981 29444 141499 resp 141999 18 pmu 1023741 65969 8263272 6596716 46978318
1790320788.358021 W 94 lat 462 462 518 0 exe 24148 27351 56925 resp 57444 0 pmu 1023853 44481 8263300 7452242 43626587
1790320789.398049 W 95 lat 462 462 629 0 exe 24037 29518 131962 resp 132481 18 pmu 1023628 66629 8258704 6595633 47136586
1790320790.438017 W 96 lat 462 462 518 0 exe 23999 27074 55629 resp 56129 0 pmu 1023813 41453 8262168 7357008 43103816
1790320791.378054 W 97 lat 462 462 629 0 exe 24111 29462 128111 resp 128611 17 pmu 1023712 66253 8258787 6580467 47049963
1790320792.418024 W 98 lat 462 462 518 0 exe 24092 27166 58407 resp 58907 0 pmu 1023814 42635 8262538 7318434 43271553
1790320793.354062 W 99 lat 462 462 611 0 exe 23722 29259 133629 resp 134240 18 pmu 1023749 64383 8260702 6609182 46763830
1790320794.394022 W 100 lat 462 462 518 0 exe 24407 27148 61444 resp 61925 0 pmu 1023852 42586 8262139 7371070 43263606
1790320795.434051 W 101 lat 462 462 777 0 exe 23777 29055 131259 resp 131851 18 pmu 1023760 61930 8257580 6640869 46430312
1790320796.370049 W 102 lat 462 462 518 0 exe 24074 26888 49333 resp 49814 0 pmu 1023836 39564 8252555 7347425 42835662
1790320797.410054 W 103 lat 462 462 888 0 exe 24055 29851 127981 resp 128648 17 pmu 1023710 70077 8255866 6516911 47586728
1790320798.450019 W 104 lat 462 462 518 0 exe 24037 26981 56777 resp 57277 0 pmu 1023836 40477 8261652 7320976 42935201
1790320799.390051 W 105 lat 351 462 592 0 exe 22629 28870 134462 resp 134962 14 pmu 1023768 64850 8263362 6591798 47261897
1790320800.430024 W 106 lat 370 462 518 0 exe 20685 27203 63814 resp 64314 0 pmu 1023849 45264 8260201 7370905 43748380
1790320801.366054 W 107 lat 462 462 537 0 exe 24388 29296 137962 resp 138481 18 pmu 1023788 64425 8261232 6645830 46784154
1790320802.406020 W 108 lat 462 462 499 0 exe 24203 27777 53981 resp 54462 0 pmu 1023858 48468 8259169 7417187 44216619
1790320803.446050 W 109 lat 462 462 629 0 exe 24203 29333 140351 resp 140851 18 pmu 1023759 64849 8262872 6568446 46818745
1790320804.382020 W 110 lat 462 462 499 0 exe 24351 26925 54999 resp 55481 0 pmu 1023844 40174 8261354 7440649 42949844
1790320805.422050 W 111 lat 462 462 629 0 exe 24037 28944 130759 resp 131277 18 pmu 1023670 61244 8259229 6574999 46258410
1790320806.358012 W 112 lat 462 462 499 0 exe 24222 27370 57555 resp 58018 0 pmu 1023857 44479 8259597 7342070 43551919
1790320807.398075 W 113 lat 462 462 740 0 exe 24092 29166 131425 resp 131944 18 pmu 1023651 63566 8259653 6602124 46636778
1790320808.438014 W 114 lat 462 462 518 0 exe 24351 27166 65537 resp 65999 0 pmu 1023847 42639 8262846 7350678 43259144
1790320809.374067 W 115 lat 462 462 611 0 exe 23944 28481 138925 resp 139518 18 pmu 1023763 56518 8262386 6681733 45581675
1790320810.414019 W 116 lat 462 462 499 0 exe 23999 27203 58777 resp 59277 0 pmu 1023867 42913 8263352 7421287 43361478
1790320811.350050 W 117 lat 462 462 796 0 exe 23629 28537 133296 resp 134092 17 pmu 1023830 57037 8264704 6612696 45651260
1790320812.390022 W 118 lat 462 462 537 0 exe 24351 27907 72962 resp 73462 0 pmu 1023823 49890 8259408 7365664 44418425
1790320813.430071 W 119 lat 462 462 1351 0 exe 24240 28018 138259 resp 139277 17 pmu 1023726 51282 8258592 6759902 44908128
1790320814.366019 W 120 lat 462 462 499 0 exe 24166 28185 102481 resp 102962 1 pmu 1023729 53202 8262224 7419553 44846068
1790320815.406070 W 121 lat 444 462 611 0 exe 24185 27648 149685 resp 150185 8 pmu 1023814 47113 8262111 7055124 44456824
1790320816.446024 W 122 lat 370 462 518 0 exe 21037 28685 115370 resp 115833 10 pmu 1023711 64341 8253772 7525169 46726040
1790320817.382129 W 123 lat 462 462 499 0 exe 24129 26425 45740 resp 46222 0 pmu 1023721 35133 8257464 7170509 42013037
1790320818.422043 W 124 lat 462 462 870 0 exe 23907 31222 145666 resp 146537 18 pmu 1023668 84065 8263404 6478749 49647872
1790320819.358058 W 125 lat 462 462 499 0 exe 24333 27055 56981 resp 57462 0 pmu 1023803 41354 8264710 7504933 43147393
1790320820.398045 W 126 lat 462 462 629 0 exe 24166 29499 134240 resp 134722 18 pmu 1023707 66223 8264853 6595399 47110735
1790320821.438069 W 127 lat 462 462 518 0 exe 24092 26629 54259 resp 54722 0 pmu 1023829 37021 8259969 7380162 42429071
1790320822.374019 W 128 lat 444 462 648 0 exe 24499 29611 136777 resp 137407 18 pmu 1023741 67843 8265618 6564813 47298157
1790320823.414045 W 129 lat 462 462 499 0 exe 24018 26611 42314 resp 42796 0 pmu 1023784 36922 8258540 7408584 42442795
1790320824.350024 W 130 lat 462 462 814 0 exe 24092 29833 136518 resp 137333 18 pmu 1023708 69741 8262167 6444897 47524987
1790320825.390160 W 131 lat 462 462 499 0 exe 24148 26499 47351 resp 47833 0 pmu 1023766 35726 8263496 7406822 42251918
1790320826.430040 W 132 lat 462 462 777 0 exe 24333 29722 135203 resp 135740 17 pmu 1023684 68560 8260943 6495457 47398294
1790320827.366029 W 133 lat 462 462 499 0 exe 23981 26888 55055 resp 55537 0 pmu 1023779 39664 8258748 7392816 42865372
1790320828.406049 W 134 lat 462 462 777 0 exe 24074 29796 138666 resp 139166 18 pmu 1023627 69260 8259747 6573742 47518911
1790320829.446053 W 135 lat 462 462 499 0 exe 24277 26666 58074 resp 58574 0 pmu 1023766 37550 8258168 7426463 42533439
1790320830.382022 W 136 lat 462 462 648 0 exe 24166 29740 136925 resp 137407 17 pmu 1023776 68937 8257755 6604374 47505454
1790320831.422068 W 137 lat 462 462 499 0 exe 24185 27092 49833 resp 50333 0 pmu 1023834 41830 8258272 7408468 43192160
1790320832.358030 W 138 lat 407 462 611 0 exe 21796 29240 130055 resp 130555 18 pmu 1023604 69780 8256371 6523377 47766946
1790320833.398022 W 139 lat 462 462 518 0 exe 24240 26833 54907 resp 55370 0 pmu 1023810 39336 8257556 7324888 42734960
1790320834.438048 W 140 lat 462 462 592 0 exe 24351 29388 135370 resp 135888 17 pmu 1023713 65210 8260701 6573118 46945235
1790320835.374031 W 141 lat 462 462 499 0 exe 23962 27166 54537 resp 55018 0 pmu 1023835 42657 8259747 7391737 43289573
1790320836.414047 W 142 lat 462 462 1574 0 exe 24259 29814 132185 resp 132685 17 pmu 1023693 69731 8261538 6569856 47603263
1790320837.350017 W 143 lat 462 462 499 0 exe 23703 26611 54518 resp 54981 0 pmu 1023789 37119 8259352 7366547 42425460
1790320838.390049 W 144 lat 462 462 666 0 exe 23999 29759 131259 resp 131814 17 pmu 1023583 69041 8254386 6565359 47505580
1790320839.430021 W 145 lat 462 462 518 0 exe 23981 26999 55499 resp 55962 0 pmu 1023715 41089 8260596 7351405 43021361
1790320840.366050 W 146 lat 462 462 1611 0 exe 23907 29685 129592 resp 130092 18 pmu 1023728 68266 8262203 6578550 47397001
1790320841.406024 W 147 lat 462 462 499 0 exe 24222 26851 56462 resp 56944 0 pmu 1023753 39546 8259340 7338264 42792425
1790320842.446047 W 148 lat 462 462 740 0 exe 24203 29537 134611 resp 135111 16 pmu 1023711 67254 8259994 6588720 47212815
1790320843.382021 W 149 lat 462 462 499 0 exe 23999 27129 58333 resp 58814 0 pmu 1023803 42086 8261356 7384772 43220349
1790320844.422048 W 150 lat 462 462 611 0 exe 24240 29407 130611 resp 131166 17 pmu 1023708 65704 8263294 6607650 47015822
1790320845.358015 W 151 lat 462 462 499 0 exe 24092 26666 55055 resp 55555 0 pmu 1023775 37619 8261408 7343866 42507208
1790320846.398048 W 152 lat 462 462 666 0 exe 24314 29462 129518 resp 130037 17 pmu 1023655 66022 8255644 6573155 47090404
1790320847.438023 W 153 lat 462 462 499 0 exe 24129 27388 51648 resp 52129 0 pmu 1023739 44877 8255464 7333792 43629271
1790320848.374045 W 154 lat 462 462 629 0 exe 24037 29777 130111 resp 130703 18 pmu 1023691 69283 8264273 6542849 47543139
1790320849.414021 W 155 lat 370 462 499 0 exe 21092 26537 53722 resp 54203 0 pmu 1023749 40844 8258436 7340141 43111744
1790320850.350046 W 156 lat 462 462 611 0 exe 24111 29499 131722 resp 132240 18 pmu 1023658 66623 8261996 6543474 47091915
1790320851.390018 W 157 lat 462 462 499 0 exe 24351 27092 56037 resp 56518 0 pmu 1023790 41733 8261909 7354716 43163059
1790320852.430045 W 158 lat 462 462 648 0 exe 24055 29407 130499 resp 130999 18 pmu 1023622 65901 8261935 6586309 46990425
1790320853.366027 W 159 lat 462 462 518 0 exe 23999 27055 53296 resp 53777 0 pmu 1023770 41478 8262148 7341846 43100022
1790320854.406045 W 160 lat 462 462 648 0 exe 23814 29592 129703 resp 130333 18 pmu 1023689 67892 8260681 6556995 47254994
1790320855.446021 W 161 lat 462 462 518 0 exe 24499 27037 53870 resp 54333 0 pmu 1023736 41113 8259618 7334344 43038400
1790320856.382048 W 162 lat 462 462 759 0 exe 24370 29462 131314 resp 132055 17 pmu 1023668 66043 8255209 6564982 47070363
1790320857.422017 W 163 lat 462 462 499 0 exe 24296 26851 55499 resp 55999 0 pmu 1023776 39356 8259476 7353631 42772483
1790320858.358048 W 164 lat 462 462 685 0 exe 24296 29944 132222 resp 132777 17 pmu 1023688 70913 8261064 6579734 47800876
1790320859.398026 W 165 lat 462 462 499 0 exe 24277 27333 55111 resp 55574 0 pmu 1023718 44181 8259100 7363543 43544947
1790320860.438043 W 166 lat 462 462 518 0 exe 23685 29851 129537 resp 130037 16 pmu 1023723 70276 8262777 6577767 47652726
1790320861.374020 W 167 lat 462 462 518 0 exe 24111 26777 53592 resp 54092 0 pmu 1023786 38629 8260958 7332234 42633243
1790320862.414045 W 168 lat 462 462 611 0 exe 23814 29703 130777 resp 131296 18 pmu 1023718 68580 8260210 6559257 47413939
1790320863.350023 W 169 lat 462 462 518 0 exe 23870 27129 57999 resp 58481 0 pmu 1023809 42079 8262680 7344832 43174841
1790320864.390048 W 170 lat 462 462 629 0 exe 24314 29685 130037 resp 130537 16 pmu 1023669 68306 8259301 6603728 47437517
1790320865.430028 W 171 lat 388 462 499 0 exe 21185 26925 57203 resp 57703 0 pmu 1023784 44474 8259596 7339885 43634378
1790320866.366047 W 172 lat 462 462 796 0 exe 23999 29555 133111 resp 133907 16 pmu 1023709 67097 8263165 6581110 47206159
1790320867.406022 W 173 lat 462 462 518 0 exe 23833 26962 54037 resp 54518 0 pmu 1023771 40276 8257943 7370727 42959259
1790320868.450053 W 174 lat 462 462 629 0 exe 24518 30759 132611 resp 133129 16 pmu 1023745 79233 8259973 6563233 49085485
1790320869.386019 W 175 lat 462 462 499 0 exe 24277 26722 56259 resp 56722 0 pmu 1023761 38176 8260444 7372145 42607659
1790320870.426047 W 176 lat 462 462 611 0 exe 24444 29518 141944 resp 142555 17 pmu 1023732 66885 8259117 6586307 47120223
1790320871.362031 W 177 lat 462 462 518 0 exe 24074 27296 50629 resp 51092 0 pmu 1023891 44052 8259498 7459191 43563469
1790320872.402046 W 178 lat 462 462 537 0 exe 24407 29685 141537 resp 142055 18 pmu 1023672 68180 8261713 6531820 47284778
1790320873.442034 W 179 lat 462 462 499 0 exe 24148 26703 54907 resp 55370 0 pmu 1023790 37853 8262517 7454964 42585331
1790320874.382047 W 180 lat 462 462 555 0 exe 24074 29759 138111 resp 138611 18 pmu 1023709 68939 8257602 6571988 47453483
1790320875.422023 W 181 lat 462 462 499 0 exe 24222 26981 51962 resp 52444 0 pmu 1023776 40679 8259028 7419418 43014180
1790320876.358047 W 182 lat 462 462 629 0 exe 24166 29629 139611 resp 140129 17 pmu 1023629 67763 8259039 6544202 47293120
1790320877.398022 W 183 lat 462 462 499 0 exe 23999 26999 54240 resp 54703 0 pmu 1023766 40964 8258960 7434633 43088170
1790320878.438048 W 184 lat 462 462 648 0 exe 24314 29481 126092 resp 126740 18 pmu 1023724 66235 8262999 6566006 47036030
1790320879.374022 W 185 lat 462 462 518 0 exe 24111 27111 59462 resp 59944 0 pmu 1023680 41872 8259332 7300141 43137657
1790320880.414045 W 186 lat 462 462 648 0 exe 24574 29740 131981 resp 132481 18 pmu 1023703 68831 8262696 6619404 47478347
1790320881.350039 W 187 lat 462 462 518 0 exe 23870 26611 50703 resp 51185 0 pmu 1023784 36927 8263121 7360982 42415201
1790320882.390050 W 188 lat 388 462 574 0 exe 20666 28981 126999 resp 127499 16 pmu 1023721 65636 8261903 6528084 47046985
1790320883.430027 W 189 lat 462 462 499 0 exe 24240 27351 59333 resp 59796 0 pmu 1023761 44616 8259476 7287143 43517885
1790320884.366046 W 190 lat 462 462 648 0 exe 24203 29648 129648 resp 130296 17 pmu 1023699 68210 8262187 6620003 47386944
1790320885.406015 W 191 lat 462 462 499 0 exe 24148 26629 58925 resp 59425 0 pmu 1023731 37261 8258952 7335980 42463654
1790320886.450044 W 192 lat 462 462 611 0 exe 24185 29388 133351 resp 133851 18 pmu 1023689 65018 8261513 6611962 46892253
1790320887.386038 W 193 lat 462 462 518 0 exe 23925 26962 52111 resp 52574 0 pmu 1023763 40330 8262140 7370706 42946527
1790320888.426045 W 194 lat 462 462 685 0 exe 24148 29685 133796 resp 134314 18 pmu 1023709 68124 8254130 6544169 47315791
1790320889.362027 W 195 lat 462 462 518 0 exe 23907 27111 57148 resp 57611 0 pmu 1023728 42128 8257529 7376988 43210598
1790320890.402047 W 196 lat 462 462 777 0 exe 24018 29666 130629 resp 131259 18 pmu 1023758 68324 8257189 6595256 47362169
1790320891.442016 W 197 lat 462 462 518 0 exe 23962 26888 55518 resp 55981 0 pmu 1023806 39685 8249432 7345725 42845415
1790320892.378045 W 198 lat 462 462 814 0 exe 24314 29648 131092 resp 131574 17 pmu 1023781 67893 8255432 6578160 47308862
1790320893.418020 W 199 lat 462 462 518 0 exe 24370 26796 53037 resp 53499 0 pmu 1023795 38783 8260728 7351042 42700369
1790320894.358048 W 200 lat 462 462 629 0 exe 24462 29851 131166 resp 131685 18 pmu 1023696 70145 8262951 6554942 47624759
1790320895.398019 W 201 lat 462 462 499 0 exe 24185 26981 54481 resp 54944 0 pmu 1023760 40503 8261906 7352805 42953964
1790320896.442045 W 202 lat 462 462 629 0 exe 24351 29537 131462 resp 131999 17 pmu 1023709 67205 8265963 6569133 47170159
1790320897.378015 W 203 lat 462 462 499 0 exe 24092 26648 58648 resp 59148 0 pmu 1023792 37356 8263508 7353794 42460238
1790320898.418045 W 204 lat 370 462 703 0 exe 21185 29222 137259 resp 137962 17 pmu 1023711 67920 8264292 6608990 47380324
1790320899.354023 W 205 lat 462 462 499 0 exe 24185 26944 51018 resp 51499 0 pmu 1023789 40221 8258820 7394982 42938668
1790320900.394048 W 206 lat 462 462 703 0 exe 24129 29629 132666 resp 133166 18 pmu 1023677 67925 8260232 6534423 47288470
1790320901.434018 W 207 lat 462 462 518 0 exe 24129 26555 54666 resp 55129 0 pmu 1023777 36475 8257904 7365352 42335987
1790320902.374046 W 208 lat 462 462 648 0 exe 24425 29296 139314 resp 139833 16 pmu 1023657 64688 8259774 6568923 46827047
1790320903.414015 W 209 lat 462 462 611 0 exe 24222 26851 55185 resp 55666 0 pmu 1023740 39584 8262036 7431543 42847727
1790320904.350051 W 210 lat 462 462 740 0 exe 24518 29796 137944 resp 138499 16 pmu 1023636 69472 8262610 6576429 47571679
1790320905.390016 W 211 lat 462 462 518 0 exe 23999 26555 58296 resp 58777 0 pmu 1023782 36312 8262982 7421470 42356416
1790320906.434048 W 212 lat 462 462 703 0 exe 24055 29555 131888 resp 132592 16 pmu 1023676 67132 8256988 6604555 47273159
1790320907.370022 W 213 lat 462 462 499 0 exe 24240 27092 60055 resp 60537 0 pmu 1023755 41905 8259576 7357868 43182321
1790320908.410046 W 214 lat 462 462 629 0 exe 24185 29740 139592 resp 140092 16 pmu 1023627 68714 8254722 6625871 47470777
1790320909.450017 W 215 lat 462 462 499 0 exe 24425 26796 55944 resp 56425 0 pmu 1023790 39023 8260340 7435087 42749801
1790320910.386048 W 216 lat 462 462 796 0 exe 24407 29685 138851 resp 139351 17 pmu 1023673 68424 8259499 6584188 47409616
1790320911.426021 W 217 lat 462 462 499 0 exe 23907 26777 57759 resp 58240 0 pmu 1023781 38640 8260464 7429388 42721024
1790320912.362054 W 218 lat 462 462 574 0 exe 24444 29537 127814 resp 128296 16 pmu 1023643 66889 8259797 6599727 47242230
1790320913.402018 W 219 lat 462 462 499 0 exe 24129 26648 57222 resp 57685 0 pmu 1023816 37273 8263556 7317297 42440260
1790320914.442046 W 220 lat 407 462 814 0 exe 22037 29425 138481 resp 138999 18 pmu 1023687 70594 8261528 6594767 47806937
1790320915.378018 W 221 lat 425 462 555 0 exe 22999 26870 63388 resp 63888 0 pmu 1023740 41098 8263988 7412412 43085737
1790320916.418046 W 222 lat 462 462 574 0 exe 24148 29796 150092 resp 150629 17 pmu 1023688 69100 8264125 6652071 47542442
1790320917.354017 W 223 lat 462 462 518 0 exe 24388 26537 56592 resp 57074 0 pmu 1023751 36122 8254353 7539956 42398030
1790320918.394051 W 224 lat 462 462 648 0 exe 23999 30481 135370 resp 135888 18 pmu 1023695 76533 8259303 6589362 48639397
1790320919.434019 W 225 lat 462 462 518 0 exe 24074 26870 55185 resp 55648 0 pmu 1023801 39458 8261492 7395879 42810952
1790320920.374044 W 226 lat 444 462 518 0 exe 24574 30240 130740 resp 131240 17 pmu 1023646 74004 8259358 6575230 48263289
1790320921.414019 W 227 lat 462 462 499 0 exe 23703 26537 57740 resp 58203 0 pmu 1023791 36393 8262804 7350172 42313937
1790320922.350047 W 228 lat 462 462 870 0 exe 24333 29648 126648 resp 127148 17 pmu 1023739 68046 8263100 6597229 47356251
1790320923.390029 W 229 lat 462 462 518 0 exe 24055 27092 58148 resp 58629 0 pmu 1023777 42004 8261759 7307086 43134515
1790320924.430048 W 230 lat 462 462 648 0 exe 24277 29759 128870 resp 129518 17 pmu 1023684 69206 8260963 6605949 47515413
1790320925.366022 W 231 lat 462 462 499 0 exe 24129 26703 53314 resp 53777 0 pmu 1023773 37985 8258800 7329254 42555898
1790320926.406045 W 232 lat 462 462 537 0 exe 24203 29648 128703 resp 129185 17 pmu 1023690 67840 8259242 6555981 47300055
1790320927.446019 W 233 lat 462 462 499 0 exe 24240 26925 54407 resp 54888 0 pmu 1023801 40318 8258841 7325157 42902828
1790320928.382049 W 234 lat 462 462 592 0 exe 24277 29481 129666 resp 130240 17 pmu 1023668 66362 8262046 6568421 47057561
1790320929.422028 W 235 lat 462 462 499 0 exe 24370 26944 59999 resp 60499 0 pmu 1023826 40612 8260453 7335152 42930431
1790320930.358040 W 236 lat 462 462 925 0 exe 24444 29574 129925 resp 130851 17 pmu 1023670 66688 8259398 6625297 47198728
1790320931.398023 W 237 lat 388 462 499 0 exe 21296 26851 54185 resp 54666 0 pmu 1023761 43655 8261696 7342565 43513243
1790320932.438042 W 238 lat 462 462 592 0 exe 24425 29555 129666 resp 130166 17 pmu 1023701 67432 8261450 6551002 47187755
1790320933.374018 W 239 lat 462 462 499 0 exe 24222 26703 53462 resp 53944 0 pmu 1023769 37854 8262458 7335866 42534614
1790320934.414045 W 240 lat 462 462 666 0 exe 23648 29259 129111 resp 129740 18 pmu 1023649 64095 8262031 6558006 46668564
1790320935.350028 W 241 lat 462 462 499 0 exe 24240 27351 58740 resp 59203 0 pmu 1023717 44403 8262048 7325916 43555760
1790320936.390043 W 242 lat 462 462 666 0 exe 24296 29462 127611 resp 128111 17 pmu 1023622 66036 8259142 6613855 47068605
1790320937.430022 W 243 lat 462 462 499 0 exe 23907 26851 52092 resp 52592 0 pmu 1023803 39130 8262352 7314535 42734563
1790320938.366050 W 244 lat 462 462 740 0 exe 24185 30629 132648 resp 133314 17 pmu 1023718 78203 8261548 6543431 48825171
1790320939.406020 W 245 lat 462 462 499 0 exe 24277 27166 56351 resp 56851 0 pmu 1023760 42288 8251068 7371328 43251530
1790320940.450044 W 246 lat 462 462 555 0 exe 24314 29833 129240 resp 129796 17 pmu 1023737 69868 8257572 6589498 47622964
1790320941.386023 W 247 lat 462 462 518 0 exe 24222 26907 64074 resp 64537 0 pmu 1023862 40088 8258925 7332713 42857683
1790320942.426047 W 248 lat 462 462 518 0 exe 24148 29537 139277 resp 139759 18 pmu 1023751 66783 8259358 6665063 47158213
1790320943.362010 W 249 lat 462 462 499 0 exe 23611 27055 58703 resp 59203 0 pmu 1023761 41304 8260152 7430177 43122260
1790320944.402051 W 250 lat 462 462 1055 0 exe 24462 29537 147092 resp 147629 18 pmu 1023710 66661 8261075 6608998 47103057
1790320945.442008 W 251 lat 462 462 629 0 exe 24148 26907 57944 resp 58425 0 pmu 1023812 39907 8258432 7512743 42955116
1790320946.378050 W 252 lat 462 462 685 0 exe 24092 29499 149092 resp 149611 17 pmu 1023687 66076 8256008 6604023 47043222
1790320947.418017 W 253 lat 370 462 499 0 exe 20944 27370 57888 resp 58370 0 pmu 1023834 48710 8260096 7528659 44426535
1790320948.354047 W 254 lat 444 462 629 0 exe 24388 29648 127925 resp 128555 18 pmu 1023690 67897 8258430 6588695 47356855
1790320949.394009 W 255 lat 462 462 518 0 exe 24037 26777 57999 resp 58481 0 pmu 1023769 38656 8262129 7319616 42641667
1790320950.438045 W 256 lat 462 462 629 0 exe 24388 29666 132425 resp 133037 18 pmu 1023734 68195 8263724 6603036 47338778
1790320951.374008 W 257 lat 462 462 518 0 exe 24259 26981 59648 resp 60129 0 pmu 1023783 40609 8262608 7364677 42962427
1790320952.414048 W 258 lat 462 462 796 0 exe 24166 29388 128685 resp 129388 16 pmu 1023664 65541 8263645 6621507 46956916
1790320953.350015 W 259 lat 462 462 499 0 exe 24092 27055 60888 resp 61351 0 pmu 1023767 41520 8262492 7326089 43091281
1790320954.390046 W 260 lat 462 462 611 0 exe 24129 29370 132518 resp 133037 17 pmu 1023657 65306 8261542 6633117 46972690
1790320955.430022 W 261 lat 462 462 537 0 exe 24240 27185 57037 resp 57537 0 pmu 1023758 42862 8261764 7362166 43282321
1790320956.366048 W 262 lat 462 462 611 0 exe 24333 29944 126592 resp 127092 17 pmu 1023638 71154 8261578 6596514 47831102
1790320957.406020 W 263 lat 462 462 499 0 exe 23740 26648 57833 resp 58314 0 pmu 1023736 37352 8261782 7306677 42431786
1790320958.446045 W 264 lat 462 462 537 0 exe 24222 29499 133833 resp 134351 16 pmu 1023670 66332 8262452 6599081 47109717
1790320959.382023 W 265 lat 462 462 499 0 exe 24055 27092 71648 resp 72129 0 pmu 1023773 41871 8261201 7376080 43181401
1790320960.422045 W 266 lat 462 462 759 0 exe 24277 29685 126574 resp 127074 18 pmu 1023674 68671 8264078 6740792 47521066
1790320961.358022 W 267 lat 462 462 518 0 exe 23962 26574 53814 resp 54314 0 pmu 1023786 36800 8260549 7305870 42344787
1790320962.398047 W 268 lat 462 462 611 0 exe 24129 29592 133370 resp 133870 18 pmu 1023680 67335 8262177 6559705 47230555
1790320963.438046 W 269 lat 462 462 499 0 exe 24092 26759 59314 resp 59796 0 pmu 1023782 38639 8262494 7371742 42625381
1790320964.374048 W 270 lat 388 462 833 0 exe 20796 29351 130685 resp 131185 18 pmu 1023651 69367 8259134 6616226 47693559
1790320965.414016 W 271 lat 462 462 499 0 exe 24092 26759 57111 resp 57592 0 pmu 1023760 38800 8262424 7327805 42626590
1790320966.354043 W 272 lat 462 462 611 0 exe 24203 29518 129851 resp 130388 17 pmu 1023635 66609 8263396 6594009 47142353
1790320967.394017 W 273 lat 462 462 499 0 exe 23962 26888 57037 resp 57518 0 pmu 1023779 39661 8257856 7336653 42836332
1790320968.434048 W 274 lat 462 462 703 0 exe 23666 29777 129722 resp 130240 17 pmu 1023636 69244 8257064 6593537 47526991
1790320969.370017 W 275 lat 462 462 518 0 exe 24111 26574 54629 resp 55092 0 pmu 1023672 36677 8255271 7334546 42336502
1790320970.410048 W 276 lat 462 462 592 0 exe 24166 29629 134092 resp 134685 17 pmu 1023603 67693 8255774 6568466 47284512
1790320971.450024 W 277 lat 462 462 518 0 exe 23833 27499 57277 resp 57759 0 pmu 1023775 45749 8255475 7379812 43785643
1790320972.386048 W 278 lat 462 462 648 0 exe 24055 29574 129981 resp 130481 17 pmu 1023698 67195 8260036 6598547 47198059
1790320973.426017 W 279 lat 462 462 518 0 exe 23666 26574 55537 resp 56018 0 pmu 1023784 36728 8262585 7337613 42340833
1790320974.362045 W 280 lat 462 462 1185 0 exe 24222 29518 138444 resp 139629 18 pmu 1023700 66592 8262731 6575470 47102944
1790320975.402021 W 281 lat 462 462 518 0 exe 24259 26870 52259 resp 52740 0 pmu 1023786 39529 8263882 7428798 42853161
1790320976.442046 W 282 lat 462 462 796 0 exe 24425 29796 147074 resp 147870 16 pmu 1023684 69438 8259989 6547023 47520459
1790320977.378019 W 283 lat 462 462 518 0 exe 23981 27037 56685 resp 57185 0 pmu 1023777 41209 8257211 7513790 43147818
1790320978.418049 W 284 lat 462 462 555 0 exe 24444 29574 127611 resp 128092 18 pmu 1023649 67192 8256826 6590861 47183799
1790320979.354020 W 285 lat 462 462 499 0 exe 24185 26925 52703 resp 53185 0 pmu 1023765 40264 8257986 7315275 42893902
1790320980.394048 W 286 lat 370 462 611 0 exe 20259 29388 127314 resp 127833 18 pmu 1023665 69288 8262974 6551317 47605588
1790320981.434023 W 287 lat 462 462 499 0 exe 24018 26870 56759 resp 57240 0 pmu 1023714 39382 8259779 7290462 42742027
1790320982.370046 W 288 lat 462 462 648 0 exe 24407 29925 134870 resp 135388 18 pmu 1023732 70619 8259710 6590775 47714386
1790320983.410020 W 289 lat 462 462 555 0 exe 24203 27111 56851 resp 57314 0 pmu 1023825 42259 8261206 7390099 43212032
1790320984.450046 W 290 lat 462 462 555 0 exe 24314 29759 128277 resp 128796 18 pmu 1023724 68878 8264561 6593793 47462036
1790320985.386017 W 291 lat 462 462 518 0 exe 23759 26499 54796 resp 55277 0 pmu 1023771 36062 8262599 7322501 42231168
1790320986.426047 W 292 lat 462 462 703 0 exe 24277 29759 132944 resp 133499 18 pmu 1023718 68868 8262883 6568113 47436715
1790320987.362023 W 293 lat 462 462 499 0 exe 24074 26777 56759 resp 57259 0 pmu 1023805 38662 8263892 7369866 42649659
1790320988.402053 W 294 lat 462 462 648 0 exe 24333 30296 133925 resp 134425 18 pmu 1023648 74664 8261471 6590880 48365115
1790320989.442011 W 295 lat 462 462 611 0 exe 24074 27166 58574 resp 59055 0 pmu 1023791 42468 8260240 7381957 43267220
1790320990.378053 W 296 lat 462 462 629 0 exe 23907 29666 130092 resp 130592 17 pmu 1023730 68020 8264180 6611169 47371972
1790320991.418008 W 297 lat 462 462 499 0 exe 24037 27240 59203 resp 59666 0 pmu 1023772 43404 8262272 7338242 43375888
1790320992.354050 W 298 lat 462 462 629 0 exe 24388 29314 133944 resp 134574 18 pmu 1023734 64673 8254612 6617049 46868265
1790320993.394008 W 299 lat 462 462 518 0 exe 24277 27240 63888 resp 64351 0 pmu 1023795 43340 8261534 7378156 43356535
1790320994.434050 W 300 lat 462 462 592 0 exe 24314 29444 135388 resp 135870 17 pmu 1023671 65772 8253380 6665224 47063960
1790320995.370013 W 301 lat 462 462 499 0 exe 24222 27333 53018 resp 53481 0 pmu 1023715 44359 8260509 7391880 43544635
1790320996.410040 W 302 lat 407 462 685 0 exe 22537 29055 140555 resp 141111 17 pmu 1023610 66353 8256134 6556462 47198401
1790320997.450008 W 303 lat 407 462 499 0 exe 22888 26814 65888 resp 66370 0 pmu 1023672 40740 8256508 7433190 43075864
1790320998.386047 W 304 lat 462 462 574 0 exe 24166 29240 141388 resp 141888 19 pmu 1023734 63629 8258268 6675772 46711201
1790320999.426009 W 305 lat 462 462 499 0 exe 24129 26833 56888 resp 57351 0 pmu 1023841 39297 8255908 7450113 42813709
1790321000.362046 W 306 lat 462 462 648 0 exe 24222 29388 132629 resp 133185 17 pmu 1023644 65194 8258279 6592250 46924339
1790321001.402011 W 307 lat 462 462 499 0 exe 24537 27314 61092 resp 61592 0 pmu 1023777 43989 8254961 7364209 43496871
1790321002.442051 W 308 lat 462 462 777 0 exe 24444 32407 131462 resp 131962 32 pmu 1023611 96178 8256622 6639108 52151047
1790321003.378029 W 309 lat 462 462 499 0 exe 24092 27037 58648 resp 59129 0 pmu 1023779 41305 8262368 7369061 43071212
1790321004.418049 W 310 lat 462 462 722 0 exe 24333 29462 131574 resp 132111 18 pmu 1023741 66413 8262276 6610787 47062383
1790321005.354015 W 311 lat 462 462 499 0 exe 24166 26611 53277 resp 53759 0 pmu 1023742 36785 8260916 7354809 42387830
1790321006.394051 W 312 lat 462 462 722 0 exe 23870 30018 131388 resp 131944 18 pmu 1023641 71726 8261083 6555431 47883389
1790321007.434030 W 313 lat 462 462 499 0 exe 24185 27703 55574 resp 56074 0 pmu 1023795 47878 8261686 7353463 44109492
1790321008.370055 W 314 lat 462 462 648 0 exe 24148 29481 133629 resp 134111 18 pmu 1023625 66496 8258420 6584079 47088016
1790321009.410020 W 315 lat 462 462 499 0 exe 23851 26759 57574 resp 58055 0 pmu 1023760 38598 8262062 7373828 42642295
1790321010.450046 W 316 lat 462 462 814 0 exe 23888 29333 132111 resp 132611 18 pmu 1023692 64570 8263816 6597566 46815304
1790321011.386018 W 317 lat 462 462 499 0 exe 23999 27037 51629 resp 52111 0 pmu 1023792 41341 8261962 7357597 43061837
1790321012.426054 W 318 lat 462 462 685 0 exe 24092 29666 131425 resp 131888 19 pmu 1023692 68320 8261714 6540228 47343109
1790321013.362028 W 319 lat 370 444 499 0 exe 20962 26777 57166 resp 57648 0 pmu 1023771 46025 8261716 7352544 43976242
1790321014.402055 W 320 lat 462 462 648 0 exe 23962 29444 132555 resp 133185 17 pmu 1023697 66325 8260486 6578650 47026196
1790321015.442024 W 321 lat 462 462 499 0 exe 23851 27092 56777 resp 57277 0 pmu 1023745 41837 8260656 7362878 43168291
1790321016.378045 W 322 lat 462 462 777 0 exe 23999 29314 138277 resp 138907 18 pmu 1023689 64428 8262484 6591421 46787568
1790321017.418027 W 323 lat 462 462 499 0 exe 23981 27203 54648 resp 55148 0 pmu 1023754 42825 8261783 7420349 43328878
1790321018.354068 W 324 lat 444 462 814 0 exe 24185 29425 138407 resp 139222 17 pmu 1023680 65936 8263899 6571157 46946995
1790321019.394029 W 325 lat 462 462 518 0 exe 24092 27685 62759 resp 63222 0 pmu 1023798 47913 8264000 7424078 44141189
1790321020.434050 W 326 lat 462 462 722 0 exe 24166 29611 146351 resp 146851 18 pmu 1023731 67684 8264894 6655091 47296763
1790321021.370019 W 327 lat 462 462 499 0 exe 24148 27259 56592 resp 57092 0 pmu 1023794 43412 8264072 7502445 43480955
1790321022.410054 W 328 lat 462 462 629 0 exe 24203 29259 139185 resp 139685 17 pmu 1023662 64163 8262280 6591725 46734321
1790321023.450020 W 329 lat 462 462 499 0 exe 24111 27666 59981 resp 60444 0 pmu 1023762 47527 8260537 7428669 44075339
1790321024.386064 W 330 lat 462 462 629 0 exe 24222 29129 129740 resp 130370 17 pmu 1023654 62933 8258840 6627392 46583633
1790321025.426025 W 331 lat 462 462 499 0 exe 23555 27314 55425 resp 55907 0 pmu 1023775 44066 8264497 7334268 43487284
1790321026.362067 W 332 lat 462 462 666 0 exe 24074 29092 126425 resp 127092 17 pmu 1023689 62783 8266362 6577392 46504931
1790321027.402018 W 333 lat 462 462 518 0 exe 24166 27499 56722 resp 57203 0 pmu 1023769 45800 8262123 7300680 43752556
1790321028.446054 W 334 lat 462 462 611 0 exe 24240 29185 135092 resp 135666 17 pmu 1023651 63286 8262812 6594306 46650723
1790321029.382021 W 335 lat 370 462 499 0 exe 21462 27296 56555 resp 57037 0 pmu 1023842 47696 8259159 7387801 44198161
1790321030.422060 W 336 lat 462 462 722 0 exe 24148 29462 130444 resp 131166 18 pmu 1023713 66252 8259411 6577668 47085999
1790321031.358028 W 337 lat 462 462 518 0 exe 24537 27870 57944 resp 58425 0 pmu 1023758 49639 8263327 7343600 44343135
1790321032.398068 W 338 lat 462 462 740 0 exe 23888 28962 130074 resp 130759 18 pmu 1023675 61145 8260396 6610338 46270858
1790321033.438019 W 339 lat 462 462 518 0 exe 23981 27555 56759 resp 57240 0 pmu 1023755 46437 8263317 7335939 43842009
1790321034.374052 W 340 lat 462 462 629 0 exe 24203 28351 131314 resp 131925 18 pmu 1023717 54645 8262812 6594166 45339859
1790321035.414021 W 341 lat 462 462 611 0 exe 24148 28240 75833 resp 76296 0 pmu 1023785 53346 8262546 7345910 44895175
1790321036.354055 W 342 lat 462 462 611 0 exe 24222 27648 131777 resp 132296 12 pmu 1023643 46930 8260429 6789431 44371475
1790321037.394033 W 343 lat 462 462 499 0 exe 24296 28759 109425 resp 109907 5 pmu 1023769 59171 8259752 7346648 45689786
1790321038.434071 W 344 lat 462 462 499 0 exe 24018 26851 133314 resp 133814 3 pmu 1023849 39281 8264936 7128437 42950364
1790321039.370022 W 345 lat 462 462 574 0 exe 24148 29962 132611 resp 133185 15 pmu 1023629 71171 8259373 7356295 47957239
1790321040.410055 W 346 lat 462 462 499 0 exe 24092 26833 50148 resp 50648 0 pmu 1023787 39146 8262310 7366364 42744180
1790321041.450023 W 347 lat 462 462 722 0 exe 24444 29574 131925 resp 132407 18 pmu 1023674 67210 8260504 6524826 47159747
1790321042.386128 W 348 lat 462 462 518 0 exe 24222 26833 47666 resp 48148 0 pmu 1023744 39127 8260616 7359224 42769900
1790321043.426030 W 349 lat 462 462 666 0 exe 24462 30277 130148 resp 130666 18 pmu 1023721 74614 8258583 6500699 48302926
1790321044.362014 W 350 lat 462 462 518 0 exe 23962 26555 51018 resp 51499 0 pmu 1023777 36308 8255408 7344933 42312548
1790321045.402047 W 351 lat 462 462 555 0 exe 24351 29407 142018 resp 142499 17 pmu 1023693 65421 8257783 6531508 46930167
1790321046.442064 W 352 lat 388 462 499 0 exe 20685 26277 57925 resp 58388 0 pmu 1023795 37841 8256324 7458006 42699287
1790321047.378034 W 353 lat 462 462 592 0 exe 24203 29981 139314 resp 139796 18 pmu 1023637 71261 8262455 6582408 47805654
1790321048.422055 W 354 lat 462 462 518 0 exe 24240 27962 72277 resp 72759 0 pmu 1023748 51030 8262415 7433316 44605793
1790321049.358035 W 355 lat 462 462 592 0 exe 24018 29814 136555 resp 137148 17 pmu 1023694 69839 8260745 6752576 47699292
1790321050.398015 W 356 lat 462 462 499 0 exe 23888 26499 47648 resp 48148 0 pmu 1023758 35703 8264072 7404626 42234529
1790321051.438045 W 357 lat 462 462 648 0 exe 23870 29703 143203 resp 143722 17 pmu 1023723 68362 8259182 6497218 47342036
1790321052.374019 W 358 lat 462 462 499 0 exe 23999 26629 56611 resp 57092 0 pmu 1023799 37151 8258172 7469590 42513681
1790321053.414047 W 359 lat 462 462 592 0 exe 24166 29666 127240 resp 127759 18 pmu 1023719 68183 8263463 6588040 47379767
1790321054.350017 W 360 lat 462 462 499 0 exe 24055 26388 55055 resp 55537 0 pmu 1023730 34875 8259740 7311129 42062535
1790321055.390049 W 361 lat 462 462 574 0 exe 24092 29666 127796 resp 128296 18 pmu 1023672 68091 8263961 6571440 47370807
1790321056.430303 W 362 lat 462 462 499 0 exe 24111 26703 57296 resp 57777 0 pmu 1023708 38078 8265002 7316041 42541109
1790321057.366037 W 363 lat 462 462 629 0 exe 24240 29314 143314 resp 143888 18 pmu 1023660 64621 8258419 6595647 46839619
1790321058.406026 W 364 lat 462 462 499 0 exe 23703 27851 88388 resp 88888 0 pmu 1023756 49597 8261428 7470769 44396149
1790321059.446047 W 365 lat 462 462 685 0 exe 23833 29944 140833 resp 141444 18 pmu 1023708 71153 8254921 6910574 48006900
1790321060.382014 W 366 lat 462 462 518 0 exe 24203 26981 62962 resp 63462 0 pmu 1023701 40371 8254484 7447412 42996170
1790321061.422050 W 367 lat 462 462 925 0 exe 23777 29351 142814 resp 143740 18 pmu 1023716 64830 8263052 6654349 46933294
1790321062.358034 W 368 lat 351 462 611 0 exe 19944 28462 113425 resp 113925 6 pmu 1023789 61687 8264300 7466980 46434469
1790321063.402068 W 369 lat 462 462 814 0 exe 23777 30111 131203 resp 132018 17 pmu 1023696 72714 8263680 7145147 48392189
1790321064.354041 W 370 lat 314 1870 8222 0 exe 24425 108999 390111 resp 393055 433 pmu 1021314 287899 8274056 7354738 253808158
1790321065.406269 W 371 lat 333 3314 8185 0 exe 41888 200277 437574 resp 441666 808 pmu 1019237 366629 8294725 10396827 537153913
1790321066.350303 W 372 lat 351 3222 7611 0 exe 39314 183759 360851 resp 366222 785 pmu 1020253 315519 8297427 11428188 487217376
1790321067.402248 W 373 lat 296 2796 8203 0 exe 36037 157777 542796 resp 548222 631 pmu 1021368 311682 8292549 10568150 426320805
1790321068.450336 W 374 lat 314 3222 9259 0 exe 40666 174203 363148 resp 370277 844 pmu 1020138 310571 8288669 12242748 466254010
1790321069.402232 W 375 lat 314 3259 7555 0 exe 39314 193888 354888 resp 356722 828 pmu 1019990 346972 8299987 10567401 518877507
1790321070.362238 W 376 lat 333 3277 9185 0 exe 35666 173648 358092 resp 362685 772 pmu 1019892 320182 8297438 10541758 467424537
1790321071.406287 W 377 lat 314 3333 9870 0 exe 34259 204888 534407 resp 540314 809 pmu 1019641 362720 8287849 10476614 544042364
1790321072.362386 W 378 lat 333 3314 9037 0 exe 35444 173888 325425 resp 329074 768 pmu 1020401 311265 8297936 12398718 465605925
1790321073.422268 W 379 lat 314 3518 9351 0 exe 33277 220018 532499 resp 537888 865 pmu 1019301 383392 8296678 10144792 581361934
1790321074.362157 W 380 lat 314 3537 9518 0 exe 36444 189814 379481 resp 383481 811 pmu 1019354 340841 8294371 12446375 508483907
1790321075.414286 W 381 lat 333 3425 8611 0 exe 36999 209203 534888 resp 539462 798 pmu 1019384 382710 8290886 10774858 557985753
1790321076.362230 W 382 lat 370 3166 9222 0 exe 35999 173611 341574 resp 346203 810 pmu 1020128 308763 8292910 12426705 462028194
1790321077.410415 W 383 lat 296 2629 8851 0 exe 35444 151833 480833 resp 484777 609 pmu 1021506 300958 8292229 10311979 414833384
1790321078.354220 W 384 lat 296 3055 8592 0 exe 27518 176425 369240 resp 372981 749 pmu 1020407 304259 8292183 11585071 466811120
1790321079.406279 W 385 lat 388 3240 9555 0 exe 31907 191537 493703 resp 497055 796 pmu 1019534 360493 8291244 10552411 517358278
1790321080.358253 W 386 lat 314 2907 7611 0 exe 34722 165037 317185 resp 320981 736 pmu 1021003 289374 8296881 11898737 441471221
1790321081.406285 W 387 lat 333 3574 10351 0 exe 43092 212370 533388 resp 538185 868 pmu 1019114 387688 8296798 10005919 564730181
1790321082.354056 W 388 lat 388 3944 9203 0 exe 44592 215055 379166 resp 384370 930 pmu 1018044 378628 8295640 12468820 572853522
1790321083.406368 W 389 lat 388 2925 7981 0 exe 35444 169259 354111 resp 356851 718 pmu 1020930 313823 8292718 10945257 450583561
1790321084.354329 W 390 lat 370 3296 8925 0 exe 36296 179518 411314 resp 416370 786 pmu 1019780 335167 8295301 10396679 486193862
1790321085.402251 W 391 lat 333 3444 8759 0 exe 36648 215999 535499 resp 542018 849 pmu 1019454 376658 8298196 11042648 569689954
1790321086.350384 W 392 lat 370 3592 9203 0 exe 38981 197277 360685 resp 366962 853 pmu 1018966 341304 8288969 12475788 526635597
1790321087.398297 W 393 lat 314 3333 10592 0 exe 36759 186148 479407 resp 483518 786 pmu 1019639 357179 8292679 10647481 502538677
1790321088.442343 W 394 lat 314 3407 9814 0 exe 35648 180629 316518 resp 321092 835 pmu 1019956 320425 8295538 11762640 482375821
1790321089.390236 W 395 lat 314 3518 9314 0 exe 35759 224074 528944 resp 533370 855 pmu 1019351 382218 8299464 10099184 589929146
1790321090.442359 W 396 lat 314 2611 8944 0 exe 33018 132055 312518 resp 315740 632 pmu 1021957 260103 8289828 12437927 362328335
1790321091.386164 W 397 lat 333 3370 8055 0 exe 37407 193703 501333 resp 506574 876 pmu 1019440 352829 8291860 9788087 516907041
1790321092.434400 W 398 lat 333 3055 10111 0 exe 34814 161833 355981 resp 358703 704 pmu 1020605 302570 8295542 12015541 440515860
1790321093.382155 W 399 lat 296 2629 7722 0 exe 35833 151999 496796 resp 501240 666 pmu 1021673 290037 8291476 10385520 408016563
1790321094.430259 W 400 lat 333 3148 7907 0 exe 30166 173129 355370 resp 359537 728 pmu 1019923 321520 8289626 11744377 469064013
1790321095.374383 W 401 lat 314 3166 8981 0 exe 37388 187481 520148 resp 523925 806 pmu 1020482 336345 8292304 10409961 494800763
1790321096.422350 W 402 lat 296 2888 8759 0 exe 31018 158499 373592 resp 379388 640 pmu 1020908 294084 8293840 12168323 429563690
1790321097.370365 W 403 lat 296 3370 9555 0 exe 36240 208740 517055 resp 522277 855 pmu 1019502 363745 8296964 10534269 553326244
1790321098.418398 W 404 lat 296 3259 8685 0 exe 36833 178203 392092 resp 397925 738 pmu 1019460 331240 8289257 12249473 481446376
1790321099.366249 W 405 lat 314 3203 8759 0 exe 34833 191666 380222 resp 382351 849 pmu 1019689 350390 8297386 10848621 513273643
1790321100.418372 W 406 lat 333 2296 8648 0 exe 31222 110166 319666 resp 326351 473 pmu 1022721 225921 8287135 10767684 305858225
1790321101.370202 W 407 lat 333 3537 9055 0 exe 31407 216240 540851 resp 544833 869 pmu 1019153 384046 8293419 9755553 570720880
1790321102.418283 W 408 lat 314 2092 7666 0 exe 31222 103444 325814 resp 331296 443 pmu 1023130 222802 8288487 12492102 293088881
1790321103.366160 W 409 lat 314 2925 7555 0 exe 34018 172277 524499 resp 529555 670 pmu 1021222 313893 8292446 9770545 453891256
1790321104.418135 W 410 lat 370 3574 8814 0 exe 36240 202240 322796 resp 327722 874 pmu 1019040 351637 8297010 12117902 542260362
1790321105.366211 W 411 lat 296 3481 9499 0 exe 35166 201129 547574 resp 552240 816 pmu 1019148 373944 8290956 10270601 536619124
1790321106.422340 W 412 lat 314 3203 8259 0 exe 34592 183870 337333 resp 341129 792 pmu 1020101 319749 8291803 12508774 490549317
1790321107.366337 W 413 lat 314 3462 9092 0 exe 35240 195740 517351 resp 523277 812 pmu 1019075 362946 8298144 10305391 523144948
1790321108.414355 W 414 lat 351 3166 8925 0 exe 35907 195648 532259 resp 537166 780 pmu 1019859 351644 8285638 12184166 518741692
1790321109.370241 W 415 lat 351 3481 8592 0 exe 38166 201425 378611 resp 384518 861 pmu 1019027 353588 8297356 12329336 539288140
1790321110.422360 W 416 lat 351 3574 8370 0 exe 45740 208703 500759 resp 505166 857 pmu 1018778 386648 8290246 10837838 555574574
1790321111.370121 W 417 lat 296 3222 8314 0 exe 29722 190018 404611 resp 410611 786 pmu 1019812 329447 8292481 12125356 505753694
1790321112.426099 W 418 lat 314 3351 8759 0 exe 36759 206407 534574 resp 540666 835 pmu 1019186 378304 8287263 10995910 548963799
1790321113.366273 W 419 lat 333 3629 8981 0 exe 34740 208018 372444 resp 378148 864 pmu 1018766 363779 8295504 12416465 555697050
1790321114.414388 W 420 lat 333 3518 9074 0 exe 42999 212259 511203 resp 516129 894 pmu 1018927 373306 8294960 10793769 561588119
1790321115.360860 W 421 lat 481 3851 8611 0 exe 39907 232999 377148 resp 382759 954 pmu 1017564 394088 8301780 12239982 618288819
1790321116.418261 W 422 lat 351 3907 10037 0 exe 40574 231518 547481 resp 554203 903 pmu 1017728 414310 8293045 10991058 613722355
1790321117.370261 W 423 lat 314 3722 9722 0 exe 40018 212462 381740 resp 386111 916 pmu 1018080 378551 8295044 12702511 569144913
1790321118.426234 W 424 lat 370 3611 8740 0 exe 44592 227407 542833 resp 545925 906 pmu 1018443 399549 8291185 10932501 600509838
1790321119.374210 W 425 lat 333 3740 9648 0 exe 37074 219518 369148 resp 374277 916 pmu 1018163 369858 8295379 12629606 582099602
1790321120.442248 W 426 lat 314 3388 9462 0 exe 45481 193166 495055 resp 499722 811 pmu 1019325 377009 8292691 10830826 522253616
1790321121.382237 W 427 lat 314 3314 7851 0 exe 37962 196351 322685 resp 326388 841 pmu 1019973 331432 8294342 11994969 520533134
1790321122.426274 W 428 lat 425 3388 8648 0 exe 34666 198555 535555 resp 541481 822 pmu 1019988 356501 8288525 10236404 527814957
1790321123.386113 W 429 lat 314 3296 8351 0 exe 34425 179574 366666 resp 369388 749 pmu 1019338 336217 8288144 12375428 486475239
1790321124.426010 W 430 lat 296 1092 6370 0 exe 17166 66351 272092 resp 275722 230 pmu 1023207 166079 8269950 10570516 180648968
1790321125.361984 W 431 lat 296 296 407 0 exe 17018 19518 61888 resp 62185 0 pmu 1023795 40748 8260231 8954909 50452166
1790321126.406282 W 432 lat 296 1870 6981 0 exe 17203 160611 392925 resp 396444 592 pmu 1015598 395057 8251258 6568866 411434537
1790321127.446251 W 433 lat 1333 3055 7962 0 exe 196055 246462 310277 resp 314351 1000 pmu 1008080 587009 8241074 10644215 633861616
1790321128.382276 W 434 lat 1462 3018 7092 0 exe 181444 250481 385907 resp 389999 1000 pmu 1009150 604606 8247056 11159972 645144520
1790321129.426259 W 435 lat 1314 3055 6425 0 exe 161222 245740 317870 resp 320925 1000 pmu 1008516 584319 8241983 11859478 632880552
1790321130.362263 W 436 lat 1425 3018 7129 0 exe 164074 249796 374833 resp 377703 1000 pmu 1008824 598895 8248893 11045260 643371612
1790321131.402254 W 437 lat 1351 3037 5759 0 exe 200907 246740 326092 resp 328277 1000 pmu 1008617 586987 8243484 11652519 635190852
1790321132.446266 W 438 lat 1537 3037 5999 0 exe 201388 251388 389499 resp 392333 1000 pmu 1009234 602631 8248148 11323447 647565981
1790321133.382272 W 439 lat 1037 3037 5574 0 exe 156037 244129 323870 resp 326999 1000 pmu 1008717 580559 8240894 11988523 628728865
1790321134.426275 W 440 lat 1611 3037 5925 0 exe 205444 252333 388611 resp 392148 1000 pmu 1008683 605342 8244292 11066074 649735781
1790321135.362268 W 441 lat 1444 3055 5388 0 exe 204148 246537 316574 resp 320092 1000 pmu 1008270 585800 8240217 12008032 634766539
1790321136.402297 W 442 lat 1092 2981 8148 0 exe 165833 249629 379185 resp 382574 1000 pmu 1008796 600735 8243748 11248591 643241460
1790321137.442299 W 443 lat 1148 3074 6388 0 exe 168296 245814 305018 resp 307629 1000 pmu 1008599 585613 8243855 11709773 632868368
1790321138.378285 W 444 lat 1388 3037 6203 0 exe 202648 252074 376888 resp 378759 1000 pmu 1008943 604250 8249091 10949477 648852284
1790321139.422279 W 445 lat 1611 3074 5796 0 exe 171277 245314 318240 resp 321148 1000 pmu 1008340 585379 8241693 11867551 631906399
1790321140.358305 W 446 lat 888 3055 5611 0 exe 163259 250277 400592 resp 404388 1000 pmu 1009090 601784 8244230 11094914 644711951
1790321141.398297 W 447 lat 1555 3092 6351 0 exe 199333 247814 325648 resp 329259 1000 pmu 1008316 589344 8241468 11902701 638179266
1790321142.438266 W 448 lat 1629 3074 5722 0 exe 201796 251074 395611 resp 400314 1000 pmu 1008537 603281 8241707 11327864 646715102
1790321143.378139 W 449 lat 1037 3037 7111 0 exe 155074 245444 312611 resp 316222 1000 pmu 1008602 585167 8241208 12058581 632315377
1790321144.414287 W 450 lat 1148 3055 5370 0 exe 152074 248037 400981 resp 404555 1000 pmu 1009167 597035 8248275 10965127 638928641
1790321145.350265 W 451 lat 1629 3092 5462 0 exe 202148 248092 321925 resp 325240 1000 pmu 1008151 588991 8242341 11838591 638516382
1790321146.390297 W 452 lat 1518 3018 6333 0 exe 160685 247611 402962 resp 406296 1000 pmu 1008666 592406 8248647 11300345 637855327
1790321147.434287 W 453 lat 1166 3092 6222 0 exe 167222 248833 369537 resp 372148 1000 pmu 1008562 594401 8240808 11904659 640737049
1790321148.370210 W 454 lat 1240 3018 5499 0 exe 161648 245518 334333 resp 337222 1000 pmu 1008631 584935 8241397 11603625 632168900
1790321149.410246 W 455 lat 1462 3074 6240 0 exe 153685 249851 406148 resp 408981 1000 pmu 1008972 600439 8241253 11204893 643638986
1790321150.454241 W 456 lat 1240 3074 5592 0 exe 170444 244629 331407 resp 335666 1000 pmu 1008539 582862 8245031 11909679 630072105
1790321151.390268 W 457 lat 1240 3037 5814 0 exe 174925 251166 404999 resp 408925 1000 pmu 1008759 602037 8241884 11222787 646784779
1790321152.434286 W 458 lat 1351 3092 6333 0 exe 205444 246499 311296 resp 314166 1000 pmu 1008288 585611 8243456 12013156 634903490
1790321153.370292 W 459 lat 1370 3074 5796 0 exe 161722 250314 382629 resp 385481 1000 pmu 1008873 602226 8241718 11203381 644949189
1790321154.410282 W 460 lat 1277 3018 5240 0 exe 164722 244499 314499 resp 318296 1000 pmu 1008656 582866 8243593 11714450 629786873
1790321155.350265 W 461 lat 1462 3055 5370 0 exe 164481 250981 375814 resp 380685 1000 pmu 1008875 602486 8240595 11020409 646250627
1790321156.402279 W 462 lat 1574 2999 6203 0 exe 171425 246055 319277 resp 321592 1000 pmu 1008880 584704 8248782 11671687 633631871
1790321157.350262 W 463 lat 1240 3055 8240 0 exe 159740 250611 405796 resp 409037 1000 pmu 1009135 601918 8249012 11108268 645416744
1790321158.398291 W 464 lat 1499 3092 6129 0 exe 196981 246166 317796 resp 320814 1000 pmu 1008198 586398 8237369 11950964 633808546
1790321159.366290 W 465 lat 1314 3037 7425 0 exe 167574 251796 400462 resp 407888 1000 pmu 1008764 606212 8238680 11225064 648833721
1790321160.414268 W 466 lat 1462 3055 5555 0 exe 170185 244999 323574 resp 326351 1000 pmu 1008724 582282 8240775 11960030 631063056
1790321161.354281 W 467 lat 1037 3018 5574 0 exe 155592 248518 372703 resp 376277 1000 pmu 1009091 598795 8240060 11138453 640520238
1790321162.398293 W 468 lat 1462 3092 5814 0 exe 165277 244462 327407 resp 329944 1000 pmu 1008603 581226 8251693 11576153 629555099
1790321163.446164 W 469 lat 1296 3092 7074 0 exe 172759 251222 384666 resp 389629 1000 pmu 1009485 603659 8253005 11149941 646971300
1790321164.382285 W 470 lat 1018 3037 6277 0 exe 178407 246351 311277 resp 314499 1000 pmu 1008353 587235 8243301 11811305 634431729
1790321165.434289 W 471 lat 1555 3037 6555 0 exe 205722 252129 404740 resp 407611 1000 pmu 1008357 606030 8242017 11066872 649599730
1790321166.374248 W 472 lat 1166 3055 5518 0 exe 160759 243296 324018 resp 327055 1000 pmu 1008925 578131 8246019 12169265 626607946
1790321167.430304 W 473 lat 1648 3092 5833 0 exe 196259 251037 377777 resp 382592 1000 pmu 1008876 605754 8247898 11086932 646798803
1790321168.374285 W 474 lat 1166 3092 5333 0 exe 170222 245148 317796 resp 320351 1000 pmu 1008699 583573 8244833 11853979 631458544
1790321169.418273 W 475 lat 1129 3092 6370 0 exe 154425 250166 400518 resp 405388 1000 pmu 1009351 599897 8253496 11078188 644356242
1790321170.366273 W 476 lat 1388 3092 6314 0 exe 174740 245259 316333 resp 319425 1000 pmu 1008480 583233 8239800 11867961 631640623
1790321171.426160 W 477 lat 1518 3111 6370 0 exe 206037 251648 383425 resp 386907 1000 pmu 1009025 606882 8247411 11095289 648221276
1790321172.366288 W 478 lat 1444 3129 7407 0 exe 202055 246574 330425 resp 332759 1000 pmu 1008730 585611 8246395 11957584 634934958
1790321173.414277 W 479 lat 1092 3055 6222 0 exe 171592 250481 401518 resp 405722 1000 pmu 1009351 600860 8244836 11381625 645365667
1790321174.358280 W 480 lat 1296 3074 6277 0 exe 198018 246888 316296 resp 318703 1000 pmu 1007962 588530 8240060 11960873 635768226
1790321175.418266 W 481 lat 1537 3055 6518 0 exe 157277 249962 393203 resp 396777 1000 pmu 1009064 601525 8244983 11215352 644087814
1790321176.370293 W 482 lat 1370 3055 5537 0 exe 157851 245388 329314 resp 332481 1000 pmu 1008796 584568 8244819 11804288 632023860
1790321177.418264 W 483 lat 1388 3037 7111 0 exe 165759 247759 401185 resp 405407 1000 pmu 1009139 596571 8241687 11137509 638398134
1790321178.374298 W 484 lat 1314 3037 6944 0 exe 156018 247592 337499 resp 341296 1000 pmu 1008015 590596 8237785 11920864 637602971
1790321179.430302 W 485 lat 1425 3092 5796 0 exe 206796 252240 392129 resp 395425 1000 pmu 1008883 607181 8247275 11231136 649584602
1790321180.386272 W 486 lat 1462 3074 6462 0 exe 147870 243888 318740 resp 321722 1000 pmu 1008844 579288 8244360 12047068 628141764
1790321181.442165 W 487 lat 1277 3074 6740 0 exe 166814 250444 382277 resp 384962 1000 pmu 1009063 601223 8244214 10978620 644847913
1790321182.382264 W 488 lat 1611 3111 6296 0 exe 203796 246759 327148 resp 330444 1000 pmu 1008370 586465 8238816 11740478 635273298
1790321183.434289 W 489 lat 1277 3074 5851 0 exe 160388 250259 396222 resp 402074 1000 pmu 1009127 600690 8244073 11358450 644916398
1790321184.398275 W 490 lat 1518 3092 6222 0 exe 166240 244814 324037 resp 326722 1000 pmu 1008616 582598 8241164 11858206 630292531
1790321185.442273 W 491 lat 1462 3092 5870 0 exe 156481 249648 400018 resp 403018 1000 pmu 1008917 601194 8246447 11125642 643213614
1790321186.378014 W 492 lat 296 1518 6296 0 exe 17203 120259 313185 resp 316074 436 pmu 1017086 303586 8245093 11858642 311156932
1790321187.418005 W 493 lat 296 296 333 0 exe 16870 21370 119444 resp 119759 6 pmu 1023724 62774 8253807 9633610 56185905
1790321188.358014 W 494 lat 296 296 1166 0 exe 17370 23425 188462 resp 189629 9 pmu 1023657 82285 8254465 7151142 59758043
1790321189.398009 W 495 lat 296 296 481 0 exe 17018 21907 127740 resp 128074 5 pmu 1023640 68131 8246896 7862539 56363390
1790321190.437986 W 496 lat 296 296 333 0 exe 17425 19870 47370 resp 47666 0 pmu 1023767 44302 8251774 7238266 50247809
1790321191.374009 W 497 lat 296 296 425 0 exe 16999 21814 110277 resp 110611 7 pmu 1023637 67339 8248562 6425542 55282289
1790321192.417987 W 498 lat 296 296 333 0 exe 17351 19740 51592 resp 51907 0 pmu 1023761 43033 8248673 7062838 49866985
1790321193.354011 W 499 lat 296 296 499 0 exe 17277 21870 123722 resp 124148 6 pmu 1023616 67600 8250223 6466784 55407590
1790321194.393983 W 500 lat 296 296 388 0 exe 16944 19851 45203 resp 45518 0 pmu 1023753 44400 8249757 7199774 50248577
1790321195.434003 W 501 lat 296 296 537 0 exe 16870 21907 114703 resp 115148 4 pmu 1023603 68463 8245747 6401623 55537126
1790321196.369983 W 502 lat 296 296 333 0 exe 16981 19999 45814 resp 46111 0 pmu 1023716 45803 8249845 7107961 50528924
1790321197.410007 W 503 lat 296 296 499 0 exe 16444 21240 119037 resp 119537 5 pmu 1023713 60880 8250843 6408230 53902125
1790321198.449986 W 504 lat 296 296 333 0 exe 17574 20074 49259 resp 49574 0 pmu 1023741 46880 8248438 7145763 50739318
1790321199.386012 W 505 lat 296 296 351 0 exe 17166 22111 121222 resp 121537 5 pmu 1023640 70209 8246155 6446199 56015539
1790321200.429986 W 506 lat 296 296 333 0 exe 16981 20129 49629 resp 49944 0 pmu 1023654 47312 8248764 7173979 50871699
1790321201.366012 W 507 lat 296 296 425 0 exe 17166 21722 106518 resp 106833 7 pmu 1023710 66098 8246172 6447274 55060936
1790321202.405983 W 508 lat 296 296 333 0 exe 17129 20018 46129 resp 46444 0 pmu 1023758 46135 8247280 7025489 50539054
1790321203.446006 W 509 lat 296 296 444 0 exe 16907 21129 107333 resp 107777 5 pmu 1023700 59546 8250592 6412245 53637948
1790321204.381986 W 510 lat 296 296 333 0 exe 17259 20499 52999 resp 53296 0 pmu 1023713 51733 8250576 7030138 51702676
1790321205.422009 W 511 lat 296 296 425 0 exe 17370 21185 105629 resp 105962 3 pmu 1023656 60305 8250288 6484052 53887835
1790321206.357984 W 512 lat 296 296 351 0 exe 17462 21055 82592 resp 82888 0 pmu 1023778 58605 8250944 7014942 53099435
1790321207.398011 W 513 lat 296 296 370 0 exe 16999 19944 108037 resp 108388 4 pmu 1023742 45365 8252756 6783775 50732736
1790321208.437987 W 514 lat 296 296 481 0 exe 17111 21537 107148 resp 107481 1 pmu 1023711 64175 8249327 7031014 54357556
1790321209.378012 W 515 lat 296 296 333 0 exe 17055 19296 35592 resp 35907 0 pmu 1023751 38004 8248596 7030848 48744262
1790321210.417988 W 516 lat 296 296 351 0 exe 17129 22388 116944 resp 117259 5 pmu 1023595 74194 8249519 6302980 56694403
1790321211.353984 W 517 lat 296 296 333 0 exe 17166 19796 54296 resp 54611 0 pmu 1023757 43783 8248452 7132514 50051634
1790321212.394007 W 518 lat 296 296 499 0 exe 17240 22092 111444 resp 111777 5 pmu 1023650 70107 8246753 6493184 55958014
1790321213.438009 W 519 lat 296 296 333 0 exe 17166 19222 47518 resp 47833 0 pmu 1023714 37016 8248396 7077351 48589993
1790321214.373987 W 520 lat 296 296 370 0 exe 17129 22259 112481 resp 112777 7 pmu 1023665 72073 8248720 6422557 56314947
1790321215.414010 W 521 lat 296 296 333 0 exe 16851 19388 39759 resp 40055 0 pmu 1023764 39064 8248864 7087280 49001985
1790321216.349986 W 522 lat 296 296 537 0 exe 17259 22555 109796 resp 110111 5 pmu 1023571 76082 8251181 6343972 57114852
1790321217.389984 W 523 lat 296 296 333 0 exe 17074 19666 54648 resp 54962 0 pmu 1023721 42228 8248816 7063423 49672025
1790321218.430002 W 524 lat 296 296 425 0 exe 17277 21981 117962 resp 118277 7 pmu 1023666 69074 8249785 6495521 55754251
1790321219.365981 W 525 lat 296 296 333 0 exe 17185 19592 45074 resp 45407 0 pmu 1023742 41644 8248712 7141931 49581781
1790321220.406005 W 526 lat 296 296 611 0 exe 17092 22166 117759 resp 118092 6 pmu 1023646 70839 8250828 6400035 56126088
1790321221.446007 W 527 lat 296 296 333 0 exe 16722 19351 45129 resp 45444 0 pmu 1023721 38703 8251936 7140665 48978008
1790321222.381986 W 528 lat 296 296 518 0 exe 17333 22092 116962 resp 117388 5 pmu 1023601 70286 8248814 6396966 55949297
1790321223.421987 W 529 lat 296 296 333 0 exe 17018 19703 39777 resp 40092 0 pmu 1023730 42599 8246044 7133670 49827029
1790321224.358003 W 530 lat 296 296 611 0 exe 17222 22351 115203 resp 115518 4 pmu 1023655 73403 8249650 6346693 56639456
1790321225.397981 W 531 lat 296 296 351 0 exe 17222 19259 45962 resp 46277 0 pmu 1023745 37351 8246768 7116647 48691169
1790321226.438004 W 532 lat 296 296 370 0 exe 17314 22018 111999 resp 112314 5 pmu 1023653 69292 8250576 6407589 55690805
1790321227.373984 W 533 lat 296 296 333 0 exe 17166 19851 47537 resp 47833 0 pmu 1023732 44350 8250440 7082198 50193799
1790321228.414005 W 534 lat 296 296 666 0 exe 17203 22666 108759 resp 109092 5 pmu 1023669 76835 8251518 6425714 57351207
1790321229.349982 W 535 lat 296 296 351 0 exe 17185 19537 50388 resp 50685 0 pmu 1023756 40775 8248368 7054169 49341341
1790321230.390005 W 536 lat 296 296 407 0 exe 17425 22222 116407 resp 116814 6 pmu 1023651 71872 8249772 6452874 56291254
1790321231.429982 W 537 lat 296 296 333 0 exe 17074 19629 44055 resp 44351 0 pmu 1023732 41690 8249580 7128562 49587495
1790321232.366004 W 538 lat 296 296 555 0 exe 17388 22203 107944 resp 108407 6 pmu 1023687 71599 8248656 6389343 56161481
1790321233.405980 W 539 lat 296 296 333 0 exe 17037 19296 45870 resp 46185 0 pmu 1023753 38008 8247516 7044705 48756139
1790321234.446003 W 540 lat 296 296 481 0 exe 17111 22037 112777 resp 113203 6 pmu 1023640 69654 8244845 6405759 55844109
1790321235.381985 W 541 lat 296 296 351 0 exe 17259 19777 54925 resp 55222 0 pmu 1023726 43522 8247755 7090128 49997942
1790321236.422003 W 542 lat 296 296 481 0 exe 17240 22166 116370 resp 116796 6 pmu 1023563 71136 8247533 6499878 56242506
1790321237.357983 W 543 lat 296 296 333 0 exe 17037 19462 46092 resp 46407 0 pmu 1023670 39963 8247669 7127488 49226175
1790321238.402007 W 544 lat 296 296 537 0 exe 17185 23018 115111 resp 115425 6 pmu 1023646 81500 8250480 6408861 58319241
1790321239.441984 W 545 lat 296 296 333 0 exe 17111 19722 43740 resp 44055 0 pmu 1023767 42881 8247928 7118335 49842617
1790321240.378002 W 546 lat 296 296 351 0 exe 17740 21999 110092 resp 110444 7 pmu 1023678 69079 8248346 6386901 55652600
1790321241.417984 W 547 lat 296 296 333 0 exe 17129 19666 47777 resp 48074 0 pmu 1023763 42323 8249736 7065252 49695435
1790321242.354005 W 548 lat 296 296 555 0 exe 17537 22611 122166 resp 122499 6 pmu 1023674 75957 8248844 6427201 57231595
1790321243.393984 W 549 lat 296 296 333 0 exe 17074 19648 45666 resp 45981 0 pmu 1023751 41871 8248004 7189095 49717822
1790321244.434003 W 550 lat 296 296 444 0 exe 17277 22611 109074 resp 109388 6 pmu 1023686 76286 8251450 6405639 57227070
1790321245.369979 W 551 lat 296 296 333 0 exe 17166 19240 44148 resp 44462 0 pmu 1023755 37160 8247128 7056121 48599168
1790321246.410004 W 552 lat 296 296 407 0 exe 17222 22037 123888 resp 124259 6 pmu 1023669 69084 8252082 6388798 55741245
1790321247.449985 W 553 lat 296 296 537 0 exe 16777 19981 45666 resp 45981 0 pmu 1023763 46089 8250292 7201224 50581585
1790321248.386008 W 554 lat 296 296 425 0 exe 17370 24370 111981 resp 112296 5 pmu 1023586 97309 8253152 6406874 62004412
1790321249.425979 W 555 lat 296 296 333 0 exe 17018 19092 46759 resp 47074 0 pmu 1023776 36070 8255232 7094271 48328622
1790321250.366294 W 556 lat 296 2611 12351 0 exe 17462 219333 558074 resp 562907 526 pmu 1016888 414716 8252802 6415111 555057913
1790321251.406467 W 557 lat 314 4703 12999 0 exe 73703 395592 612759 resp 619740 971 pmu 1009520 685394 8225338 12627629 998638485
1790321252.362512 W 558 lat 1722 5499 11462 0 exe 158814 429555 614814 resp 620074 1000 pmu 1008912 650089 8220039 14361835 1075428262
1790321253.418470 W 559 lat 296 2666 9351 0 exe 35592 240074 554055 resp 561740 618 pmu 1014654 528227 8243478 14971089 628804767
1790321254.362111 W 560 lat 333 5129 12999 0 exe 83185 460611 635722 resp 642203 997 pmu 1009694 722819 8222579 12781505 1158572152
1790321255.406480 W 561 lat 296 1555 9444 0 exe 47999 177907 508999 resp 515259 631 pmu 1014792 611800 8246748 14962443 490622337
1790321256.450291 W 562 lat 425 4166 10148 0 exe 71592 394574 619833 resp 625074 992 pmu 1009951 736412 8215929 12069948 1006765886
1790321257.394471 W 563 lat 2203 5499 11203 0 exe 164222 416574 554796 resp 559611 1000 pmu 1008716 616202 8220537 14391728 1046383598
1790321258.454135 W 564 lat 296 3185 11018 0 exe 34740 264870 566685 resp 573185 662 pmu 1013760 552838 8242473 14332191 684982724
1790321259.390536 W 565 lat 333 4796 12462 0 exe 64777 425796 606259 resp 611703 997 pmu 1009992 668743 8225749 13032519 1077342752
1790321260.454316 W 566 lat 296 2925 10037 0 exe 46444 282444 574907 resp 581351 809 pmu 1012218 637924 8243317 14392956 739307091
1790321261.406423 W 567 lat 296 3314 10999 0 exe 46111 302944 595240 resp 600388 896 pmu 1012873 646088 8240494 13254341 784395028
1790321262.450178 W 568 lat 999 4999 12111 0 exe 163574 415425 597370 resp 603222 1000 pmu 1009651 676502 8223453 13558954 1045065064
1790321263.410504 W 569 lat 851 4814 11666 0 exe 105981 373666 613592 resp 618666 1000 pmu 1010841 594983 8238002 14751163 941895809
1790321264.362325 W 570 lat 296 3666 10666 0 exe 26870 336537 585333 resp 591981 886 pmu 1011904 612295 8232754 14408465 863440633
1790321265.426290 W 571 lat 296 3444 9555 0 exe 41129 305351 519425 resp 525944 827 pmu 1012987 573344 8240678 13538906 790459091
1790321266.382479 W 572 lat 296 2999 10185 0 exe 42851 286407 558981 resp 562648 858 pmu 1013368 660658 8246071 12787928 750038823
1790321267.426418 W 573 lat 1925 4925 11129 0 exe 162555 426333 580444 resp 585370 1000 pmu 1007793 713532 8204082 13084486 1072288292
1790321268.378517 W 574 lat 555 4722 9907 0 exe 146203 388092 554907 resp 560888 1000 pmu 1010119 627040 8232267 14626028 977919651
1790321269.446468 W 575 lat 296 3462 11592 0 exe 33481 310944 570277 resp 574999 833 pmu 1012719 589024 8238130 14088455 794736234
1790321270.394315 W 576 lat 296 3981 10703 0 exe 52722 359351 601296 resp 608999 917 pmu 1011740 652082 8229513 13287690 914742733
1790321271.350325 W 577 lat 296 2611 11425 0 exe 51888 261314 534037 resp 539407 835 pmu 1012995 648897 8241165 13948909 685228951
1790321272.398160 W 578 lat 425 4685 10740 0 exe 84962 415851 587611 resp 592481 997 pmu 1009495 726572 8220228 12767531 1055790979
1790321273.446500 W 579 lat 611 4833 12222 0 exe 90685 378518 590351 resp 596851 999 pmu 1010606 606796 8235431 14246520 959238010
1790321274.398138 W 580 lat 296 3685 11296 0 exe 39314 314870 587203 resp 592444 828 pmu 1011693 626831 8231322 14132413 807701432
1790321275.358442 W 581 lat 351 4407 10722 0 exe 63518 384129 589037 resp 593648 991 pmu 1011214 623908 8233208 13507996 975971684
1790321276.410240 W 582 lat 296 2759 8185 0 exe 44259 269185 523407 resp 528092 924 pmu 1013945 626860 8243627 13991432 703737612
1790321277.350188 W 583 lat 314 3833 10092 0 exe 60777 348333 583888 resp 588462 965 pmu 1010764 664551 8222260 12643446 886396835
1790321278.406487 W 584 lat 629 4962 12611 0 exe 109407 406203 644037 resp 652833 1000 pmu 1010343 640347 8233094 13741173 1021756986
1790321279.366092 W 585 lat 296 3740 10425 0 exe 45944 310777 589055 resp 595444 809 pmu 1012422 587927 8241014 14915388 797219625
1790321280.414579 W 586 lat 314 4185 9851 0 exe 60166 379222 589314 resp 593703 991 pmu 1010884 657614 8228333 13541047 963136573
1790321281.354318 W 587 lat 296 2907 8981 0 exe 55796 273370 519981 resp 523185 874 pmu 1013329 623816 8245054 13945996 718941555
1790321282.398184 W 588 lat 314 3759 10740 0 exe 73740 328574 547518 resp 552222 977 pmu 1011094 645093 8232373 12685243 852134274
1790321283.354469 W 589 lat 333 4870 10962 0 exe 114555 384962 577907 resp 581462 1000 pmu 1010760 627516 8230020 13346966 973108457
1790321284.414187 W 590 lat 296 3962 12925 0 exe 38388 330444 546111 resp 551185 850 pmu 1012517 582054 8240817 14137446 840766283
1790321285.354553 W 591 lat 277 3870 10648 0 exe 53703 358277 570462 resp 574111 939 pmu 1011864 651074 8232106 13178897 907593086
1790321286.398401 W 592 lat 296 3666 10981 0 exe 53814 313592 548518 resp 554907 956 pmu 1012451 580061 8237035 13619261 801529717
1790321287.450431 W 593 lat 296 2944 9851 0 exe 43259 277833 594796 resp 600814 851 pmu 1013160 615508 8239756 13191019 724156574
1790321288.406505 W 594 lat 777 5018 11129 0 exe 125314 419259 590222 resp 595925 1000 pmu 1009749 654454 8223372 13411587 1050864298
1790321289.366197 W 595 lat 296 3907 9296 0 exe 33407 327740 590796 resp 596592 952 pmu 1012633 579041 8239106 14500707 835988289
1790321290.410532 W 596 lat 296 3574 8759 0 exe 35759 329907 542037 resp 547722 935 pmu 1011612 634421 8230004 13572690 846122662
1790321291.354447 W 597 lat 314 3851 9629 0 exe 40814 346388 573759 resp 581611 958 pmu 1011713 623363 8232334 13102798 881272723
1790321292.398153 W 598 lat 296 3129 11240 0 exe 44555 279685 552888 resp 557648 824 pmu 1013002 596136 8245645 13543955 723314111
1790321293.350448 W 599 lat 537 4888 11888 0 exe 84759 416592 608851 resp 613944 998 pmu 1009937 674764 8225535 13009848 1049162761
1790321294.422555 W 600 lat 296 3666 10555 0 exe 42314 306851 581703 resp 586833 940 pmu 1012999 566035 8241936 14469885 787699981
1790321295.382485 W 601 lat 296 3185 9129 0 exe 40462 301796 596870 resp 601722 768 pmu 1012436 648559 8233802 13423091 779828751
1790321296.442469 W 602 lat 314 4277 11037 0 exe 68870 387629 585129 resp 590888 993 pmu 1010098 683087 8215139 13529857 985317286
1790321297.378303 W 603 lat 333 4111 9462 0 exe 106185 367814 577574 resp 581388 1000 pmu 1010545 649737 8220603 14003370 936670612
1790321298.426301 W 604 lat 314 3833 11962 0 exe 60277 337796 597555 resp 601685 984 pmu 1011595 611139 8233539 13996826 862341490
1790321299.378396 W 605 lat 296 3925 9388 0 exe 42148 348462 595592 resp 600314 946 pmu 1012931 609683 8250856 13829680 880976107
1790321300.434375 W 606 lat 314 3351 8407 0 exe 58944 296703 574166 resp 579407 851 pmu 1012167 616846 8235617 13762735 780844188
1790321301.390447 W 607 lat 296 3814 11907 0 exe 48759 359518 585962 resp 591370 925 pmu 1011777 681157 8237305 13368960 916471172
1790321302.438361 W 608 lat 333 4314 12240 0 exe 74222 377129 579129 resp 583722 993 pmu 1010386 642900 8226487 13770877 956825195
1790321303.386479 W 609 lat 333 3592 9148 0 exe 60648 317407 582518 resp 588370 984 pmu 1012708 585900 8241873 13918073 810467500
1790321304.350481 W 610 lat 296 4055 8592 0 exe 46370 368555 571648 resp 575537 963 pmu 1011542 633587 8235102 13572463 941853328
1790321305.394396 W 611 lat 314 3259 8685 0 exe 40888 289944 524111 resp 528666 882 pmu 1013048 590263 8239971 13637605 749752008
1790321306.442577 W 612 lat 296 3499 11777 0 exe 41407 320537 558018 resp 563425 871 pmu 1012400 629055 8239504 12741486 825999283
1790321307.386165 W 613 lat 611 4388 9740 0 exe 117814 426555 583481 resp 588740 1000 pmu 1008931 718498 8215408 13257378 1077997550
1790321308.448759 W 614 lat 314 2814 7740 0 exe 63944 261574 545314 resp 549037 945 pmu 1013390 537022 8238616 14419095 683291054
1790321309.418390 W 615 lat 296 3425 8425 0 exe 38870 370555 557037 resp 561037 937 pmu 1011026 689794 8234595 12916017 941477746
1790321310.358015 W 616 lat 296 1888 10055 0 exe 17092 177962 574222 resp 578351 489 pmu 1017700 345991 8240323 13459462 459675275
1790321311.398005 W 617 lat 296 296 499 0 exe 17018 22148 131499 resp 131814 6 pmu 1023622 70724 8256285 12559014 59741501
1790321312.354053 W 618 lat 296 555 8537 0 exe 17259 61296 562259 resp 565055 92 pmu 1022472 141461 8254707 7277315 154678095
1790321313.430020 W 619 lat 296 296 703 0 exe 18648 26259 121574 resp 121888 16 pmu 1023489 116837 8248805 11835869 71348213
1790321314.401995 W 620 lat 296 296 481 0 exe 19925 23851 54629 resp 54944 0 pmu 1023695 89754 8255868 7207621 61368404
1790321315.374023 W 621 lat 296 296 703 0 exe 19407 27185 113685 resp 114351 22 pmu 1023403 127632 8252290 6531330 70703736
1790321316.445998 W 622 lat 296 296 425 0 exe 20444 24407 60333 resp 60648 0 pmu 1023726 95050 8258877 7138807 62630660
1790321317.406019 W 623 lat 296 296 555 0 exe 19499 25574 124907 resp 125351 12 pmu 1023560 109691 8255706 6593357 66262827
1790321318.361995 W 624 lat 296 296 462 0 exe 19037 22851 53925 resp 54222 0 pmu 1023649 79714 8256849 7241793 58672440
1790321319.422017 W 625 lat 296 296 592 0 exe 19259 26018 124055 resp 124611 16 pmu 1023568 114563 8255963 6514660 67417771
1790321320.389990 W 626 lat 296 296 499 0 exe 19185 22518 54425 resp 54722 0 pmu 1023739 75895 8256027 7234944 57739510
1790321321.362025 W 627 lat 296 296 944 0 exe 18981 26185 114814 resp 115407 15 pmu 1023504 116381 8254389 6518975 67894237
1790321322.433995 W 628 lat 296 296 425 0 exe 18796 22981 62222 resp 62537 0 pmu 1023701 80468 8256664 7143907 58982988
1790321323.398022 W 629 lat 296 296 592 0 exe 18777 25592 119722 resp 120166 15 pmu 1023659 109686 8252243 6596977 66294706
1790321324.369995 W 630 lat 296 296 499 0 exe 19129 22851 56425 resp 56722 0 pmu 1023714 79339 8253309 7186668 58641965
1790321325.450020 W 631 lat 296 296 592 0 exe 18888 25833 111999 resp 112333 19 pmu 1023413 112883 8253540 6540367 67039961
1790321326.421994 W 632 lat 296 296 425 0 exe 19166 22759 58296 resp 58592 0 pmu 1023655 78391 8255396 7110442 58329665
1790321327.386023 W 633 lat 296 296 555 0 exe 18777 25796 121796 resp 122203 14 pmu 1023533 112310 8257734 6558428 66902188
1790321328.349993 W 634 lat 296 296 425 0 exe 18722 22796 61740 resp 62055 0 pmu 1023713 79090 8254648 7207934 58507958
1790321329.426023 W 635 lat 296 296 499 0 exe 19166 25870 122240 resp 122629 15 pmu 1023464 113506 8254496 6590858 67089249
1790321330.389992 W 636 lat 296 296 425 0 exe 19055 22777 59111 resp 59425 0 pmu 1023615 78613 8254552 7214259 58486576
1790321331.354024 W 637 lat 296 296 444 0 exe 19592 25499 125944 resp 126370 12 pmu 1023563 108847 8252950 6566190 66019905
1790321332.425996 W 638 lat 296 296 462 0 exe 19203 22759 60611 resp 60925 0 pmu 1023722 78551 8258788 7251494 58383671
1790321333.394027 W 639 lat 277 296 462 0 exe 18981 25629 124703 resp 125018 16 pmu 1023504 110214 8255920 6581959 66399702
1790321334.365998 W 640 lat 296 296 592 0 exe 19296 24555 59499 resp 59796 0 pmu 1023595 97881 8257160 7236057 63359806
1790321335.438019 W 641 lat 296 296 592 0 exe 19259 25518 118018 resp 118444 14 pmu 1023590 109546 8256145 6580985 66151130
1790321336.409994 W 642 lat 296 296 444 0 exe 18981 22833 58370 resp 58685 0 pmu 1023683 79355 8256213 7171284 58559717
1790321337.378025 W 643 lat 296 296 555 0 exe 19074 24722 122833 resp 123185 14 pmu 1023562 100103 8254871 6558777 63934518
1790321338.349995 W 644 lat 296 296 425 0 exe 18888 22870 56240 resp 56555 0 pmu 1023691 79735 8256555 7214074 58706645
1790321339.426022 W 645 lat 296 296 629 0 exe 19499 25370 119981 resp 120388 14 pmu 1023516 107578 8253852 6537093 65719375
1790321340.389991 W 646 lat 296 296 462 0 exe 19092 23629 71925 resp 72259 0 pmu 1023685 88729 8256430 7191687 60691169
1790321341.442018 W 647 lat 296 296 425 0 exe 18796 23722 118092 resp 118518 9 pmu 1023587 89101 8255046 6699046 61288731
1790321342.413994 W 648 lat 296 296 444 0 exe 18703 23833 96314 resp 96648 0 pmu 1023627 90877 8256452 7159952 61173837
1790321343.386020 W 649 lat 296 296 481 0 exe 19203 23074 110425 resp 110740 3 pmu 1023702 82090 8258255 6941931 59349828
1790321344.449998 W 650 lat 296 296 722 0 exe 18907 24888 116629 resp 116999 13 pmu 1023552 102514 8250384 7081662 64394579
1790321345.418021 W 651 lat 296 296 425 0 exe 18981 22944 66018 resp 66333 0 pmu 1023668 80822 8254946 7152947 58941030
1790321346.381997 W 652 lat 296 296 907 0 exe 19148 24907 123037 resp 123685 12 pmu 1023585 102125 8255142 6635558 64357301
1790321347.349995 W 653 lat 296 296 481 0 exe 19259 22685 51148 resp 51462 0 pmu 1023654 77680 8254293 7220608 58214757
1790321348.426016 W 654 lat 296 296 574 0 exe 19055 25129 116777 resp 117111 13 pmu 1023452 105094 8253578 6487300 64999193
1790321349.382034 W 655 lat 296 296 611 0 exe 18962 22462 54092 resp 54388 0 pmu 1023662 75188 8250899 7155481 57546414
1790321350.442016 W 656 lat 296 296 611 0 exe 18925 25592 114685 resp 115037 14 pmu 1023533 110152 8252029 6514711 66330839
1790321351.402022 W 657 lat 296 296 462 0 exe 19203 23611 67537 resp 67851 0 pmu 1023680 88222 8256713 7136394 60740899
1790321352.361997 W 658 lat 296 296 537 0 exe 18796 24777 115759 resp 116166 13 pmu 1023525 101287 8254776 6655499 64143320
1790321353.414017 W 659 lat 296 296 425 0 exe 19351 22333 51537 resp 51851 0 pmu 1023713 73650 8255774 7142591 57126211
1790321354.377995 W 660 lat 296 296 481 0 exe 19203 25018 112481 resp 112833 15 pmu 1023575 103712 8257068 6489635 64739430
1790321355.350001 W 661 lat 296 296 481 0 exe 19425 23111 50574 resp 50888 0 pmu 1023638 82810 8255989 7112214 59351490
1790321356.430016 W 662 lat 296 296 555 0 exe 19370 25518 122518 resp 122833 18 pmu 1023483 109257 8251096 6484385 66086643
1790321357.398001 W 663 lat 296 296 425 0 exe 19296 22740 66333 resp 66648 0 pmu 1023687 78449 8253803 7216186 58414899
1790321358.366020 W 664 lat 296 296 537 0 exe 19092 26666 116333 resp 116666 16 pmu 1023476 122510 8255123 6639444 69378723
1790321359.430029 W 665 lat 296 296 444 0 exe 18925 23074 53925 resp 54333 0 pmu 1023661 81999 8252805 7158834 59276122
1790321360.402016 W 666 lat 296 296 629 0 exe 19259 25425 111999 resp 112333 18 pmu 1023567 108386 8256550 6515668 65832900
1790321361.369991 W 667 lat 296 296 407 0 exe 19037 22685 55018 resp 55333 0 pmu 1023737 77693 8250888 7110515 58140967
1790321362.446014 W 668 lat 296 296 666 0 exe 18981 24981 121518 resp 121870 14 pmu 1023521 103130 8254970 6524605 64562775
1790321363.409994 W 669 lat 296 296 425 0 exe 19037 23185 67592 resp 67999 0 pmu 1023728 83400 8255859 7202256 59648740
1790321364.382015 W 670 lat 296 296 537 0 exe 19222 26074 110037 resp 110462 19 pmu 1023446 115799 8253183 6653430 67743362
1790321365.353994 W 671 lat 296 296 462 0 exe 18722 22407 54925 resp 55240 0 pmu 1023639 74423 8253510 7093900 57332326
1790321366.430017 W 672 lat 296 296 592 0 exe 19870 27185 112407 resp 112814 16 pmu 1023495 126763 8257417 6520855 70414231
1790321367.397998 W 673 lat 296 296 425 0 exe 20481 24907 54425 resp 54740 0 pmu 1023711 100778 8255086 7126551 63941220
1790321368.366014 W 674 lat 296 296 574 0 exe 18722 25796 116537 resp 116981 15 pmu 1023522 112261 8252329 6536952 66870086
1790321369.441997 W 675 lat 296 296 462 0 exe 19240 22814 55962 resp 56277 0 pmu 1023722 79114 8254251 7155372 58535829
1790321370.410015 W 676 lat 296 296 481 0 exe 19444 25777 122777 resp 123129 11 pmu 1023608 112668 8256592 6535967 66909786
1790321371.366014 W 677 lat 296 296 1074 0 exe 17981 27518 116074 resp 117148 12 pmu 1023520 133151 8261511 7220529 70872999
1790321372.406006 W 678 lat 296 296 518 0 exe 16999 21962 113888 resp 114203 7 pmu 1023683 69220 8257631 7161235 56025994
1790321373.445999 W 679 lat 296 296 592 0 exe 17240 20722 108611 resp 109203 3 pmu 1023687 54988 8252814 7100042 52549276
1790321374.382038 W 680 lat 296 351 555 0 exe 17666 24777 112944 resp 113407 6 pmu 1023737 74599 8263521 7043906 54028268
1790321375.422022 W 681 lat 370 462 518 0 exe 21203 27462 60018 resp 60499 0 pmu 1023740 47271 8257456 7109263 43871868
1790321376.358045 W 682 lat 462 462 611 0 exe 24277 29907 131722 resp 132203 18 pmu 1023698 70659 8262847 6611755 47762873
1790321377.398013 W 683 lat 462 462 518 0 exe 24074 26703 59481 resp 59962 0 pmu 1023777 38027 8263524 7357534 42550890
1790321378.438045 W 684 lat 462 462 629 0 exe 24481 30185 127796 resp 128425 18 pmu 1023696 73247 8254624 6617537 48183316
1790321379.374024 W 685 lat 462 462 537 0 exe 24351 27148 59962 resp 60444 0 pmu 1023828 42458 8256852 7321501 43205448
1790321380.414046 W 686 lat 462 462 740 0 exe 24074 29851 127796 resp 128314 18 pmu 1023632 70030 8254255 6625917 47663710
1790321381.350014 W 687 lat 462 462 499 0 exe 24351 27425 61425 resp 61907 0 pmu 1023779 44955 8258452 7317743 43633771
1790321382.394051 W 688 lat 462 462 629 0 exe 24277 29648 127462 resp 127962 18 pmu 1023626 68156 8263498 6641964 47428258
1790321383.434020 W 689 lat 462 462 499 0 exe 23833 27148 61555 resp 62055 0 pmu 1023779 42538 8264376 7313864 43214050
1790321384.370051 W 690 lat 462 462 666 0 exe 24166 29629 136018 resp 136518 18 pmu 1023650 68021 8256800 6639275 47384394
1790321385.410008 W 691 lat 462 462 518 0 exe 24333 26999 61740 resp 62240 0 pmu 1023831 40992 8261613 7398824 43043561
1790321386.450046 W 692 lat 462 462 629 0 exe 24296 29796 142870 resp 143370 18 pmu 1023719 69268 8262524 6642862 47592481
1790321387.386019 W 693 lat 462 462 499 0 exe 24018 27462 77685 resp 78166 0 pmu 1023774 45598 8262948 7468726 43797177
1790321388.426052 W 694 lat 462 462 629 0 exe 24296 29537 147462 resp 147962 18 pmu 1023769 66698 8262064 6803198 47259090
1790321389.362008 W 695 lat 462 462 518 0 exe 24296 26944 58388 resp 58870 0 pmu 1023773 40300 8262124 7513412 43023758
1790321390.402049 W 696 lat 462 462 814 0 exe 24370 29037 142759 resp 143388 17 pmu 1023782 61793 8261380 6608792 46397004
1790321391.442025 W 697 lat 388 462 499 0 exe 20740 27092 59333 resp 59833 0 pmu 1023783 45852 8260462 7465740 43938305
1790321392.378046 W 698 lat 462 462 629 0 exe 23944 31462 137407 resp 138037 22 pmu 1023693 86868 8264296 6600959 50159620
1790321393.418017 W 699 lat 462 462 518 0 exe 24018 27351 58518 resp 59018 0 pmu 1023783 44419 8263481 7421276 43594690
1790321394.354050 W 700 lat 462 462 759 0 exe 24185 29777 134722 resp 135481 18 pmu 1023717 69259 8258562 6610861 47580310
1790321395.394015 W 701 lat 462 462 518 0 exe 24333 27370 62074 resp 62555 0 pmu 1023747 44697 8259292 7388500 43609435
1790321396.434047 W 702 lat 462 462 629 0 exe 24333 29907 133333 resp 133888 18 pmu 1023674 70546 8253945 6648067 47784684
1790321397.370008 W 703 lat 462 462 518 0 exe 23870 26870 66148 resp 66629 0 pmu 1023898 39611 8254380 7374411 42815863
1790321398.410048 W 704 lat 462 462 666 0 exe 24222 29314 130518 resp 130999 18 pmu 1023700 64802 8255615 6683947 46904833
1790321399.450016 W 705 lat 462 462 499 0 exe 24481 27592 65777 resp 66259 0 pmu 1023756 46859 8256830 7342375 43941505
1790321400.390048 W 706 lat 462 462 648 0 exe 24055 29666 130018 resp 130518 17 pmu 1023681 68191 8262387 6686997 47439134
1790321401.430029 W 707 lat 462 462 499 0 exe 24222 27499 61296 resp 61759 0 pmu 1023784 45959 8260862 7338402 43766221
1790321402.366048 W 708 lat 462 462 703 0 exe 24166 29555 131759 resp 132351 18 pmu 1023631 67058 8261241 6640236 47261174
1790321403.406030 W 709 lat 462 462 499 0 exe 24111 26870 57518 resp 57999 0 pmu 1023797 39556 8264054 7356497 42784700
1790321404.446046 W 710 lat 462 462 555 0 exe 23962 29740 134740 resp 135240 18 pmu 1023726 69048 8261599 6598914 47464439
1790321405.382020 W 711 lat 462 462 518 0 exe 24333 27037 53296 resp 53759 0 pmu 1023732 41322 8258744 7385056 43097077
1790321406.422047 W 712 lat 462 462 574 0 exe 23981 30055 136092 resp 136611 18 pmu 1023673 71905 8260761 6558569 47943498
1790321407.358020 W 713 lat 407 462 499 0 exe 21796 26481 52388 resp 52851 0 pmu 1023700 42685 8262044 7400476 43492461
1790321408.402047 W 714 lat 407 462 907 0 exe 22537 30925 135462 resp 135981 18 pmu 1023713 81503 8261128 6533502 49346702
1790321409.442020 W 715 lat 462 462 499 0 exe 24129 26703 53277 resp 53777 0 pmu 1023802 37975 8259943 7392564 42582864
1790321410.378043 W 716 lat 462 462 685 0 exe 24203 30148 128555 resp 129074 18 pmu 1023619 72709 8259626 6555885 48076434
1790321411.418026 W 717 lat 462 462 499 0 exe 24203 27425 56981 resp 57481 0 pmu 1023696 44949 8262332 7327184 43649705
1790321412.354045 W 718 lat 462 462 759 0 exe 24444 29999 129629 resp 130129 18 pmu 1023657 71342 8261466 6596818 47903360
1790321413.394033 W 719 lat 462 462 518 0 exe 24277 26592 51481 resp 51981 0 pmu 1023797 37122 8263024 7338716 42400126
1790321414.434045 W 720 lat 462 462 777 0 exe 24129 29777 131592 resp 132074 17 pmu 1023580 68995 8259444 6537996 47532013
1790321415.370025 W 721 lat 462 462 499 0 exe 23759 26814 53666 resp 54166 0 pmu 1023743 39298 8263542 7355721 42717836
1790321416.410047 W 722 lat 462 462 555 0 exe 24129 29888 136148 resp 136629 16 pmu 1023640 69984 8257227 6558455 47663591
1790321417.450021 W 723 lat 462 462 499 0 exe 24203 26944 51962 resp 52444 0 pmu 1023643 40228 8258400 7400715 42947570
1790321418.386051 W 724 lat 462 462 999 0 exe 23888 30833 135333 resp 135833 18 pmu 1023652 80186 8261524 6543925 49167578
1790321419.426030 W 725 lat 462 462 518 0 exe 23685 26796 52759 resp 53222 0 pmu 1023755 38871 8258166 7398332 42719586
1790321420.366046 W 726 lat 462 462 759 0 exe 24037 29574 134703 resp 135425 17 pmu 1023557 67256 8259998 6548849 47199059
1790321421.406014 W 727 lat 462 462 499 0 exe 23944 26981 55259 resp 55740 0 pmu 1023687 40586 8261568 7386540 42993349
1790321422.446046 W 728 lat 462 462 629 0 exe 24314 29685 128111 resp 128629 18 pmu 1023638 68541 8258985 6576010 47438958
1790321423.382021 W 729 lat 462 462 518 0 exe 24425 27351 52537 resp 52999 0 pmu 1023764 44314 8258892 7320702 43530419
1790321424.422047 W 730 lat 388 462 592 0 exe 20796 29444 135351 resp 135833 18 pmu 1023694 70453 8261807 6552938 47817117
1790321425.358019 W 731 lat 462 462 518 0 exe 24222 26611 51074 resp 51537 0 pmu 1023756 36873 8258540 7373604 42433919
1790321426.398051 W 732 lat 462 462 1037 0 exe 24074 29333 146314 resp 146796 18 pmu 1023725 64903 8260725 6533590 46819602
1790321427.438027 W 733 lat 444 462 499 0 exe 23888 27333 60222 resp 60722 0 pmu 1023774 44080 8261768 7501667 43608748
1790321428.374050 W 734 lat 462 462 629 0 exe 24240 29499 135555 resp 136055 18 pmu 1023616 66181 8258976 6627023 47127123
1790321429.414019 W 735 lat 462 462 518 0 exe 24092 26925 55444 resp 55907 0 pmu 1023689 40261 8260622 7393777 42940810
1790321430.350046 W 736 lat 462 462 851 0 exe 24055 29648 143037 resp 143555 17 pmu 1023685 67937 8262208 6578187 47319440
1790321431.390027 W 737 lat 462 462 518 0 exe 23962 27074 53166 resp 53648 0 pmu 1023836 41660 8264060 7469661 43195947
1790321432.430048 W 738 lat 462 462 648 0 exe 23796 30037 134518 resp 135166 17 pmu 1023660 72069 8260055 6555722 47941649
1790321433.366041 W 739 lat 462 462 499 0 exe 24185 28407 112759 resp 113259 6 pmu 1023704 55300 8264124 7384780 45326231
1790321434.410046 W 740 lat 462 462 796 0 exe 24407 30037 140333 resp 141129 18 pmu 1023682 72157 8262886 7159359 48297898
1790321435.450246 W 741 lat 314 1074 10907 0 exe 23907 67759 369666 resp 374611 159 pmu 1020953 174283 8257142 7447886 129301180
1790321436.406243 W 742 lat 314 2648 7370 0 exe 42722 162555 336499 resp 341944 851 pmu 1021571 329882 8289367 10003286 434384592
1790321437.450234 W 743 lat 296 2962 8222 0 exe 43851 172425 312092 resp 317462 837 pmu 1020411 350633 8292476 10232303 469629918
1790321438.397419 W 744 lat 314 3018 9055 0 exe 40666 185444 386703 resp 390685 941 pmu 1020189 363200 8280511 10048852 492380981
1790321439.350304 W 745 lat 296 3314 9018 0 exe 41574 196537 327629 resp 331888 830 pmu 1019328 376658 8293755 10841238 529742698
1790321440.398232 W 746 lat 314 3055 8648 0 exe 37833 192277 514944 resp 518333 924 pmu 1020424 369705 8287758 10313738 511194102
1790321441.358087 W 747 lat 296 2833 7611 0 exe 36944 166129 410981 resp 414666 819 pmu 1020161 353494 8278818 12139009 453483546
1790321442.410234 W 748 lat 314 1999 7518 0 exe 36444 129685 486037 resp 489574 684 pmu 1023090 303190 8285300 10958912 353585850
1790321443.354117 W 749 lat 314 3222 7407 0 exe 42129 190537 299407 resp 302962 942 pmu 1020135 350790 8293831 11520185 507410320
1790321444.402229 W 750 lat 333 3333 8351 0 exe 43999 210611 510870 resp 515592 924 pmu 1019694 398807 8287695 9992058 558510562
1790321445.358118 W 751 lat 314 3111 8499 0 exe 40111 191185 300777 resp 303759 871 pmu 1019592 367457 8292875 12227616 516441275
1790321446.414304 W 752 lat 314 2833 8444 0 exe 42222 183777 546148 resp 550351 859 pmu 1020765 367134 8289782 10000963 487991625
1790321447.362395 W 753 lat 314 2740 7814 0 exe 40037 166259 424185 resp 427907 852 pmu 1020727 338062 8287321 12432586 451334314
1790321448.414286 W 754 lat 314 3314 7981 0 exe 46759 207185 486833 resp 488462 923 pmu 1019339 395315 8289547 11108549 551673828
1790321449.358255 W 755 lat 296 2888 8407 0 exe 39629 172574 306814 resp 310851 849 pmu 1020537 341954 8291070 11966451 465701254
1790321450.402147 W 756 lat 333 3222 9370 0 exe 42166 201166 480314 resp 484685 940 pmu 1019777 379607 8292207 9969683 533089019
1790321451.354235 W 757 lat 314 3185 9018 0 exe 42203 184314 327611 resp 331129 870 pmu 1019576 369428 8290052 11868469 500473872
1790321452.398391 W 758 lat 296 3240 8499 0 exe 41999 210740 518999 resp 524222 923 pmu 1019558 395561 8288762 10251126 556730214
1790321453.450315 W 759 lat 314 3703 8555 0 exe 42370 226999 380444 resp 385722 950 pmu 1017911 405179 8290468 12302366 602654091
1790321454.394404 W 760 lat 333 3925 7907 0 exe 47499 252814 518092 resp 522851 976 pmu 1017120 456950 8286442 11002999 668245706
1790321455.438352 W 761 lat 555 3870 9259 0 exe 46481 238666 418296 resp 422555 988 pmu 1016716 433667 8283131 12529644 631884738
1790321456.382299 W 762 lat 333 3796 8888 0 exe 45777 246092 514092 resp 519277 973 pmu 1017192 456325 8277031 11461041 650061326
1790321457.430098 W 763 lat 296 3555 8907 0 exe 28962 221388 393777 resp 401018 958 pmu 1017925 401830 8285891 12453778 587245674
1790321458.370389 W 764 lat 314 3833 9425 0 exe 44851 239370 518611 resp 523833 981 pmu 1016819 445833 8286275 11052158 637606926
1790321459.422331 W 765 lat 333 3796 9185 0 exe 42999 240425 522944 resp 527166 977 pmu 1016854 448966 8269198 12463691 638997804
1790321460.374348 W 766 lat 333 3370 9925 0 exe 44222 198962 388648 resp 393796 964 pmu 1019491 367300 8289016 12496932 528173756
1790321461.426377 W 767 lat 314 3574 8314 0 exe 42703 229481 532240 resp 536981 914 pmu 1018901 421860 8293045 10958755 610676283
1790321462.366251 W 768 lat 296 3351 9185 0 exe 45425 205055 398444 resp 404648 916 pmu 1018981 383811 8286824 12530273 548142641
1790321463.422141 W 769 lat 314 3425 9314 0 exe 46796 213148 485870 resp 490666 977 pmu 1019000 396906 8284334 11094433 565200530
1790321464.366281 W 770 lat 333 3685 8925 0 exe 43796 225611 387481 resp 392314 966 pmu 1016970 423579 8275890 12010085 602194404
1790321465.410285 W 771 lat 407 3851 9129 0 exe 46629 241518 499333 resp 504203 984 pmu 1017033 453883 8281426 11073245 641025672
1790321466.354338 W 772 lat 296 3425 8370 0 exe 44777 212703 387407 resp 393129 967 pmu 1018294 388641 8276064 12287743 563199959
1790321467.406309 W 773 lat 499 3666 8870 0 exe 42999 222796 522296 resp 528481 971 pmu 1018267 426326 8290993 11013204 594129493
1790321468.354336 W 774 lat 370 3796 9425 0 exe 45185 228166 395981 resp 401074 974 pmu 1016966 423638 8278658 12410578 610703291
1790321469.406262 W 775 lat 296 3425 8537 0 exe 47407 215999 490277 resp 493425 967 pmu 1018863 404212 8284541 11182535 572978507
1790321470.350139 W 776 lat 314 3407 9092 0 exe 41499 204296 339851 resp 345259 904 pmu 1019439 369325 8291646 12059238 543937224
1790321471.398387 W 777 lat 296 2759 9444 0 exe 38944 176518 478407 resp 482185 827 pmu 1020669 363041 8286836 10480693 473775714
1790321472.446388 W 778 lat 314 3277 9259 0 exe 44703 189999 375314 resp 378999 887 pmu 1019600 367717 8287224 11705160 514670878
1790321473.390277 W 779 lat 296 3333 8574 0 exe 31703 209907 518407 resp 523296 897 pmu 1019292 409469 8291656 10771794 558056638
1790321474.446342 W 780 lat 333 3499 8148 0 exe 44888 212629 374351 resp 378796 928 pmu 1019011 378098 8287608 12240097 561354276
1790321475.390255 W 781 lat 314 2611 7499 0 exe 34333 161111 320981 resp 324537 791 pmu 1021187 352042 8287660 10875175 440483226
1790321476.450330 W 782 lat 333 2722 7333 0 exe 40888 162925 317481 resp 321092 839 pmu 1021178 321713 8289372 10018920 435303632
1790321477.398287 W 783 lat 296 3185 8925 0 exe 46277 199148 485333 resp 489851 880 pmu 1019474 396716 8291669 10025953 534703703
1790321478.446086 W 784 lat 314 2685 7314 0 exe 39851 168425 326388 resp 330611 861 pmu 1021041 329513 8283649 11927324 449727913
1790321479.394244 W 785 lat 314 3185 9037 0 exe 37814 208370 530055 resp 535259 823 pmu 1019440 407286 8283964 10139964 558089614
1790321480.446382 W 786 lat 296 2574 10203 0 exe 37018 151240 363481 resp 367648 821 pmu 1021716 310544 8288163 12382150 406637832
1790321481.394347 W 787 lat 333 3555 8944 0 exe 45240 221907 469999 resp 473259 963 pmu 1018103 425221 8282179 10424667 592867625
1790321482.446253 W 788 lat 314 3074 7018 0 exe 39296 192222 349481 resp 355518 899 pmu 1019901 354398 8291572 11878535 510923987
1790321483.398121 W 789 lat 314 3018 9407 0 exe 41092 187925 489407 resp 493518 850 pmu 1020009 384091 8283490 10496745 506565503
1790321484.450168 W 790 lat 314 3148 8722 0 exe 38018 191759 318851 resp 321851 939 pmu 1019869 354327 8288093 11885637 510279386
1790321485.394241 W 791 lat 314 3314 8796 0 exe 42074 211925 505333 resp 510833 884 pmu 1018693 423058 8290009 10175558 568357807
1790321486.350117 W 792 lat 296 3185 8444 0 exe 40111 198629 389166 resp 393222 934 pmu 1019745 362215 8286678 12175228 527460099
1790321487.394102 W 793 lat 333 3185 8296 0 exe 40203 205240 518907 resp 523277 905 pmu 1019914 393243 8294294 10927579 545171679
1790321488.446298 W 794 lat 296 2537 6833 0 exe 40222 153611 302629 resp 306851 795 pmu 1021540 318266 8287499 12259186 415793045
1790321489.390185 W 795 lat 314 3314 8537 0 exe 39444 207648 489259 resp 492037 926 pmu 1019349 395332 8290057 9827242 554297420
1790321490.446287 W 796 lat 314 2981 8592 0 exe 41444 175314 332759 resp 338018 865 pmu 1020371 346118 8289609 11964945 474352874
1790321491.390278 W 797 lat 296 3203 7499 0 exe 40870 202925 490259 resp 493277 891 pmu 1019917 382741 8289232 10259396 539755470
1790321492.442108 W 798 lat 296 3240 8407 0 exe 41037 196518 385833 resp 391018 894 pmu 1019290 375500 8291147 11953995 527830945
1790321493.386169 W 799 lat 314 3148 9185 0 exe 43740 202092 524888 resp 529185 938 pmu 1019627 393830 8284761 10894128 536883342
1790321494.454118 W 800 lat 296 3129 8629 0 exe 40592 184259 392037 resp 396222 834 pmu 1019323 371673 8286725 12324772 501435511
1790321495.394014 W 801 lat 296 2814 8796 0 exe 17666 177203 475388 resp 480240 787 pmu 1019177 359138 8276798 10887754 475543076
1790321496.433980 W 802 lat 296 296 370 0 exe 16592 19074 42166 resp 42499 0 pmu 1023710 35665 8258072 11571777 50974826
1790321497.374282 W 803 lat 296 777 6851 0 exe 16777 63444 481092 resp 484018 183 pmu 1021303 145860 8258590 6366231 161719364
1790321498.418314 W 804 lat 1222 3222 6018 0 exe 199833 239481 322314 resp 325888 1000 pmu 1007315 561777 8236393 11028683 615744819
1790321499.358271 W 805 lat 1407 3222 6685 0 exe 191611 245555 382148 resp 383962 1000 pmu 1007991 581529 8238763 11252437 631974900
1790321500.414276 W 806 lat 1574 3203 6259 0 exe 196518 238185 283999 resp 286518 1000 pmu 1007486 557840 8233796 11835528 612849829
1790321501.374274 W 807 lat 1092 3129 6277 0 exe 148537 241166 379870 resp 383759 1000 pmu 1008726 569672 8244851 10843967 620411437
1790321502.418253 W 808 lat 1333 3185 6481 0 exe 200277 239037 306962 resp 310092 1000 pmu 1007363 559087 8237511 11581834 614554929
1790321503.354285 W 809 lat 1462 3259 7462 0 exe 197888 244518 388499 resp 391777 1000 pmu 1007995 578305 8242170 11099373 629356381
1790321504.410272 W 810 lat 1259 3203 6629 0 exe 154555 237314 295962 resp 302592 1000 pmu 1007719 555075 8234729 11937046 610586309
1790321505.358194 W 811 lat 1462 3129 6814 0 exe 152981 238351 356574 resp 359037 1000 pmu 1007634 557910 8242805 10770179 612951520
1790321506.406251 W 812 lat 1259 3074 6777 0 exe 158129 241425 377851 resp 380999 1000 pmu 1007930 570562 8228198 11354281 620772523
1790321507.450235 W 813 lat 1074 3092 6481 0 exe 161499 237314 302037 resp 305296 1000 pmu 1007611 554683 8240839 11610189 610226665
1790321508.394264 W 814 lat 1018 3074 5981 0 exe 154629 242555 373370 resp 376685 1000 pmu 1008383 573161 8245912 10846431 623907748
1790321509.450210 W 815 lat 1462 3129 7555 0 exe 199407 240037 304777 resp 307333 1000 pmu 1007630 561143 8240752 11549145 617062480
1790321510.390270 W 816 lat 1407 3092 5629 0 exe 197407 245685 386444 resp 389722 1000 pmu 1007941 580725 8243051 11081042 632011568
1790321511.442292 W 817 lat 1388 3055 6351 0 exe 154981 236703 296592 resp 300092 1000 pmu 1007532 552800 8233113 11909409 608986533
1790321512.382226 W 818 lat 1129 3074 6296 0 exe 153425 242944 406499 resp 411277 1000 pmu 1008351 574214 8246150 10758299 624822799
1790321513.434289 W 819 lat 1425 3092 5407 0 exe 198574 239037 283240 resp 287111 1000 pmu 1007437 558160 8238084 11885771 614823460
1790321514.378271 W 820 lat 1314 3111 7629 0 exe 160851 243111 414388 resp 417481 1000 pmu 1008317 574838 8242885 10851937 625325829
1790321515.418256 W 821 lat 1314 3055 6555 0 exe 159425 236444 290759 resp 294685 1000 pmu 1007847 551861 8238716 12001874 608527925
1790321516.358247 W 822 lat 1407 3092 5907 0 exe 196685 243796 385203 resp 388037 1000 pmu 1008052 575937 8231515 10723778 627103585
1790321517.402261 W 823 lat 1481 3092 6055 0 exe 196962 238148 299240 resp 303481 1000 pmu 1007310 557718 8236764 11883271 612771162
1790321518.450279 W 824 lat 1222 3018 5907 0 exe 151222 242037 396388 resp 399537 1000 pmu 1008482 571368 8245020 11004841 622635022
1790321519.390255 W 825 lat 1351 3037 5629 0 exe 147685 237296 292814 resp 297092 1000 pmu 1007611 556276 8237309 11759038 610741834
1790321520.442267 W 826 lat 1499 3111 5722 0 exe 200314 244759 380685 resp 386129 1000 pmu 1008066 579403 8239367 10687176 629624053
1790321521.378266 W 827 lat 1203 3092 5222 0 exe 153370 237629 278370 resp 281592 1000 pmu 1007647 556229 8243059 11873691 611589424
1790321522.430286 W 828 lat 1222 3074 6037 0 exe 161648 241685 392111 resp 395944 1000 pmu 1008433 575710 8243921 10565010 622119580
1790321523.374308 W 829 lat 1555 3129 5722 0 exe 148259 237925 291629 resp 295351 1000 pmu 1007704 557020 8246316 11771022 612036652
1790321524.434278 W 830 lat 1407 3092 6055 0 exe 149444 244203 368333 resp 371111 1000 pmu 1008297 579354 8241170 10680428 628196507
1790321525.378305 W 831 lat 1370 3129 6074 0 exe 151037 238203 307462 resp 310333 1000 pmu 1007508 557464 8238150 11480667 612462272
1790321526.422266 W 832 lat 1648 3111 5685 0 exe 145759 242666 382870 resp 385759 1000 pmu 1007980 574591 8237255 10850510 624322609
1790321527.366264 W 833 lat 1444 3092 5814 0 exe 199814 238888 301314 resp 307129 1000 pmu 1007460 559802 8237968 11600086 614443034
1790321528.426167 W 834 lat 1462 3074 6981 0 exe 159444 243796 386722 resp 390129 1000 pmu 1008295 577382 8239336 11049881 627241957
1790321529.362284 W 835 lat 1333 3129 5888 0 exe 160185 237685 291222 resp 294870 1000 pmu 1007375 557907 8231426 11720697 611365639
1790321530.406262 W 836 lat 1462 3240 7759 0 exe 159629 242740 403648 resp 408444 1000 pmu 1007980 576056 8241937 10734258 624415900
1790321531.350268 W 837 lat 1370 3222 7259 0 exe 157888 238092 325629 resp 329611 1000 pmu 1007569 557038 8238460 11897154 612418416
1790321532.398286 W 838 lat 1240 3129 6648 0 exe 149833 243666 396574 resp 400462 1000 pmu 1008173 576787 8242748 11077972 626765162
1790321533.450262 W 839 lat 1425 3111 6407 0 exe 206499 238518 293351 resp 296648 1000 pmu 1007580 557935 8240004 11770482 613408344
1790321534.386255 W 840 lat 1370 3185 7129 0 exe 156166 244666 376351 resp 379296 1000 pmu 1007953 579089 8234249 10992292 629470420
1790321535.426278 W 841 lat 1277 3240 7944 0 exe 152185 237999 293018 resp 296925 1000 pmu 1007509 555470 8237868 11603476 611975589
1790321536.370265 W 842 lat 1481 3203 6574 0 exe 155685 243407 405666 resp 408740 1000 pmu 1008298 575414 8247038 10725648 626032733
1790321537.410284 W 843 lat 1518 3092 6648 0 exe 150499 237888 319777 resp 325611 1000 pmu 1007480 556016 8239348 11886320 612043377
1790321538.354273 W 844 lat 1499 3092 7166 0 exe 155018 246055 392148 resp 396407 1000 pmu 1007965 582761 8241340 10987764 632867831
1790321539.398262 W 845 lat 1370 3037 6314 0 exe 164981 236796 292888 resp 296222 1000 pmu 1007490 556179 8238334 11769556 609345231
1790321540.442287 W 846 lat 1555 3074 5685 0 exe 205648 244962 379925 resp 382425 1000 pmu 1008025 578129 8245332 10770716 629994020
1790321541.378275 W 847 lat 1055 3037 5574 0 exe 146333 237666 326185 resp 329611 1000 pmu 1007752 556141 8236273 11878977 611240117
1790321542.430256 W 848 lat 1296 3111 6888 0 exe 203907 246129 373388 resp 376999 1000 pmu 1008056 583071 8238649 11010008 633153005
1790321543.374291 W 849 lat 1462 3055 6129 0 exe 152129 237981 293222 resp 295999 1000 pmu 1007677 556327 8240847 11821052 612162967
1790321544.418259 W 850 lat 1481 3074 6611 0 exe 198648 244592 380962 resp 384296 1000 pmu 1008109 579671 8242376 10712525 629171040
1790321545.370249 W 851 lat 1240 3037 5888 0 exe 155407 238166 284555 resp 288333 1000 pmu 1007533 556491 8240341 11860835 612590256
1790321546.418292 W 852 lat 1129 3074 6388 0 exe 163888 242925 380611 resp 384907 1000 pmu 1007983 573984 8241357 10645653 625020623
1790321547.358280 W 853 lat 1648 3092 6111 0 exe 193722 240462 293185 resp 296425 1000 pmu 1007130 564261 8234775 11677176 618543152
1790321548.402257 W 854 lat 1370 3037 5907 0 exe 144870 236592 342148 resp 345296 1000 pmu 1007963 553755 8246451 10935810 608418627
1790321549.450271 W 855 lat 1370 3111 6074 0 exe 195574 245333 370481 resp 373999 1000 pmu 1007604 580110 8230774 11158702 630845192
1790321550.399259 W 856 lat 1407 3074 6055 0 exe 155111 237296 287629 resp 290796 1000 pmu 1007546 555611 8240841 11742222 610464042
1790321551.450263 W 857 lat 1166 3074 5962 0 exe 154537 244111 399703 resp 402907 1000 pmu 1007919 578984 8241568 10669364 627938397
1790321552.390277 W 858 lat 1518 3092 5518 0 exe 150722 237296 284240 resp 287814 1000 pmu 1007544 554413 8231128 11820032 610503130
1790321553.442273 W 859 lat 1370 3092 5611 0 exe 159518 243907 373055 resp 377055 1000 pmu 1008145 577789 8237568 10613336 627212315
1790321554.382301 W 860 lat 1333 3111 5296 0 exe 199611 239037 280555 resp 284092 1000 pmu 1007254 561199 8236111 11580701 614844080
1790321555.434275 W 861 lat 999 3111 5814 0 exe 155296 242018 392203 resp 396203 1000 pmu 1008302 576046 8242488 10827571 622957740
1790321556.370243 W 862 lat 1629 3240 6555 0 exe 197018 238592 292907 resp 299462 1000 pmu 1007057 559323 8233972 11740662 613643955
1790321557.418018 W 863 lat 296 2759 7203 0 exe 18462 213851 399277 resp 404185 859 pmu 1010306 529046 8245868 10959334 550768671
1790321558.353997 W 864 lat 296 296 333 0 exe 16703 19555 43999 resp 44314 0 pmu 1023676 41249 8261804 10989758 51804446
1790321559.402020 W 865 lat 296 296 1407 0 exe 16740 24925 164666 resp 165722 15 pmu 1023603 99994 8261758 6386677 63616362
1790321560.345997 W 866 lat 296 296 351 0 exe 17259 20685 56759 resp 57074 0 pmu 1023708 54049 8248553 7629735 52546408
1790321561.394005 W 867 lat 296 296 703 0 exe 17425 22240 120925 resp 121259 6 pmu 1023664 72024 8249557 6522858 56423449
1790321562.433981 W 868 lat 296 296 333 0 exe 17074 19425 46703 resp 46999 0 pmu 1023761 39469 8247944 7174909 49167873
1790321563.370005 W 869 lat 296 296 499 0 exe 17166 22388 129166 resp 129537 7 pmu 1023581 73606 8248517 6414955 56682436
1790321564.409983 W 870 lat 296 296 333 0 exe 17388 19611 43555 resp 43870 0 pmu 1023756 41404 8246016 7256093 49676717
1790321565.354006 W 871 lat 296 296 481 0 exe 17462 22092 139925 resp 140240 8 pmu 1023657 70124 8249456 6385936 55984575
1790321566.393983 W 872 lat 296 296 333 0 exe 17222 19499 45851 resp 46166 0 pmu 1023649 40241 8247448 7363183 49476559
1790321567.442005 W 873 lat 296 296 407 0 exe 17296 22740 109703 resp 110018 8 pmu 1023677 77842 8248353 6407519 57564462
1790321568.377982 W 874 lat 296 296 333 0 exe 17370 19481 45259 resp 45574 0 pmu 1023765 40086 8249265 7063023 49247354
1790321569.426006 W 875 lat 296 296 592 0 exe 17185 22240 121277 resp 121833 8 pmu 1023687 71775 8247558 6402223 56299678
1790321570.361982 W 876 lat 296 296 333 0 exe 17074 19592 44259 resp 44574 0 pmu 1023763 41307 8248587 7177903 49569097
1790321571.402005 W 877 lat 296 296 407 0 exe 16944 22388 111999 resp 112407 6 pmu 1023688 73714 8251455 6391414 56607193
1790321572.345982 W 878 lat 296 296 333 0 exe 17351 19629 45296 resp 45611 0 pmu 1023711 41422 8245712 7082927 49568960
1790321573.394005 W 879 lat 296 296 481 0 exe 17314 22240 125537 resp 125870 8 pmu 1023660 71590 8247728 6403218 56344066
1790321574.433983 W 880 lat 296 296 333 0 exe 17092 19555 45648 resp 45944 0 pmu 1023673 40652 8247588 7219326 49474473
1790321575.382006 W 881 lat 296 296 555 0 exe 16981 22759 142333 resp 142648 6 pmu 1023638 77800 8251488 6405032 57611096
1790321576.433984 W 882 lat 296 296 333 0 exe 16814 19833 60462 resp 60759 0 pmu 1023711 44286 8249872 7388504 50335959
1790321577.374005 W 883 lat 296 296 999 0 exe 17203 22148 118648 resp 118999 7 pmu 1023648 71353 8254088 6553118 56243994
1790321578.417983 W 884 lat 296 296 351 0 exe 16851 19574 43574 resp 43888 0 pmu 1023770 40783 8248368 7152168 49488074
1790321579.358005 W 885 lat 296 296 518 0 exe 17407 22648 117962 resp 118351 7 pmu 1023640 77025 8252052 6383331 57439876
1790321580.405982 W 886 lat 296 296 333 0 exe 16592 19574 44129 resp 44425 0 pmu 1023668 40852 8246524 7146624 49501865
1790321581.446004 W 887 lat 296 296 444 0 exe 17259 22425 117240 resp 117648 8 pmu 1023597 74517 8248636 6387353 56831655
1790321582.385982 W 888 lat 296 296 333 0 exe 17314 19851 41555 resp 41870 0 pmu 1023708 44248 8249116 7137375 50170745
1790321583.430008 W 889 lat 296 296 351 0 exe 17388 22870 138722 resp 139055 9 pmu 1023632 78867 8251825 6366689 57866059
1790321584.373983 W 890 lat 296 296 351 0 exe 17259 19574 47296 resp 47611 0 pmu 1023743 40944 8248312 7354238 49604750
1790321585.426007 W 891 lat 296 296 444 0 exe 17203 22370 112425 resp 112740 5 pmu 1023722 73753 8252058 6422564 56679894
1790321586.361986 W 892 lat 296 296 333 0 exe 17074 19592 54388 resp 54703 0 pmu 1023732 41192 8248832 7088048 49524749
1790321587.402005 W 893 lat 296 296 407 0 exe 17444 22648 110444 resp 110759 6 pmu 1023637 76513 8247708 6492537 57368731
1790321588.345985 W 894 lat 296 296 333 0 exe 17444 19796 47092 resp 47407 0 pmu 1023703 43562 8246904 7070772 50009699
1790321589.386008 W 895 lat 296 296 499 0 exe 17296 22499 118148 resp 118462 6 pmu 1023649 75045 8249005 6422503 57044548
1790321590.425986 W 896 lat 296 296 333 0 exe 17203 19981 49055 resp 49370 0 pmu 1023752 45659 8246364 7146647 50479192
1790321591.362008 W 897 lat 296 296 555 0 exe 17722 23129 124462 resp 124907 8 pmu 1023685 81767 8250645 6441901 58505363
1790321592.401984 W 898 lat 296 296 333 0 exe 16962 19648 57814 resp 58129 0 pmu 1023795 42399 8251516 7216071 49801295
1790321593.442009 W 899 lat 296 296 462 0 exe 17037 22333 108574 resp 108981 6 pmu 1023636 73326 8246669 6526570 56686155
1790321594.381980 W 900 lat 296 296 333 0 exe 17370 19499 50703 resp 51018 0 pmu 1023752 40234 8247116 7049224 49249909
1790321595.422011 W 901 lat 296 296 499 0 exe 17203 22277 110999 resp 111333 6 pmu 1023653 72254 8248852 6456591 56357727
1790321596.357979 W 902 lat 296 296 333 0 exe 17259 20240 54388 resp 54703 0 pmu 1023676 49045 8248852 7073791 51139388
1790321597.398010 W 903 lat 296 296 999 0 exe 17074 22611 130870 resp 131388 7 pmu 1023663 76128 8247257 6496697 57336119
1790321598.437989 W 904 lat 296 296 333 0 exe 17055 19759 52462 resp 52777 0 pmu 1023770 43446 8248608 7276996 50061917
1790321599.374007 W 905 lat 296 296 537 0 exe 17037 22666 111999 resp 112314 7 pmu 1023663 77046 8248836 6474160 57413558
1790321600.413981 W 906 lat 296 296 351 0 exe 17055 19444 51388 resp 51703 0 pmu 1023743 40021 8249752 7085018 49235222
1790321601.350008 W 907 lat 296 296 407 0 exe 17648 23074 123888 resp 124296 6 pmu 1023632 81263 8248776 6461667 58406267
1790321602.389984 W 908 lat 296 296 333 0 exe 17037 19444 48277 resp 48592 0 pmu 1023771 39544 8247336 7208819 49189910
1790321603.430008 W 909 lat 296 296 444 0 exe 17481 22296 127481 resp 127925 6 pmu 1023668 72659 8248912 6430552 56468202
1790321604.365985 W 910 lat 296 296 333 0 exe 17259 19703 50611 resp 50925 0 pmu 1023754 42667 8247992 7240304 49916046
1790321605.406008 W 911 lat 296 296 351 0 exe 17296 22296 108666 resp 109018 7 pmu 1023649 72717 8248816 6456222 56506517
1790321606.445982 W 912 lat 296 296 333 0 exe 17222 19555 49685 resp 50018 0 pmu 1023756 40823 8246593 7050340 49376956
1790321607.382008 W 913 lat 296 296 444 0 exe 17351 22611 106870 resp 107277 6 pmu 1023632 76634 8252201 6446177 57283315
1790321608.421980 W 914 lat 296 296 351 0 exe 17055 19555 49870 resp 50185 0 pmu 1023756 40944 8251532 7034943 49393767
1790321609.358007 W 915 lat 296 296 703 0 exe 17370 22111 108999 resp 109351 6 pmu 1023668 70591 8249900 6447226 55959568
1790321610.397989 W 916 lat 296 296 351 0 exe 16981 19814 49092 resp 49407 0 pmu 1023735 43780 8246616 7054837 50041625
1790321611.438007 W 917 lat 296 296 574 0 exe 17166 22740 119907 resp 120481 6 pmu 1023650 77984 8247868 6440288 57619860
1790321612.373980 W 918 lat 296 296 333 0 exe 16981 19740 49425 resp 49740 0 pmu 1023754 43083 8246888 7166570 49919438
1790321613.414005 W 919 lat 296 296 333 0 exe 17222 21833 116407 resp 116722 4 pmu 1023606 67463 8247957 6443209 55303500
1790321614.349981 W 920 lat 296 296 351 0 exe 16944 19703 48499 resp 48833 0 pmu 1023727 42418 8246612 7124727 49772944
1790321615.390006 W 921 lat 296 296 425 0 exe 17425 22833 136685 resp 137018 7 pmu 1023657 78321 8252305 6433783 57781160
1790321616.429988 W 922 lat 296 296 333 0 exe 17037 19981 46037 resp 46351 0 pmu 1023716 45792 8245380 7334143 50638296
1790321617.366007 W 923 lat 296 296 481 0 exe 17277 22055 115148 resp 115499 7 pmu 1023739 69720 8251276 6410819 55772439
1790321618.405984 W 924 lat 296 296 333 0 exe 17240 19870 51314 resp 51629 0 pmu 1023783 44593 8249548 7114523 50208742
1790321619.446008 W 925 lat 296 296 462 0 exe 17333 23999 113425 resp 113759 8 pmu 1023604 92790 8249975 6463954 61043397
1790321620.381980 W 926 lat 296 296 333 0 exe 17018 19537 49499 resp 49814 0 pmu 1023743 40911 8262292 7107162 49385515
1790321621.430607 W 927 lat 296 611 12296 0 exe 17166 56166 460333 resp 463777 107 pmu 1022361 163425 8261791 6443404 143640976
1790321622.382494 W 928 lat 333 4407 11777 0 exe 55388 389074 576888 resp 581370 981 pmu 1010589 708214 8227818 10815709 989722066
1790321623.434578 W 929 lat 1037 5833 12462 0 exe 156277 452833 640907 resp 648555 1000 pmu 1007972 679983 8212249 13858841 1132414030
1790321624.390114 W 930 lat 296 3518 10962 0 exe 34203 292037 581555 resp 586796 646 pmu 1012094 581182 8230766 15351159 751437246
1790321625.430477 W 931 lat 296 4537 11574 0 exe 30407 402611 639240 resp 643851 875 pmu 1011413 654972 8233610 13309132 1014459336
1790321626.366141 W 932 lat 296 3333 10796 0 exe 54685 312796 596925 resp 602629 816 pmu 1012094 647208 8236105 14424566 805584300
1790321627.426385 W 933 lat 296 2814 9851 0 exe 55092 281962 599129 resp 605092 793 pmu 1013511 682150 8241801 13669311 730020213
1790321628.374414 W 934 lat 574 4981 11814 0 exe 92703 428462 589222 resp 594166 999 pmu 1008308 714580 8210755 13533549 1078111055
1790321629.422234 W 935 lat 611 5148 9999 0 exe 150499 432259 578111 resp 584907 1000 pmu 1007161 700728 8201033 14372170 1087857002
1790321630.362501 W 936 lat 296 3111 9777 0 exe 42722 280685 600351 resp 604759 747 pmu 1013861 575124 8249511 14569416 722976820
1790321631.422240 W 937 lat 296 4203 9148 0 exe 62370 389555 578648 resp 582740 965 pmu 1011548 678018 8235174 13471038 989091876
1790321632.374355 W 938 lat 296 1925 10462 0 exe 42592 208814 576444 resp 581333 690 pmu 1013606 644379 8232660 13896542 564004757
1790321633.426383 W 939 lat 592 4851 12203 0 exe 130203 431870 580981 resp 588499 1000 pmu 1009144 729812 8218892 12871917 1085096851
1790321634.378409 W 940 lat 1055 5111 10425 0 exe 178296 418796 599944 resp 605518 1000 pmu 1008298 662274 8216169 14508480 1054354232
1790321635.430332 W 941 lat 296 3518 11629 0 exe 26759 308703 579314 resp 583907 849 pmu 1012599 597481 8231319 14857871 793295309
1790321636.378392 W 942 lat 333 4685 11240 0 exe 68074 404574 579870 resp 586148 989 pmu 1011383 637274 8244960 13333321 1018229929
1790321637.446163 W 943 lat 296 1907 8981 0 exe 49240 205092 480166 resp 484537 708 pmu 1014558 647569 8243519 14036368 566619327
1790321638.390435 W 944 lat 314 4407 9870 0 exe 68111 399925 594166 resp 600629 985 pmu 1009290 706937 8210406 11913672 1017899249
1790321639.434387 W 945 lat 722 4870 11092 0 exe 124388 425722 600481 resp 605370 1000 pmu 1009413 703624 8216044 14149674 1071422664
1790321640.386390 W 946 lat 314 4981 12203 0 exe 70018 421574 607574 resp 612240 999 pmu 1009028 664502 8216812 14625663 1061707053
1790321641.434392 W 947 lat 296 3499 12740 0 exe 35444 330796 544962 resp 550518 864 pmu 1012265 627880 8235091 14406605 843770502
1790321642.390323 W 948 lat 296 2814 9018 0 exe 39055 285222 533777 resp 538259 872 pmu 1012482 689676 8229270 13153481 739066140
1790321643.450343 W 949 lat 314 4111 9555 0 exe 63814 383740 598962 resp 603944 963 pmu 1009874 702201 8219622 12804726 970371226
1790321644.398397 W 950 lat 592 4203 11240 0 exe 104499 374055 588851 resp 594407 1000 pmu 1011406 668846 8233262 14084713 951592178
1790321645.442143 W 951 lat 999 5018 10944 0 exe 120111 421685 592555 resp 596333 1000 pmu 1008627 662360 8215010 14151723 1061890536
1790321646.378351 W 952 lat 296 3296 8462 0 exe 32444 307833 561851 resp 567444 887 pmu 1012740 621744 8237645 14500376 793578256
1790321647.422177 W 953 lat 296 2555 7777 0 exe 40907 255074 511074 resp 515388 815 pmu 1013068 631217 8236134 13170265 670205848
1790321648.358557 W 954 lat 314 3722 10999 0 exe 60629 397999 608462 resp 611574 950 pmu 1013139 817965 8244087 12427794 1022413667
1790321649.398261 W 955 lat 759 4907 10611 0 exe 169759 438462 629685 resp 636537 1000 pmu 1010188 743033 8220272 14231188 1105467603
1790321650.442550 W 956 lat 296 4166 10111 0 exe 76629 352092 571222 resp 574370 989 pmu 1012656 593114 8251848 15216222 895666985
1790321651.378309 W 957 lat 314 4129 9907 0 exe 63425 387222 565629 resp 571296 992 pmu 1010909 643715 8225005 13707044 980695238
1790321652.418177 W 958 lat 296 2259 6740 0 exe 48685 237555 539370 resp 543092 784 pmu 1013607 632361 8238256 13771578 630615292
1790321653.354333 W 959 lat 314 3999 10222 0 exe 75851 383055 583796 resp 589759 975 pmu 1009813 725772 8215831 12652634 975924183
1790321654.394479 W 960 lat 407 4925 10111 0 exe 119259 424351 588666 resp 593814 1000 pmu 1008087 690386 8211725 13997771 1066076290
1790321655.438071 W 961 lat 444 4333 10037 0 exe 69203 379333 548407 resp 553111 998 pmu 1010289 619102 8237578 14470278 957898532
1790321656.374326 W 962 lat 296 3444 8388 0 exe 40166 356407 553777 resp 560666 946 pmu 1011400 631352 8229185 13586800 901425731
1790321657.414294 W 963 lat 296 2166 7111 0 exe 59333 250259 558333 resp 561888 806 pmu 1012467 667447 8230973 13377699 669907773
1790321658.350346 W 964 lat 314 3407 10814 0 exe 53925 352999 568907 resp 574277 970 pmu 1010910 705501 8227644 12959685 912329602
1790321659.390513 W 965 lat 740 4592 11888 0 exe 140777 428351 599592 resp 604777 1000 pmu 1008554 671025 8226845 13585836 1072884302
1790321660.430258 W 966 lat 314 3092 9870 0 exe 52814 340055 593018 resp 599296 990 pmu 1012234 702481 8236537 14716258 877798212
1790321661.370479 W 967 lat 314 3907 10611 0 exe 43444 397851 599111 resp 607037 988 pmu 1011572 717771 8229484 13754858 1005982727
1790321662.410218 W 968 lat 296 2111 8740 0 exe 54092 222907 553444 resp 557314 744 pmu 1014568 626527 8250253 14073325 584148850
1790321663.450491 W 969 lat 314 4055 8907 0 exe 42055 370388 592611 resp 597740 955 pmu 1010287 713367 8219471 12756929 942204799
1790321664.390328 W 970 lat 2074 5499 11574 0 exe 164148 437111 619685 resp 626944 1000 pmu 1008025 707706 8214430 13842998 1098222258
1790321665.426402 W 971 lat 296 3722 11444 0 exe 38611 309555 570222 resp 575759 835 pmu 1011879 608240 8230767 15097301 799566233
1790321666.362492 W 972 lat 351 4666 10907 0 exe 70611 405740 618092 resp 621851 995 pmu 1011383 662349 8235156 13310732 1027737879
1790321667.406439 W 973 lat 296 2574 8740 0 exe 47018 249685 575222 resp 578129 797 pmu 1013689 628556 8238081 14423150 657400607
1790321668.446544 W 974 lat 296 3611 10925 0 exe 42759 333648 603518 resp 608037 876 pmu 1012347 696055 8234173 13070613 860061038
1790321669.382506 W 975 lat 1870 5407 12611 0 exe 151370 427722 591240 resp 595425 1000 pmu 1008078 670459 8206823 13776544 1071382254
1790321670.426058 W 976 lat 296 4259 11629 0 exe 48555 352907 558129 resp 564055 874 pmu 1009813 660861 8220839 14690534 901087884
1790321671.358549 W 977 lat 296 3814 9796 0 exe 42462 332537 585462 resp 589962 859 pmu 1012882 597375 8242799 13461383 848055597
1790321672.398243 W 978 lat 296 3314 8944 0 exe 49703 307740 590055 resp 596074 826 pmu 1012575 638316 8238508 13583961 793151003
1790321673.442369 W 979 lat 296 2740 11499 0 exe 57370 289444 651888 resp 656018 795 pmu 1015288 737112 8258893 13542628 760098970
1790321674.378580 W 980 lat 1333 5222 13259 0 exe 143074 491166 642574 resp 649962 1000 pmu 1012035 856958 8235002 14108972 1234604381
1790321675.418316 W 981 lat 555 5259 10425 0 exe 161314 501648 639037 resp 646425 1000 pmu 1009899 869502 8226129 15495512 1257840752
1790321676.354581 W 982 lat 296 3314 9518 0 exe 48666 332833 581685 resp 586148 897 pmu 1012586 723353 8233780 15585633 857425150
1790321677.398177 W 983 lat 314 4296 10833 0 exe 67574 421629 593370 resp 600055 986 pmu 1009850 785216 8212651 13574927 1067586020
1790321678.350617 W 984 lat 296 2259 9425 0 exe 62314 251574 623870 resp 630851 796 pmu 1013931 736083 8245551 14252418 667168517
1790321679.406514 W 985 lat 814 4888 13870 0 exe 184629 479499 645351 resp 651166 1000 pmu 1012981 887953 8236054 13665563 1210712721
1790321680.454488 W 986 lat 1666 5351 10814 0 exe 236611 500388 641574 resp 647870 1000 pmu 1008888 857639 8222880 15663786 1255895967
1790321681.394017 W 987 lat 296 3092 8407 0 exe 19111 307388 596055 resp 598240 812 pmu 1012279 676649 8221163 15983603 794283712
1790321682.433982 W 988 lat 296 296 333 0 exe 16851 19333 47833 resp 48148 0 pmu 1023751 38587 8261832 13422525 52711290
1790321683.374072 W 989 lat 296 611 6851 0 exe 16777 58537 652740 resp 659277 83 pmu 1022993 110052 8260796 6424888 147162886
1790321684.414012 W 990 lat 296 333 7740 0 exe 19407 28907 692759 resp 697481 13 pmu 1023494 99163 8256580 12735023 77109686
1790321685.350024 W 991 lat 296 296 814 0 exe 18944 24814 122055 resp 122481 13 pmu 1023584 101344 8257652 12994110 68200656
1790321686.389994 W 992 lat 296 296 481 0 exe 18962 22666 51999 resp 52407 0 pmu 1023563 77723 8258653 7207609 58273383
1790321687.430017 W 993 lat 296 296 481 0 exe 18814 24999 127518 resp 127944 12 pmu 1023542 104000 8259909 6494846 64793473
1790321688.366001 W 994 lat 296 296 462 0 exe 18722 23685 57981 resp 58277 0 pmu 1023618 89345 8258161 7261012 61174712
1790321689.406022 W 995 lat 296 296 629 0 exe 18814 23740 114703 resp 115240 14 pmu 1023527 89567 8257832 6557791 61351925
1790321690.445998 W 996 lat 296 296 666 0 exe 18814 23518 60037 resp 60333 0 pmu 1023627 87277 8256213 7127911 60532650
1790321691.382024 W 997 lat 296 296 740 0 exe 19037 24277 113666 resp 114240 14 pmu 1023585 95707 8258771 6578990 63041944
1790321692.421996 W 998 lat 296 296 425 0 exe 19166 24499 103537 resp 103851 3 pmu 1023506 98419 8252847 7122126 63094229
1790321693.358019 W 999 lat 296 296 518 0 exe 19037 23240 116055 resp 116444 1 pmu 1023671 83985 8261527 7019530 59910455
1790321694.401998 W 1000 lat 296 296 499 0 exe 19259 24851 112944 resp 113277 12 pmu 1023498 102531 8254320 7138650 64625349
1790321695.442018 W 1001 lat 296 296 574 0 exe 18999 22648 50314 resp 50629 0 pmu 1023697 77412 8257592 7116283 58138826
1790321696.378006 W 1002 lat 296 296 592 0 exe 19370 26351 116981 resp 117388 13 pmu 1023530 119318 8259937 6477982 68588397
1790321697.418023 W 1003 lat 296 296 574 0 exe 18444 22055 48555 resp 48888 0 pmu 1023661 70604 8254597 7165730 56487556
1790321698.354002 W 1004 lat 296 296 481 0 exe 19037 26203 119351 resp 119814 15 pmu 1023544 117276 8260991 6454758 68102279
1790321699.394019 W 1005 lat 296 296 425 0 exe 19407 22537 47296 resp 47611 0 pmu 1023646 76258 8255549 7186594 57897625
1790321700.434000 W 1006 lat 296 296 740 0 exe 18814 25185 111592 resp 112240 16 pmu 1023437 105933 8255156 6448672 65320662
1790321701.369992 W 1007 lat 296 296 407 0 exe 18740 22259 50129 resp 50462 0 pmu 1023746 72940 8253822 7105002 57085403
1790321702.410018 W 1008 lat 296 296 592 0 exe 19240 25888 114296 resp 114629 15 pmu 1023500 113801 8256092 6471948 67246743
1790321703.346000 W 1009 lat 296 296 481 0 exe 19388 23055 51592 resp 51888 0 pmu 1023723 82038 8259303 7135368 59233794
1790321704.386017 W 1010 lat 296 296 555 0 exe 18777 25425 114611 resp 114925 12 pmu 1023503 108488 8258028 6494124 65967187
1790321705.426036 W 1011 lat 296 296 407 0 exe 19185 22222 52499 resp 52814 0 pmu 1023704 72801 8255936 7133639 56948191
1790321706.362003 W 1012 lat 296 296 592 0 exe 19296 25351 117518 resp 118037 17 pmu 1023466 107693 8254170 6497704 65829357
1790321707.401996 W 1013 lat 296 296 425 0 exe 19129 22611 49277 resp 49611 0 pmu 1023677 77124 8256024 7166292 58023468
1790321708.370020 W 1014 lat 296 296 518 0 exe 19148 25425 121259 resp 121592 15 pmu 1023506 108562 8258673 6467397 65894982
1790321709.345992 W 1015 lat 296 296 462 0 exe 19222 22296 55685 resp 55981 0 pmu 1023605 73465 8257413 7201977 57212578
1790321710.398020 W 1016 lat 296 296 499 0 exe 19444 25814 125314 resp 125814 15 pmu 1023477 112747 8255646 6530430 67004012
1790321711.345995 W 1017 lat 296 296 425 0 exe 19074 23055 56240 resp 56574 0 pmu 1023637 82148 8252972 7246583 59307018
1790321712.390020 W 1018 lat 296 296 518 0 exe 19185 25592 122370 resp 122870 14 pmu 1023505 110452 8257476 6538974 66439045
1790321713.433986 W 1019 lat 296 296 499 0 exe 19314 23018 58166 resp 58462 0 pmu 1023677 81739 8257556 7214889 59205547
1790321714.366018 W 1020 lat 296 296 666 0 exe 19388 25999 112629 resp 113148 16 pmu 1023469 115498 8261588 6559528 67639657
1790321715.405995 W 1021 lat 296 296 592 0 exe 19314 22833 59240 resp 59555 0 pmu 1023672 79603 8257108 7121533 58657020
1790321716.446020 W 1022 lat 296 296 703 0 exe 19314 25351 119370 resp 119777 11 pmu 1023552 107855 8254533 6569765 65707424
1790321717.381994 W 1023 lat 296 296 407 0 exe 19018 22296 56833 resp 57148 0 pmu 1023713 73665 8258019 7184914 57234021
1790321718.422024 W 1024 lat 296 296 740 0 exe 19388 27481 113518 resp 113981 16 pmu 1023442 132217 8260518 6540610 71763259
1790321719.358004 W 1025 lat 296 296 407 0 exe 19111 23481 57888 resp 58203 0 pmu 1023701 87053 8259756 7137694 60482316
1790321720.398016 W 1026 lat 296 296 740 0 exe 19240 25518 117629 resp 117944 11 pmu 1023513 109473 8257189 6557558 66176688
1790321721.437991 W 1027 lat 296 296 518 0 exe 19166 22333 57851 resp 58166 0 pmu 1023675 73659 8252812 7167677 57330354
1790321722.374017 W 1028 lat 296 296 759 0 exe 19555 25425 121481 resp 121907 14 pmu 1023540 108591 8257906 6552495 65979087
1790321723.413995 W 1029 lat 296 296 425 0 exe 19148 22777 55555 resp 55962 0 pmu 1023612 78737 8251142 7207899 58466997
1790321724.350015 W 1030 lat 296 296 759 0 exe 19462 26833 110111 resp 110481 20 pmu 1023333 124593 8258892 6531668 69917280
1790321725.389993 W 1031 lat 296 296 462 0 exe 19314 22907 52888 resp 53240 0 pmu 1023664 80361 8255304 7100365 58866899
1790321726.430017 W 1032 lat 296 296 518 0 exe 19296 25814 119018 resp 119537 14 pmu 1023497 112934 8262227 6506105 67002327
1790321727.365994 W 1033 lat 296 296 481 0 exe 18907 22722 56907 resp 57203 0 pmu 1023607 78018 8259447 7183071 58361925
1790321728.406018 W 1034 lat 296 296 499 0 exe 19074 25425 122499 resp 122981 13 pmu 1023487 108467 8260763 6543231 66062744
1790321729.445994 W 1035 lat 296 296 462 0 exe 20018 23685 52166 resp 52462 0 pmu 1023658 88986 8261440 7214630 60751451
1790321730.382018 W 1036 lat 296 296 629 0 exe 19203 26018 111555 resp 112037 19 pmu 1023459 115487 8258576 6506027 67576394
1790321731.421993 W 1037 lat 296 296 425 0 exe 19092 23481 54055 resp 54370 0 pmu 1023639 86984 8255462 7109499 60451632
1790321732.358015 W 1038 lat 296 296 481 0 exe 19592 25666 119092 resp 119499 11 pmu 1023548 111189 8256642 6519222 66534092
1790321733.397995 W 1039 lat 296 296 462 0 exe 19092 22222 55092 resp 55407 0 pmu 1023654 72812 8253888 7183850 56995059
1790321734.438019 W 1040 lat 296 296 537 0 exe 19166 26037 126259 resp 126685 16 pmu 1023435 115611 8256832 6523483 67721126
1790321735.373997 W 1041 lat 296 296 518 0 exe 19351 24462 54703 resp 55018 0 pmu 1023634 97247 8260821 7255703 62909490
1790321736.414016 W 1042 lat 296 296 518 0 exe 19185 26148 121074 resp 121444 12 pmu 1023536 116268 8256480 6532316 67824865
1790321737.349996 W 1043 lat 296 296 481 0 exe 19370 22870 53944 resp 54277 0 pmu 1023706 79958 8253049 7204018 58793368
1790321738.390017 W 1044 lat 296 296 629 0 exe 19222 25759 119962 resp 120444 10 pmu 1023498 112531 8261162 6516869 66943013
1790321739.429995 W 1045 lat 296 296 407 0 exe 19185 22944 56685 resp 57092 0 pmu 1023671 80836 8254348 7192243 58984478
1790321740.366017 W 1046 lat 296 296 611 0 exe 19370 25814 114055 resp 114555 14 pmu 1023423 113164 8258574 6543736 67012574
1790321741.405992 W 1047 lat 296 296 444 0 exe 18925 22481 56685 resp 56999 0 pmu 1023677 75612 8253807 7134231 57707143
1790321742.446019 W 1048 lat 296 296 481 0 exe 19499 25592 124962 resp 125277 11 pmu 1023506 110447 8258928 6539920 66451597
1790321743.382012 W 1049 lat 296 296 722 0 exe 17703 26999 123648 resp 124370 16 pmu 1023470 126312 8257484 7241412 69696479
1790321744.422006 W 1050 lat 296 296 499 0 exe 17111 22462 117425 resp 117833 6 pmu 1023641 74740 8257905 7229548 57297428
1790321745.357998 W 1051 lat 296 296 333 0 exe 17037 20759 103111 resp 103444 2 pmu 1023731 55277 8258768 7138868 52621985
1790321746.398004 W 1052 lat 296 296 370 0 exe 17111 22018 119444 resp 119759 6 pmu 1023650 69553 8257100 6985614 56103487
1790321747.437984 W 1053 lat 296 296 333 0 exe 16870 19370 47388 resp 47703 0 pmu 1023704 39113 8256416 7155611 49030035
1790321748.378006 W 1054 lat 296 296 462 0 exe 17222 22203 123407 resp 123833 6 pmu 1023692 71858 8262724 6420391 56186699
1790321749.417977 W 1055 lat 296 296 333 0 exe 16870 19351 60222 resp 60518 0 pmu 1023740 38987 8260579 7197774 49016325
1790321750.354029 W 1056 lat 296 296 444 0 exe 17055 21703 114388 resp 114722 6 pmu 1023662 65960 8262894 6548621 55009943
1790321751.394023 W 1057 lat 296 462 499 0 exe 17555 27296 68870 resp 69351 0 pmu 1023771 44306 8258204 7103693 43470860
1790321752.438048 W 1058 lat 407 462 629 0 exe 23351 30240 144592 resp 145074 21 pmu 1023603 75823 8259024 6680902 48660624
1790321753.374020 W 1059 lat 407 462 499 0 exe 21462 26277 57796 resp 58222 0 pmu 1023794 39668 8263349 7482865 43052541
1790321754.418051 W 1060 lat 462 462 1277 0 exe 24314 30518 138222 resp 139499 21 pmu 1023692 76926 8259849 6584931 48715046
1790321755.354027 W 1061 lat 462 462 499 0 exe 24129 27185 75888 resp 76370 0 pmu 1023780 42941 8263446 7433052 43371199
1790321756.394051 W 1062 lat 462 462 703 0 exe 24314 29722 136759 resp 137259 18 pmu 1023662 68839 8261259 6784165 47596221
1790321757.434016 W 1063 lat 462 462 518 0 exe 24351 26722 63092 resp 63592 0 pmu 1023796 38238 8265692 7407752 42622326
1790321758.370048 W 1064 lat 462 462 629 0 exe 23962 30037 131296 resp 131814 18 pmu 1023594 71625 8259321 6655234 47986605
1790321759.410019 W 1065 lat 462 462 518 0 exe 24277 27074 60018 resp 60518 0 pmu 1023662 41586 8258944 7352552 43117261
1790321760.346048 W 1066 lat 462 462 611 0 exe 24037 30037 129592 resp 130074 18 pmu 1023654 71827 8258974 6625779 47932125
1790321761.386021 W 1067 lat 462 462 499 0 exe 24203 27388 62351 resp 62814 0 pmu 1023755 44615 8261824 7335654 43578607
1790321762.426051 W 1068 lat 462 462 703 0 exe 24333 30074 136074 resp 136592 18 pmu 1023681 72274 8263654 6650123 48016780
1790321763.362021 W 1069 lat 462 462 499 0 exe 23870 27481 66907 resp 67407 0 pmu 1023802 45875 8264084 7402690 43752007
1790321764.402053 W 1070 lat 462 462 574 0 exe 24222 29962 137999 resp 138518 19 pmu 1023685 70850 8262353 6694621 47837216
1790321765.442018 W 1071 lat 462 462 518 0 exe 23814 26962 66055 resp 66518 0 pmu 1023655 40515 8255272 7420313 42990822
1790321766.378047 W 1072 lat 462 462 722 0 exe 23999 29740 131185 resp 131907 18 pmu 1023658 68727 8260974 6683069 47517327
1790321767.418028 W 1073 lat 462 462 499 0 exe 23962 27481 65407 resp 65907 0 pmu 1023687 46001 8260256 7351741 43768094
1790321768.354050 W 1074 lat 462 462 1592 0 exe 23796 29648 127888 resp 129481 18 pmu 1023666 67789 8257019 6680128 47400901
1790321769.394013 W 1075 lat 388 462 518 0 exe 21148 27166 59870 resp 60351 0 pmu 1023825 46857 8263845 7325977 44026650
1790321770.434048 W 1076 lat 462 462 796 0 exe 24111 29944 129277 resp 129777 18 pmu 1023675 70749 8257871 6608754 47814998
1790321771.370018 W 1077 lat 462 462 499 0 exe 23925 27425 65166 resp 65666 0 pmu 1023773 45072 8258357 7333630 43647041
1790321772.410047 W 1078 lat 462 462 629 0 exe 23796 29722 132277 resp 132888 18 pmu 1023608 68813 8258732 6677366 47519132
1790321773.346017 W 1079 lat 462 462 499 0 exe 23870 27333 58592 resp 59055 0 pmu 1023671 44345 8262500 7360567 43543644
1790321774.386048 W 1080 lat 462 462 777 0 exe 24240 29407 134222 resp 134759 18 pmu 1023696 65673 8261512 6610607 46985745
1790321775.426020 W 1081 lat 462 462 518 0 exe 24259 27592 64462 resp 64962 0 pmu 1023750 46737 8260889 7380943 43899159
1790321776.362049 W 1082 lat 462 462 685 0 exe 24314 29740 132203 resp 132740 18 pmu 1023656 68795 8258138 6672826 47517909
1790321777.402008 W 1083 lat 462 462 629 0 exe 23925 26981 60740 resp 61203 0 pmu 1023784 40612 8260949 7362293 42980545
1790321778.442048 W 1084 lat 462 462 777 0 exe 24351 30759 133129 resp 133759 18 pmu 1023745 79333 8263414 6631107 49125475
1790321779.378018 W 1085 lat 462 462 499 0 exe 24185 27592 79481 resp 79981 0 pmu 1023810 46877 8264340 7377837 43948185
1790321780.422051 W 1086 lat 462 462 814 0 exe 24388 29796 132055 resp 132555 18 pmu 1023793 69514 8257198 6822598 47715594
1790321781.358012 W 1087 lat 462 462 518 0 exe 24370 27277 62314 resp 62796 0 pmu 1023884 43541 8252345 7362007 43442518
1790321782.398046 W 1088 lat 462 462 611 0 exe 24203 29666 133148 resp 133648 19 pmu 1023728 68203 8254367 6650167 47414392
1790321783.438017 W 1089 lat 462 462 518 0 exe 23648 27203 58111 resp 58629 0 pmu 1023763 42623 8252896 7370235 43308101
1790321784.374046 W 1090 lat 462 462 611 0 exe 24314 29611 127444 resp 127962 18 pmu 1023703 67725 8258866 6604267 47295994
1790321785.414031 W 1091 lat 388 462 518 0 exe 20777 27666 65074 resp 65555 0 pmu 1023769 51590 8258044 7313641 44750336
1790321786.350054 W 1092 lat 462 462 629 0 exe 24185 29833 133870 resp 134462 18 pmu 1023592 69789 8256343 6661480 47691526
1790321787.390018 W 1093 lat 462 462 499 0 exe 23851 27370 61907 resp 62388 0 pmu 1023693 44644 8255240 7378807 43593867
1790321788.430048 W 1094 lat 462 462 888 0 exe 23962 29796 134629 resp 135129 18 pmu 1023612 69472 8259098 6643955 47616617
1790321789.366020 W 1095 lat 462 462 518 0 exe 24166 26759 56425 resp 56907 0 pmu 1023749 38571 8263340 7386015 42688597
1790321790.406053 W 1096 lat 462 462 611 0 exe 24481 30166 129703 resp 130222 18 pmu 1023674 73304 8262113 6587781 48111099
1790321791.446023 W 1097 lat 462 462 499 0 exe 24333 27518 60722 resp 61203 0 pmu 1023756 45807 8260584 7339650 43764474
1790321792.386048 W 1098 lat 462 462 629 0 exe 24055 29833 131944 resp 132555 18 pmu 1023715 70093 8260848 6635234 47679264
1790321793.426015 W 1099 lat 462 462 518 0 exe 24222 27018 57296 resp 57796 0 pmu 1023766 41076 8259436 7358966 43051586
1790321794.362049 W 1100 lat 462 462 611 0 exe 23907 29981 136222 resp 136722 18 pmu 1023664 71474 8261922 6598189 47853526
1790321795.402019 W 1101 lat 462 462 518 0 exe 24388 27425 58685 resp 59166 0 pmu 1023778 44784 8259468 7401061 43672814
1790321796.442048 W 1102 lat 462 462 611 0 exe 24425 29944 139759 resp 140277 18 pmu 1023681 71019 8261970 6614726 47831691
1790321797.378019 W 1103 lat 462 462 499 0 exe 24111 26981 63944 resp 64444 0 pmu 1023801 40799 8265944 7438925 43034848
1790321798.418050 W 1104 lat 462 462 666 0 exe 24111 29518 136370 resp 136925 18 pmu 1023602 66635 8262189 6663610 47168160
1790321799.354017 W 1105 lat 462 462 518 0 exe 24203 27166 61814 resp 62333 0 pmu 1023794 42695 8256828 7401777 43306471
1790321800.394050 W 1106 lat 462 462 629 0 exe 23999 29518 139444 resp 139944 18 pmu 1023676 66277 8255015 6643955 47147216
1790321801.434963 W 1107 lat 462 462 518 0 exe 24333 27203 55814 resp 56314 0 pmu 1023873 43018 8257417 7431674 43363935
1790321802.370047 W 1108 lat 370 462 648 0 exe 20833 29518 142851 resp 143499 18 pmu 1023793 71057 8260273 6584727 47872036
1790321803.410021 W 1109 lat 462 462 518 0 exe 24222 27333 59777 resp 60259 0 pmu 1023771 44119 8263232 7450175 43560657
1790321804.346045 W 1110 lat 462 462 648 0 exe 23981 29740 139129 resp 139685 18 pmu 1023728 68899 8256604 6624392 47481535
1790321805.386041 W 1111 lat 462 462 611 0 exe 24222 29018 115759 resp 116259 6 pmu 1023740 61778 8264080 7429829 46289616
1790321806.426045 W 1112 lat 462 462 666 0 exe 24018 29722 141222 resp 141685 18 pmu 1023669 68754 8261297 7193170 47738080
1790321807.374212 W 1113 lat 333 1129 10462 0 exe 24388 79499 483055 resp 485833 196 pmu 1020374 202689 8247076 7451024 159002964
1790321808.422351 W 1114 lat 333 3129 9388 0 exe 50499 228481 521388 resp 524999 975 pmu 1018865 461521 8274693 11185883 600100123
1790321809.366234 W 1115 lat 444 3648 9037 0 exe 50240 250277 431203 resp 436574 982 pmu 1016049 465379 8277347 12453511 662561514
1790321810.415009 W 1116 lat 499 4018 9981 0 exe 53925 288407 521185 resp 525759 992 pmu 1013403 551455 8255975 11669700 757440629
1790321811.358299 W 1117 lat 351 3833 8759 0 exe 51814 257925 430425 resp 434685 977 pmu 1014276 504069 8260690 12781430 685048125
1790321812.410184 W 1118 lat 314 3277 8666 0 exe 53740 235481 530037 resp 533574 974 pmu 1017874 475568 8276912 11701475 619236710
1790321813.358243 W 1119 lat 314 3240 8129 0 exe 39833 218388 333388 resp 336333 909 pmu 1018275 436912 8290625 12587870 584893998
1790321814.407234 W 1120 lat 314 2351 8462 0 exe 47944 183055 494129 resp 498870 926 pmu 1021591 405453 8279992 10460490 484669144
1790321815.358253 W 1121 lat 314 3037 8759 0 exe 47333 204833 381314 resp 386666 927 pmu 1018433 437124 8271650 11937898 548484729
1790321816.410165 W 1122 lat 481 3166 7851 0 exe 45444 228777 522722 resp 526981 977 pmu 1018902 458591 8282816 10923876 602028663
1790321817.362949 W 1123 lat 296 3370 9740 0 exe 50481 224611 422333 resp 426537 924 pmu 1017192 450773 8277909 12439494 599896425
1790321818.418393 W 1124 lat 425 3277 9351 0 exe 42462 232574 535666 resp 540648 965 pmu 1018838 454498 8286270 11449382 612499850
1790321819.358163 W 1125 lat 333 3518 9111 0 exe 48833 226537 439796 resp 442518 958 pmu 1017116 454113 8273984 12584488 603196222
1790321820.410355 W 1126 lat 296 3314 9222 0 exe 47685 231518 519666 resp 525333 957 pmu 1018161 468541 8273613 11615666 611193301
1790321821.354379 W 1127 lat 314 2907 7685 0 exe 47499 200574 409370 resp 413370 889 pmu 1019074 432018 8275792 12447447 538020670
1790321822.406275 W 1128 lat 314 3203 9203 0 exe 50074 229999 498685 resp 502499 951 pmu 1018205 455565 8278417 11171027 606444024
1790321823.350188 W 1129 lat 314 3444 10740 0 exe 48203 229055 430740 resp 434277 962 pmu 1018032 436393 8280033 12232233 606128311
1790321824.406279 W 1130 lat 314 3055 9481 0 exe 44981 212314 523796 resp 528240 921 pmu 1019149 451862 8277671 11546014 566348921
1790321825.354321 W 1131 lat 314 2962 8592 0 exe 49981 206240 371555 resp 375851 942 pmu 1019097 424642 8280117 12373197 549675510
1790321826.398258 W 1132 lat 370 3722 8833 0 exe 51703 248074 514074 resp 520537 985 pmu 1016050 484160 8277423 10840007 655730555
1790321827.446364 W 1133 lat 518 3648 8962 0 exe 51351 265111 521925 resp 527499 988 pmu 1015275 509787 8257845 12498974 694402930
1790321828.390393 W 1134 lat 481 3722 8851 0 exe 53092 262722 434796 resp 439666 990 pmu 1015016 490018 8268571 12657722 692552008
1790321829.442308 W 1135 lat 296 3759 8648 0 exe 51870 260703 531185 resp 536296 977 pmu 1015472 518155 8264771 11779122 692341288
1790321830.382277 W 1136 lat 370 3629 9055 0 exe 55277 236833 418870 resp 424648 986 pmu 1016109 466316 8275790 12726471 628882918
1790321831.434365 W 1137 lat 370 3685 7981 0 exe 47666 270203 484740 resp 488499 985 pmu 1014803 516000 8264212 11506049 709321999
1790321832.378362 W 1138 lat 407 3907 8148 0 exe 52851 266351 457703 resp 463555 979 pmu 1014350 500825 8265207 12278189 704504078
1790321833.434202 W 1139 lat 314 3537 9499 0 exe 50888 243592 420851 resp 424925 951 pmu 1016766 480883 8281352 12027021 646587941
1790321834.374229 W 1140 lat 314 2925 8370 0 exe 40796 204185 325833 resp 329648 922 pmu 1019415 411144 8281875 11530332 540968991
1790321835.426244 W 1141 lat 296 3166 8777 0 exe 39203 222537 544407 resp 549370 934 pmu 1018822 457919 8278905 10322599 590787395
1790321836.378261 W 1142 lat 370 3462 8296 0 exe 50796 229296 428629 resp 433148 980 pmu 1016504 462382 8270495 12601451 609593593
1790321837.430292 W 1143 lat 351 3685 8722 0 exe 49314 260518 529666 resp 533796 981 pmu 1016842 487947 8280400 11532497 684031359
1790321838.382291 W 1144 lat 425 4037 9981 0 exe 53462 284166 438462 resp 442796 986 pmu 1012824 533175 8258143 12692835 747141375
1790321839.442412 W 1145 lat 499 3999 9018 0 exe 50851 286092 515018 resp 518759 990 pmu 1014199 535620 8268809 11929277 751976241
1790321840.394247 W 1146 lat 314 3481 9370 0 exe 50240 238666 425796 resp 429499 951 pmu 1016610 461028 8274864 12683646 633217809
1790321841.442169 W 1147 lat 351 3425 10092 0 exe 52018 241722 484870 resp 487796 977 pmu 1017127 479633 8270182 11549372 638678204
1790321842.390371 W 1148 lat 351 3574 9092 0 exe 52018 227462 449037 resp 453351 982 pmu 1016626 461358 8276977 12163989 608428248
1790321843.454256 W 1149 lat 314 3148 16259 0 exe 51796 220629 462018 resp 466222 943 pmu 1018650 448027 8281094 11736882 584103128
1790321844.398387 W 1150 lat 314 3259 8814 0 exe 50722 211888 375759 resp 379129 959 pmu 1017823 441245 8270404 11864282 567430382
1790321845.446243 W 1151 lat 314 3277 9796 0 exe 39777 234888 525740 resp 530462 922 pmu 1018461 472827 8276530 10911737 620030555
1790321846.390064 W 1152 lat 351 3351 8314 0 exe 42611 222759 337685 resp 342370 962 pmu 1018357 427090 8286696 12483827 588172025
1790321847.446246 W 1153 lat 333 2203 9481 0 exe 48314 170407 490259 resp 494629 868 pmu 1021752 408689 8277342 10549392 455021293
1790321848.390346 W 1154 lat 351 3462 11129 0 exe 52666 221888 384314 resp 388277 980 pmu 1016998 454434 8278077 11840570 593429922
1790321849.446256 W 1155 lat 407 3592 8111 0 exe 50888 251351 477370 resp 480129 973 pmu 1016092 486956 8272789 11072977 665618696
1790321850.394379 W 1156 lat 333 3314 9277 0 exe 49277 233592 323333 resp 328574 960 pmu 1017850 438292 8280972 12121816 613371207
1790321851.442150 W 1157 lat 296 3129 9240 0 exe 41574 210351 491462 resp 497574 925 pmu 1018204 457313 8278440 10500910 562564931
1790321852.378377 W 1158 lat 351 3259 9592 0 exe 49740 220444 395444 resp 398814 962 pmu 1018336 432567 8280187 12030489 583945132
1790321853.430278 W 1159 lat 314 2907 8481 0 exe 46111 206629 421685 resp 426259 967 pmu 1019036 438933 8276975 11150661 548200341
1790321854.374267 W 1160 lat 314 2425 9092 0 exe 39240 179907 325685 resp 328222 875 pmu 1020915 394263 8282245 11324061 479958576
1790321855.422194 W 1161 lat 333 3388 9481 0 exe 40240 233537 485333 resp 488629 956 pmu 1017280 470470 8277969 10186838 622164407
1790321856.362232 W 1162 lat 314 2574 8759 0 exe 39555 180740 312962 resp 316907 921 pmu 1020618 399163 8278047 12067031 479551838
1790321857.418337 W 1163 lat 333 3166 7999 0 exe 51055 226907 528555 resp 533407 941 pmu 1018389 465436 8282790 10071486 602927890
1790321858.362275 W 1164 lat 333 3296 8481 0 exe 49925 222240 427703 resp 433481 955 pmu 1017525 448079 8274665 12519612 591379477
1790321859.410195 W 1165 lat 388 3444 9462 0 exe 54833 243759 520444 resp 525962 986 pmu 1017235 482978 8275366 11489956 642188711
1790321860.354301 W 1166 lat 314 3314 8222 0 exe 51185 221740 420999 resp 427166 947 pmu 1017578 446385 8273878 12554009 591696939
1790321861.402331 W 1167 lat 314 3222 8129 0 exe 54018 224092 431111 resp 435444 988 pmu 1018143 455196 8273630 11427307 591627189
1790321862.354049 W 1168 lat 314 3425 8148 0 exe 39351 227240 386018 resp 388962 948 pmu 1017300 450069 8282167 11543940 606654922
1790321863.406136 W 1169 lat 314 2351 7259 0 exe 45574 182462 469314 resp 472111 880 pmu 1021423 406642 8283329 11029403 482421523
1790321864.350309 W 1170 lat 314 3277 9611 0 exe 46240 212370 395092 resp 398444 952 pmu 1017649 444167 8280219 11659182 569263693
1790321865.398391 W 1171 lat 314 3574 8907 0 exe 51740 256462 509277 resp 514499 968 pmu 1016945 484031 8277639 11089237 674359635
1790321866.350395 W 1172 lat 314 3629 8777 0 exe 50092 244259 441388 resp 449962 968 pmu 1016115 471928 8270793 12486522 648364940
1790321867.394014 W 1173 lat 296 2870 9351 0 exe 18203 193074 522629 resp 529074 760 pmu 1018235 411960 8272749 11754063 517735535
1790321868.433981 W 1174 lat 296 296 333 0 exe 16925 19351 45462 resp 45777 0 pmu 1023747 38818 8258310 12137088 51965274
1790321869.378265 W 1175 lat 296 888 5537 0 exe 16999 87462 550222 resp 553962 221 pmu 1022969 214855 8274092 6402129 224785061
1790321870.426304 W 1176 lat 1537 3111 5851 0 exe 292648 344444 403611 resp 407351 1000 pmu 1023454 906957 8359882 11839285 893852584
1790321871.362308 W 1177 lat 1555 3129 5499 0 exe 258648 345444 395833 resp 399148 1000 pmu 1023574 910464 8359197 13055392 897324089
1790321872.402291 W 1178 lat 1592 3129 5981 0 exe 277462 344462 400740 resp 402351 1000 pmu 1023193 906915 8358299 12809044 894482378
1790321873.442289 W 1179 lat 1092 3092 6314 0 exe 226870 341314 399018 resp 402907 1000 pmu 1023410 902570 8353707 12941134 886179695
1790321874.382268 W 1180 lat 1666 3092 5814 0 exe 286907 345537 395851 resp 399962 1000 pmu 1023248 908332 8362717 12665541 896861448
1790321875.422281 W 1181 lat 1444 3074 5537 0 exe 276166 345537 397981 resp 400333 1000 pmu 1023410 911736 8360080 12956845 897590750
1790321876.358265 W 1182 lat 1092 3111 5574 0 exe 242092 343240 396999 resp 400555 1000 pmu 1023113 905362 8357616 12913003 891309803
1790321877.398277 W 1183 lat 1203 3129 5851 0 exe 221999 344870 397907 resp 400388 1000 pmu 1023621 911256 8360189 12725735 895970176
1790321878.438250 W 1184 lat 1425 3166 5907 0 exe 260870 344333 408222 resp 412259 1000 pmu 1023333 907355 8363045 12639339 893927850
1790321879.374347 W 1185 lat 1111 3111 5666 0 exe 217666 344407 394962 resp 399444 1000 pmu 1023297 907711 8359454 12943524 894431041
1790321880.414249 W 1186 lat 1574 3166 7555 0 exe 251759 342407 393962 resp 396666 1000 pmu 1023272 902529 8356523 12594444 889044729
1790321881.354269 W 1187 lat 1666 3148 6592 0 exe 288611 344629 399351 resp 404111 1000 pmu 1023166 906681 8353513 12748232 894972924
1790321882.394271 W 1188 lat 1537 3166 6240 0 exe 285296 344555 402407 resp 405055 1000 pmu 1023543 909720 8361002 13003168 895591545
1790321883.434276 W 1189 lat 1333 3129 6055 0 exe 230759 341999 401999 resp 405518 1000 pmu 1023135 900948 8354579 13003781 888166741
1790321884.370246 W 1190 lat 1203 3092 7351 0 exe 236814 341999 416092 resp 418999 1000 pmu 1022957 908877 8352278 12716553 888400275
1790321885.414291 W 1191 lat 1592 3222 6611 0 exe 285518 344555 391462 resp 395592 1000 pmu 1023393 908094 8362270 12890371 895145872
1790321886.350284 W 1192 lat 1240 3203 5907 0 exe 237870 343481 410648 resp 414055 1000 pmu 1023417 907296 8355371 12905361 892443069
1790321887.390271 W 1193 lat 1203 3185 6037 0 exe 239388 341203 397055 resp 400740 1000 pmu 1022953 898495 8346891 12844546 886295971
1790321888.430277 W 1194 lat 1074 3222 6277 0 exe 289648 346314 399444 resp 402777 1000 pmu 1023510 914241 8358148 12706644 899557969
1790321889.378268 W 1195 lat 1425 3259 7111 0 exe 251314 342814 406259 resp 409111 1000 pmu 1023237 901828 8354794 13006489 890335882
1790321890.434292 W 1196 lat 1092 3129 7055 0 exe 217999 342685 403462 resp 407055 1000 pmu 1023360 904736 8358221 12868940 890235594
1790321891.374264 W 1197 lat 1314 3092 6314 0 exe 268981 343722 406037 resp 410648 1000 pmu 1023228 904031 8348876 12674944 892335206
1790321892.422242 W 1198 lat 1018 3111 5814 0 exe 272814 344999 403092 resp 407870 1000 pmu 1023580 909407 8360974 12963073 896280884
1790321893.358283 W 1199 lat 1240 3111 6351 0 exe 250333 342314 394111 resp 397685 1000 pmu 1022948 903323 8353245 12956066 888852005
1790321894.402286 W 1200 lat 1259 3074 6129 0 exe 286944 345611 427370 resp 430611 1000 pmu 1023602 912354 8357977 12738219 897285642
1790321895.442317 W 1201 lat 1296 3129 6740 0 exe 227722 342685 407740 resp 410685 1000 pmu 1022919 902383 8353767 13267608 889537783
1790321896.378287 W 1202 lat 925 3111 5759 0 exe 253259 344703 403277 resp 406018 1000 pmu 1023699 909953 8362338 12762683 895248929
1790321897.422171 W 1203 lat 999 3092 5759 0 exe 236166 342185 393833 resp 396999 1000 pmu 1022972 900763 8350723 12847890 888598365
1790321898.354276 W 1204 lat 777 3092 6018 0 exe 246407 343703 402370 resp 406314 1000 pmu 1023308 907308 8351534 12657912 893012528
1790321899.394287 W 1205 lat 1166 3092 5722 0 exe 271148 343981 392851 resp 397555 1000 pmu 1023093 906539 8357077 12805829 892807661
1790321900.438283 W 1206 lat 944 3074 6185 0 exe 231407 341648 404703 resp 408222 1000 pmu 1022906 908450 8355845 12840230 887482617
1790321901.374258 W 1207 lat 555 3129 7518 0 exe 284574 345833 395074 resp 399462 1000 pmu 1023240 909617 8351262 12743304 897315513
1790321902.414297 W 1208 lat 555 3092 9240 0 exe 254981 343388 398185 resp 401203 1000 pmu 1023406 907810 8357410 12943367 891829517
1790321903.350279 W 1209 lat 537 3055 9351 0 exe 229685 343462 390962 resp 394796 1000 pmu 1023462 906079 8354761 12815673 891804977
1790321904.390273 W 1210 lat 499 2555 6203 0 exe 241444 340259 410407 resp 413240 1000 pmu 1023356 905810 8355506 12621971 884160800
1790321905.434296 W 1211 lat 481 2537 6277 0 exe 240481 339722 407685 resp 412111 1000 pmu 1023362 905876 8363187 12835336 882994228
1790321906.390269 W 1212 lat 592 2796 5425 0 exe 237981 337666 401185 resp 406351 1000 pmu 1023611 907729 8357493 12809046 877766331
1790321907.434262 W 1213 lat 1518 3277 6462 0 exe 238962 336870 395462 resp 398203 1000 pmu 1023322 901956 8357454 12722665 875669899
1790321908.382254 W 1214 lat 1574 3351 6462 0 exe 249259 339333 421777 resp 426037 1000 pmu 1023502 912111 8369336 12666556 882334254
1790321909.422266 W 1215 lat 1481 3222 5999 0 exe 251296 334611 391499 resp 394592 1000 pmu 1022909 898917 8358420 13001633 870434807
1790321910.366268 W 1216 lat 1148 3259 6148 0 exe 259407 340129 403888 resp 407351 1000 pmu 1023798 912482 8368994 12676056 884536162
1790321911.414288 W 1217 lat 1296 3314 6592 0 exe 213666 337129 405629 resp 408092 1000 pmu 1023204 904191 8361120 12869248 876495288
1790321912.362237 W 1218 lat 1648 3222 6388 0 exe 263296 339851 399796 resp 403037 1000 pmu 1023579 912020 8369910 12641124 883693354
1790321913.418290 W 1219 lat 1240 3166 6574 0 exe 194648 335499 395962 resp 398481 1000 pmu 1022961 899577 8356947 12848795 872388472
1790321914.366255 W 1220 lat 1092 3166 5888 0 exe 196148 335037 394611 resp 399018 1000 pmu 1023272 903019 8358987 12440695 871303761
1790321915.414290 W 1221 lat 1277 3148 6296 0 exe 277425 338888 403222 resp 408037 1000 pmu 1023239 907540 8368823 12437357 880499973
1790321916.358247 W 1222 lat 1499 3166 6370 0 exe 207648 335944 414592 resp 417759 1000 pmu 1023093 902387 8354154 12954132 873921198
1790321917.402259 W 1223 lat 1481 3148 7425 0 exe 248796 337333 396685 resp 400370 1000 pmu 1022851 906373 8358104 12697553 877179694
1790321918.442270 W 1224 lat 1555 3166 5666 0 exe 227277 337666 402962 resp 407074 1000 pmu 1023481 906920 8364812 12738926 878060413
1790321919.402282 W 1225 lat 1018 3203 6037 0 exe 231185 337407 393388 resp 397999 1000 pmu 1023048 904563 8360674 12689511 877145979
1790321920.442259 W 1226 lat 1518 3185 5907 0 exe 248166 337999 401185 resp 405351 1000 pmu 1023570 907383 8364310 12613871 879064803
1790321921.386258 W 1227 lat 1129 3166 6055 0 exe 224518 337907 404833 resp 408185 1000 pmu 1023154 904720 8360036 12779134 878403780
1790321922.426295 W 1228 lat 1629 3203 5629 0 exe 274074 339407 392907 resp 396870 1000 pmu 1023374 908835 8355143 12691489 882239074
1790321923.366276 W 1229 lat 1351 3185 6037 0 exe 202796 336962 413296 resp 417481 1000 pmu 1023164 905307 8361089 12831247 876417217
1790321924.430192 W 1230 lat 1351 3148 5629 0 exe 228074 337574 393092 resp 396370 1000 pmu 1023232 905266 8361479 12668172 877572080
1790321925.386300 W 1231 lat 1629 3203 8037 0 exe 221925 336962 404574 resp 407703 1000 pmu 1023217 906750 8356564 12588860 876461414
1790321926.442162 W 1232 lat 1351 3222 6185 0 exe 252185 337518 394629 resp 398388 1000 pmu 1023180 905298 8359062 12682764 877065614
1790321927.382258 W 1233 lat 1462 3240 6351 0 exe 246666 337592 404425 resp 409129 1000 pmu 1023462 908230 8356957 12730017 878040889
1790321928.434264 W 1234 lat 1425 3240 6796 0 exe 243962 337055 401092 resp 403666 1000 pmu 1023239 902414 8367103 12806882 876453537
1790321929.382019 W 1235 lat 296 2814 6907 0 exe 17703 290037 400351 resp 403018 849 pmu 1023728 799422 8345784 12748357 754652204
1790321930.421979 W 1236 lat 296 296 333 0 exe 17129 19481 51648 resp 51962 0 pmu 1023736 40450 8264796 11365177 51840489
1790321931.366018 W 1237 lat 296 296 1185 0 exe 17092 25314 167407 resp 168592 17 pmu 1023634 105548 8268858 6464989 64724164
1790321932.405985 W 1238 lat 296 296 333 0 exe 17185 20148 49722 resp 50055 0 pmu 1023710 47728 8256698 7660327 51230759
1790321933.446006 W 1239 lat 296 296 425 0 exe 16999 22685 111111 resp 111425 8 pmu 1023686 77468 8254612 6449359 57507929
1790321934.381982 W 1240 lat 296 296 333 0 exe 17314 19796 68166 resp 68481 0 pmu 1023720 43813 8251874 7075464 50040043
1790321935.422009 W 1241 lat 296 296 537 0 exe 17240 22499 121092 resp 121629 7 pmu 1023669 75145 8250608 6632489 57096712
1790321936.357980 W 1242 lat 296 296 351 0 exe 16888 19462 50555 resp 50870 0 pmu 1023733 40244 8249161 7177173 49282026
1790321937.398008 W 1243 lat 296 296 537 0 exe 17074 22148 108444 resp 108814 8 pmu 1023727 71088 8249760 6452697 56124211
1790321938.437980 W 1244 lat 296 296 333 0 exe 17037 19296 50092 resp 50407 0 pmu 1023756 37943 8247744 7047201 48759385
1790321939.374007 W 1245 lat 296 296 425 0 exe 17407 22296 116740 resp 117055 6 pmu 1023624 72726 8252117 6447986 56535323
1790321940.413980 W 1246 lat 296 296 333 0 exe 16907 19499 49722 resp 50037 0 pmu 1023795 40328 8248838 7131865 49297171
1790321941.350008 W 1247 lat 296 296 499 0 exe 17370 21981 110722 resp 111222 5 pmu 1023643 69072 8251620 6444669 55650821
1790321942.389981 W 1248 lat 296 296 333 0 exe 17055 19555 48759 resp 49055 0 pmu 1023744 40947 8247784 7071073 49418518
1790321943.430008 W 1249 lat 296 296 444 0 exe 17185 22425 106314 resp 106666 4 pmu 1023596 74538 8251399 6435974 56817378
1790321944.365984 W 1250 lat 296 296 351 0 exe 17018 19870 51888 resp 52203 0 pmu 1023766 44525 8250504 7027465 50156566
1790321945.406008 W 1251 lat 296 296 648 0 exe 17296 22129 104314 resp 104648 3 pmu 1023679 71206 8251809 6468683 56240893
1790321946.445979 W 1252 lat 296 296 333 0 exe 17148 19314 48740 resp 49055 0 pmu 1023766 38517 8256156 7007311 48805233
1790321947.382009 W 1253 lat 296 296 537 0 exe 17333 22351 107333 resp 107648 4 pmu 1023572 73838 8251304 6435037 56701373
1790321948.421982 W 1254 lat 296 296 333 0 exe 17240 19388 48388 resp 48703 0 pmu 1023766 39367 8253380 7038257 49039966
1790321949.358009 W 1255 lat 296 296 592 0 exe 17314 21925 111833 resp 112425 7 pmu 1023598 68360 8247958 6432478 55555383
1790321950.397978 W 1256 lat 296 296 333 0 exe 17092 19388 44944 resp 45259 0 pmu 1023764 39125 8250088 7082683 49061897
1790321951.438008 W 1257 lat 296 296 425 0 exe 17351 22592 116777 resp 117092 6 pmu 1023631 76345 8250062 6397222 57231536
1790321952.373978 W 1258 lat 296 296 425 0 exe 17092 19333 50944 resp 51259 0 pmu 1023756 38298 8248940 7133462 48906402
1790321953.414008 W 1259 lat 296 296 518 0 exe 17129 22018 117907 resp 118314 5 pmu 1023671 68995 8250895 6457333 55802694
1790321954.349979 W 1260 lat 296 296 333 0 exe 17092 19388 47999 resp 48314 0 pmu 1023617 39144 8248924 7141653 49084955
1790321955.390006 W 1261 lat 296 296 444 0 exe 17222 22740 116648 resp 116981 3 pmu 1023642 77709 8251961 6427743 57578081
1790321956.429984 W 1262 lat 296 296 333 0 exe 16944 19685 48185 resp 48499 0 pmu 1023803 42625 8249644 7132400 49781218
1790321957.370010 W 1263 lat 296 296 499 0 exe 17462 22259 108888 resp 109259 5 pmu 1023635 72506 8250241 6430301 56412799
1790321958.409993 W 1264 lat 296 296 351 0 exe 17055 20203 59462 resp 59759 0 pmu 1023723 48636 8249008 7053981 51007652
1790321959.346008 W 1265 lat 296 296 740 0 exe 17037 22314 109870 resp 110296 7 pmu 1023669 73032 8249585 6546236 56580093
1790321960.385980 W 1266 lat 296 296 351 0 exe 17111 19444 47444 resp 47759 0 pmu 1023741 39547 8249116 7063473 49092197
1790321961.426006 W 1267 lat 296 296 481 0 exe 17074 22111 107351 resp 107833 6 pmu 1023641 70875 8248516 6422744 56058870
1790321962.361980 W 1268 lat 296 296 333 0 exe 16870 19185 44351 resp 44666 0 pmu 1023792 36586 8241009 7036408 48488175
1790321963.402008 W 1269 lat 296 296 444 0 exe 17574 22296 107648 resp 108037 5 pmu 1023684 72636 8247788 6389130 56485690
1790321964.441983 W 1270 lat 296 296 351 0 exe 17129 19814 48999 resp 49314 0 pmu 1023675 43988 8251508 7042279 50020044
1790321965.378009 W 1271 lat 296 296 407 0 exe 17425 22222 131314 resp 131629 5 pmu 1023598 71337 8247268 6440055 56298834
1790321966.417978 W 1272 lat 296 296 333 0 exe 17055 19388 49629 resp 49925 0 pmu 1023764 39168 8250192 7277146 49146276
1790321967.354010 W 1273 lat 296 296 629 0 exe 17388 22185 109277 resp 109592 5 pmu 1023698 71396 8249901 6443870 56207921
1790321968.393978 W 1274 lat 296 296 333 0 exe 17111 19333 49888 resp 50203 0 pmu 1023786 38573 8249392 7057596 48876367
1790321969.434009 W 1275 lat 296 296 444 0 exe 17499 22537 116055 resp 116499 5 pmu 1023696 75603 8251585 6446581 57203028
1790321970.369981 W 1276 lat 296 296 333 0 exe 16851 19370 47462 resp 47796 0 pmu 1023775 38984 8247816 7127419 49037016
1790321971.410008 W 1277 lat 296 296 537 0 exe 17203 22518 119203 resp 119740 5 pmu 1023626 75380 8248784 6421318 57064036
1790321972.345979 W 1278 lat 296 296 333 0 exe 17166 19351 48759 resp 49055 0 pmu 1023733 38837 8250236 7158168 48969940
1790321973.386008 W 1279 lat 296 296 555 0 exe 17185 22277 117962 resp 118462 4 pmu 1023639 72395 8248971 6435538 56458011
1790321974.425977 W 1280 lat 296 296 333 0 exe 16999 19333 46981 resp 47296 0 pmu 1023720 38159 8247268 7144510 48877404
1790321975.362006 W 1281 lat 296 296 555 0 exe 17296 22018 113944 resp 114259 5 pmu 1023617 69421 8249228 6416852 55731640
1790321976.405971 W 1282 lat 296 296 333 0 exe 17351 19351 49222 resp 49537 0 pmu 1023710 38574 8250969 7102494 48923594
1790321977.442007 W 1283 lat 296 296 425 0 exe 17296 22037 116296 resp 116611 5 pmu 1023669 69614 8248740 6441086 55811747
1790321978.377981 W 1284 lat 296 296 333 0 exe 16814 19296 45388 resp 45703 0 pmu 1023764 38004 8249160 7125525 48821856
1790321979.418009 W 1285 lat 296 296 351 0 exe 17277 22370 109518 resp 109833 4 pmu 1023666 73338 8248675 6399721 56606529
1790321980.353981 W 1286 lat 296 296 333 0 exe 17111 19796 55925 resp 56259 0 pmu 1023741 43965 8250112 7059045 50044192
1790321981.394006 W 1287 lat 296 296 759 0 exe 17574 22092 131592 resp 131925 5 pmu 1023672 69759 8252716 6509190 56030067
1790321982.433979 W 1288 lat 296 296 351 0 exe 17166 19277 45870 resp 46185 0 pmu 1023777 37525 8246652 7281989 48823754
1790321983.374008 W 1289 lat 296 296 444 0 exe 17296 22314 105666 resp 106111 3 pmu 1023601 73401 8250448 6406534 56557707
1790321984.425978 W 1290 lat 296 296 333 0 exe 17351 19296 52370 resp 52685 0 pmu 1023752 38336 8252240 7021271 48776859
1790321985.374005 W 1291 lat 296 296 444 0 exe 17259 22407 112629 resp 112944 6 pmu 1023644 73964 8249067 6472339 56782217
1790321986.417978 W 1292 lat 296 296 333 0 exe 17148 19259 45055 resp 45370 0 pmu 1023693 37292 8246844 7090665 48680158
1790321987.366009 W 1293 lat 296 296 425 0 exe 17277 22981 111092 resp 111407 6 pmu 1023677 80908 8255218 6397958 58227194
1790321988.421981 W 1294 lat 296 296 333 0 exe 16944 19351 47388 resp 47703 0 pmu 1023739 38812 8248360 7078109 48933612
1790321989.362008 W 1295 lat 296 296 333 0 exe 17259 22907 113629 resp 113962 2 pmu 1023711 80195 8254104 6420714 58052108
1790321990.425980 W 1296 lat 296 296 333 0 exe 17185 19537 47777 resp 48074 0 pmu 1023730 40873 8252056 7102497 49398799
1790321991.374013 W 1297 lat 296 296 592 0 exe 17111 24444 139037 resp 139629 7 pmu 1023573 97443 8252724 6426817 62059310
1790321992.413983 W 1298 lat 296 296 333 0 exe 16722 19611 48814 resp 49129 0 pmu 1023751 41762 8260792 7366314 49733602
1790321993.358586 W 1299 lat 296 685 12407 0 exe 17055 62111 540481 resp 543944 126 pmu 1022531 168826 8267221 6435582 158642156
1790321994.410580 W 1300 lat 314 4407 11703 0 exe 100592 419092 631370 resp 638166 1000 pmu 1011678 811145 8231721 11647307 1076548301
1790321995.362379 W 1301 lat 2092 5685 11407 0 exe 183592 513796 638611 resp 646981 1000 pmu 1009904 850115 8231685 14790664 1286630401
1790321996.414417 W 1302 lat 296 3370 11722 0 exe 46388 320703 655240 resp 659925 652 pmu 1012365 707688 8227878 15772378 827643302
1790321997.358506 W 1303 lat 296 4907 12129 0 exe 44222 456296 628722 resp 634962 953 pmu 1011253 762179 8234739 14250841 1145461657
1790321998.406326 W 1304 lat 296 2981 8240 0 exe 35333 329499 595796 resp 600055 916 pmu 1012228 794792 8232633 14670119 855824489
1790321999.358396 W 1305 lat 296 2944 9370 0 exe 56259 312462 612944 resp 619925 853 pmu 1014372 752817 8248349 13623188 809935155
1790322000.410535 W 1306 lat 518 5092 11777 0 exe 196388 472166 626629 resp 633851 1000 pmu 1010321 841063 8224769 13833630 1190643059
1790322001.354120 W 1307 lat 685 4870 11037 0 exe 147462 450740 630518 resp 635888 1000 pmu 1009089 786809 8214135 15494729 1136823286
1790322002.414452 W 1308 lat 314 3537 9111 0 exe 58185 356555 582203 resp 586037 960 pmu 1010976 713120 8217228 15168527 916096520
1790322003.358394 W 1309 lat 296 3333 9703 0 exe 65388 349148 572185 resp 578018 866 pmu 1010645 770301 8215808 13741846 895277714
1790322004.406526 W 1310 lat 296 3259 10574 0 exe 51722 336333 605759 resp 613018 939 pmu 1012570 770056 8238080 13652832 868199811
1790322005.350481 W 1311 lat 1629 5148 11537 0 exe 182277 494611 637166 resp 642388 1000 pmu 1011242 874330 8232192 13867383 1242808565
1790322006.406402 W 1312 lat 2148 4740 11018 0 exe 324092 482592 616462 resp 620351 1000 pmu 1008275 874770 8203737 15636456 1213847606
1790322007.354370 W 1313 lat 296 3370 10240 0 exe 46185 353629 618259 resp 622518 863 pmu 1011631 742920 8222187 16069234 905187278
1790322008.414192 W 1314 lat 296 3740 9611 0 exe 65833 395814 610777 resp 616129 896 pmu 1010600 792922 8221815 14034720 1010323527
1790322009.371292 W 1315 lat 314 2759 9259 0 exe 58740 300074 566499 resp 572407 851 pmu 1012430 759654 8232318 14273082 782130945
1790322010.418383 W 1316 lat 537 4629 10981 0 exe 102351 469981 608092 resp 615222 1000 pmu 1011485 877303 8232424 13312816 1188234131
1790322011.370629 W 1317 lat 1277 4907 12388 0 exe 184944 471796 649462 resp 653388 1000 pmu 1008535 828482 8217174 14821441 1186281811
1790322012.418453 W 1318 lat 296 3370 10481 0 exe 56425 348740 653185 resp 659277 793 pmu 1011859 771611 8226738 15652878 898391086
1790322013.370147 W 1319 lat 296 4333 9351 0 exe 54203 432851 603277 resp 610944 972 pmu 1009898 784677 8219625 14421589 1096414719
1790322014.430377 W 1320 lat 296 2388 8777 0 exe 48240 264296 569333 resp 573722 898 pmu 1012801 724116 8244758 14338666 692975965
1790322015.390453 W 1321 lat 333 4555 10259 0 exe 73259 449925 632240 resp 638129 995 pmu 1010928 832301 8231840 13098009 1134574227
1790322016.450456 W 1322 lat 370 4611 12444 0 exe 121648 439407 628981 resp 632333 1000 pmu 1009288 789753 8221976 14806047 1108103871
1790322017.398411 W 1323 lat 314 3796 10462 0 exe 65259 385370 619574 resp 625240 944 pmu 1010624 767838 8217376 14961369 985027727
1790322018.350141 W 1324 lat 296 3759 8018 0 exe 63222 390796 573259 resp 578703 963 pmu 1010280 752209 8223277 14312755 992273129
1790322019.402460 W 1325 lat 296 3055 9129 0 exe 67944 319074 553574 resp 557666 909 pmu 1011931 764888 8234795 13852689 839266053
1790322020.350481 W 1326 lat 314 3592 8870 0 exe 66814 373499 618277 resp 626499 989 pmu 1011641 787304 8231521 13316463 956343515
1790322021.402564 W 1327 lat 722 5166 11629 0 exe 143388 495629 653814 resp 660740 1000 pmu 1009758 843645 8224895 14252043 1245374008
1790322022.354309 W 1328 lat 296 3407 11240 0 exe 59907 350981 613833 resp 617981 818 pmu 1011869 766875 8228880 15617567 902267135
1790322023.422363 W 1329 lat 314 4388 10833 0 exe 67759 443796 622222 resp 628314 975 pmu 1010230 787648 8224063 14050854 1120878000
1790322024.366471 W 1330 lat 314 3222 8277 0 exe 83055 318870 573592 resp 578759 990 pmu 1012152 713100 8234529 14650624 821036625
1790322025.426387 W 1331 lat 296 2944 9518 0 exe 51685 301703 581666 resp 587574 902 pmu 1012447 735290 8232926 13592674 796309324
1790322026.378458 W 1332 lat 1851 5277 12111 0 exe 209499 510055 623944 resp 630388 1000 pmu 1010102 861491 8228758 13439612 1280985105
1790322027.422462 W 1333 lat 296 3222 8888 0 exe 61722 347074 591962 resp 598666 867 pmu 1012369 795569 8228286 15727723 895803002
1790322028.382411 W 1334 lat 333 4129 9833 0 exe 70999 433444 589999 resp 595870 993 pmu 1010550 810538 8225471 13821886 1097712845
1790322029.434429 W 1335 lat 296 3333 8518 0 exe 57203 326833 590055 resp 598055 973 pmu 1011942 698854 8237714 14285631 840095178
1790322030.390468 W 1336 lat 314 3222 12703 0 exe 53425 316018 595166 resp 601333 884 pmu 1011997 737602 8229392 13683749 824117603
1790322031.438386 W 1337 lat 2518 5407 12833 0 exe 252648 526092 647259 resp 652370 1000 pmu 1010356 879189 8229207 13673502 1314921107
1790322032.374271 W 1338 lat 296 3111 8648 0 exe 64203 315981 615351 resp 621370 907 pmu 1012318 712244 8236226 16258072 817673241
1790322033.414533 W 1339 lat 333 4259 12462 0 exe 68148 456648 605259 resp 613425 996 pmu 1009951 836993 8218289 13907308 1152675050
1790322034.354187 W 1340 lat 296 3314 8611 0 exe 69962 340777 570888 resp 575740 978 pmu 1011934 727343 8236353 14565305 874256507
1790322035.390556 W 1341 lat 296 3222 10203 0 exe 56648 344740 607333 resp 611722 900 pmu 1012633 798865 8239210 13610409 888083316
1790322036.430441 W 1342 lat 666 5092 11777 0 exe 160981 511277 646537 resp 654574 1000 pmu 1011894 887598 8246823 13933282 1287641574
1790322037.378436 W 1343 lat 314 3499 9592 0 exe 85592 370981 569074 resp 572592 997 pmu 1011938 771285 8228989 15717340 949213490
1790322038.446312 W 1344 lat 296 3962 9314 0 exe 29907 428129 595981 resp 601833 931 pmu 1010600 814240 8228657 13820765 1080812023
1790322039.398389 W 1345 lat 296 3333 7981 0 exe 75222 368277 597962 resp 604722 991 pmu 1012902 811553 8241055 14109504 942952658
1790322040.362520 W 1346 lat 314 3499 12999 0 exe 52611 367981 629611 resp 636148 925 pmu 1011581 810492 8227687 14051383 944758974
1790322041.406274 W 1347 lat 1203 5129 10925 0 exe 262111 538574 639888 resp 647796 1000 pmu 1013377 933928 8258311 14278495 1351392800
1790322042.354514 W 1348 lat 314 3388 9148 0 exe 81018 365814 592277 resp 597129 994 pmu 1011574 783519 8219517 16290843 946834050
1790322043.430072 W 1349 lat 296 3703 8666 0 exe 56462 397703 586944 resp 594944 909 pmu 1010847 802089 8221795 14007781 1015756457
1790322044.370152 W 1350 lat 314 3444 10259 0 exe 96722 351481 552370 resp 557203 994 pmu 1012628 799926 8242129 14006288 906369808
1790322045.434548 W 1351 lat 314 3444 10388 0 exe 94388 374703 607018 resp 610907 985 pmu 1011323 835026 8225699 13621473 974248057
1790322046.374382 W 1352 lat 1944 5574 13092 0 exe 233648 555611 655777 resp 663407 1000 pmu 1015178 930654 8264266 14268389 1393580796
1790322047.426156 W 1353 lat 314 3166 9999 0 exe 71574 347444 608944 resp 615425 955 pmu 1011521 802702 8222788 16408003 900331256
1790322048.362153 W 1354 lat 314 4037 7907 0 exe 76537 455296 609351 resp 616203 982 pmu 1011561 882722 8227075 14046799 1161468563
1790322049.402404 W 1355 lat 296 3277 10333 0 exe 91166 359092 561240 resp 564555 994 pmu 1012853 821275 8240162 14610895 925834131
1790322050.446372 W 1356 lat 296 3314 9407 0 exe 68592 366203 606759 resp 614370 946 pmu 1014491 856082 8250434 13712242 949481257
1790322051.382367 W 1357 lat 1888 5277 13388 0 exe 256425 549314 662666 resp 668074 1000 pmu 1016323 956682 8274276 14107299 1378016964
1790322052.422126 W 1358 lat 314 3148 9314 0 exe 79074 361814 602592 resp 606111 975 pmu 1011635 833184 8231966 16547978 935784198
1790322053.358022 W 1359 lat 296 3648 9537 0 exe 18555 416425 629703 resp 634259 877 pmu 1014312 837796 8243151 14074159 1050006721
1790322054.397977 W 1360 lat 296 296 370 0 exe 17037 19203 48703 resp 48999 0 pmu 1023730 37324 8262860 14321784 52943141
1790322055.442061 W 1361 lat 296 648 8037 0 exe 17277 66296 671462 resp 675888 97 pmu 1022594 145655 8260405 6433961 166310278
1790322056.378007 W 1362 lat 296 296 574 0 exe 19962 24462 102851 resp 103296 3 pmu 1023605 97925 8258506 12959108 66250086
1790322057.418021 W 1363 lat 296 296 629 0 exe 19296 28092 115759 resp 116388 18 pmu 1023436 137458 8258010 7017973 72894684
1790322058.354000 W 1364 lat 296 296 611 0 exe 19351 23722 52222 resp 52518 0 pmu 1023676 89892 8256424 7163162 60622965
1790322059.394018 W 1365 lat 296 296 537 0 exe 19407 26481 118537 resp 118944 15 pmu 1023535 120354 8258153 6504269 68564967
1790322060.433993 W 1366 lat 296 296 425 0 exe 19222 22481 51481 resp 51777 0 pmu 1023779 75376 8254460 7181875 57288653
1790322061.370016 W 1367 lat 296 296 574 0 exe 18870 25962 122055 resp 122592 17 pmu 1023501 114753 8259214 6489229 67168354
1790322062.409996 W 1368 lat 296 296 425 0 exe 19111 22722 50648 resp 50944 0 pmu 1023704 78373 8255411 7212560 58159070
1790322063.346020 W 1369 lat 296 296 777 0 exe 19203 26370 116222 resp 116592 14 pmu 1023530 119436 8255457 6481304 68234406
1790322064.386000 W 1370 lat 296 296 425 0 exe 19462 22870 50907 resp 51222 0 pmu 1023656 80075 8253440 7158069 58552647
1790322065.426018 W 1371 lat 296 296 592 0 exe 19166 26092 113277 resp 113592 19 pmu 1023539 116197 8260454 6486542 67455041
1790322066.361993 W 1372 lat 296 296 425 0 exe 18962 22388 52888 resp 53203 0 pmu 1023651 74589 8252136 7125909 57205104
1790322067.402018 W 1373 lat 296 296 796 0 exe 19074 26074 131055 resp 131481 12 pmu 1023565 115776 8257533 6501432 67418488
1790322068.441995 W 1374 lat 296 296 425 0 exe 19129 22444 49666 resp 49981 0 pmu 1023741 75262 8251308 7304729 57455296
1790322069.378016 W 1375 lat 296 296 722 0 exe 19203 25240 118814 resp 119314 14 pmu 1023501 106214 8250657 6470434 65094364
1790322070.418001 W 1376 lat 296 296 425 0 exe 19574 23425 51574 resp 51888 0 pmu 1023706 86064 8255137 7178586 59890694
1790322071.354021 W 1377 lat 296 296 462 0 exe 19574 26055 122388 resp 122703 16 pmu 1023513 115507 8252732 6496713 67371948
1790322072.393998 W 1378 lat 296 296 407 0 exe 19203 23333 60537 resp 60870 0 pmu 1023714 85111 8254752 7218283 59793971
1790322073.434017 W 1379 lat 296 296 611 0 exe 19037 25185 115759 resp 116166 13 pmu 1023539 105931 8255354 6583925 65070681
1790322074.369996 W 1380 lat 296 296 407 0 exe 19018 22481 50722 resp 51037 0 pmu 1023706 75576 8261492 7146107 57467377
1790322075.410017 W 1381 lat 296 296 740 0 exe 19185 25777 114092 resp 114499 15 pmu 1023500 112431 8252999 6480504 66626452
1790322076.346001 W 1382 lat 296 296 425 0 exe 19425 22962 55870 resp 56185 0 pmu 1023655 81058 8255028 7133647 58747471
1790322077.386020 W 1383 lat 296 296 574 0 exe 19240 25407 127925 resp 128240 13 pmu 1023527 108072 8256590 6536516 65593846
1790322078.426005 W 1384 lat 296 296 425 0 exe 18574 23722 58944 resp 59259 0 pmu 1023665 89522 8253692 7269211 60876070
1790322079.362018 W 1385 lat 296 296 759 0 exe 19537 25518 129685 resp 130129 12 pmu 1023534 109524 8256533 6566829 65911304
1790322080.401994 W 1386 lat 296 296 444 0 exe 19370 22703 50388 resp 50685 0 pmu 1023725 78192 8254792 7290448 58090962
1790322081.446017 W 1387 lat 296 296 481 0 exe 19499 26055 116703 resp 117018 15 pmu 1023473 115696 8251465 6480090 67283390
1790322082.381998 W 1388 lat 296 296 425 0 exe 19462 23037 65777 resp 66092 0 pmu 1023720 82008 8254232 7161024 58973562
1790322083.422018 W 1389 lat 296 296 555 0 exe 19148 25833 112870 resp 113185 17 pmu 1023500 113059 8252707 6636105 66882344
1790322084.357993 W 1390 lat 296 296 481 0 exe 19537 22722 52685 resp 52999 0 pmu 1023743 78133 8255943 7120155 58045106
1790322085.398015 W 1391 lat 296 296 481 0 exe 19037 25111 114037 resp 114370 13 pmu 1023552 105319 8257658 6504261 64757479
1790322086.437995 W 1392 lat 296 296 407 0 exe 19351 22722 53499 resp 53814 0 pmu 1023705 78092 8257241 7127407 58070148
1790322087.374018 W 1393 lat 296 296 796 0 exe 18999 26537 126444 resp 126777 20 pmu 1023441 121241 8252045 6511095 68808807
1790322088.413994 W 1394 lat 296 296 425 0 exe 19462 22796 50574 resp 50999 0 pmu 1023674 79166 8253436 7260023 58381200
1790322089.350017 W 1395 lat 296 296 574 0 exe 18999 25537 111444 resp 111851 15 pmu 1023585 109979 8252611 6483463 65934048
1790322090.389996 W 1396 lat 296 296 444 0 exe 19185 22722 49018 resp 49333 0 pmu 1023677 78267 8252309 7104318 58086761
1790322091.430015 W 1397 lat 296 296 592 0 exe 18870 26092 114259 resp 114666 13 pmu 1023496 116342 8257682 6465681 67401662
1790322092.365999 W 1398 lat 296 296 481 0 exe 19166 23833 51907 resp 52314 0 pmu 1023695 90859 8253319 7134715 61245207
1790322093.406017 W 1399 lat 296 296 574 0 exe 19333 25444 122074 resp 122407 14 pmu 1023545 108386 8253958 6500659 65608103
1790322094.445995 W 1400 lat 296 296 425 0 exe 19462 22777 51629 resp 51944 0 pmu 1023742 78944 8252154 7211386 58309154
1790322095.382030 W 1401 lat 296 296 648 0 exe 19074 25592 128870 resp 129185 13 pmu 1023604 110242 8255717 6493316 66077345
1790322096.421995 W 1402 lat 296 296 407 0 exe 19462 22722 56259 resp 56555 0 pmu 1023727 78168 8257624 7279059 58127873
1790322097.358017 W 1403 lat 296 296 981 0 exe 19259 25499 122537 resp 123240 13 pmu 1023550 109150 8254710 6539314 65857181
1790322098.397999 W 1404 lat 296 296 462 0 exe 19351 23407 63462 resp 63796 0 pmu 1023649 85967 8255866 7219746 60062526
1790322099.438017 W 1405 lat 296 296 611 0 exe 18648 25888 128796 resp 129240 15 pmu 1023476 113359 8255684 6614658 66874051
1790322100.373998 W 1406 lat 296 296 611 0 exe 19222 22870 48111 resp 48425 0 pmu 1023732 80079 8253168 7278216 58576839
1790322101.414016 W 1407 lat 296 296 648 0 exe 19370 25555 111092 resp 111425 13 pmu 1023562 110295 8259248 6458282 65895292
1790322102.349996 W 1408 lat 296 296 425 0 exe 19203 22907 48907 resp 49203 0 pmu 1023696 80299 8254928 7102643 58579731
1790322103.390015 W 1409 lat 296 296 648 0 exe 18537 25592 126722 resp 127314 12 pmu 1023565 110419 8255239 6465331 66080054
1790322104.434001 W 1410 lat 296 296 611 0 exe 19388 23425 58759 resp 59092 0 pmu 1023643 86300 8254572 7256280 60131104
1790322105.370016 W 1411 lat 296 296 518 0 exe 19259 25574 116537 resp 116944 12 pmu 1023534 110250 8257823 6568394 66083859
1790322106.409997 W 1412 lat 296 296 425 0 exe 19499 22870 49111 resp 49425 0 pmu 1023689 80183 8257688 7156420 58490777
1790322107.346019 W 1413 lat 296 296 481 0 exe 19314 25999 119759 resp 120148 13 pmu 1023479 115110 8257053 6468780 67179856
1790322108.386002 W 1414 lat 296 296 425 0 exe 19407 23407 67203 resp 67629 0 pmu 1023664 86400 8259384 7190772 60059605
1790322109.426016 W 1415 lat 296 296 518 0 exe 18833 25129 115444 resp 115777 12 pmu 1023541 105225 8256750 6652478 64904104
1790322110.362001 W 1416 lat 296 296 481 0 exe 19425 23333 51685 resp 52092 0 pmu 1023678 84880 8254966 7140703 59758249
1790322111.402017 W 1417 lat 296 296 518 0 exe 19499 25925 112814 resp 113333 17 pmu 1023518 114476 8255782 6497242 67009790
1790322112.441996 W 1418 lat 296 296 537 0 exe 19333 22870 47962 resp 48259 0 pmu 1023728 79927 8252461 7122728 58475968
1790322113.378016 W 1419 lat 296 296 629 0 exe 18740 25537 112481 resp 113074 15 pmu 1023492 109853 8256068 6457082 65924254
1790322114.421998 W 1420 lat 296 296 481 0 exe 19814 22944 48796 resp 49111 0 pmu 1023701 80990 8252448 7114518 58693573
1790322115.358019 W 1421 lat 296 296 611 0 exe 17851 28370 123351 resp 123666 27 pmu 1023377 141319 8256840 6467827 73392365
1790322116.397991 W 1422 lat 296 296 537 0 exe 16851 19666 44999 resp 45296 0 pmu 1023727 42307 8260877 7231587 49775259
1790322117.442148 W 1423 lat 296 555 6814 0 exe 16981 41240 351074 resp 351907 117 pmu 1021234 179884 8268265 6399417 116847535
1790322118.378152 W 1424 lat 333 1462 8018 0 exe 44814 97555 321018 resp 324166 361 pmu 1011964 463877 8267682 9604872 307150119
1790322119.430212 W 1425 lat 333 1481 7666 0 exe 43685 101592 331351 resp 332537 428 pmu 1012269 474673 8274124 9747562 317409228
1790322120.374135 W 1426 lat 333 1499 8018 0 exe 46259 97074 333222 resp 336037 392 pmu 1011874 455643 8279413 9854011 306211099
1790322121.418178 W 1427 lat 314 1592 7592 0 exe 44574 100759 318777 resp 323129 396 pmu 1012417 475188 8276673 9872845 315453011
1790322122.354152 W 1428 lat 333 1574 7259 0 exe 45796 96999 289685 resp 291462 381 pmu 1011797 455829 8273854 9744474 305974839
1790322123.394157 W 1429 lat 333 1592 7518 0 exe 50462 101999 433111 resp 435370 419 pmu 1012299 477420 8275330 9426562 317973810
1790322124.434172 W 1430 lat 333 1518 8296 0 exe 50203 97870 287574 resp 290240 374 pmu 1011759 455886 8273719 10912543 308505007
1790322125.374158 W 1431 lat 333 1611 6592 0 exe 49555 102388 386481 resp 387333 406 pmu 1012570 478560 8275666 9440855 318963284
1790322126.414121 W 1432 lat 314 1574 8148 0 exe 49907 99111 289833 resp 293259 384 pmu 1011806 456220 8276350 10432170 311096899
1790322127.350226 W 1433 lat 333 1518 7574 0 exe 49851 103111 438999 resp 441703 413 pmu 1012544 477855 8275814 9471379 320560852
1790322128.390143 W 1434 lat 314 1518 6796 0 exe 52129 97111 245444 resp 247203 371 pmu 1012020 455285 8269148 10976089 306811549
1790322129.430159 W 1435 lat 333 1537 7833 0 exe 51796 97296 234537 resp 235370 395 pmu 1011941 455344 8273803 9013172 306019375
1790322130.366143 W 1436 lat 314 1481 7370 0 exe 49314 95851 290777 resp 296111 363 pmu 1011700 455880 8268703 8904197 302045717
1790322131.406154 W 1437 lat 333 1611 7074 0 exe 52018 96296 268814 resp 272462 360 pmu 1011775 456831 8272554 9466615 304291119
1790322132.446158 W 1438 lat 333 1574 7981 0 exe 48999 97666 267499 resp 270333 369 pmu 1011691 452631 8270898 9253638 307109187
1790322133.382158 W 1439 lat 333 1555 6333 0 exe 48351 94296 237888 resp 242185 344 pmu 1011924 452277 8274192 9232636 299206207
1790322134.422152 W 1440 lat 333 1611 7925 0 exe 48333 94759 244185 resp 248296 362 pmu 1011688 450627 8275071 8915328 300476471
1790322135.362079 W 1441 lat 333 1611 7296 0 exe 46981 95814 246240 resp 250574 368 pmu 1011827 450908 8267023 8987791 302834376
1790322136.398136 W 1442 lat 351 1574 7222 0 exe 48444 95388 279425 resp 284407 361 pmu 1011988 453981 8274175 9004805 302008805
1790322137.438145 W 1443 lat 333 1499 7907 0 exe 48148 96037 314351 resp 321185 350 pmu 1011816 453834 8269688 9344454 303621486
1790322138.374153 W 1444 lat 351 1592 6870 0 exe 52407 97888 262129 resp 263981 388 pmu 1012079 462091 8276915 9707931 308427172
1790322139.418126 W 1445 lat 333 1574 7444 0 exe 51648 97148 305259 resp 309611 363 pmu 1012169 457966 8274176 9186689 306196124
1790322140.354226 W 1446 lat 333 1537 7574 0 exe 47296 96185 279370 resp 285351 370 pmu 1011787 452926 8274336 9625790 304137500
1790322141.394126 W 1447 lat 314 1499 8351 0 exe 45240 96185 262129 resp 266425 376 pmu 1011919 455787 8273165 9349009 303921516
1790322142.434144 W 1448 lat 314 1499 7185 0 exe 45481 94277 260037 resp 263425 350 pmu 1011959 455651 8268122 9161271 299114949
1790322143.370123 W 1449 lat 333 1537 7592 0 exe 50111 96944 307499 resp 308703 372 pmu 1012052 455457 8272558 9121685 305526431
1790322144.410100 W 1450 lat 333 1574 7925 0 exe 46092 95055 273481 resp 276870 363 pmu 1011929 455539 8271340 9624187 301392206
1790322145.346137 W 1451 lat 333 1611 7759 0 exe 51351 95888 336240 resp 341018 357 pmu 1011825 453216 8272683 9267226 303298124
1790322146.386150 W 1452 lat 351 1537 8111 0 exe 48907 95018 254759 resp 257999 356 pmu 1011671 454088 8270580 9931530 301549036
1790322147.426012 W 1453 lat 296 1259 7518 0 exe 18518 82185 233166 resp 237425 268 pmu 1014170 422750 8269266 9093697 257195536
1790322148.361984 W 1454 lat 296 296 333 0 exe 16796 19796 50962 resp 51259 0 pmu 1023677 43773 8258510 8661418 50966472
1790322149.410022 W 1455 lat 296 296 1425 0 exe 16907 23685 289444 resp 290074 20 pmu 1023492 78378 8263399 6458064 60871404
1790322150.349999 W 1456 lat 296 296 425 0 exe 17518 21296 47925 resp 48240 0 pmu 1023667 60292 8260801 8869951 54970513
1790322151.390018 W 1457 lat 296 296 407 0 exe 17462 23314 120444 resp 120759 11 pmu 1023489 83747 8258323 6439147 59379235
1790322152.437994 W 1458 lat 296 296 333 0 exe 17666 20925 46685 resp 46999 0 pmu 1023679 55890 8261176 7174219 52991437
1790322153.382016 W 1459 lat 296 296 574 0 exe 17518 23037 108666 resp 109037 9 pmu 1023489 80850 8256578 6425363 58820705
1790322154.433990 W 1460 lat 296 296 425 0 exe 17574 21166 45611 resp 45925 0 pmu 1023693 59370 8264717 7056394 53621063
1790322155.374020 W 1461 lat 296 296 444 0 exe 17499 23111 116129 resp 116481 10 pmu 1023529 81697 8261811 6415708 58901466
1790322156.413990 W 1462 lat 296 296 425 0 exe 17629 20777 48666 resp 48981 0 pmu 1023619 54733 8259409 7130447 52652116
1790322157.354019 W 1463 lat 296 296 425 0 exe 17740 22499 117166 resp 117481 11 pmu 1023557 74157 8260659 6444613 57339995
1790322158.397993 W 1464 lat 296 296 425 0 exe 17537 21222 51462 resp 51796 0 pmu 1023647 59852 8259190 7138918 53775132
1790322159.450017 W 1465 lat 296 296 499 0 exe 17629 23055 113370 resp 113685 12 pmu 1023501 80684 8257937 6474439 58872264
1790322160.393994 W 1466 lat 296 296 388 0 exe 17314 21777 67240 resp 67537 0 pmu 1023669 66421 8259882 7103498 55153489
1790322161.438017 W 1467 lat 296 296 759 0 exe 17018 21574 122925 resp 123259 7 pmu 1023638 63148 8267363 6633556 55016073
1790322162.377990 W 1468 lat 296 296 425 0 exe 17481 22592 101333 resp 101648 3 pmu 1023581 75703 8253946 7190034 57331082
1790322163.422016 W 1469 lat 296 296 425 0 exe 17388 21074 45425 resp 45740 0 pmu 1023731 58002 8258552 6979490 53310087
1790322164.361989 W 1470 lat 296 296 462 0 exe 17444 23629 114499 resp 114925 6 pmu 1023549 87733 8264937 6412338 60250109
1790322165.410017 W 1471 lat 296 296 333 0 exe 17462 20629 52296 resp 52592 0 pmu 1023737 52811 8254686 7116980 52283776
1790322166.349993 W 1472 lat 296 296 518 0 exe 17833 23111 112777 resp 113092 8 pmu 1023558 81546 8261003 6478753 58888520
1790322167.390017 W 1473 lat 296 296 425 0 exe 17129 20722 45296 resp 45611 0 pmu 1023584 53886 8260632 7098809 52478576
1790322168.433998 W 1474 lat 296 296 574 0 exe 17814 23425 126648 resp 127129 11 pmu 1023474 84738 8257732 6408090 59674909
1790322169.377989 W 1475 lat 296 296 333 0 exe 17833 20425 46685 resp 46999 0 pmu 1023701 50456 8258609 7240242 51801937
1790322170.422014 W 1476 lat 296 296 592 0 exe 17333 23074 132092 resp 132425 10 pmu 1023497 80974 8260571 6423485 58853094
1790322171.361998 W 1477 lat 296 296 425 0 exe 17629 21314 51277 resp 51592 0 pmu 1023659 60719 8262181 7289799 54144053
1790322172.410017 W 1478 lat 296 296 462 0 exe 17759 23425 131574 resp 131907 13 pmu 1023572 84525 8256550 6473398 59662775
1790322173.349992 W 1479 lat 296 296 444 0 exe 17629 20592 45314 resp 45611 0 pmu 1023704 52466 8256721 7288048 52211663
1790322174.398015 W 1480 lat 296 296 425 0 exe 17370 24074 119796 resp 120129 8 pmu 1023528 92692 8262894 6410045 61342205
1790322175.438020 W 1481 lat 296 296 425 0 exe 17351 20740 46925 resp 47240 0 pmu 1023716 54288 8263565 7171033 52533260
1790322176.373997 W 1482 lat 296 296 685 0 exe 17537 23314 127722 resp 128037 12 pmu 1023617 83527 8258601 6425481 59431431
1790322177.422010 W 1483 lat 296 296 685 0 exe 17648 20740 54685 resp 54999 0 pmu 1023787 54216 8257795 7248688 52672764
1790322178.362012 W 1484 lat 296 296 574 0 exe 17611 23611 122722 resp 123037 10 pmu 1023468 87055 8258056 6506122 60317640
1790322179.410009 W 1485 lat 296 296 518 0 exe 17888 23518 112518 resp 112851 3 pmu 1023622 86736 8259925 7199905 59955307
1790322180.346005 W 1486 lat 296 296 444 0 exe 16870 22037 119166 resp 119481 6 pmu 1023635 69978 8259449 7098724 56296852
1790322181.390022 W 1487 lat 296 296 999 0 exe 17277 22407 190351 resp 191351 13 pmu 1023589 70448 8261425 7152331 57174448
1790322182.446009 W 1488 lat 296 296 537 0 exe 17185 23444 114111 resp 114518 8 pmu 1023515 85922 8258579 7874230 60303653
1790322183.389985 W 1489 lat 296 296 333 0 exe 16981 20370 61259 resp 61574 0 pmu 1023687 50146 8256131 7111113 51442769
1790322184.446008 W 1490 lat 296 296 574 0 exe 17018 22907 124629 resp 125037 6 pmu 1023609 79232 8256329 6564669 58067542
1790322185.385981 W 1491 lat 296 296 333 0 exe 16870 19648 48962 resp 49277 0 pmu 1023655 41848 8253528 7213086 49718976
1790322186.430008 W 1492 lat 296 296 629 0 exe 17129 22407 109944 resp 110259 10 pmu 1023629 74197 8256132 6437676 56829284
1790322187.373986 W 1493 lat 296 296 407 0 exe 17222 19999 44814 resp 45111 0 pmu 1023702 45862 8255188 7064095 50483295
1790322188.430008 W 1494 lat 296 296 518 0 exe 17129 22462 112425 resp 112777 7 pmu 1023629 74410 8257709 6399818 56852548
1790322189.373988 W 1495 lat 296 296 351 0 exe 17185 20203 59111 resp 59425 0 pmu 1023729 48548 8255708 7088798 51065668
1790322190.430006 W 1496 lat 296 296 444 0 exe 17537 22870 117074 resp 117407 7 pmu 1023583 79487 8256607 6543489 58091415
1790322191.385985 W 1497 lat 296 296 333 0 exe 17148 20185 45722 resp 46018 0 pmu 1023687 48167 8252711 7138968 51028906
1790322192.446007 W 1498 lat 296 296 555 0 exe 17018 22666 112092 resp 112444 5 pmu 1023565 77354 8255895 6409127 57504859
1790322193.389984 W 1499 lat 296 296 333 0 exe 17203 19592 44833 resp 45166 0 pmu 1023722 41532 8253598 7086105 49556804
1790322194.438010 W 1500 lat 296 296 333 0 exe 17296 24092 109277 resp 109592 10 pmu 1023618 93913 8258035 6397753 60975125
1790322195.377988 W 1501 lat 296 296 333 0 exe 17074 20092 60148 resp 60462 0 pmu 1023590 46839 8256146 7065188 50760548
1790322196.426006 W 1502 lat 296 296 611 0 exe 17148 22462 117611 resp 118222 6 pmu 1023595 74339 8255431 6552559 57012327
1790322197.377985 W 1503 lat 296 296 333 0 exe 17203 19555 43685 resp 43999 0 pmu 1023673 40842 8255980 7142420 49460723
1790322198.442010 W 1504 lat 296 296 425 0 exe 17351 22851 112037 resp 112370 4 pmu 1023632 79339 8256539 6385965 57902789
1790322199.389983 W 1505 lat 296 296 333 0 exe 17111 19833 45999 resp 46314 0 pmu 1023672 43948 8254176 7087416 50102500
1790322200.446007 W 1506 lat 296 296 333 0 exe 17296 22740 106203 resp 106518 5 pmu 1023642 77967 8254684 6409994 57588273
1790322201.393983 W 1507 lat 296 296 333 0 exe 17259 20111 56814 resp 57129 0 pmu 1023694 47388 8254011 7027716 50787239
1790322202.446008 W 1508 lat 296 296 462 0 exe 17685 22666 118962 resp 119277 8 pmu 1023569 76919 8252383 6520365 57585801
1790322203.389984 W 1509 lat 296 296 333 0 exe 17259 19851 48148 resp 48462 0 pmu 1023676 44226 8254136 7157571 50234922
1790322204.438006 W 1510 lat 296 296 685 0 exe 17203 22407 131296 resp 131629 7 pmu 1023588 73453 8253384 6432404 56767677
1790322205.381992 W 1511 lat 296 296 333 0 exe 16925 20166 50740 resp 51055 0 pmu 1023692 48034 8254226 7278380 51063788
1790322206.434007 W 1512 lat 296 296 499 0 exe 17425 22611 109037 resp 109518 8 pmu 1023582 76620 8255171 6458120 57386973
1790322207.369984 W 1513 lat 296 296 333 0 exe 16962 20296 60666 resp 60981 0 pmu 1023647 49374 8254487 7057624 51261915
1790322208.426007 W 1514 lat 296 296 611 0 exe 17425 22574 112685 resp 113296 6 pmu 1023615 75682 8249802 6558378 57260450
1790322209.373983 W 1515 lat 296 296 333 0 exe 17259 19685 45870 resp 46185 0 pmu 1023762 42374 8250012 7095161 49774771
1790322210.430009 W 1516 lat 296 296 518 0 exe 17074 22851 116999 resp 117518 8 pmu 1023653 78906 8253849 6408855 57893892
1790322211.374013 W 1517 lat 296 296 425 0 exe 16796 21740 105074 resp 105388 3 pmu 1023596 66398 8251940 7137105 55184467
1790322212.414336 W 1518 lat 296 296 370 0 exe 16907 21981 113296 resp 113611 7 pmu 1023581 69275 8264520 7009368 55973439
1790322213.354264 W 1519 lat 296 425 6666 0 exe 16796 31259 430037 resp 433370 41 pmu 1023273 79643 8269261 7093182 79928916
1790322214.410378 W 1520 lat 296 3148 9277 0 exe 63444 268166 503351 resp 509074 987 pmu 1016496 634184 8262376 10356663 704940813
1790322215.354143 W 1521 lat 296 2388 8148 0 exe 54407 235074 406574 resp 410685 984 pmu 1020743 588853 8283245 12546377 614825103
1790322216.414227 W 1522 lat 314 3185 9296 0 exe 61944 270444 513648 resp 518259 990 pmu 1017391 599707 8271828 11350390 707999778
1790322217.362282 W 1523 lat 314 2499 8240 0 exe 61240 234833 373259 resp 376888 986 pmu 1020324 581712 8283561 12648069 615768894
1790322218.418261 W 1524 lat 333 3462 9074 0 exe 60722 289759 525574 resp 531777 986 pmu 1016718 596836 8281379 11048909 756191948
1790322219.362323 W 1525 lat 314 3685 9462 0 exe 60981 280425 471740 resp 475611 987 pmu 1014679 598758 8262124 12866262 741330271
1790322220.406337 W 1526 lat 370 2925 9333 0 exe 63351 265888 530259 resp 534185 989 pmu 1018616 609305 8278889 12273662 693522465
1790322221.358050 W 1527 lat 351 3166 9537 0 exe 50703 257925 419814 resp 423685 985 pmu 1016847 585283 8271362 12794205 682591759
1790322222.406136 W 1528 lat 333 2462 7166 0 exe 60462 244425 373833 resp 378185 987 pmu 1020518 591713 8278508 11588600 633667431
1790322223.354289 W 1529 lat 314 3499 8388 0 exe 60499 277129 465148 resp 469388 988 pmu 1015042 600498 8266690 11096916 732901498
1790322224.410256 W 1530 lat 314 3277 8740 0 exe 60814 276888 485870 resp 490703 989 pmu 1016104 602913 8265062 12184407 724996406
1790322225.358271 W 1531 lat 333 3148 8740 0 exe 55481 260333 370148 resp 374037 986 pmu 1016858 585367 8272574 12395498 688235190
1790322226.410124 W 1532 lat 314 2999 9111 0 exe 58740 268185 519425 resp 524129 989 pmu 1018160 603241 8272446 11123735 698430058
1790322227.362208 W 1533 lat 425 3203 8611 0 exe 62111 260999 383018 resp 385925 988 pmu 1017020 577792 8275345 12676958 687693261
1790322228.418109 W 1534 lat 333 3574 8481 0 exe 60870 287499 517277 resp 523092 984 pmu 1015942 596867 8275838 11284093 755947869
1790322229.366174 W 1535 lat 351 3370 8518 0 exe 60351 277925 450611 resp 456499 990 pmu 1016210 580122 8268315 12768404 726653625
1790322230.414348 W 1536 lat 333 3055 9240 0 exe 64759 258814 498351 resp 503185 986 pmu 1017576 616501 8272615 12050643 683160361
1790322231.362341 W 1537 lat 314 2925 8185 0 exe 62481 256203 404814 resp 408481 987 pmu 1017780 587095 8267994 12451235 670124521
1790322232.410211 W 1538 lat 314 2722 9629 0 exe 59037 248962 376296 resp 381833 986 pmu 1019179 601769 8281076 11479490 653449527
1790322233.350197 W 1539 lat 333 3203 8481 0 exe 57555 271407 383037 resp 387240 988 pmu 1017174 568396 8279748 11156682 707169512
1790322234.414072 W 1540 lat 314 3499 10685 0 exe 63351 281407 525129 resp 530037 985 pmu 1015814 618915 8265461 11318951 742881337
1790322235.354333 W 1541 lat 351 3296 11074 0 exe 61259 270944 430351 resp 433240 990 pmu 1016884 580340 8265600 12834644 708268315
1790322236.410309 W 1542 lat 296 3629 9333 0 exe 65203 288092 541074 resp 548277 986 pmu 1014920 610288 8259093 11815000 758628039
1790322237.354363 W 1543 lat 388 3611 9388 0 exe 56240 284499 472481 resp 479703 986 pmu 1015296 577747 8264299 13041971 745463027
1790322238.410410 W 1544 lat 370 3870 8555 0 exe 62944 307277 527999 resp 531759 990 pmu 1014519 611886 8269870 12294277 803713313
1790322239.358189 W 1545 lat 333 3462 8833 0 exe 56351 276222 465740 resp 472685 982 pmu 1015693 586141 8260415 12976539 726533622
1790322240.410218 W 1546 lat 314 3129 7722 0 exe 61962 273851 530481 resp 534759 984 pmu 1017749 608054 8274045 12180785 716999476
1790322241.358282 W 1547 lat 296 2925 8999 0 exe 56425 254407 393574 resp 396296 986 pmu 1017532 590357 8269811 12823738 670546611
1790322242.410359 W 1548 lat 314 3240 13537 0 exe 50981 280666 489499 resp 493814 986 pmu 1016235 584909 8269397 11327373 731985125
1790322243.350031 W 1549 lat 277 3259 9462 0 exe 37722 267388 469351 resp 474425 957 pmu 1015847 595003 8264878 12422860 707806067
1790322244.390016 W 1550 lat 296 296 462 0 exe 17055 21981 122407 resp 122870 6 pmu 1023679 69371 8266247 12069198 59154960
1790322245.434122 W 1551 lat 296 314 3333 0 exe 16999 23888 460499 resp 463833 19 pmu 1023612 61299 8264586 7186192 61327907
1790322246.370116 W 1552 lat 314 814 4166 0 exe 100388 130222 231888 resp 234999 1000 pmu 1014341 904402 8286792 10608202 1554964987
1790322247.422098 W 1553 lat 296 722 4425 0 exe 57833 116444 176888 resp 179092 817 pmu 1015101 826798 8285233 9275774 1557229795
1790322248.362164 W 1554 lat 314 796 4722 0 exe 96629 124703 171870 resp 172314 998 pmu 1013519 886979 8279766 8441198 1579796724
1790322249.406133 W 1555 lat 314 796 4499 0 exe 98296 125037 162888 resp 163333 999 pmu 1013418 889627 8279582 8619510 1587156675
1790322250.350348 W 1556 lat 314 796 6370 0 exe 97814 124185 181740 resp 183185 997 pmu 1013596 882697 8284589 8538527 1585194290
1790322251.394107 W 1557 lat 314 777 4222 0 exe 97666 123592 175851 resp 176296 999 pmu 1013399 884094 8284655 8734661 1582369973
1790322252.434112 W 1558 lat 314 759 3814 0 exe 94666 123777 167537 resp 167981 997 pmu 1013279 880304 8283161 8656387 1583331643
1790322253.374099 W 1559 lat 314 777 4351 0 exe 90555 124296 165166 resp 166740 992 pmu 1013585 884821 8284675 8556976 1579157070
1790322254.414156 W 1560 lat 314 814 4314 0 exe 97185 122722 174814 resp 175999 998 pmu 1013472 872390 8283853 8523720 1584038517
1790322255.350123 W 1561 lat 314 796 5240 0 exe 98055 124759 181018 resp 181703 998 pmu 1013738 885084 8280002 8643316 1586562896
1790322256.394430 W 1562 lat 314 759 5407 0 exe 99796 123537 183203 resp 183648 1000 pmu 1013318 880548 8270567 8721886 1586764135
1790322257.438081 W 1563 lat 314 814 4777 0 exe 102722 125185 179925 resp 180796 1000 pmu 1013390 888974 8275679 8745913 1585305309
1790322258.390115 W 1564 lat 314 814 4129 0 exe 94944 124777 170962 resp 173166 998 pmu 1013150 884815 8271093 8735301 1585705491
1790322259.438105 W 1565 lat 314 814 4907 0 exe 98537 125407 178851 resp 179222 999 pmu 1013839 890272 8284563 8608069 1581169095
1790322260.382128 W 1566 lat 314 777 5425 0 exe 95203 123851 165277 resp 165703 991 pmu 1013576 878068 8278765 8702805 1584478050
1790322261.422094 W 1567 lat 314 814 4037 0 exe 98574 125333 171574 resp 172481 998 pmu 1013841 889754 8279831 8545411 1583645172
1790322262.382095 W 1568 lat 296 759 4907 0 exe 83388 123999 173481 resp 174333 982 pmu 1013887 881921 8278678 8628193 1580987573
1790322263.430109 W 1569 lat 296 814 4999 0 exe 96611 125759 170574 resp 171499 998 pmu 1013714 891516 8275575 8568534 1581408866
1790322264.382103 W 1570 lat 314 777 5537 0 exe 97981 122981 169574 resp 171037 994 pmu 1013267 879650 8276213 8615462 1584609177
1790322265.422109 W 1571 lat 314 777 4814 0 exe 97499 124462 178537 resp 179425 999 pmu 1013265 882365 8267694 8603745 1583005059
1790322266.358119 W 1572 lat 314 759 3759 0 exe 100370 125888 179166 resp 179592 1000 pmu 1013267 888850 8275974 8691853 1588375765
1790322267.406112 W 1573 lat 314 814 4277 0 exe 100981 126425 171388 resp 174222 1000 pmu 1013424 894087 8279952 8711995 1584350892
1790322268.346112 W 1574 lat 314 796 4796 0 exe 94796 125185 179148 resp 179796 998 pmu 1013628 888879 8286185 8654593 1589587681
1790322269.394122 W 1575 lat 314 777 5277 0 exe 99537 125722 179129 resp 179592 999 pmu 1013435 894127 8272209 8687002 1583186481
1790322270.438094 W 1576 lat 314 796 4851 0 exe 89277 124962 175518 resp 175870 994 pmu 1013271 887547 8273614 8714432 1584369867
1790322271.386126 W 1577 lat 314 777 4462 0 exe 97685 124888 173944 resp 174648 999 pmu 1013642 886893 8274034 8620693 1583026037
1790322272.438108 W 1578 lat 314 796 5333 0 exe 97370 124314 171444 resp 173518 999 pmu 1013223 882217 8269098 8646273 1579580093
1790322273.386097 W 1579 lat 296 814 5407 0 exe 98407 124888 175203 resp 176370 996 pmu 1013713 883703 8277066 8628057 1582141815
1790322274.426109 W 1580 lat 314 796 5148 0 exe 101259 124870 183796 resp 185962 1000 pmu 1013349 888496 8267721 8669518 1582479129
1790322275.366025 W 1581 lat 314 777 4685 0 exe 101296 125648 179277 resp 179925 1000 pmu 1013622 892084 8274045 8773344 1573400266
1790322276.405989 W 1582 lat 296 296 462 0 exe 16925 22129 148703 resp 149037 6 pmu 1023637 71089 8256186 8719275 56961624
1790322277.450023 W 1583 lat 296 296 425 0 exe 17092 22092 117888 resp 118222 7 pmu 1023696 70554 8267227 7448587 56579703
1790322278.409996 W 1584 lat 296 296 1018 0 exe 17999 25796 218629 resp 219648 14 pmu 1023534 104641 8246829 7140915 65736081
1790322279.354009 W 1585 lat 296 296 537 0 exe 17814 23870 124055 resp 124574 7 pmu 1023671 88162 8251569 8177792 61384354
1790322280.413991 W 1586 lat 296 296 333 0 exe 17796 20740 41925 resp 42240 0 pmu 1023744 51581 8250748 7216533 52422422
1790322281.362011 W 1587 lat 296 296 499 0 exe 18407 23425 114851 resp 115351 5 pmu 1023679 83283 8251146 6377229 59146713
1790322282.421993 W 1588 lat 296 296 333 0 exe 17796 20833 44685 resp 44999 0 pmu 1023692 53050 8247536 7124902 52620543
1790322283.374009 W 1589 lat 296 296 407 0 exe 17907 23981 114981 resp 115296 7 pmu 1023652 89935 8248068 6405377 60590424
1790322284.433991 W 1590 lat 296 296 333 0 exe 17944 20537 44611 resp 44907 0 pmu 1023777 49612 8251756 7125088 51877507
1790322285.398012 W 1591 lat 296 296 629 0 exe 18185 23370 108925 resp 109240 7 pmu 1023692 82756 8247449 6403876 59064224
1790322286.349992 W 1592 lat 296 296 333 0 exe 17537 20592 42092 resp 42425 0 pmu 1023673 49961 8249295 7063924 51945908
1790322287.398008 W 1593 lat 296 296 351 0 exe 17999 24370 134351 resp 134703 8 pmu 1023636 93980 8253033 6377059 61468725
1790322288.349993 W 1594 lat 296 296 333 0 exe 18259 21537 47777 resp 48092 0 pmu 1023773 60901 8249812 7321164 54422494
1790322289.398010 W 1595 lat 296 296 388 0 exe 18166 23240 111685 resp 111999 5 pmu 1023702 81166 8248696 6442139 58732782
1790322290.353988 W 1596 lat 296 296 351 0 exe 17740 20462 49259 resp 49592 0 pmu 1023730 48483 8246511 7089579 51672731
1790322291.410011 W 1597 lat 296 296 444 0 exe 17870 23703 106518 resp 106833 8 pmu 1023691 86635 8250947 6449201 59858088
1790322292.349987 W 1598 lat 296 296 351 0 exe 17407 20407 43981 resp 44296 0 pmu 1023739 47724 8247416 7039037 51451840
1790322293.406009 W 1599 lat 296 296 499 0 exe 17703 23259 114259 resp 114574 5 pmu 1023678 80914 8248290 6394345 58697430
1790322294.357990 W 1600 lat 296 296 407 0 exe 17685 20703 60777 resp 61074 0 pmu 1023732 51430 8247416 7113730 52266490
1790322295.414011 W 1601 lat 296 296 629 0 exe 18092 23907 124944 resp 125259 8 pmu 1023714 88823 8251209 6565308 60480441
1790322296.365987 W 1602 lat 296 296 351 0 exe 17925 20499 43259 resp 43555 0 pmu 1023727 48792 8249096 7226203 51796897
1790322297.422011 W 1603 lat 296 296 444 0 exe 17462 23611 116499 resp 116814 4 pmu 1023745 85442 8250657 6390166 59620422
1790322298.373992 W 1604 lat 296 296 333 0 exe 18018 20537 43092 resp 43407 0 pmu 1023737 49754 8249376 7136291 51861509
1790322299.434008 W 1605 lat 296 296 351 0 exe 17870 23611 112981 resp 113333 6 pmu 1023625 85141 8246878 6389057 59562607
1790322300.373987 W 1606 lat 296 296 333 0 exe 18055 20944 64685 resp 64999 0 pmu 1023742 54077 8247608 7102931 52856218
1790322301.438010 W 1607 lat 296 296 611 0 exe 17981 23981 115407 resp 116018 10 pmu 1023654 89460 8249870 6607219 60653415
1790322302.385992 W 1608 lat 296 296 333 0 exe 17796 20796 51222 resp 51555 0 pmu 1023743 52558 8250412 7132124 52536876
1790322303.438009 W 1609 lat 296 296 518 0 exe 17814 23574 111759 resp 112074 7 pmu 1023599 84847 8248200 6470661 59542986
1790322304.377989 W 1610 lat 296 296 333 0 exe 17537 20444 44777 resp 45074 0 pmu 1023749 48219 8247308 7090909 51583621
1790322305.450009 W 1611 lat 296 296 499 0 exe 18203 24851 106722 resp 107166 5 pmu 1023683 100042 8251629 6402936 62698120
1790322306.389993 W 1612 lat 296 296 351 0 exe 18018 20740 55759 resp 56074 0 pmu 1023720 51700 8247944 7049260 52287778
1790322307.446019 W 1613 lat 296 296 499 0 exe 17944 24166 116981 resp 117314 7 pmu 1023674 91648 8249746 6516790 61057225
1790322308.381980 W 1614 lat 296 296 351 0 exe 16999 21537 114666 resp 115018 4 pmu 1023711 64390 8261168 7146818 54712524
1790322309.430027 W 1615 lat 296 296 481 0 exe 16870 21722 120277 resp 120740 5 pmu 1023657 66124 8262000 7105021 55430262
1790322310.378001 W 1616 lat 296 296 1444 0 exe 17166 24259 190222 resp 190555 14 pmu 1023609 89178 8254786 7162482 61922166
1790322311.430007 W 1617 lat 296 296 444 0 exe 17722 23629 123851 resp 124166 5 pmu 1023601 86779 8250528 7880515 60573667
1790322312.369987 W 1618 lat 296 296 333 0 exe 17814 20648 57222 resp 57518 0 pmu 1023745 51954 8251733 7211323 52153977
1790322313.422006 W 1619 lat 296 296 537 0 exe 17759 22759 118518 resp 118870 6 pmu 1023718 76557 8249372 6529852 57571138
1790322314.369985 W 1620 lat 296 296 333 0 exe 17518 19685 45055 resp 45351 0 pmu 1023717 41033 8248360 7154614 49777421
1790322315.426009 W 1621 lat 296 296 518 0 exe 17462 22611 111870 resp 112277 5 pmu 1023665 75110 8248554 6401833 57128398
1790322316.389987 W 1622 lat 296 296 333 0 exe 17648 19925 45685 resp 45999 0 pmu 1023749 43730 8249412 7085807 50296954
1790322317.438011 W 1623 lat 296 296 425 0 exe 17666 23333 117870 resp 118277 6 pmu 1023640 82955 8250024 6410153 58910030
1790322318.393988 W 1624 lat 296 296 333 0 exe 17518 20462 52037 resp 52351 0 pmu 1023734 50041 8249336 7149946 51685881
1790322319.346009 W 1625 lat 296 296 425 0 exe 17870 23314 114444 resp 114777 6 pmu 1023669 83621 8252956 6475585 58900303
1790322320.401991 W 1626 lat 296 296 333 0 exe 17444 19740 41648 resp 41962 0 pmu 1023737 42699 8246824 7116383 49880573
1790322321.354010 W 1627 lat 296 296 648 0 exe 17351 22833 120592 resp 120907 5 pmu 1023681 78558 8247843 6367815 57635285
1790322322.413990 W 1628 lat 296 296 333 0 exe 17611 19833 45296 resp 45592 0 pmu 1023758 43895 8252184 7173942 50139036
1790322323.366009 W 1629 lat 296 296 666 0 exe 17388 23074 117074 resp 117611 5 pmu 1023735 81719 8255622 6405487 58285242
1790322324.417990 W 1630 lat 296 296 333 0 exe 17388 20333 47222 resp 47537 0 pmu 1023753 49688 8249432 7141308 51375165
1790322325.358009 W 1631 lat 296 296 537 0 exe 17388 22629 110962 resp 111499 6 pmu 1023640 76190 8251886 6426236 57177664
1790322326.405987 W 1632 lat 296 296 333 0 exe 17499 19907 40833 resp 41129 0 pmu 1023728 44725 8251660 7077342 50296189
1790322327.346022 W 1633 lat 296 296 425 0 exe 17222 22648 110907 resp 111277 7 pmu 1023656 76249 8247673 6360640 57156066
1790322328.389989 W 1634 lat 296 296 333 0 exe 16981 20259 45925 resp 46222 0 pmu 1023654 48548 8243684 7074661 51105378
1790322329.434009 W 1635 lat 296 296 351 0 exe 17777 22611 113518 resp 113814 8 pmu 1023674 75945 8251532 6410714 57118225
1790322330.373989 W 1636 lat 296 296 351 0 exe 17092 20074 58666 resp 58981 0 pmu 1023793 46643 8249952 7102555 50704533
1790322331.418009 W 1637 lat 296 296 388 0 exe 17537 23166 114814 resp 115129 6 pmu 1023617 82513 8249876 6537987 58576742
1790322332.377990 W 1638 lat 296 296 333 0 exe 16999 19999 43814 resp 44111 0 pmu 1023712 45556 8248352 7117552 50480551
1790322333.426008 W 1639 lat 296 296 407 0 exe 17388 22722 112907 resp 113314 6 pmu 1023669 77316 8248244 6388389 57436824
1790322334.365987 W 1640 lat 296 296 333 0 exe 17462 19648 46851 resp 47148 0 pmu 1023766 41847 8250016 7095948 49667554
1790322335.426008 W 1641 lat 296 296 388 0 exe 17333 22555 114462 resp 114796 7 pmu 1023726 75672 8249966 6419412 57030233
1790322336.385989 W 1642 lat 296 296 333 0 exe 17407 20259 62796 resp 63111 0 pmu 1023732 48847 8249036 7109950 51194919
1790322337.438006 W 1643 lat 296 296 444 0 exe 17370 22740 121685 resp 122018 6 pmu 1023633 77369 8249734 6581647 57595697
1790322338.397991 W 1644 lat 296 296 351 0 exe 17759 21462 69425 resp 69740 0 pmu 1023722 62990 8250768 7183648 54203718
1790322339.446017 W 1645 lat 296 296 518 0 exe 17425 23685 106481 resp 106814 6 pmu 1023666 88923 8250992 6655865 60072088
1790322340.381982 W 1646 lat 296 296 425 0 exe 16833 21444 121333 resp 121740 3 pmu 1023690 63058 8260040 7036815 55439531
1790322341.426310 W 1647 lat 296 296 444 0 exe 16907 22777 132351 resp 132685 8 pmu 1023633 78227 8260644 7170963 58035028
1790322342.366079 W 1648 lat 296 722 4740 0 exe 17999 96240 365796 resp 367444 65 pmu 1013588 781408 8278040 7288285 298645040
1790322343.406076 W 1649 lat 499 722 1148 0 exe 85722 93851 137314 resp 138166 35 pmu 1013348 818250 8277878 10025778 297427187
1790322344.346082 W 1650 lat 333 722 1166 0 exe 84666 92648 102388 resp 103129 2 pmu 1012903 810717 8277519 8046633 292781887
1790322345.386075 W 1651 lat 481 722 1148 0 exe 80129 92555 132518 resp 133111 32 pmu 1013107 808946 8278114 7684690 292782168
1790322346.426074 W 1652 lat 499 722 1092 0 exe 70740 79203 95592 resp 96314 0 pmu 1009173 672230 8244335 7962579 258002958
1790322347.366079 W 1653 lat 481 722 1148 0 exe 71333 81870 133962 resp 134592 27 pmu 1009945 698388 8251402 7480188 264843881
1790322348.406077 W 1654 lat 444 722 1129 0 exe 80888 86555 95074 resp 95925 0 pmu 1011079 748312 8260089 7879882 276951988
1790322349.346081 W 1655 lat 444 722 1388 0 exe 80796 88074 136555 resp 137592 41 pmu 1011157 762985 8260975 7563135 280984176
1790322350.386072 W 1656 lat 481 722 1185 0 exe 80166 86925 96203 resp 96814 0 pmu 1011169 752567 8259004 7987373 278214001
1790322351.426073 W 1657 lat 499 722 1185 0 exe 79777 88111 146759 resp 147537 28 pmu 1011727 762950 8261558 7571830 281277058
1790322352.362074 W 1658 lat 499 722 1222 0 exe 80685 86981 96037 resp 96907 0 pmu 1011086 753111 8262787 8082549 278467669
1790322353.406079 W 1659 lat 444 722 1166 0 exe 80074 88148 137759 resp 138740 25 pmu 1011800 763842 8266630 7574711 281497496
1790322354.446076 W 1660 lat 499 722 1092 0 exe 81277 86574 95907 resp 96611 0 pmu 1010807 748723 8256046 7994692 277025368
1790322355.382077 W 1661 lat 425 722 1055 0 exe 79907 87740 131055 resp 131777 29 pmu 1011392 759548 8264992 7572891 280280802
1790322356.422073 W 1662 lat 481 703 1129 0 exe 79944 86351 97388 resp 98111 0 pmu 1010836 746073 8258064 7922826 275986951
1790322357.362078 W 1663 lat 444 722 1351 0 exe 80240 87296 132148 resp 133018 28 pmu 1011381 754405 8263516 7579952 278652075
1790322358.402076 W 1664 lat 481 722 1203 0 exe 78814 86777 109962 resp 110444 8 pmu 1010962 751182 8257328 7935469 277600479
1790322359.442074 W 1665 lat 444 722 1166 0 exe 78222 86907 132759 resp 133277 15 pmu 1010993 751001 8255741 7701473 277919225
1790322360.378075 W 1666 lat 333 703 1092 0 exe 70277 79907 140333 resp 140851 20 pmu 1009578 680550 8248319 7927041 259828929
1790322361.418072 W 1667 lat 481 722 1129 0 exe 71296 78981 92314 resp 93092 0 pmu 1009151 669805 8240801 7926842 257414156
1790322362.354075 W 1668 lat 462 722 1203 0 exe 73666 87611 136518 resp 137333 28 pmu 1011297 757749 8262518 7449369 279746549
1790322363.398131 W 1669 lat 444 703 1111 0 exe 70537 78796 95833 resp 96555 0 pmu 1008843 667682 8240519 7947208 256437889
1790322364.438073 W 1670 lat 481 722 1296 0 exe 73037 87925 137999 resp 138981 33 pmu 1011753 761526 8270544 7479417 280936540
1790322365.374076 W 1671 lat 462 722 1166 0 exe 79296 87129 101481 resp 102370 3 pmu 1011249 754569 8262701 7961750 278798281
1790322366.414078 W 1672 lat 407 722 1333 0 exe 81499 93370 135129 resp 135814 30 pmu 1013226 816410 8279387 7622606 294686820
1790322367.350080 W 1673 lat 425 722 1166 0 exe 87074 92981 101166 resp 101981 3 pmu 1012865 813881 8276632 8000750 293694153
1790322368.390075 W 1674 lat 444 722 1148 0 exe 79777 88240 138148 resp 139148 38 pmu 1011281 764322 8264673 7686960 281549677
1790322369.430068 W 1675 lat 499 722 1240 0 exe 80925 86796 98777 resp 99462 0 pmu 1010887 750206 8255525 7997639 277543793
1790322370.370077 W 1676 lat 388 722 1129 0 exe 80592 87296 135425 resp 136499 27 pmu 1011401 754166 8259164 7601726 278739100
1790322371.410099 W 1677 lat 481 722 1314 0 exe 79388 86722 98962 resp 99759 0 pmu 1011007 749831 8254604 7969697 277020107
1790322372.346013 W 1678 lat 296 333 981 0 exe 17055 28574 143111 resp 143425 20 pmu 1022714 139878 8253905 7596243 79623256
1790322373.385980 W 1679 lat 296 296 333 0 exe 16999 19333 43870 resp 44185 0 pmu 1023743 38438 8256872 7428231 49071589
1790322374.430016 W 1680 lat 296 314 1462 0 exe 17388 27425 229999 resp 230314 23 pmu 1023423 126714 8259573 6385866 70609580
1790322375.365997 W 1681 lat 296 296 407 0 exe 17629 21481 47870 resp 48185 0 pmu 1023743 62786 8257298 8295355 55119788
1790322376.406011 W 1682 lat 296 296 611 0 exe 17759 23703 113777 resp 114388 9 pmu 1023552 88319 8257165 6440094 60388100
1790322377.342006 W 1683 lat 296 296 481 0 exe 17537 21277 48055 resp 48370 0 pmu 1023733 60381 8257104 7113362 53903395
1790322378.382015 W 1684 lat 296 296 611 0 exe 17722 25222 113129 resp 113444 9 pmu 1023664 106241 8260913 6440749 64304741
1790322379.421995 W 1685 lat 296 296 370 0 exe 17685 21203 43703 resp 44018 0 pmu 1023661 59431 8254031 7112743 53741976
1790322380.358014 W 1686 lat 296 296 611 0 exe 17259 24111 121314 resp 121629 13 pmu 1023544 93555 8259559 6397008 61521813
1790322381.397993 W 1687 lat 296 296 759 0 exe 17759 20759 45074 resp 45574 0 pmu 1023760 54232 8254556 7186779 52643667
1790322382.438012 W 1688 lat 296 296 611 0 exe 17777 23870 118777 resp 119370 9 pmu 1023573 90220 8257837 6412039 60826535
1790322383.373994 W 1689 lat 296 296 481 0 exe 18092 21537 55740 resp 56055 0 pmu 1023720 63081 8255244 7164332 54571817
1790322384.414011 W 1690 lat 296 296 1092 0 exe 18129 24166 115148 resp 115481 11 pmu 1023605 93998 8263291 6521643 61734815
1790322385.349994 W 1691 lat 296 296 499 0 exe 17851 20703 44833 resp 45148 0 pmu 1023699 53630 8260397 7132255 52449519
1790322386.390012 W 1692 lat 296 296 499 0 exe 17740 24092 148592 resp 149018 7 pmu 1023556 92609 8263126 6407315 61413607
1790322387.429995 W 1693 lat 296 296 407 0 exe 17740 21185 44499 resp 44814 0 pmu 1023670 59247 8262549 7461892 53877809
1790322388.366011 W 1694 lat 296 296 425 0 exe 17444 25555 131018 resp 131351 10 pmu 1023508 109935 8259653 6405437 65118839
1790322389.405993 W 1695 lat 296 296 499 0 exe 17833 21222 44314 resp 44629 0 pmu 1023718 59491 8260213 7291174 53864445
1790322390.446011 W 1696 lat 296 296 629 0 exe 17944 23666 114666 resp 115018 7 pmu 1023555 87860 8260200 6404606 60234053
1790322391.381995 W 1697 lat 296 296 462 0 exe 17425 21018 44703 resp 45018 0 pmu 1023725 57453 8259315 7121769 53276078
1790322392.422013 W 1698 lat 296 296 574 0 exe 17944 24111 133499 resp 133833 12 pmu 1023525 92501 8259616 6405316 61480117
1790322393.357996 W 1699 lat 296 296 444 0 exe 17740 21222 44277 resp 44592 0 pmu 1023675 59833 8260242 7311992 53922521
1790322394.398012 W 1700 lat 296 296 611 0 exe 18314 23962 116944 resp 117370 9 pmu 1023619 91021 8263292 6403516 61014853
1790322395.437994 W 1701 lat 296 296 425 0 exe 17648 21092 43240 resp 43555 0 pmu 1023731 58234 8261711 7148048 53444110
1790322396.374013 W 1702 lat 296 296 518 0 exe 18351 24111 122555 resp 122999 8 pmu 1023535 92964 8261481 6391762 61527077
1790322397.413994 W 1703 lat 296 296 444 0 exe 17222 20425 45907 resp 46203 0 pmu 1023758 50458 8260380 7204852 51809256
1790322398.350014 W 1704 lat 296 296 611 0 exe 17648 24092 124962 resp 125277 11 pmu 1023604 92325 8261653 6412993 61365250
1790322399.389995 W 1705 lat 296 296 425 0 exe 17629 21222 43833 resp 44148 0 pmu 1023718 60167 8263450 7225134 53890292
1790322400.430014 W 1706 lat 296 296 1240 0 exe 17999 24259 116185 resp 116851 11 pmu 1023582 94446 8261707 6398361 61908367
1790322401.365993 W 1707 lat 296 296 425 0 exe 17666 20499 45907 resp 46240 0 pmu 1023665 51296 8260174 7144958 51938703
1790322402.406012 W 1708 lat 296 296 499 0 exe 17777 23962 116796 resp 117296 14 pmu 1023492 91151 8260157 6415886 61131784
1790322403.341996 W 1709 lat 296 296 425 0 exe 17592 20703 42240 resp 42555 0 pmu 1023719 53652 8259919 7143983 52444941
1790322404.382009 W 1710 lat 296 296 518 0 exe 16981 24796 129092 resp 129388 7 pmu 1023587 101965 8264742 6379703 63063985
1790322405.421979 W 1711 lat 296 296 333 0 exe 16962 19574 51703 resp 51999 0 pmu 1023766 41413 8263115 7266201 49588527
1790322406.386216 W 1712 lat 296 481 3870 0 exe 17592 32999 473074 resp 475907 25 pmu 1022797 136824 8243337 6465115 2118051599
1790322407.346191 W 1713 lat 333 481 555 0 exe 19777 23018 39425 resp 39907 0 pmu 1023368 58151 8245246 10780574 2395408148
1790322408.402213 W 1714 lat 314 481 722 0 exe 20222 26074 101537 resp 101962 1 pmu 1023012 94242 8241005 6376743 2394059011
1790322409.350186 W 1715 lat 314 481 555 0 exe 19592 22685 38796 resp 39277 0 pmu 1023300 54115 8241340 7015573 2395144331
1790322410.406217 W 1716 lat 333 481 555 0 exe 20092 26537 104648 resp 105037 1 pmu 1023088 100106 8238273 6367680 2393136684
1790322411.354155 W 1717 lat 351 481 555 0 exe 20074 23351 39148 resp 39518 0 pmu 1023326 61987 8239418 7047621 2395392127
1790322412.410206 W 1718 lat 333 481 629 0 exe 20203 26166 103203 resp 103629 1 pmu 1023035 95420 8239243 6376624 2394167473
1790322413.374184 W 1719 lat 314 481 555 0 exe 19999 22759 38703 resp 39203 0 pmu 1023365 55287 8240739 7032404 2395430706
1790322414.430203 W 1720 lat 314 481 666 0 exe 20314 26203 93629 resp 94129 0 pmu 1023101 96084 8237980 6369319 2394044993
1790322415.382184 W 1721 lat 314 481 555 0 exe 19499 22944 38999 resp 39481 0 pmu 1023306 57489 8243238 6937774 2395372091
1790322416.442185 W 1722 lat 314 481 611 0 exe 19888 26425 95444 resp 95981 0 pmu 1023076 98560 8238786 6370675 2394114543
1790322417.398187 W 1723 lat 351 481 592 0 exe 20296 23277 46648 resp 47166 0 pmu 1023340 61291 8239001 6954944 2395429198
1790322418.358199 W 1724 lat 314 481 685 0 exe 20537 26351 96148 resp 96648 0 pmu 1023092 97912 8242565 6453254 2394201948
1790322419.430194 W 1725 lat 314 481 555 0 exe 20333 22981 36888 resp 37314 0 pmu 1023387 57946 8240353 6964996 2395383549
1790322420.374214 W 1726 lat 296 481 611 0 exe 20777 26685 95166 resp 95666 0 pmu 1023099 101703 8245845 6353659 2394075732
1790322421.434147 W 1727 lat 314 481 574 0 exe 19925 22777 38925 resp 39425 0 pmu 1023376 55256 8238899 6957789 2395289016
1790322422.398149 W 1728 lat 314 481 648 0 exe 20148 26518 93574 resp 94111 0 pmu 1023040 100092 8240194 6371562 2394480732
1790322423.346190 W 1729 lat 314 481 555 0 exe 20592 23296 45185 resp 45685 0 pmu 1023317 61668 8242487 6937976 2395354817
1790322424.402201 W 1730 lat 314 481 981 0 exe 20240 26222 107907 resp 108388 1 pmu 1023156 96435 8244917 6439891 2394123168
1790322425.354186 W 1731 lat 351 481 666 0 exe 20203 23370 36981 resp 37388 0 pmu 1023330 62371 8239954 7081819 2395381977
1790322426.418215 W 1732 lat 296 481 666 0 exe 19944 26018 104092 resp 104611 2 pmu 1023120 94284 8239273 6356447 2393323325
1790322427.378189 W 1733 lat 314 481 555 0 exe 20148 22962 35444 resp 35833 0 pmu 1023363 57783 8242938 7039730 2395433815
1790322428.442209 W 1734 lat 314 481 759 0 exe 20462 26037 109370 resp 109888 1 pmu 1023046 93945 8243513 6337937 2394278174
1790322429.386198 W 1735 lat 314 481 574 0 exe 19833 22925 45388 resp 45888 0 pmu 1023259 57288 8241675 7095866 2395476701
1790322430.446179 W 1736 lat 314 481 592 0 exe 20518 26148 99814 resp 100277 1 pmu 1023171 95288 8241232 6436355 2393561760
1790322431.402152 W 1737 lat 314 481 555 0 exe 20111 23296 39148 resp 39611 0 pmu 1023396 61304 8239566 6999905 2395339421
1790322432.370199 W 1738 lat 296 481 722 0 exe 20222 26129 97888 resp 98351 0 pmu 1023119 95198 8245331 6376818 2394205322
1790322433.434191 W 1739 lat 314 481 537 0 exe 20370 22962 37703 resp 38203 0 pmu 1023379 57653 8237862 6979608 2395435998
1790322434.386202 W 1740 lat 333 481 592 0 exe 20166 26203 98777 resp 99277 0 pmu 1023073 96177 8239875 6362214 2394209259
1790322435.442180 W 1741 lat 296 481 574 0 exe 19925 23777 44759 resp 45277 0 pmu 1023318 67135 8242485 6988458 2395379105
1790322436.378011 W 1742 lat 296 314 555 0 exe 17092 24462 116814 resp 117333 11 pmu 1023508 95660 8256814 6434883 337175745
1790322437.417986 W 1743 lat 296 296 333 0 exe 16796 19148 42592 resp 42907 0 pmu 1023692 36661 8263140 7143637 48489039
1790322438.358075 W 1744 lat 296 444 7759 0 exe 17407 41499 256722 resp 258129 44 pmu 1020432 253035 8279257 6371189 121524905
1790322439.398044 W 1745 lat 296 388 3370 0 exe 20574 36574 186833 resp 188314 7 pmu 1020101 218544 8274381 8670732 110553713
1790322440.438065 W 1746 lat 296 370 3611 0 exe 22611 37462 152092 resp 152648 18 pmu 1020465 233320 8279656 7941114 113511774
1790322441.374059 W 1747 lat 296 351 2833 0 exe 22814 34333 122944 resp 125777 3 pmu 1020664 202649 8277135 7604797 103866975
1790322442.420232 W 1748 lat 296 351 3296 0 exe 22648 37518 168018 resp 168907 22 pmu 1020579 235414 8280261 7306282 113040826
1790322443.354051 W 1749 lat 296 333 3611 0 exe 25333 34166 182462 resp 186074 2 pmu 1021816 204211 8283185 7764446 101630440
1790322444.398063 W 1750 lat 296 333 2148 0 exe 25648 36166 152518 resp 154666 13 pmu 1021892 229805 8282550 7920634 107596094
1790322445.438064 W 1751 lat 296 333 3166 0 exe 25962 33759 160944 resp 163814 2 pmu 1022027 200016 8283870 7618249 100271771
1790322446.374044 W 1752 lat 296 333 3111 0 exe 26111 36833 181333 resp 184444 16 pmu 1021685 237864 8282603 7700703 109209126
1790322447.414062 W 1753 lat 296 333 2296 0 exe 25981 33777 139259 resp 140962 4 pmu 1021684 200068 8282174 7921581 101283561
1790322448.350049 W 1754 lat 296 333 3259 0 exe 24999 36444 172685 resp 175462 12 pmu 1021397 229293 8281711 7473881 108545371
1790322449.394064 W 1755 lat 296 333 2759 0 exe 25592 33481 135592 resp 137777 1 pmu 1021682 197623 8280592 7826885 100407158
1790322450.434065 W 1756 lat 296 351 4351 0 exe 25129 36666 176703 resp 177148 22 pmu 1021242 228962 8281651 7438655 109367718
1790322451.374055 W 1757 lat 296 351 3333 0 exe 25481 34518 152907 resp 156166 3 pmu 1021255 204872 8283693 7862718 103589006
1790322452.414065 W 1758 lat 296 351 2999 0 exe 23666 37444 255999 resp 256666 23 pmu 1021316 232155 8283239 7624702 111596171
1790322453.350047 W 1759 lat 296 370 3444 0 exe 24259 34296 123425 resp 124648 4 pmu 1021160 200105 8278302 8646642 103348144
1790322454.390061 W 1760 lat 296 351 3351 0 exe 24370 35944 170074 resp 170888 12 pmu 1021391 223858 8280356 7312900 107356497
1790322455.430048 W 1761 lat 296 333 3277 0 exe 25148 34277 189111 resp 190388 3 pmu 1021716 205448 8280334 7785697 102203239
1790322456.366059 W 1762 lat 296 351 3925 0 exe 25499 36129 156870 resp 160796 13 pmu 1021635 222361 8282973 7973521 107727395
1790322457.406057 W 1763 lat 296 333 3611 0 exe 25259 34314 88981 resp 89814 0 pmu 1021890 209081 8283754 7678881 101811058
1790322458.342046 W 1764 lat 296 333 3407 0 exe 24722 35425 173518 resp 175925 15 pmu 1021798 218077 8284501 6972219 104911609
1790322459.382051 W 1765 lat 296 333 1962 0 exe 25851 34574 97407 resp 97703 0 pmu 1022174 214182 8286611 7827547 101989051
1790322460.422066 W 1766 lat 296 333 3518 0 exe 24388 34611 151629 resp 154074 11 pmu 1022136 206505 8286549 7049977 102083752
1790322461.358050 W 1767 lat 296 333 3203 0 exe 25851 35944 334425 resp 337629 10 pmu 1022138 228189 8283671 7603653 105910647
1790322462.398092 W 1768 lat 296 333 2851 0 exe 26574 33814 164129 resp 166333 4 pmu 1022200 201238 8284145 9447835 101073705
1790322463.438043 W 1769 lat 296 351 4092 0 exe 25092 36277 235388 resp 237074 16 pmu 1021892 226402 8280348 7730932 107472644
1790322464.378160 W 1770 lat 296 351 3870 0 exe 24314 34444 136388 resp 139259 5 pmu 1021715 204467 8279792 8452254 102651777
1790322465.418049 W 1771 lat 296 351 6425 0 exe 24777 37944 509277 resp 511814 27 pmu 1021729 231816 8284175 7454096 111863570
1790322466.354062 W 1772 lat 296 351 3537 0 exe 25518 34425 152277 resp 155814 3 pmu 1021755 205865 8285499 11213933 104649093
1790322467.394047 W 1773 lat 296 351 3833 0 exe 25703 36425 149685 resp 150388 18 pmu 1021687 228749 8285497 7620574 108616917
1790322468.434036 W 1774 lat 296 296 925 0 exe 17018 26111 110148 resp 110481 3 pmu 1023246 117240 8265441 7592931 69155000
1790322469.369979 W 1775 lat 296 296 425 0 exe 16999 21518 111870 resp 112185 6 pmu 1023684 64138 8261473 7085448 54951600
1790322470.438087 W 1776 lat 296 370 1018 0 exe 17759 40388 183370 resp 183740 15 pmu 1012887 284557 8258711 7077197 143310415
1790322471.402023 W 1777 lat 314 388 814 0 exe 36222 42537 137481 resp 138296 13 pmu 1010971 313460 8256742 7894173 156510818
1790322472.350018 W 1778 lat 314 388 703 0 exe 36203 40999 57499 resp 57925 0 pmu 1010990 296799 8255506 7539618 151958146
1790322473.390036 W 1779 lat 314 388 685 0 exe 36240 42629 125407 resp 125907 16 pmu 1011301 315160 8260565 6729552 156196457
1790322474.430014 W 1780 lat 314 388 796 0 exe 37037 40777 59574 resp 60092 0 pmu 1011017 294261 8259119 7417199 151164314
1790322475.370038 W 1781 lat 314 388 759 0 exe 36518 42777 135277 resp 136018 14 pmu 1011599 316870 8262209 6754168 155782232
1790322476.410019 W 1782 lat 314 388 648 0 exe 36462 41055 57018 resp 57351 0 pmu 1010782 297442 8251775 7519683 152030761
1790322477.346031 W 1783 lat 314 388 722 0 exe 36722 42722 144259 resp 144814 14 pmu 1011188 315702 8259899 6725441 156224015
1790322478.386024 W 1784 lat 314 388 666 0 exe 36296 40796 56333 resp 56777 0 pmu 1011001 294703 8261012 7608956 151433698
1790322479.426032 W 1785 lat 314 388 685 0 exe 35888 42740 121629 resp 122240 13 pmu 1011087 316648 8263107 6717169 156420483
1790322480.362018 W 1786 lat 314 388 703 0 exe 36462 40814 56203 resp 56574 0 pmu 1010877 294812 8258621 7378689 151267198
1790322481.402031 W 1787 lat 314 388 759 0 exe 35148 42981 127370 resp 127740 17 pmu 1011212 318333 8260844 6716606 156967321
1790322482.442017 W 1788 lat 314 388 777 0 exe 36166 41222 58259 resp 58592 0 pmu 1010772 299323 8256571 7432878 152416012
1790322483.378030 W 1789 lat 314 388 777 0 exe 35740 42851 122962 resp 123296 16 pmu 1011106 317734 8258720 6737933 156768874
1790322484.418012 W 1790 lat 314 388 722 0 exe 35944 40851 56018 resp 56407 0 pmu 1010977 295122 8262422 7391127 151418515
1790322485.354033 W 1791 lat 314 388 925 0 exe 35907 43296 129962 resp 130888 13 pmu 1011056 322972 8258422 6712382 157832266
1790322486.394017 W 1792 lat 314 388 796 0 exe 36555 41074 57981 resp 58314 0 pmu 1011114 297593 8256731 7467739 152018471
1790322487.434031 W 1793 lat 314 388 851 0 exe 36240 42759 124685 resp 125111 13 pmu 1011126 316523 8265192 6736479 156419792
1790322488.370017 W 1794 lat 314 388 703 0 exe 36462 41074 56999 resp 57611 0 pmu 1011124 297889 8257248 7411099 152010370
1790322489.410030 W 1795 lat 314 388 962 0 exe 36277 42722 120370 resp 120870 14 pmu 1011179 316193 8258206 6726975 156322590
1790322490.346017 W 1796 lat 314 388 796 0 exe 35481 40740 56888 resp 57388 0 pmu 1011012 293721 8254968 7368879 151021916
1790322491.386033 W 1797 lat 314 388 722 0 exe 36685 42666 155629 resp 156314 13 pmu 1011169 315163 8256772 6719267 156206324
1790322492.426013 W 1798 lat 296 388 703 0 exe 36611 40999 56666 resp 57129 0 pmu 1011259 296858 8256874 7723093 151095168
1790322493.362033 W 1799 lat 314 388 888 0 exe 36481 42870 118240 resp 118740 17 pmu 1011191 317924 8261821 6723371 156575691
1790322494.402016 W 1800 lat 314 388 666 0 exe 36944 40999 55962 resp 56425 0 pmu 1010846 296834 8253911 7348911 151726398
1790322495.442036 W 1801 lat 314 388 888 0 exe 37148 42962 128611 resp 129037 15 pmu 1010845 318453 8257852 6717769 156937426
1790322496.378016 W 1802 lat 314 388 777 0 exe 36111 40703 56333 resp 56814 0 pmu 1010811 293667 8254626 7456102 151042639
1790322497.418032 W 1803 lat 296 388 833 0 exe 35888 42703 122999 resp 123499 11 pmu 1011024 316090 8257178 6716384 156316211
1790322498.354022 W 1804 lat 314 388 814 0 exe 37055 41277 72111 resp 72537 0 pmu 1011016 300301 8256943 7392297 152474210
1790322499.398033 W 1805 lat 296 388 703 0 exe 35759 42740 114537 resp 114999 12 pmu 1010907 316860 8257009 6881590 156571903
1790322500.438010 W 1806 lat 296 314 648 0 exe 16870 24407 101925 resp 102296 1 pmu 1021538 98586 8254635 7306458 69748643
1790322501.374009 W 1807 lat 296 296 481 0 exe 17092 21555 111814 resp 112203 6 pmu 1023674 64553 8261118 6993007 54966753
1790322502.434047 W 1808 lat 277 444 981 0 exe 17222 28259 221777 resp 222499 15 pmu 1023559 81237 8245044 7077929 1496162695
1790322503.378036 W 1809 lat 277 481 1018 0 exe 22537 28462 108407 resp 108851 13 pmu 1023473 77010 8242382 8216768 1796962040
1790322504.430006 W 1810 lat 277 462 981 0 exe 22333 25185 44740 resp 45111 0 pmu 1023657 41077 8242368 7109428 1794709334
1790322505.378030 W 1811 lat 277 481 999 0 exe 21759 27851 109814 resp 110481 12 pmu 1023555 71486 8238132 6454654 1790493755
1790322506.438006 W 1812 lat 277 481 981 0 exe 21277 25407 41351 resp 41666 0 pmu 1023633 43418 8237740 7117664 1790926199
1790322507.390028 W 1813 lat 277 481 981 0 exe 21388 28148 111481 resp 111833 13 pmu 1023531 74108 8242032 6416491 1790123090
1790322508.442007 W 1814 lat 277 462 981 0 exe 21740 25166 45518 resp 46277 0 pmu 1023676 41635 8242605 7132022 1782508276
1790322509.394031 W 1815 lat 277 481 999 0 exe 21925 27888 108037 resp 108685 16 pmu 1023481 71714 8238913 6461379 1789586168
1790322510.346005 W 1816 lat 277 481 999 0 exe 21592 25037 43425 resp 43759 0 pmu 1023643 39776 8241355 7100870 1792033092
1790322511.402033 W 1817 lat 277 462 999 0 exe 22240 28314 111759 resp 112222 11 pmu 1023551 75735 8242850 6437135 1795465282
1790322512.346008 W 1818 lat 277 481 999 0 exe 21666 25518 44537 resp 44851 0 pmu 1023645 44457 8241525 7140690 1793959089
1790322513.398031 W 1819 lat 277 462 981 0 exe 22185 28222 123277 resp 124092 9 pmu 1023615 74528 8242012 6450943 1796666565
1790322514.350003 W 1820 lat 277 481 999 0 exe 21481 24925 47888 resp 48203 0 pmu 1023597 38324 8236020 7256785 1791512848
1790322515.402034 W 1821 lat 277 481 999 0 exe 21870 28037 115185 resp 115518 13 pmu 1023573 72993 8242328 6480505 1796096902
1790322516.342006 W 1822 lat 277 462 981 0 exe 21981 25074 47074 resp 47611 0 pmu 1023617 39874 8241293 7171143 1797342318
1790322517.390032 W 1823 lat 277 462 999 0 exe 22055 28166 114537 resp 115055 12 pmu 1023558 74099 8242437 6476574 1799382459
1790322518.430011 W 1824 lat 277 481 999 0 exe 21648 25370 56425 resp 57055 0 pmu 1023594 43026 8239053 7167218 1796265246
1790322519.366032 W 1825 lat 277 481 999 0 exe 22018 28037 111759 resp 112407 13 pmu 1023537 72775 8243996 6570613 1792614023
1790322520.406009 W 1826 lat 277 444 999 0 exe 22092 25185 47888 resp 48314 0 pmu 1023643 41505 8244435 7139284 1798185237
1790322521.342035 W 1827 lat 277 462 999 0 exe 21685 28129 111185 resp 111777 13 pmu 1023566 75746 8243706 6485266 1795525639
1790322522.382006 W 1828 lat 277 481 981 0 exe 21296 25185 51277 resp 51759 0 pmu 1023657 42361 8240139 7132108 1792167789
1790322523.426035 W 1829 lat 277 481 999 0 exe 22333 27833 127055 resp 127370 15 pmu 1023524 71834 8239114 6515592 1793985508
1790322524.362006 W 1830 lat 277 481 999 0 exe 21740 25351 49537 resp 50277 0 pmu 1023643 44003 8236177 7291151 1798870822
1790322525.402029 W 1831 lat 277 481 999 0 exe 21592 28092 120555 resp 120944 10 pmu 1023563 74750 8242072 6502575 1787130552
1790322526.442006 W 1832 lat 277 481 981 0 exe 21851 25148 48685 resp 49592 0 pmu 1023656 40894 8241940 7223976 1796955054
1790322527.378032 W 1833 lat 277 481 981 0 exe 21999 28444 119962 resp 120277 14 pmu 1023541 76987 8244209 6494374 1796103161
1790322528.418002 W 1834 lat 277 481 999 0 exe 21518 25037 48240 resp 48648 0 pmu 1023636 39186 8240117 7221475 1792795953
1790322529.358015 W 1835 lat 277 481 999 0 exe 22388 27851 132981 resp 133296 11 pmu 1023512 70891 8236658 6485307 1798152623
1790322530.394011 W 1836 lat 277 481 999 0 exe 21814 25333 50018 resp 50407 0 pmu 1023668 42490 8240340 7350745 1803682591
1790322531.434033 W 1837 lat 277 481 981 0 exe 21370 28462 124740 resp 125055 17 pmu 1023545 77485 8241394 6505775 1799115317
1790322532.370014 W 1838 lat 277 333 981 0 exe 17277 22685 114685 resp 115018 2 pmu 1023708 65738 8262903 7266288 366065604
1790322533.410010 W 1839 lat 296 296 425 0 exe 17055 21944 117092 resp 117462 7 pmu 1023630 68667 8263630 7115633 56010885
1790322534.350019 W 1840 lat 296 296 981 0 exe 17425 23574 183777 resp 184240 10 pmu 1023689 83373 8255995 7132129 60074006
1790322535.390009 W 1841 lat 296 296 333 0 exe 17296 23111 117666 resp 117981 8 pmu 1023622 81839 8255335 7812243 59371106
1790322536.429991 W 1842 lat 296 296 351 0 exe 17277 20259 44777 resp 45092 0 pmu 1023746 48871 8254424 7144122 51206497
1790322537.366009 W 1843 lat 296 296 648 0 exe 17296 22833 114499 resp 114796 6 pmu 1023752 78642 8257973 6400919 57797077
1790322538.405987 W 1844 lat 296 296 333 0 exe 17185 19685 45574 resp 45888 0 pmu 1023710 42054 8255829 7112749 49726607
1790322539.342005 W 1845 lat 296 296 481 0 exe 16740 22740 110814 resp 111148 5 pmu 1023643 77974 8255880 6405494 57599587
1790322540.381987 W 1846 lat 296 296 425 0 exe 17111 19796 45296 resp 45611 0 pmu 1023728 43485 8256412 7071789 50003365
1790322541.430008 W 1847 lat 296 296 592 0 exe 17388 22851 103944 resp 104537 4 pmu 1023667 79469 8254562 6403318 57932959
1790322542.373986 W 1848 lat 296 296 333 0 exe 16888 20222 60166 resp 60481 0 pmu 1023701 48892 8252816 7008867 51074336
1790322543.430005 W 1849 lat 296 296 444 0 exe 17629 23092 105629 resp 106074 6 pmu 1023604 82380 8258397 6552453 58579826
1790322544.369985 W 1850 lat 296 296 351 0 exe 17259 19740 43814 resp 44129 0 pmu 1023723 42829 8250284 7026558 49830261
1790322545.434005 W 1851 lat 296 296 444 0 exe 17388 22518 112148 resp 112481 6 pmu 1023668 75083 8255549 6388491 56953721
1790322546.385986 W 1852 lat 296 296 333 0 exe 17055 19685 43722 resp 44037 0 pmu 1023723 42303 8253560 7087075 49723947
1790322547.342007 W 1853 lat 296 296 333 0 exe 17092 22648 109722 resp 110037 5 pmu 1023674 77085 8253799 6386326 57371265
1790322548.401988 W 1854 lat 296 296 333 0 exe 17074 20185 47037 resp 47351 0 pmu 1023706 47847 8251496 7061453 50970005
1790322549.350006 W 1855 lat 296 296 666 0 exe 17685 22759 111259 resp 111592 6 pmu 1023652 77977 8256122 6422007 57608572
1790322550.409984 W 1856 lat 296 296 333 0 exe 17111 19685 44055 resp 44370 0 pmu 1023678 42406 8253241 7082136 49758027
1790322551.358006 W 1857 lat 296 296 592 0 exe 17222 22648 112351 resp 112814 6 pmu 1023540 76957 8252813 6389855 57305161
1790322552.425983 W 1858 lat 296 296 351 0 exe 17111 19907 50870 resp 51185 0 pmu 1023729 45032 8254696 7090331 50332326
1790322553.374006 W 1859 lat 296 296 462 0 exe 17296 23407 114574 resp 114999 6 pmu 1023614 85486 8253388 6459163 59366997
1790322554.425990 W 1860 lat 296 296 333 0 exe 17092 20314 44407 resp 44703 0 pmu 1023723 49672 8254100 7116053 51327082
1790322555.362010 W 1861 lat 296 296 481 0 exe 17777 22611 112796 resp 113185 6 pmu 1023591 76066 8249620 6396204 57205771
1790322556.401985 W 1862 lat 296 296 333 0 exe 17388 19907 45814 resp 46129 0 pmu 1023688 44556 8250696 7096509 50244570
1790322557.442009 W 1863 lat 296 296 407 0 exe 17611 22666 121648 resp 121981 5 pmu 1023662 77092 8254830 6410004 57429802
1790322558.377997 W 1864 lat 296 296 333 0 exe 17240 20944 58259 resp 58574 0 pmu 1023757 57059 8255480 7183670 52944841
1790322559.418005 W 1865 lat 296 296 444 0 exe 17407 22666 112592 resp 112925 6 pmu 1023650 76899 8252933 6538919 57458069
1790322560.353989 W 1866 lat 296 296 388 0 exe 17148 20185 45111 resp 45425 0 pmu 1023655 48224 8250476 7092468 51031292
1790322561.394005 W 1867 lat 296 296 537 0 exe 17092 22518 143185 resp 143499 6 pmu 1023633 74986 8252618 6403301 57060876
1790322562.433987 W 1868 lat 296 296 351 0 exe 17018 20018 48759 resp 49074 0 pmu 1023745 46001 8252164 7396403 50731063
1790322563.370006 W 1869 lat 296 296 444 0 exe 17111 23518 111814 resp 112148 6 pmu 1023617 86836 8253104 6438124 59512452
1790322564.410004 W 1870 lat 296 296 351 0 exe 17074 21648 136037 resp 136351 3 pmu 1023599 65140 8263543 7087247 54879203
1790322565.350002 W 1871 lat 296 296 611 0 exe 16981 21814 129925 resp 130240 6 pmu 1023585 67199 8265939 7319562 55832529
1790322566.398149 W 1872 lat 296 537 4185 0 exe 17555 65518 236574 resp 237499 108 pmu 1014375 464620 8260458 7260432 205168241
1790322567.438082 W 1873 lat 314 629 4037 0 exe 40407 76222 285314 resp 287388 149 pmu 1012226 555514 8261557 8570751 242886488
1790322568.374125 W 1874 lat 296 629 3999 0 exe 42611 75222 274462 resp 277925 115 pmu 1012362 548125 8265496 9231364 239708640
1790322569.414134 W 1875 lat 296 629 5185 0 exe 41999 76092 305907 resp 310611 134 pmu 1012384 554279 8263733 9135648 244373119
1790322570.354069 W 1876 lat 314 574 3796 0 exe 40703 72314 186166 resp 186759 95 pmu 1012047 533035 8259720 9463392 234167734
1790322571.410061 W 1877 lat 296 629 5148 0 exe 41444 75722 253833 resp 255166 118 pmu 1012326 554625 8258851 8213031 241710998
1790322572.366145 W 1878 lat 296 648 4925 0 exe 41999 74351 232629 resp 234925 91 pmu 1012441 540403 8262110 8920893 237559512
1790322573.422391 W 1879 lat 314 629 4370 0 exe 42611 77518 272833 resp 275185 143 pmu 1012321 564398 8267693 8708640 248011505
1790322574.366100 W 1880 lat 296 574 4018 0 exe 44111 74648 242851 resp 243574 82 pmu 1011972 559851 8255587 9126979 239276997
1790322575.414139 W 1881 lat 314 574 3759 0 exe 50703 77425 179166 resp 181277 91 pmu 1011558 586962 8252682 8810141 247255487
1790322576.362206 W 1882 lat 296 592 4666 0 exe 51018 75277 208555 resp 211944 60 pmu 1011945 571454 8255240 8225745 240526988
1790322577.414090 W 1883 lat 314 574 3759 0 exe 47092 77499 187314 resp 188981 91 pmu 1012028 588634 8262389 8521406 247561124
1790322578.354285 W 1884 lat 314 592 4370 0 exe 43666 74592 193740 resp 198111 67 pmu 1011455 560550 8252507 8287302 240131748
1790322579.402104 W 1885 lat 296 611 5111 0 exe 40129 75648 196277 resp 197888 135 pmu 1012329 557214 8265210 8336664 241613737
1790322580.342066 W 1886 lat 314 611 4574 0 exe 40296 73666 224981 resp 225592 96 pmu 1012610 537809 8261296 8339583 235272304
1790322581.402075 W 1887 lat 296 648 5055 0 exe 40240 75999 244722 resp 246074 137 pmu 1012208 550154 8263506 8610019 242049367
1790322582.346187 W 1888 lat 314 685 4259 0 exe 41685 74314 253018 resp 256407 101 pmu 1012415 532752 8270388 8824846 238218279
1790322583.386090 W 1889 lat 314 648 4925 0 exe 41555 75851 278629 resp 280518 135 pmu 1012341 551798 8255570 8913172 242343780
1790322584.426090 W 1890 lat 296 666 5037 0 exe 41166 74499 188240 resp 188796 103 pmu 1012319 543687 8261630 9171956 238136333
1790322585.362135 W 1891 lat 314 648 5685 0 exe 41555 77240 254055 resp 256592 128 pmu 1012272 561478 8264192 8253400 245834030
1790322586.406088 W 1892 lat 314 629 4907 0 exe 40537 73851 227333 resp 229129 111 pmu 1012269 533782 8262387 8940132 236940866
1790322587.342123 W 1893 lat 296 648 5833 0 exe 41518 75944 238166 resp 241074 146 pmu 1012004 551029 8256571 8643388 242836685
1790322588.382131 W 1894 lat 314 666 5722 0 exe 40074 75259 276499 resp 278962 108 pmu 1012002 544721 8263966 8777157 240637901
1790322589.422109 W 1895 lat 314 648 5092 0 exe 40370 75833 285074 resp 288222 140 pmu 1012440 547363 8260761 9147438 241606053
1790322590.358119 W 1896 lat 296 648 4685 0 exe 41777 75518 256037 resp 257111 117 pmu 1012625 549584 8271406 9237466 240386085
1790322591.406281 W 1897 lat 314 574 4222 0 exe 48518 75333 204129 resp 204499 56 pmu 1011784 571547 8262776 8940095 242307889
1790322592.350129 W 1898 lat 314 555 4351 0 exe 48092 75888 183481 resp 184574 77 pmu 1012031 578331 8255076 8447636 243047055
1790322593.394151 W 1899 lat 314 592 4370 0 exe 47055 75166 218240 resp 220166 77 pmu 1012025 559552 8260517 8245934 239883047
1790322594.354093 W 1900 lat 314 574 4092 0 exe 48314 76092 195851 resp 196833 83 pmu 1012226 574227 8258329 8589160 243085331
1790322595.418098 W 1901 lat 296 555 4037 0 exe 48611 74666 172999 resp 173611 61 pmu 1011649 568581 8257960 8369866 240557086
1790322596.354010 W 1902 lat 296 370 3666 0 exe 17203 37537 174981 resp 175407 49 pmu 1020973 216358 8261424 8133582 108860658
1790322597.394023 W 1903 lat 296 296 333 0 exe 16888 19370 46685 resp 46999 0 pmu 1023739 38746 8255804 7806714 49350982
1790322598.438020 W 1904 lat 296 296 777 0 exe 17240 25407 175351 resp 175796 16 pmu 1023629 105151 8263257 6413620 65046568
1790322599.373986 W 1905 lat 296 296 333 0 exe 17425 19759 49759 resp 50074 0 pmu 1023748 43198 8258828 7735220 50320249
1790322600.414007 W 1906 lat 296 296 740 0 exe 17055 22166 133018 resp 133425 6 pmu 1023694 71519 8258145 6448890 56273639
1790322601.349981 W 1907 lat 296 296 333 0 exe 17277 19611 61629 resp 61944 0 pmu 1023753 41598 8256622 7294219 49703123
1790322602.390005 W 1908 lat 296 296 555 0 exe 17259 22055 112129 resp 112592 5 pmu 1023727 68609 8252647 6566148 55999578
1790322603.430022 W 1909 lat 296 296 425 0 exe 17333 19703 46037 resp 46351 0 pmu 1023820 41036 8248708 7085241 49783701
1790322604.365987 W 1910 lat 296 296 592 0 exe 17185 22277 113240 resp 113555 7 pmu 1023664 70936 8257140 6411285 56496611
1790322605.405984 W 1911 lat 296 296 425 0 exe 17111 19277 37537 resp 37833 0 pmu 1023667 36470 8254852 7096418 48720841
1790322606.342005 W 1912 lat 296 296 537 0 exe 16925 21796 120574 resp 120888 6 pmu 1023645 67216 8256460 6323102 55277774
1790322607.381987 W 1913 lat 296 296 333 0 exe 17055 20129 45222 resp 45537 0 pmu 1023774 47567 8261244 7165864 50878690
1790322608.422006 W 1914 lat 296 296 444 0 exe 17240 22037 113851 resp 114185 5 pmu 1023672 69877 8258446 6403559 55869624
1790322609.361985 W 1915 lat 296 296 333 0 exe 17277 19388 43944 resp 44240 0 pmu 1023759 37669 8260168 7100994 49025870
1790322610.402007 W 1916 lat 296 296 444 0 exe 17259 21814 113999 resp 114333 5 pmu 1023721 65539 8254721 6388074 55250507
1790322611.441987 W 1917 lat 296 296 333 0 exe 17444 19666 45370 resp 45685 0 pmu 1023737 40687 8256236 7101439 49715193
1790322612.378006 W 1918 lat 296 296 499 0 exe 17370 22055 110351 resp 110666 6 pmu 1023634 68319 8254269 6404740 55937757
1790322613.417984 W 1919 lat 296 296 333 0 exe 16648 19648 43611 resp 43925 0 pmu 1023682 41924 8255816 7066942 49652210
1790322614.354006 W 1920 lat 296 296 425 0 exe 17444 22203 109648 resp 110074 6 pmu 1023676 71933 8258970 6382926 56311579
1790322615.393987 W 1921 lat 296 296 333 0 exe 17018 19277 46296 resp 46611 0 pmu 1023742 37921 8259184 7061154 48738855
1790322616.434006 W 1922 lat 296 296 444 0 exe 17240 21722 115314 resp 115666 5 pmu 1023689 65609 8258790 6409835 55067728
1790322617.369985 W 1923 lat 296 296 351 0 exe 17222 19481 48611 resp 48925 0 pmu 1023722 38451 8252044 7114145 49274803
1790322618.410007 W 1924 lat 296 296 759 0 exe 17703 23407 119666 resp 120222 6 pmu 1023628 84087 8257619 6434933 59304834
1790322619.345993 W 1925 lat 296 296 388 0 exe 17240 20148 44018 resp 44333 0 pmu 1023723 46394 8260640 7171019 50975220
1790322620.390007 W 1926 lat 296 296 462 0 exe 17129 22185 112148 resp 112518 7 pmu 1023618 70878 8257633 6392607 56244664
1790322621.429985 W 1927 lat 296 296 333 0 exe 17037 19148 42777 resp 43092 0 pmu 1023677 36493 8258828 7084429 48446017
1790322622.366006 W 1928 lat 296 296 611 0 exe 17092 21851 111296 resp 111611 7 pmu 1023653 67715 8255381 6374139 55390770
1790322623.405988 W 1929 lat 296 296 333 0 exe 17055 19499 43629 resp 43925 0 pmu 1023737 40385 8258631 7074494 49269298
1790322624.342007 W 1930 lat 296 296 574 0 exe 17388 22370 106370 resp 106685 4 pmu 1023675 72317 8257454 6384430 56739724
1790322625.381985 W 1931 lat 296 296 333 0 exe 17129 19944 54407 resp 54722 0 pmu 1023653 43978 8255312 7029230 50372884
1790322626.422006 W 1932 lat 296 296 574 0 exe 17240 22722 118462 resp 118777 6 pmu 1023572 75944 8258149 6494787 57673534
1790322627.357988 W 1933 lat 296 296 333 0 exe 16981 19499 42314 resp 42629 0 pmu 1023795 39141 8259004 7151265 49379833
1790322628.398009 W 1934 lat 296 296 1148 0 exe 17259 22333 117129 resp 118277 6 pmu 1023577 73618 8255383 6370934 56633025
1790322629.438007 W 1935 lat 296 296 574 0 exe 17259 22388 120870 resp 121222 3 pmu 1023672 74336 8255996 7143093 56886465
1790322630.374008 W 1936 lat 296 296 629 0 exe 16999 21999 108740 resp 109166 6 pmu 1023605 69725 8255827 7173881 56199469
1790322631.418025 W 1937 lat 296 296 1240 0 exe 17111 22759 186907 resp 188148 12 pmu 1023599 74372 8252694 7050073 58139265
1790322632.354010 W 1938 lat 296 296 999 0 exe 16999 23018 126685 resp 127203 6 pmu 1023607 81347 8252564 7843172 59321741
1790322633.394020 W 1939 lat 296 296 333 0 exe 16944 19703 46814 resp 47129 0 pmu 1023744 42535 8253952 7236783 49888246
1790322634.438011 W 1940 lat 296 296 722 0 exe 17055 22425 119537 resp 119962 7 pmu 1023670 74184 8255105 6416838 56892114
1790322635.381990 W 1941 lat 296 296 333 0 exe 16981 19944 46592 resp 46907 0 pmu 1023792 45349 8258303 7160691 50449072
1790322636.426011 W 1942 lat 296 296 1685 0 exe 17203 23111 126518 resp 128203 6 pmu 1023622 82298 8259296 6415924 58647018
1790322637.373982 W 1943 lat 296 296 333 0 exe 16870 19407 48074 resp 48388 0 pmu 1023704 39426 8255012 7245739 49198909
1790322638.422009 W 1944 lat 296 296 703 0 exe 17055 22277 109481 resp 109796 7 pmu 1023635 72649 8257843 6427485 56523150
1790322639.361991 W 1945 lat 296 296 425 0 exe 17092 19925 47962 resp 48277 0 pmu 1023779 45292 8253892 7058867 50328321
1790322640.414011 W 1946 lat 296 296 481 0 exe 16999 22592 119648 resp 120037 5 pmu 1023681 76040 8254060 6430626 57315346
1790322641.353994 W 1947 lat 296 296 333 0 exe 17407 19888 48685 resp 48999 0 pmu 1023757 44659 8253800 7160929 50288221
1790322642.410010 W 1948 lat 296 296 425 0 exe 16814 22870 128388 resp 128685 5 pmu 1023624 79274 8259308 6438733 58067984
1790322643.353989 W 1949 lat 296 296 333 0 exe 17111 19722 48203 resp 48518 0 pmu 1023641 42652 8254521 7248155 49934090
1790322644.406011 W 1950 lat 296 296 555 0 exe 17185 22925 111740 resp 112296 4 pmu 1023585 80002 8253264 6431452 58228938
1790322645.345983 W 1951 lat 296 296 333 0 exe 17074 19592 50555 resp 50870 0 pmu 1023753 41157 8250388 7085570 49525996
1790322646.386012 W 1952 lat 296 296 1037 0 exe 17370 22388 135074 resp 135425 5 pmu 1023627 73121 8251754 6454284 56766914
1790322647.429993 W 1953 lat 296 296 462 0 exe 17259 20240 59722 resp 60037 0 pmu 1023796 48761 8258746 7318762 51270996
1790322648.366011 W 1954 lat 296 296 425 0 exe 17259 23333 125296 resp 125722 6 pmu 1023646 84638 8253103 6550831 59234801
1790322649.405983 W 1955 lat 296 296 333 0 exe 17240 19592 49351 resp 49666 0 pmu 1023775 41440 8254850 7222346 49599365
1790322650.342008 W 1956 lat 296 296 555 0 exe 17314 23074 107240 resp 107722 6 pmu 1023568 81817 8254571 6443104 58587176
1790322651.381986 W 1957 lat 296 296 333 0 exe 17055 19740 48777 resp 49092 0 pmu 1023727 43119 8253673 7041739 49828344
1790322652.422008 W 1958 lat 296 296 444 0 exe 17333 22944 123296 resp 123703 8 pmu 1023640 79411 8253794 6437238 58206498
1790322653.357988 W 1959 lat 296 296 333 0 exe 16999 20055 49092 resp 49407 0 pmu 1023734 46898 8254481 7200810 50773906
1790322654.398007 W 1960 lat 296 296 407 0 exe 17240 22925 134555 resp 134944 7 pmu 1023615 79503 8254200 6441524 58107611
1790322655.437986 W 1961 lat 296 296 333 0 exe 17203 20222 52333 resp 52648 0 pmu 1023677 48475 8251896 7312444 51195512
1790322656.374008 W 1962 lat 296 296 611 0 exe 17518 23259 124611 resp 124962 5 pmu 1023664 83493 8256448 6475791 58995910
1790322657.413985 W 1963 lat 296 296 333 0 exe 17185 19425 49148 resp 49462 0 pmu 1023758 39447 8251399 7217053 49206711
1790322658.350009 W 1964 lat 296 296 574 0 exe 17074 22629 120981 resp 121314 8 pmu 1023654 76326 8254549 6439947 57454424
1790322659.393991 W 1965 lat 296 296 388 0 exe 16962 20425 51907 resp 52222 0 pmu 1023747 51372 8259512 7175122 51696170
1790322660.434013 W 1966 lat 296 296 555 0 exe 17351 23537 109499 resp 110055 11 pmu 1023704 87480 8258109 6471674 59822562
1790322661.370010 W 1967 lat 296 296 407 0 exe 16592 21703 104592 resp 104907 4 pmu 1023684 66317 8258905 7067256 55054461
1790322662.410007 W 1968 lat 296 296 481 0 exe 17092 22481 116611 resp 117092 6 pmu 1023714 75037 8253582 7003254 57235349
1790322663.350239 W 1969 lat 296 648 11981 0 exe 17074 45388 495629 resp 499777 111 pmu 1022550 123884 8253351 7131285 116723898
1790322664.402173 W 1970 lat 537 4222 12833 0 exe 165629 253666 508296 resp 512222 1000 pmu 1011915 772485 8227285 11116515 657385077
1790322665.346186 W 1971 lat 574 4129 13462 0 exe 159314 252777 512722 resp 515425 1000 pmu 1011567 766555 8230996 13049703 655758618
1790322666.390215 W 1972 lat 537 4148 17833 0 exe 163962 254129 512222 resp 514611 1000 pmu 1011892 776801 8230846 13054793 659912062
1790322667.430207 W 1973 lat 499 4259 14129 0 exe 163685 253981 503555 resp 506629 1000 pmu 1012004 770116 8235195 13099795 658635638
1790322668.370213 W 1974 lat 462 4203 13518 0 exe 150962 253092 504814 resp 509333 1000 pmu 1012121 772649 8237874 12996400 656936747
1790322669.418222 W 1975 lat 555 4203 13944 0 exe 166148 252518 511092 resp 514370 1000 pmu 1011660 766071 8233460 12944537 654824391
1790322670.370270 W 1976 lat 388 4111 14814 0 exe 111759 252814 508648 resp 511851 1000 pmu 1011777 773628 8237260 13076719 656318791
1790322671.414227 W 1977 lat 518 4185 13814 0 exe 161759 253037 495851 resp 500314 1000 pmu 1011666 769652 8234799 12784610 656382900
1790322672.354231 W 1978 lat 425 4166 17333 0 exe 98833 253888 508481 resp 511129 999 pmu 1011966 774380 8237718 12910068 658845134
1790322673.406310 W 1979 lat 296 4148 13777 0 exe 59388 247185 504203 resp 506888 989 pmu 1012048 755385 8233970 12733908 640708397
1790322674.446213 W 1980 lat 537 4203 13685 0 exe 134111 250277 502981 resp 506092 1000 pmu 1011900 764465 8235498 12442143 649455795
1790322675.382423 W 1981 lat 518 4333 14351 0 exe 166055 253055 497722 resp 502314 1000 pmu 1011754 767194 8235325 12821970 656051688
1790322676.422240 W 1982 lat 499 4259 14129 0 exe 148999 252481 491537 resp 494759 1000 pmu 1011517 771559 8223511 12954355 655383451
1790322677.358224 W 1983 lat 537 4314 13592 0 exe 159444 252222 499222 resp 502870 1000 pmu 1011556 764517 8227457 12796047 654118377
1790322678.402262 W 1984 lat 499 4240 15592 0 exe 164685 254240 521037 resp 525537 1000 pmu 1011725 776001 8230668 12923698 659752966
1790322679.442250 W 1985 lat 462 4222 14111 0 exe 163259 253611 509351 resp 512740 1000 pmu 1011740 768041 8228957 13191841 657552313
1790322680.382349 W 1986 lat 592 4185 14944 0 exe 156129 253555 508666 resp 513666 1000 pmu 1011994 774390 8240587 13051288 658418384
1790322681.425769 W 1987 lat 425 4185 14277 0 exe 134962 251777 501611 resp 505222 1000 pmu 1011755 763946 8233953 13021367 652943337
1790322682.358579 W 1988 lat 499 4074 14018 0 exe 157833 252037 500037 resp 503037 1000 pmu 1012041 771015 8233390 12825026 654275450
1790322683.398233 W 1989 lat 499 4148 14796 0 exe 143092 251092 500629 resp 504925 1000 pmu 1011486 764626 8229793 12920121 651516716
1790322684.438231 W 1990 lat 499 4148 16851 0 exe 150129 253851 513648 resp 517129 1000 pmu 1011883 774761 8232948 12858483 658802526
1790322685.374238 W 1991 lat 537 4111 14592 0 exe 141314 250351 497092 resp 499351 1000 pmu 1011800 760822 8235190 13043879 649380149
1790322686.418349 W 1992 lat 555 4148 17148 0 exe 164148 253092 503685 resp 507074 1000 pmu 1011948 774094 8231938 12799194 656681807
1790322687.358201 W 1993 lat 555 4185 17888 0 exe 167851 252833 496999 resp 500555 1000 pmu 1011806 766005 8230235 13011895 655575721
1790322688.402215 W 1994 lat 444 4148 14574 0 exe 164870 252925 519703 resp 522592 1000 pmu 1011900 771104 8230026 12967000 656337807
1790322689.350209 W 1995 lat 314 4074 13722 0 exe 68648 247425 503944 resp 507629 992 pmu 1011974 757566 8230796 13158763 641887569
1790322690.402214 W 1996 lat 555 4129 13388 0 exe 165185 253907 512611 resp 516518 1000 pmu 1012022 776613 8232726 12491606 658918865
1790322691.446210 W 1997 lat 537 4185 14314 0 exe 140240 251981 498796 resp 503148 1000 pmu 1011614 763473 8232063 13094121 653343429
1790322692.386203 W 1998 lat 574 4222 14518 0 exe 166333 254611 506314 resp 510611 1000 pmu 1012040 779183 8235600 12828551 660808780
1790322693.426018 W 1999 lat 296 3870 13648 0 exe 19499 232796 494629 resp 498592 908 pmu 1012868 721430 8229822 13048120 603701459
1790322694.366011 W 2000 lat 296 296 555 0 exe 17092 22259 124814 resp 125370 7 pmu 1023796 72336 8265237 12076281 59730472
1790322695.410131 W 2001 lat 296 370 4814 0 exe 17092 34870 480129 resp 483277 88 pmu 1022818 121358 8253739 7212963 95190684
1790322696.346125 W 2002 lat 296 351 1259 0 exe 62555 73814 178203 resp 179314 40 pmu 1014991 587733 8248798 10863635 223927715
1790322697.386119 W 2003 lat 296 351 3074 0 exe 60129 67370 97537 resp 100611 1 pmu 1015212 523811 8247538 8238436 204920027
1790322698.426112 W 2004 lat 296 351 2833 0 exe 61425 69185 147092 resp 147796 27 pmu 1015131 541140 8247046 7406065 209674880
1790322699.362112 W 2005 lat 296 351 1296 0 exe 61129 68055 89870 resp 91055 0 pmu 1015157 531045 8248120 7904205 206527406
1790322700.402117 W 2006 lat 296 351 999 0 exe 60370 69203 170314 resp 170888 27 pmu 1015143 541172 8251767 7319430 209816942
1790322701.442120 W 2007 lat 296 351 1444 0 exe 61185 67333 86499 resp 87944 0 pmu 1014861 523425 8246805 8121401 204739171
1790322702.382119 W 2008 lat 296 351 3703 0 exe 61425 69462 161407 resp 161888 26 pmu 1014876 543898 8248936 7284517 210311624
1790322703.422115 W 2009 lat 296 351 2314 0 exe 60907 67888 109203 resp 110092 1 pmu 1015198 528883 8252453 8052011 206101471
1790322704.358121 W 2010 lat 296 351 2962 0 exe 62296 69333 163592 resp 165185 24 pmu 1015193 542490 8249393 7514395 210143416
1790322705.398113 W 2011 lat 296 351 1222 0 exe 52185 66888 99944 resp 100944 1 pmu 1015459 519552 8250088 8079427 202946728
1790322706.442135 W 2012 lat 296 370 3351 0 exe 60018 68851 149537 resp 152888 20 pmu 1015066 536742 8244189 7368408 208665261
1790322707.378171 W 2013 lat 296 370 2037 0 exe 61296 68185 115277 resp 116055 2 pmu 1015000 529865 8246530 7935875 206890067
1790322708.422136 W 2014 lat 296 537 4129 0 exe 61407 68925 179537 resp 183666 18 pmu 1015211 534492 8246316 7576935 208999122
1790322709.358139 W 2015 lat 296 925 5092 0 exe 60907 68370 131037 resp 132240 5 pmu 1015151 521874 8243816 8251985 207240101
1790322710.398129 W 2016 lat 296 777 4370 0 exe 60629 70092 132981 resp 133499 7 pmu 1014999 529145 8242324 7753493 211114731
1790322711.438114 W 2017 lat 296 407 2462 0 exe 61055 71833 156907 resp 157314 28 pmu 1015004 535658 8241663 7772692 215248876
1790322712.374126 W 2018 lat 296 351 1240 0 exe 62425 70888 122444 resp 122777 3 pmu 1015291 527129 8252019 8010825 212588766
1790322713.414114 W 2019 lat 296 351 1888 0 exe 61962 72129 157462 resp 157962 27 pmu 1015003 537541 8248548 7661367 216010293
1790322714.350116 W 2020 lat 296 351 1240 0 exe 60444 70555 104685 resp 104999 2 pmu 1015269 524265 8252063 8019675 211636389
1790322715.390112 W 2021 lat 296 351 1111 0 exe 61388 72388 181444 resp 181777 31 pmu 1015062 538858 8249329 7472170 216533002
1790322716.434131 W 2022 lat 296 351 1388 0 exe 61685 70518 118537 resp 118888 1 pmu 1015215 524172 8247881 8253053 211722540
1790322717.370115 W 2023 lat 296 351 1148 0 exe 60999 72203 185388 resp 185722 24 pmu 1015012 538836 8250388 7617575 216056136
1790322718.410115 W 2024 lat 296 351 1037 0 exe 61611 70814 100999 resp 101314 2 pmu 1015114 527114 8250609 8289888 212565264
1790322719.350122 W 2025 lat 296 351 1351 0 exe 61537 72499 208074 resp 208518 35 pmu 1014946 540505 8249009 7441323 216846576
1790322720.390111 W 2026 lat 296 351 1425 0 exe 61018 70351 103537 resp 103851 1 pmu 1015126 523100 8250717 8522460 211298892
1790322721.430110 W 2027 lat 296 351 1648 0 exe 60648 71925 168222 resp 168648 24 pmu 1015177 536697 8249851 7463304 215103206
1790322722.366129 W 2028 lat 296 351 1129 0 exe 52203 69962 101703 resp 102129 2 pmu 1015300 522689 8249144 8118087 209713111
1790322723.422124 W 2029 lat 296 351 1129 0 exe 60685 71037 196518 resp 197018 24 pmu 1015095 539546 8250129 7397999 214400245
1790322724.370127 W 2030 lat 296 351 981 0 exe 62037 68240 107444 resp 108148 2 pmu 1015206 528724 8250449 8394521 207402880
1790322725.414028 W 2031 lat 296 351 1925 0 exe 59185 71462 226407 resp 227222 53 pmu 1015558 564178 8248943 7496708 219167720
1790322726.349982 W 2032 lat 296 296 333 0 exe 16925 21407 61685 resp 61999 0 pmu 1023720 63080 8263136 8693684 54921965
1790322727.398027 W 2033 lat 296 296 1018 0 exe 16962 25537 249759 resp 250777 20 pmu 1023469 103873 8258472 6573924 65325831
1790322728.341991 W 2034 lat 296 296 333 0 exe 16944 20518 49222 resp 49555 0 pmu 1023688 51511 8253899 8482690 52621654
1790322729.386010 W 2035 lat 296 296 648 0 exe 16611 22203 126333 resp 126648 7 pmu 1023661 71353 8254241 6444927 56249135
1790322730.429984 W 2036 lat 296 296 370 0 exe 17222 19685 50203 resp 50518 0 pmu 1023737 42440 8252338 7224393 49836913
1790322731.378013 W 2037 lat 296 296 499 0 exe 17499 22777 140074 resp 140555 5 pmu 1023680 77727 8258375 6452042 57658122
1790322732.421984 W 2038 lat 296 296 333 0 exe 17240 19981 50222 resp 50537 0 pmu 1023740 45694 8255195 7369331 50659425
1790322733.382010 W 2039 lat 296 296 870 0 exe 17444 22296 128518 resp 128870 7 pmu 1023639 72316 8255897 6453670 56441297
1790322734.437981 W 2040 lat 296 296 333 0 exe 16999 19499 45944 resp 46259 0 pmu 1023723 39960 8252908 7252267 49365918
1790322735.390011 W 2041 lat 296 296 462 0 exe 17166 23296 123407 resp 123722 7 pmu 1023635 84381 8255502 6407380 59079397
1790322736.441982 W 2042 lat 296 296 333 0 exe 17018 19666 46981 resp 47277 0 pmu 1023712 42116 8247564 7202459 49816028
1790322737.398012 W 2043 lat 296 296 518 0 exe 17351 22703 124462 resp 124888 6 pmu 1023687 76963 8251436 6418476 57453224
1790322738.345987 W 2044 lat 296 296 333 0 exe 17351 21240 73240 resp 73555 0 pmu 1023807 60284 8253406 7211861 53675202
1790322739.394010 W 2045 lat 296 296 425 0 exe 17370 22703 107481 resp 107796 5 pmu 1023595 77638 8256644 6690599 57689446
1790322740.441992 W 2046 lat 296 296 333 0 exe 17240 19981 48796 resp 49111 0 pmu 1023754 45880 8255420 7041239 50489592
1790322741.390011 W 2047 lat 296 296 481 0 exe 17240 22351 113851 resp 114166 9 pmu 1023638 73622 8256562 6439355 56631585
1790322742.341986 W 2048 lat 296 296 333 0 exe 17629 19981 48648 resp 48962 0 pmu 1023756 45809 8253537 7102646 50506279
1790322743.390011 W 2049 lat 296 296 499 0 exe 17296 22518 110648 resp 110981 8 pmu 1023658 75237 8255117 6439955 57032589
1790322744.441983 W 2050 lat 296 296 333 0 exe 17222 19703 48166 resp 48462 0 pmu 1023712 42413 8256079 7071962 49783245
1790322745.378010 W 2051 lat 296 296 759 0 exe 17185 22537 109759 resp 110148 9 pmu 1023566 75704 8252557 6431541 57138209
1790322746.433993 W 2052 lat 296 296 333 0 exe 16814 19814 52629 resp 52962 0 pmu 1023675 44045 8252405 7064175 50065684
1790322747.382010 W 2053 lat 296 296 518 0 exe 17092 22777 130240 resp 130759 9 pmu 1023588 78174 8251931 6474832 57753990
1790322748.425985 W 2054 lat 296 296 425 0 exe 16777 19685 47740 resp 48055 0 pmu 1023675 42457 8253156 7269187 49887559
1790322749.370010 W 2055 lat 296 296 444 0 exe 17462 22499 121555 resp 121999 5 pmu 1023625 75135 8254935 6425727 57037338
1790322750.433985 W 2056 lat 296 296 333 0 exe 16981 19407 44722 resp 45037 0 pmu 1023704 39237 8253435 7182087 49150747
1790322751.385995 W 2057 lat 296 296 444 0 exe 17314 22703 115555 resp 115870 5 pmu 1023630 77399 8259647 6394542 57483071
1790322752.429995 W 2058 lat 296 296 351 0 exe 17222 19999 47111 resp 47425 0 pmu 1023691 45739 8252036 7121700 50534872
1790322753.394009 W 2059 lat 296 296 648 0 exe 17259 22870 109944 resp 110444 6 pmu 1023640 79721 8254864 6422635 57923913
1790322754.345985 W 2060 lat 296 296 333 0 exe 17055 19592 49203 resp 49537 0 pmu 1023763 41378 8253419 7068023 49519010
1790322755.394009 W 2061 lat 296 296 537 0 exe 17388 22833 111425 resp 111925 7 pmu 1023582 79149 8253633 6440667 57855546
1790322756.441984 W 2062 lat 296 296 351 0 exe 17074 19574 47907 resp 48222 0 pmu 1023719 41064 8254576 7082809 49434523
1790322757.386025 W 2063 lat 296 296 592 0 exe 17277 24074 129574 resp 129888 10 pmu 1023593 93309 8252411 6427770 61208587
1790322758.425981 W 2064 lat 296 296 333 0 exe 17203 20259 52814 resp 53129 0 pmu 1023747 49321 8262413 7269279 51278917
1790322759.366282 W 2065 lat 296 388 6222 0 exe 16888 35814 487629 resp 492185 51 pmu 1023281 109253 8265143 6480986 91176475
1790322760.456959 W 2066 lat 314 944 6814 0 exe 117666 164981 403129 resp 405777 1000 pmu 1024613 1013581 8359968 10959478 509363601
1790322761.390946 W 2067 lat 314 722 4296 0 exe 115148 145314 383166 resp 384814 1000 pmu 1026282 1023151 8364645 11260708 534925317
1790322762.428049 W 2068 lat 314 703 3796 0 exe 116055 142481 188037 resp 188796 1000 pmu 1025822 1022275 8363323 10931326 505967820
1790322763.388608 W 2069 lat 296 648 3814 0 exe 106259 140259 206611 resp 207111 1000 pmu 1025257 1019733 8342619 8963415 485602316
1790322764.438450 W 2070 lat 296 537 3166 0 exe 112777 131999 189444 resp 189796 1000 pmu 1021639 1014397 8300828 9087402 453028454
1790322768.266787 W 2071 lat 296 555 3111 0 exe 111444 133851 273166 resp 273944 1000 pmu 1022267 1014208 8308269 8902594 469002111
1790322768.266979 W 2072 lat 296 481 3185 0 exe 108833 127611 197296 resp 197851 1000 pmu 1020991 1008235 8276373 9744161 384144490
1790322768.267046 W 2073 lat 296 444 3351 0 exe 103759 120759 164129 resp 164462 1000 pmu 1021713 993041 8280552 8940241 319201375
1790322768.438143 W 2074 lat 296 425 3592 0 exe 100814 113185 200370 resp 200870 1000 pmu 1024116 962049 8297677 8548373 299758283
1790322769.380486 W 2075 lat 296 648 3277 0 exe 111962 139148 258944 resp 260907 1000 pmu 1024965 1018936 8354170 8860172 479275224
1790322770.451746 W 2076 lat 314 574 3925 0 exe 113685 131537 172092 resp 173370 1000 pmu 1019947 1008131 8290287 9638473 419978118
1790322771.387314 W 2077 lat 296 537 4277 0 exe 107277 129703 192555 resp 194296 1000 pmu 1019624 1003936 8286315 8740041 443822781
1790322772.449246 W 2078 lat 314 703 3925 0 exe 113611 142222 218611 resp 221518 1000 pmu 1025433 1021551 8370901 8907286 496860829
1790322773.374117 W 2079 lat 296 444 3296 0 exe 98444 121518 195944 resp 196351 998 pmu 1022776 996579 8304786 9266838 372161080
1790322774.446064 W 2080 lat 296 481 4611 0 exe 96074 122851 188851 resp 189574 996 pmu 1023702 999832 8297343 8844081 382910092
1790322775.358110 W 2081 lat 296 370 3259 0 exe 101981 111574 135555 resp 135870 1000 pmu 1023653 977443 8278699 8776094 278259220
1790322776.398062 W 2082 lat 296 370 2962 0 exe 101796 110240 128981 resp 129296 1000 pmu 1023733 963865 8279752 8207089 272628650
1790322777.438056 W 2083 lat 296 370 3055 0 exe 102222 110092 121592 resp 123462 1000 pmu 1023792 962319 8278733 8132166 271658093
1790322778.374086 W 2084 lat 296 388 3055 0 exe 100407 109537 135999 resp 136407 1000 pmu 1023480 955710 8276443 8067816 276139729
1790322779.414063 W 2085 lat 296 351 2444 0 exe 101111 109277 126203 resp 126518 1000 pmu 1023705 955990 8276717 8192947 269945351
1790322780.350079 W 2086 lat 296 370 2537 0 exe 102185 109833 127592 resp 128203 1000 pmu 1023731 958937 8271514 8093443 271009960
1790322781.390057 W 2087 lat 296 388 2888 0 exe 102037 109851 130777 resp 131092 1000 pmu 1023679 960569 8273745 8117478 271024991
1790322782.430079 W 2088 lat 296 388 2425 0 exe 100777 109759 125629 resp 125944 1000 pmu 1023699 957916 8278876 8149164 271718468
1790322783.366064 W 2089 lat 296 388 4055 0 exe 93166 108759 125444 resp 126092 968 pmu 1023886 950096 8278999 8088631 268601242
1790322784.406064 W 2090 lat 296 370 2981 0 exe 101814 110462 126444 resp 128814 1000 pmu 1023864 966084 8269069 8053463 272739269
1790322785.342060 W 2091 lat 296 388 3444 0 exe 101740 109944 126444 resp 126759 1000 pmu 1023717 959442 8275037 8118263 271350475
1790322786.382049 W 2092 lat 296 388 2777 0 exe 101074 110444 126777 resp 128814 1000 pmu 1023632 966410 8277806 8107537 272460934
1790322787.422051 W 2093 lat 296 370 2796 0 exe 102796 110092 131722 resp 134296 1000 pmu 1023687 963962 8275747 8115335 271507518
1790322788.358071 W 2094 lat 296 370 2703 0 exe 101759 109999 121574 resp 121888 1000 pmu 1023709 962132 8279992 8174398 271490564
1790322789.398058 W 2095 lat 296 370 2759 0 exe 101629 110166 161148 resp 162092 1000 pmu 1023700 962654 8287050 8055445 277602802
1790322790.438026 W 2096 lat 296 314 2074 0 exe 17092 36814 287722 resp 289203 78 pmu 1023575 209186 8262515 8451934 99301944
1790322791.373982 W 2097 lat 296 296 370 0 exe 16685 19074 37888 resp 38203 0 pmu 1023700 35637 8260512 8926915 49345677
1790322792.418021 W 2098 lat 296 296 1537 0 exe 17796 32944 256185 resp 257722 20 pmu 1023381 191427 8255602 6323342 84689090
1790322793.353989 W 2099 lat 296 296 333 0 exe 17537 20518 44666 resp 44981 0 pmu 1023695 51329 8253362 8593259 52724915
1790322794.394030 W 2100 lat 296 314 3111 0 exe 18092 27092 222203 resp 223185 16 pmu 1023375 120704 8254371 6402418 70191356
1790322795.442028 W 2101 lat 296 314 3481 0 exe 18037 26037 336851 resp 340333 18 pmu 1023757 101572 8261665 8230610 68507978
1790322796.378008 W 2102 lat 296 296 592 0 exe 17574 23370 124777 resp 125296 7 pmu 1023560 84440 8259165 9386058 61232093
1790322797.417986 W 2103 lat 296 296 462 0 exe 17185 20092 42166 resp 42481 0 pmu 1023711 46620 8259700 7220255 50833920
1790322798.354007 W 2104 lat 296 296 685 0 exe 16870 23074 116462 resp 116981 9 pmu 1023668 81233 8257679 6373848 58577380
1790322799.393984 W 2105 lat 296 296 333 0 exe 17185 20074 45777 resp 46074 0 pmu 1023742 46469 8257191 7132640 50748877
1790322800.438013 W 2106 lat 296 296 481 0 exe 17407 24055 127351 resp 127685 8 pmu 1023533 92726 8254504 6409413 61280808
1790322801.381989 W 2107 lat 296 296 333 0 exe 17444 20759 49648 resp 49981 0 pmu 1023671 54458 8252923 7246982 52560911
1790322802.434014 W 2108 lat 296 296 555 0 exe 17611 23759 116185 resp 116629 11 pmu 1023577 89077 8257482 6452994 60451959
1790322803.377985 W 2109 lat 296 296 333 0 exe 17240 20222 48999 resp 49296 0 pmu 1023703 48245 8257285 7136016 51130576
1790322804.418014 W 2110 lat 296 296 518 0 exe 17462 24259 145129 resp 145444 10 pmu 1023607 95096 8259384 6442528 61693574
1790322805.365983 W 2111 lat 296 296 425 0 exe 17666 20148 48740 resp 49055 0 pmu 1023674 47317 8254834 7426253 51133582
1790322806.410013 W 2112 lat 296 296 444 0 exe 17481 23499 124055 resp 124499 9 pmu 1023604 86108 8255844 6442284 59776326
1790322807.345984 W 2113 lat 296 296 407 0 exe 17129 20333 62055 resp 62370 0 pmu 1023703 49664 8256571 7212032 51508700
1790322808.386013 W 2114 lat 296 296 629 0 exe 17592 23962 123092 resp 123425 12 pmu 1023567 91525 8256812 6573493 61029437
1790322809.429983 W 2115 lat 296 296 333 0 exe 17703 20296 47037 resp 47351 0 pmu 1023776 48956 8258711 7205747 51322775
1790322810.378011 W 2116 lat 296 296 499 0 exe 17370 23296 143296 resp 143648 9 pmu 1023643 83559 8250479 6425860 59252540
1790322811.421983 W 2117 lat 296 296 333 0 exe 17592 20166 46425 resp 46740 0 pmu 1023727 47665 8256441 7402791 51134922
1790322812.362015 W 2118 lat 296 296 611 0 exe 17907 24314 114722 resp 115333 9 pmu 1023531 95832 8255031 6418440 61925940
1790322813.405984 W 2119 lat 296 296 333 0 exe 17314 20166 50314 resp 50629 0 pmu 1023685 47285 8253876 7126482 50974237
1790322814.358014 W 2120 lat 296 296 2166 0 exe 17925 23851 136129 resp 138296 14 pmu 1023580 89430 8251526 6455935 60640810
1790322815.405983 W 2121 lat 296 296 462 0 exe 17314 19907 44037 resp 44333 0 pmu 1023693 44538 8250162 7353999 50492323
1790322816.346014 W 2122 lat 296 296 611 0 exe 18037 23740 125962 resp 126462 8 pmu 1023666 89238 8257903 6392374 60331348
1790322817.393994 W 2123 lat 296 296 333 0 exe 17611 20555 49666 resp 49981 0 pmu 1023711 51977 8259381 7236234 52037209
1790322818.342015 W 2124 lat 296 296 685 0 exe 17388 23796 118092 resp 118407 12 pmu 1023507 89719 8253390 6452907 60627705
1790322819.389991 W 2125 lat 296 296 333 0 exe 17444 20759 48092 resp 48388 0 pmu 1023741 54594 8260602 7154090 52491253
1790322820.434015 W 2126 lat 296 296 499 0 exe 17703 23703 127925 resp 128277 14 pmu 1023661 88299 8255551 6437137 60331997
1790322821.369998 W 2127 lat 296 296 425 0 exe 17055 20388 56129 resp 56555 0 pmu 1023694 50736 8259828 7252904 51596372
1790322822.410005 W 2128 lat 296 296 574 0 exe 16981 22685 118574 resp 118888 12 pmu 1023525 77054 8258728 6514967 58231897
1790322823.345995 W 2129 lat 296 296 722 0 exe 16611 21537 126703 resp 127092 5 pmu 1023715 63932 8263265 7150848 54488765
1790322824.394369 W 2130 lat 296 4611 20518 0 exe 17518 354018 759907 resp 771055 750 pmu 1023828 657883 8318488 7227871 895189593
1790322825.442347 W 2131 lat 1055 6629 25685 0 exe 159166 452277 813370 resp 821962 1000 pmu 1022432 794016 8321531 15402250 1147877743
1790322826.402311 W 2132 lat 1055 6407 22166 0 exe 165814 452666 841648 resp 853611 1000 pmu 1022235 798354 8314541 17163404 1150003937
1790322827.350353 W 2133 lat 944 6407 29166 0 exe 168259 453314 764314 resp 776296 1000 pmu 1022926 813610 8315550 17479447 1151757583
1790322828.394382 W 2134 lat 1203 6129 15907 0 exe 153944 446870 777518 resp 785259 1000 pmu 1022645 831263 8315503 16756274 1137384153
1790322829.346317 W 2135 lat 1314 5944 16333 0 exe 229722 471148 803777 resp 809685 1000 pmu 1020891 859060 8299533 16696929 1195221464
1790322830.386303 W 2136 lat 1499 6055 15703 0 exe 204555 491518 775037 resp 781481 1000 pmu 1019234 876508 8267658 17452345 1243695859
1790322831.430289 W 2137 lat 833 6037 16074 0 exe 212333 470796 743129 resp 749574 1000 pmu 1021235 868049 8306801 17142069 1194606183
1790322832.362294 W 2138 lat 1314 6092 23537 0 exe 269499 459759 781685 resp 793666 1000 pmu 1022233 859545 8306851 16756526 1168727430
1790322833.402276 W 2139 lat 1296 6148 20499 0 exe 244018 477148 779740 resp 793592 1000 pmu 1021010 867098 8305552 17440681 1209613601
1790322834.442312 W 2140 lat 1333 5925 16277 0 exe 236999 498666 762314 resp 773592 1000 pmu 1019211 898308 8272683 17374831 1261565430
1790322835.378353 W 2141 lat 1055 5759 23037 0 exe 220203 476037 744055 resp 754333 1000 pmu 1020859 885718 8300140 17238359 1207560507
1790322836.430343 W 2142 lat 888 5962 17240 0 exe 201907 469462 711666 resp 715944 1000 pmu 1021141 863473 8300843 16884998 1191854223
1790322837.374317 W 2143 lat 1055 6074 28296 0 exe 215685 470944 722685 resp 728259 1000 pmu 1019705 859028 8285715 16377923 1194435171
1790322838.422339 W 2144 lat 907 5685 15685 0 exe 223092 490629 741666 resp 748296 1000 pmu 1019958 893844 8275200 16627769 1242692810
1790322839.374268 W 2145 lat 1222 6092 30425 0 exe 215777 473777 762796 resp 770407 1000 pmu 1021178 865823 8297190 16892547 1201360086
1790322840.410305 W 2146 lat 1462 6129 16074 0 exe 212407 461518 732999 resp 740703 1000 pmu 1021324 844855 8312231 17065278 1171675546
1790322841.350325 W 2147 lat 1111 5981 16870 0 exe 225944 477074 777481 resp 788092 1000 pmu 1020799 864236 8287441 16619155 1208226142
1790322842.390305 W 2148 lat 1333 5740 15740 0 exe 235907 495481 756722 resp 768759 1000 pmu 1020448 910021 8297860 17225458 1254562246
1790322843.430322 W 2149 lat 1518 5462 21203 0 exe 270351 491925 742444 resp 751574 1000 pmu 1019555 911164 8284186 17161121 1245693887
1790322844.370305 W 2150 lat 1018 5629 24537 0 exe 228981 489777 753518 resp 763259 1000 pmu 1020028 901145 8288797 17185031 1240512800
1790322845.410256 W 2151 lat 1277 5537 17814 0 exe 292129 490314 757166 resp 764907 1000 pmu 1019971 905858 8293267 17096213 1241783250
1790322846.346317 W 2152 lat 1407 5407 17129 0 exe 292185 500629 747925 resp 752240 1000 pmu 1019264 924129 8285489 17408501 1267190710
1790322847.386321 W 2153 lat 1055 5629 16796 0 exe 282648 503629 742240 resp 749518 1000 pmu 1019303 926386 8283237 17347201 1273929815
1790322848.426389 W 2154 lat 1388 5759 18092 0 exe 253296 497999 735870 resp 741018 1000 pmu 1019953 916879 8288732 17270338 1260108872
1790322849.366305 W 2155 lat 1425 5796 17462 0 exe 286240 488111 747185 resp 753240 1000 pmu 1020252 905257 8293353 17029914 1235929151
1790322850.406342 W 2156 lat 1518 5759 17796 0 exe 292962 488425 757314 resp 766944 1000 pmu 1020698 912047 8302900 17259987 1237756308
1790322851.446291 W 2157 lat 1259 5703 17555 0 exe 255018 502074 755351 resp 764629 1000 pmu 1019904 927477 8283306 17416445 1270213398
1790322852.386333 W 2158 lat 1444 5555 17111 0 exe 297703 499074 735111 resp 742037 1000 pmu 1019921 928697 8294267 17270724 1263292902
1790322853.426331 W 2159 lat 1037 5444 19833 0 exe 212296 496925 766796 resp 773833 1000 pmu 1018785 926741 8279788 17252909 1257859939
1790322854.362015 W 2160 lat 296 1777 15851 0 exe 17388 152425 732314 resp 737611 305 pmu 1022671 323130 8268112 17141799 390493459
1790322855.402006 W 2161 lat 296 296 388 0 exe 17296 21907 135462 resp 135796 6 pmu 1023577 68183 8260413 14047955 60035652
1790322856.342020 W 2162 lat 296 296 1388 0 exe 16944 26537 228462 resp 229851 17 pmu 1023613 116931 8257810 7316615 67356097
1790322857.410015 W 2163 lat 296 296 407 0 exe 20111 25962 118574 resp 118907 5 pmu 1023655 115629 8251290 8278311 66561057
1790322858.362049 W 2164 lat 296 425 518 0 exe 19185 31277 107222 resp 107722 7 pmu 1023777 109573 8248173 7182017 56280868
1790322859.430053 W 2165 lat 462 462 685 0 exe 26333 34907 126388 resp 127074 19 pmu 1023685 120949 8253198 7092575 55702074
1790322860.390037 W 2166 lat 462 462 518 0 exe 27314 34037 74833 resp 75296 0 pmu 1023726 111821 8250060 7340917 53846614
1790322861.350052 W 2167 lat 462 462 518 0 exe 27907 35629 133203 resp 133703 18 pmu 1023617 128006 8253838 6823805 56631302
1790322862.406039 W 2168 lat 462 462 537 0 exe 27148 31499 53296 resp 53777 0 pmu 1023686 85271 8254564 7418655 49919009
1790322863.342053 W 2169 lat 462 462 629 0 exe 27074 35111 141685 resp 142185 22 pmu 1023684 122944 8255368 6595258 55692844
1790322864.390040 W 2170 lat 462 462 537 0 exe 26407 32351 51796 resp 52277 0 pmu 1023668 94268 8253549 7497334 51294620
1790322865.434056 W 2171 lat 462 462 611 0 exe 27462 35055 126277 resp 126759 16 pmu 1023648 122630 8250254 6580760 55698369
1790322866.370027 W 2172 lat 462 462 518 0 exe 27314 32722 54777 resp 55259 0 pmu 1023763 97913 8256552 7344783 51739509
1790322867.422094 W 2173 lat 462 462 814 0 exe 27277 34870 135407 resp 136148 20 pmu 1023623 120600 8254916 6616946 55325025
1790322868.378047 W 2174 lat 462 462 537 0 exe 26351 31722 54481 resp 54962 0 pmu 1023725 87804 8255529 7436444 50269424
1790322869.426084 W 2175 lat 462 462 611 0 exe 27277 35481 131037 resp 131537 19 pmu 1023665 126842 8257716 6604105 56303009
1790322870.362035 W 2176 lat 351 462 537 0 exe 23907 32166 56962 resp 57444 0 pmu 1023748 97911 8253968 7393637 52067293
1790322871.410080 W 2177 lat 462 462 537 0 exe 27240 35944 130833 resp 131351 21 pmu 1023614 131552 8254730 6618547 57016453
1790322872.358068 W 2178 lat 462 462 537 0 exe 27018 31888 48314 resp 48777 0 pmu 1023642 89562 8255176 7393417 50505359
1790322873.414052 W 2179 lat 462 462 629 0 exe 27499 34962 130407 resp 130925 19 pmu 1023560 121032 8255169 6546576 55404682
1790322874.366027 W 2180 lat 462 462 537 0 exe 26814 31888 54703 resp 55203 0 pmu 1023801 89699 8257328 7386034 50503546
1790322875.434055 W 2181 lat 462 462 740 0 exe 27944 35037 135055 resp 135796 19 pmu 1023677 121946 8257514 6609473 55607248
1790322876.390034 W 2182 lat 462 462 537 0 exe 28092 32944 58574 resp 59055 0 pmu 1023717 100382 8253441 7436889 52187518
1790322877.362056 W 2183 lat 462 462 666 0 exe 26055 34092 131407 resp 131907 18 pmu 1023612 112654 8258982 6659851 54267855
1790322878.434032 W 2184 lat 462 462 537 0 exe 26518 31722 57907 resp 58370 0 pmu 1023741 87701 8255804 7384534 50252239
1790322879.398059 W 2185 lat 462 462 722 0 exe 28074 35870 130074 resp 130574 19 pmu 1023629 130528 8254331 6639102 56915002
1790322880.342084 W 2186 lat 462 462 518 0 exe 26999 31722 56759 resp 57259 0 pmu 1023743 87657 8256516 7390350 50251986
1790322881.394083 W 2187 lat 462 462 629 0 exe 27796 36759 135370 resp 135870 18 pmu 1023686 140281 8255254 6630254 58303151
1790322882.346031 W 2188 lat 462 462 537 0 exe 28259 33037 57648 resp 58129 0 pmu 1023771 101302 8256720 7446072 52298595
1790322883.414103 W 2189 lat 462 462 629 0 exe 27370 35277 132777 resp 133277 19 pmu 1023711 124242 8251000 6651933 56028376
1790322884.370028 W 2190 lat 462 462 518 0 exe 26999 31870 54407 resp 54888 0 pmu 1023754 89434 8251882 7410620 50491523
1790322885.426055 W 2191 lat 462 462 629 0 exe 27499 34870 136018 resp 136537 19 pmu 1023659 120184 8255395 6607133 55310598
1790322886.366056 W 2192 lat 407 462 537 0 exe 22203 32462 124111 resp 124592 8 pmu 1023710 100985 8263220 7441764 52494606
1790322887.406048 W 2193 lat 425 462 703 0 exe 22981 29444 132055 resp 132555 18 pmu 1023696 68215 8268539 7283007 47812189
1790322888.350021 W 2194 lat 296 388 1092 0 exe 17537 28277 202148 resp 203203 28 pmu 1023585 90565 8259472 7352467 55871905
1790322889.398009 W 2195 lat 296 296 425 0 exe 17407 22240 121629 resp 122055 5 pmu 1023651 72165 8255804 8024060 57288765
1790322890.341982 W 2196 lat 296 296 333 0 exe 17259 19333 41555 resp 41888 0 pmu 1023594 38201 8251204 7180863 48913116
1790322891.386005 W 2197 lat 296 296 537 0 exe 16833 22314 118814 resp 119259 4 pmu 1023620 72977 8256475 6363865 56478035
1790322892.433985 W 2198 lat 296 296 333 0 exe 16962 19592 41611 resp 41907 0 pmu 1023594 41231 8255238 7151101 49556217
1790322893.378004 W 2199 lat 296 296 666 0 exe 16796 21851 125518 resp 126074 5 pmu 1023608 67612 8254439 6364075 55312401
1790322894.421980 W 2200 lat 296 296 333 0 exe 17277 19481 39981 resp 40296 0 pmu 1023763 40209 8259010 7216739 49291739
1790322895.370007 W 2201 lat 296 296 462 0 exe 17462 22148 123888 resp 124351 6 pmu 1023685 70764 8258593 6348942 55979401
1790322896.413983 W 2202 lat 296 296 388 0 exe 16888 20203 44777 resp 45092 0 pmu 1023707 48554 8259108 7203740 51105651
1790322897.350009 W 2203 lat 296 296 574 0 exe 17037 21999 110055 resp 110407 7 pmu 1023624 69465 8255084 6398755 55696434
1790322898.389978 W 2204 lat 296 296 333 0 exe 16907 19444 46388 resp 46722 0 pmu 1023689 39577 8256330 7062599 49091312
1790322899.434005 W 2205 lat 296 296 574 0 exe 17333 21925 127222 resp 127537 7 pmu 1023633 67802 8255664 6411131 55480284
1790322900.381983 W 2206 lat 296 296 333 0 exe 16722 19925 59814 resp 60129 0 pmu 1023671 44975 8251920 7235148 50421768
1790322901.426008 W 2207 lat 296 296 444 0 exe 17055 22037 117888 resp 118203 5 pmu 1023634 69339 8257327 6546715 55814884
1790322902.369978 W 2208 lat 296 296 333 0 exe 17092 19870 45981 resp 46277 0 pmu 1023686 44415 8251882 7140360 50227431
1790322903.410016 W 2209 lat 296 296 685 0 exe 17222 22277 120592 resp 120907 6 pmu 1023601 72289 8255223 6409804 56336436
1790322904.345978 W 2210 lat 296 296 333 0 exe 17166 19888 45333 resp 45648 0 pmu 1023753 44938 8258040 7170545 50290462
1790322905.390005 W 2211 lat 296 296 444 0 exe 17351 22166 112499 resp 112851 4 pmu 1023650 71352 8260540 6403896 56114743
1790322906.429983 W 2212 lat 296 296 333 0 exe 17333 19814 60074 resp 60388 0 pmu 1023707 44022 8259532 7088617 50071482
1790322907.366006 W 2213 lat 296 296 425 0 exe 17092 22074 124129 resp 124499 8 pmu 1023540 69469 8255404 6551726 55910668
1790322908.405981 W 2214 lat 296 296 333 0 exe 17148 20425 59555 resp 59851 0 pmu 1023640 51250 8253712 7203251 51658782
1790322909.358005 W 2215 lat 296 296 370 0 exe 17148 22203 107407 resp 107740 6 pmu 1023578 71572 8254883 6548610 56280012
1790322910.409977 W 2216 lat 296 296 333 0 exe 17018 19462 41870 resp 42166 0 pmu 1023745 39572 8254992 7036416 49116678
1790322911.354004 W 2217 lat 296 296 462 0 exe 17407 22203 118111 resp 118425 6 pmu 1023626 71410 8254547 6366404 56192449
1790322912.405983 W 2218 lat 296 296 333 0 exe 17351 20092 46444 resp 46759 0 pmu 1023684 46983 8254584 7145122 50777722
1790322913.362004 W 2219 lat 296 296 425 0 exe 17129 22259 107518 resp 107851 8 pmu 1023686 72315 8257334 6417064 56348055
1790322914.405978 W 2220 lat 296 296 333 0 exe 17037 19277 43425 resp 43722 0 pmu 1023682 37706 8256389 7038092 48712949
1790322915.358005 W 2221 lat 296 296 499 0 exe 17259 22351 105499 resp 105814 3 pmu 1023623 74014 8257205 6381130 56659702
1790322916.401984 W 2222 lat 296 296 351 0 exe 17185 19999 46462 resp 46796 0 pmu 1023677 46319 8256132 7019222 50544392
1790322917.346008 W 2223 lat 296 296 3666 0 exe 17425 22666 109388 resp 109703 6 pmu 1023549 77120 8253908 6416156 57356923
1790322918.390003 W 2224 lat 296 296 388 0 exe 17314 21481 100203 resp 100518 1 pmu 1023721 63704 8263440 7076557 54508275
1790322919.430004 W 2225 lat 296 296 444 0 exe 17185 21814 113499 resp 113833 6 pmu 1023652 67331 8261260 6961568 55548269
1790322920.370348 W 2226 lat 296 1277 8018 0 exe 17111 154629 588814 resp 596833 576 pmu 1027273 604607 8365151 7097814 414498221
1790322921.418156 W 2227 lat 333 2203 8666 0 exe 113777 261740 545814 resp 551259 1000 pmu 1030344 1014473 8431430 12597454 704322322
1790322922.358128 W 2228 lat 314 1944 8666 0 exe 112407 252962 549333 resp 552703 1000 pmu 1030334 1017993 8435976 13181514 683667602
1790322923.402155 W 2229 lat 314 2018 9611 0 exe 109962 254833 564592 resp 569444 1000 pmu 1030448 1018538 8438903 13154285 688558789
1790322924.350275 W 2230 lat 314 2074 7907 0 exe 111833 254648 553685 resp 559425 1000 pmu 1030437 1018646 8435227 13316430 687745303
1790322925.402333 W 2231 lat 314 2055 9185 0 exe 109537 256592 539925 resp 545999 1000 pmu 1030418 1018431 8435731 13212041 692691382
1790322926.442157 W 2232 lat 333 2055 7722 0 exe 110388 257222 556185 resp 560648 1000 pmu 1030531 1017361 8436599 13080578 694032171
1790322927.386255 W 2233 lat 314 2037 7759 0 exe 110574 255481 575574 resp 580055 1000 pmu 1030242 1018364 8429483 13235331 690186566
1790322928.430292 W 2234 lat 314 2037 8333 0 exe 108444 253648 549407 resp 552703 1000 pmu 1030317 1018483 8434739 13421571 685412150
1790322929.378165 W 2235 lat 314 1981 8333 0 exe 113037 251648 543870 resp 549629 1000 pmu 1030503 1021354 8436105 13136928 680945889
1790322930.422158 W 2236 lat 314 2203 7592 0 exe 114722 269499 550444 resp 556203 1000 pmu 1030317 1010845 8438405 13106574 723174709
1790322931.370358 W 2237 lat 314 1962 8296 0 exe 109666 253499 547648 resp 552129 1000 pmu 1030442 1018739 8433533 13267401 685314727
1790322932.410345 W 2238 lat 333 2018 7685 0 exe 111425 254999 542759 resp 548185 1000 pmu 1030438 1018597 8436926 13130254 688461475
1790322933.346307 W 2239 lat 333 2018 7999 0 exe 109648 255370 552833 resp 558203 1000 pmu 1030497 1018020 8437860 13099647 689735206
1790322934.386248 W 2240 lat 314 1962 11481 0 exe 109759 253092 557592 resp 560907 1000 pmu 1030319 1018130 8429931 13194626 683870546
1790322935.426169 W 2241 lat 314 1907 7703 0 exe 110314 247648 539759 resp 544722 1000 pmu 1030359 1021230 8437675 13238085 671370004
1790322936.362216 W 2242 lat 296 1888 8351 0 exe 107925 241462 525277 resp 530277 1000 pmu 1030248 1024150 8437891 13024369 655990525
1790322937.402289 W 2243 lat 314 1962 8314 0 exe 110092 251425 543740 resp 548129 1000 pmu 1030524 1022485 8438029 12839930 680051601
1790322938.342185 W 2244 lat 314 2074 8314 0 exe 111314 258796 567333 resp 571777 1000 pmu 1030303 1014900 8430717 13082203 697331911
1790322939.382264 W 2245 lat 314 1981 8166 0 exe 106499 251537 535962 resp 540814 1000 pmu 1030413 1021634 8437954 13362127 680669458
1790322940.422170 W 2246 lat 314 2092 10351 0 exe 113018 256425 549685 resp 555166 1000 pmu 1030344 1016130 8434125 12988958 691796065
1790322941.362191 W 2247 lat 314 2111 9092 0 exe 112277 257129 556555 resp 560703 1000 pmu 1030445 1017415 8442249 13197803 693786178
1790322942.402142 W 2248 lat 314 2055 7574 0 exe 111888 256277 568092 resp 572166 1000 pmu 1030397 1017964 8430494 13253516 691662421
1790322943.442264 W 2249 lat 333 2055 8444 0 exe 114462 257037 547759 resp 554685 1000 pmu 1030427 1018315 8432286 13354475 693777883
1790322944.382249 W 2250 lat 314 1981 9129 0 exe 112111 251518 552111 resp 556962 1000 pmu 1030297 1018791 8432725 13186622 680056830
1790322945.422165 W 2251 lat 314 2037 7037 0 exe 111203 251314 565333 resp 569518 1000 pmu 1030352 1019111 8435170 13183054 680160774
1790322946.358166 W 2252 lat 333 1999 7537 0 exe 110962 253444 544018 resp 549037 1000 pmu 1030363 1019100 8435712 13296196 684873256
1790322947.398339 W 2253 lat 314 2074 7592 0 exe 111481 256851 584462 resp 588499 1000 pmu 1030410 1018095 8438958 13099257 693308288
1790322948.442120 W 2254 lat 314 2055 7851 0 exe 109999 254351 561333 resp 568055 1000 pmu 1030345 1018600 8436114 13518891 687216959
1790322949.378209 W 2255 lat 314 1999 7518 0 exe 110925 252888 549333 resp 554333 1000 pmu 1030423 1019132 8437622 13282336 683900760
1790322950.418016 W 2256 lat 296 1018 7814 0 exe 17111 118851 492759 resp 495333 444 pmu 1026653 492895 8328723 13147475 322685610
1790322951.354008 W 2257 lat 296 296 462 0 exe 17055 21666 113611 resp 113944 8 pmu 1023678 65922 8260977 11425525 57878343
1790322952.402026 W 2258 lat 296 296 833 0 exe 17148 27814 239111 resp 239666 16 pmu 1023579 132285 8253746 7096070 70826487
1790322953.341137 W 2259 lat 296 296 444 0 exe 20259 27074 112111 resp 112555 5 pmu 1023565 128354 8250731 8385225 69796168
1790322954.389998 W 2260 lat 296 296 333 0 exe 20037 23907 49018 resp 49314 0 pmu 1023696 91047 8249388 7124411 60487586
1790322955.434011 W 2261 lat 296 296 425 0 exe 20296 26999 107314 resp 107629 4 pmu 1023655 127596 8247321 6475076 68439298
1790322956.374000 W 2262 lat 296 296 333 0 exe 20685 24666 48944 resp 49259 0 pmu 1023731 100113 8248372 7075644 62339233
1790322957.430014 W 2263 lat 296 296 462 0 exe 19814 26703 120407 resp 120740 6 pmu 1023573 123963 8247058 6481595 67765661
1790322958.374001 W 2264 lat 296 296 425 0 exe 20018 24944 85999 resp 86314 0 pmu 1023701 103714 8249137 7202912 63197187
1790322959.418010 W 2265 lat 296 296 611 0 exe 19962 26833 112574 resp 112944 5 pmu 1023719 125968 8248599 6850586 68448513
1790322960.358000 W 2266 lat 296 296 333 0 exe 20407 25185 49166 resp 49481 0 pmu 1023696 106094 8249019 7126909 63626575
1790322961.402012 W 2267 lat 296 296 462 0 exe 20166 26370 111037 resp 111499 6 pmu 1023621 120002 8248678 6485035 66857656
1790322962.349997 W 2268 lat 296 296 333 0 exe 20166 24833 49129 resp 49425 0 pmu 1023749 102115 8244804 7109870 62781408
1790322963.394014 W 2269 lat 296 296 351 0 exe 20185 26685 108722 resp 109037 5 pmu 1023648 124051 8247912 6481462 67687204
1790322964.438003 W 2270 lat 296 296 333 0 exe 21203 25611 51037 resp 51333 0 pmu 1023673 111487 8248349 7087068 64679636
1790322965.382015 W 2271 lat 296 296 481 0 exe 20666 26907 121666 resp 121981 6 pmu 1023630 126408 8250979 6509750 68364559
1790322966.421994 W 2272 lat 296 296 333 0 exe 19703 24222 70277 resp 70574 0 pmu 1023716 95024 8244164 7220760 61354230
1790322967.366019 W 2273 lat 296 296 703 0 exe 19814 24555 119351 resp 119814 9 pmu 1023735 98306 8249512 6687634 62594049
1790322968.406006 W 2274 lat 296 296 388 0 exe 21351 27425 102740 resp 103055 1 pmu 1023669 133231 8251867 7183441 69206489
1790322969.342247 W 2275 lat 296 296 444 0 exe 21277 25499 104296 resp 104685 1 pmu 1023718 109932 8250150 7036943 64617253
1790322970.382012 W 2276 lat 296 296 444 0 exe 20888 26574 107481 resp 107870 6 pmu 1023672 122837 8247846 7043255 67456185
1790322971.434014 W 2277 lat 296 296 333 0 exe 20148 24092 50111 resp 50407 0 pmu 1023718 93504 8252574 7078594 60933590
1790322972.369996 W 2278 lat 296 296 555 0 exe 20259 26999 113240 resp 113611 6 pmu 1023670 127943 8253524 6487475 68549782
1790322973.414011 W 2279 lat 296 296 333 0 exe 20240 24222 47888 resp 48203 0 pmu 1023735 94933 8252376 7135634 61319151
1790322974.353992 W 2280 lat 296 296 796 0 exe 20740 26999 117055 resp 117499 8 pmu 1023689 127277 8246491 6466523 68534158
1790322975.410010 W 2281 lat 296 296 333 0 exe 20407 24499 44074 resp 44370 0 pmu 1023690 98339 8248049 7177788 62022726
1790322976.349998 W 2282 lat 296 296 444 0 exe 17351 25851 111777 resp 112148 5 pmu 1023675 114419 8254929 6430514 65524802
1790322977.390027 W 2283 lat 296 296 333 0 exe 19185 23740 48203 resp 48518 0 pmu 1023689 89010 8248700 7100020 60073425
1790322978.430009 W 2284 lat 296 296 574 0 exe 20092 28388 116351 resp 116925 7 pmu 1023525 144343 8248982 6461763 72067891
1790322979.365986 W 2285 lat 296 296 333 0 exe 20074 24388 50981 resp 51296 0 pmu 1023728 96758 8248696 7173883 61691644
1790322980.418012 W 2286 lat 296 296 388 0 exe 19296 26851 123666 resp 123999 6 pmu 1023637 125612 8247871 6497554 68206726
1790322981.365985 W 2287 lat 296 296 333 0 exe 20388 23962 50092 resp 50407 0 pmu 1023721 91775 8249646 7233393 60699678
1790322982.414010 W 2288 lat 296 296 444 0 exe 16999 26722 114407 resp 114740 11 pmu 1023560 124735 8251961 6488144 68037796
1790322983.349978 W 2289 lat 296 296 425 0 exe 16925 19185 40444 resp 40759 0 pmu 1023799 36843 8250792 7128816 48545251
1790322984.406032 W 2290 lat 296 296 814 0 exe 16999 26518 248018 resp 248703 23 pmu 1023474 116412 8255410 6350876 67669655
1790322985.349988 W 2291 lat 296 296 388 0 exe 17555 21407 54574 resp 54888 0 pmu 1023672 61180 8248256 8467533 54830801
1790322986.406006 W 2292 lat 296 296 425 0 exe 17777 22944 118722 resp 119037 6 pmu 1023691 78775 8250164 6506170 58029595
1790322987.353985 W 2293 lat 296 296 333 0 exe 17907 20851 43925 resp 44240 0 pmu 1023734 54893 8250580 7156808 52690633
1790322988.394009 W 2294 lat 296 296 425 0 exe 17444 23166 117907 resp 118203 6 pmu 1023696 81200 8249112 6398361 58523787
1790322989.345987 W 2295 lat 296 296 351 0 exe 17999 20907 46388 resp 46703 0 pmu 1023755 55053 8249019 7147883 52775977
1790322990.410008 W 2296 lat 296 296 481 0 exe 17907 22962 109407 resp 109722 6 pmu 1023706 79270 8248789 6424024 58045223
1790322991.361984 W 2297 lat 296 296 333 0 exe 17648 20481 45611 resp 45925 0 pmu 1023726 50534 8250880 7064561 51703763
1790322992.410010 W 2298 lat 296 296 537 0 exe 18018 23203 110425 resp 110740 6 pmu 1023642 82012 8246792 6412098 58592352
1790322993.349986 W 2299 lat 296 296 333 0 exe 17796 20851 45407 resp 45722 0 pmu 1023716 54566 8247672 7076623 52592601
1790322994.398008 W 2300 lat 296 296 499 0 exe 17833 22999 107833 resp 108148 7 pmu 1023702 79782 8250736 6412809 58075550
1790322995.441986 W 2301 lat 296 296 333 0 exe 18092 20999 48148 resp 48444 0 pmu 1023702 56026 8249188 7048746 52953295
1790322996.394009 W 2302 lat 296 296 444 0 exe 17296 23166 109759 resp 110166 4 pmu 1023676 81505 8250718 6442124 58509574
1790322997.437981 W 2303 lat 296 296 333 0 exe 17796 20648 47018 resp 47333 0 pmu 1023666 51919 8247130 7066311 52092870
1790322998.390010 W 2304 lat 296 296 444 0 exe 17166 22648 114129 resp 114444 5 pmu 1023660 76224 8251326 6427750 57211701
1790322999.341985 W 2305 lat 296 296 351 0 exe 17925 20722 47185 resp 47499 0 pmu 1023744 53744 8247737 7106255 52267808
1790323000.390010 W 2306 lat 296 296 444 0 exe 17981 23240 109685 resp 110092 6 pmu 1023626 83574 8245985 6430625 58744137
1790323001.445987 W 2307 lat 296 296 333 0 exe 17814 20944 48166 resp 48481 0 pmu 1023749 56321 8248729 7069365 52768548
1790323002.390008 W 2308 lat 296 296 518 0 exe 17740 25203 112111 resp 112574 5 pmu 1023623 106350 8251164 6440883 63624134
1790323003.429986 W 2309 lat 296 296 351 0 exe 17962 20740 46999 resp 47314 0 pmu 1023726 53965 8250380 7102764 52308624
1790323004.374006 W 2310 lat 296 296 444 0 exe 17240 23425 122999 resp 123444 6 pmu 1023614 84945 8255915 6428950 59209084
1790323005.421982 W 2311 lat 296 296 351 0 exe 17833 20666 45796 resp 46129 0 pmu 1023707 51908 8250760 7199838 52182838
1790323006.358006 W 2312 lat 296 296 499 0 exe 17796 23092 131185 resp 131685 7 pmu 1023651 80640 8250267 6416025 58359248
1790323007.409989 W 2313 lat 296 296 333 0 exe 17648 20870 45018 resp 45314 0 pmu 1023762 54632 8248164 7283448 52770698
1790323008.358011 W 2314 lat 296 296 425 0 exe 17240 23407 109685 resp 109999 6 pmu 1023645 84384 8249837 6408023 59090853
1790323009.417989 W 2315 lat 296 296 388 0 exe 17499 21166 51648 resp 51962 0 pmu 1023710 58061 8249696 7065920 53379825
1790323010.362010 W 2316 lat 296 296 481 0 exe 17314 23222 109314 resp 109648 5 pmu 1023649 82626 8251914 6475485 58707370
1790323011.421983 W 2317 lat 296 296 333 0 exe 17962 20425 45444 resp 45759 0 pmu 1023741 49446 8247728 7062047 51556442
1790323012.370011 W 2318 lat 296 296 499 0 exe 17870 23055 112537 resp 113037 7 pmu 1023728 80361 8250719 6411800 58168560
1790323013.417990 W 2319 lat 296 296 351 0 exe 17759 21037 48407 resp 48703 0 pmu 1023723 56753 8249528 7097098 53082916
1790323014.358010 W 2320 lat 296 296 1018 0 exe 17277 25203 119740 resp 120074 12 pmu 1023650 106277 8258339 6443489 64666751
1790323015.397978 W 2321 lat 296 296 333 0 exe 16944 19203 42129 resp 42444 0 pmu 1023724 36999 8258432 7178818 48612148
1790323016.446178 W 2322 lat 296 925 11499 0 exe 17259 73759 475944 resp 480111 473 pmu 1026590 535555 8358040 6368745 1064697702
1790323017.386332 W 2323 lat 407 1537 11203 0 exe 102222 127574 310722 resp 316981 1000 pmu 1030497 1042244 8454914 11061582 2287112072
1790323018.426199 W 2324 lat 351 1518 11870 0 exe 102055 127222 326537 resp 332518 1000 pmu 1030138 1042331 8455969 10115655 2271608576
1790323019.362221 W 2325 lat 388 1537 10999 0 exe 102111 127537 315277 resp 325296 1000 pmu 1030418 1042555 8457394 10272876 2277322374
1790323020.402164 W 2326 lat 425 1444 10962 0 exe 101962 126648 314092 resp 319814 1000 pmu 1030317 1042418 8458306 10178437 2284480957
1790323021.442290 W 2327 lat 407 1629 11166 0 exe 102018 128148 309148 resp 314925 1000 pmu 1030444 1042369 8458095 10139216 2283577381
1790323022.378332 W 2328 lat 407 1518 11111 0 exe 101981 130499 332518 resp 339370 1000 pmu 1030450 1042630 8454046 10099684 2269162096
1790323023.418184 W 2329 lat 388 1518 11037 0 exe 102148 127981 314055 resp 322296 1000 pmu 1030359 1042550 8462474 10349417 2276278510
1790323024.362247 W 2330 lat 407 1518 14351 0 exe 102148 128018 312999 resp 313981 1000 pmu 1030449 1042285 8457292 10159615 2272835928
1790323025.402260 W 2331 lat 444 1481 12648 0 exe 102074 127851 329555 resp 339814 1000 pmu 1030358 1042692 8459968 10129563 2291179887
1790323026.442254 W 2332 lat 388 1499 11240 0 exe 102018 126833 297814 resp 307388 1000 pmu 1030397 1042477 8455510 10331925 2275368207
1790323027.378265 W 2333 lat 370 1555 12055 0 exe 102018 128592 321851 resp 328444 1000 pmu 1030372 1042922 8463636 9998435 2275091317
1790323028.418262 W 2334 lat 425 1499 11629 0 exe 102037 128648 322685 resp 327462 1000 pmu 1030435 1042480 8457470 10236929 2269795014
1790323029.354238 W 2335 lat 462 1574 11203 0 exe 102092 128203 317666 resp 323092 1000 pmu 1030375 1042709 8458715 10234500 2286146885
1790323030.394256 W 2336 lat 407 1555 11296 0 exe 102203 128185 316814 resp 323796 1000 pmu 1030459 1042642 8459871 10183928 2274938008
1790323031.434137 W 2337 lat 444 1499 11018 0 exe 102203 127648 308388 resp 313462 1000 pmu 1030380 1043351 8462236 10183801 2280177894
1790323032.374308 W 2338 lat 407 1629 11777 0 exe 102203 128555 310629 resp 314944 1000 pmu 1030274 1042933 8459412 10085727 2274319441
1790323033.418272 W 2339 lat 407 1611 11722 0 exe 102222 128203 317685 resp 327611 1000 pmu 1030397 1043272 8464255 10113261 2285529890
1790323034.362270 W 2340 lat 407 1518 11129 0 exe 101111 128148 317999 resp 325314 1000 pmu 1030191 1042066 8452410 10209795 2262765322
1790323035.402253 W 2341 lat 444 1592 12222 0 exe 102074 128425 313925 resp 319296 1000 pmu 1030437 1043886 8473987 10190524 2266252116
1790323036.442271 W 2342 lat 407 1629 11296 0 exe 102018 127740 309574 resp 311018 1000 pmu 1030502 1042877 8459561 10152400 2278433693
1790323037.382244 W 2343 lat 425 1425 10703 0 exe 102203 125129 319166 resp 324981 1000 pmu 1030243 1042306 8455169 10080852 2278413088
1790323038.422189 W 2344 lat 407 1481 11851 0 exe 101981 127814 301148 resp 306499 1000 pmu 1030366 1042343 8456996 10182516 2279715631
1790323039.358214 W 2345 lat 407 1537 11666 0 exe 101888 127666 313629 resp 324351 1000 pmu 1030475 1042242 8452805 10018404 2276383856
1790323040.402268 W 2346 lat 407 1518 11222 0 exe 102166 128592 317129 resp 319092 1000 pmu 1030418 1041643 8444373 10168268 2277402634
1790323041.442324 W 2347 lat 444 1518 11425 0 exe 102129 125851 310611 resp 320277 1000 pmu 1030249 1041817 8449485 10163102 2278591755
1790323042.378256 W 2348 lat 444 1499 10981 0 exe 102018 127851 331981 resp 334259 1000 pmu 1030350 1041471 8443264 10123728 2277735783
1790323043.418276 W 2349 lat 351 1574 11259 0 exe 101999 129018 308537 resp 312462 1000 pmu 1030367 1041970 8448519 10307683 2280916189
1790323044.358201 W 2350 lat 407 1425 10777 0 exe 102074 127222 301444 resp 306574 1000 pmu 1030236 1041343 8444354 10088533 2283689113
1790323045.394217 W 2351 lat 388 1425 12314 0 exe 102111 127092 305814 resp 315555 1000 pmu 1030221 1041696 8451343 10012062 2287494347
1790323046.438015 W 2352 lat 296 1018 10870 0 exe 17925 91518 306555 resp 308537 638 pmu 1026932 730834 8357025 10084841 1470477821
1790323047.373977 W 2353 lat 296 296 333 0 exe 16999 19537 46537 resp 46851 0 pmu 1023752 41099 8262546 9443139 50820846
1790323048.418158 W 2354 lat 296 425 6425 0 exe 16796 67185 521185 resp 525314 354 pmu 1023530 383851 8287961 6414550 188886308
1790323049.354157 W 2355 lat 314 407 1555 0 exe 123092 125759 179796 resp 181333 1000 pmu 1023762 1011793 8337738 11450593 381152758
1790323050.394155 W 2356 lat 314 425 2740 0 exe 114796 126074 202407 resp 204870 1000 pmu 1023728 1011927 8333614 8823909 380655398
1790323051.438160 W 2357 lat 314 407 1555 0 exe 110240 125296 186388 resp 187018 1000 pmu 1023375 1010042 8333221 9020558 378030426
1790323052.374168 W 2358 lat 296 407 1870 0 exe 116555 126055 192370 resp 192722 1000 pmu 1023753 1012096 8331951 8818384 380618632
1790323053.414149 W 2359 lat 314 425 1370 0 exe 123185 125759 223703 resp 224851 1000 pmu 1024062 1012044 8340179 8913814 379743792
1790323054.350196 W 2360 lat 314 425 2370 0 exe 115074 126148 198888 resp 199314 1000 pmu 1023746 1012035 8335095 9260450 381097305
1790323055.390159 W 2361 lat 314 425 1296 0 exe 122962 125777 178851 resp 179185 1000 pmu 1023828 1011992 8339900 8975010 379839916
1790323056.430163 W 2362 lat 314 407 2055 0 exe 111314 126259 242814 resp 243148 1000 pmu 1023661 1011587 8331013 8806588 380997084
1790323057.366155 W 2363 lat 296 425 1444 0 exe 122574 125777 192148 resp 192499 1000 pmu 1023717 1011996 8337107 9393876 380098715
1790323058.410191 W 2364 lat 314 407 1259 0 exe 114240 126092 193092 resp 193685 1000 pmu 1023810 1012121 8334049 8938431 380717858
1790323059.346166 W 2365 lat 296 425 2740 0 exe 122555 125796 179018 resp 181092 1000 pmu 1023820 1011873 8334213 8907732 379804076
1790323060.390203 W 2366 lat 296 425 2666 0 exe 122777 125925 199166 resp 200277 1000 pmu 1023915 1012519 8342056 8822061 380209207
1790323061.430186 W 2367 lat 296 425 3555 0 exe 115129 126037 209222 resp 210240 1000 pmu 1023813 1012277 8337264 9020113 380645042
1790323062.366530 W 2368 lat 314 425 2499 0 exe 122740 125648 162388 resp 164888 1000 pmu 1023621 1011315 8331311 9086822 379489888
1790323063.406184 W 2369 lat 314 407 1333 0 exe 116370 126018 234148 resp 234759 1000 pmu 1023767 1012196 8330017 8656917 380459559
1790323064.342176 W 2370 lat 314 425 1907 0 exe 122407 125685 193425 resp 195333 1000 pmu 1023847 1011967 8335903 9329247 379853964
1790323065.382176 W 2371 lat 296 425 1499 0 exe 115240 126092 219499 resp 220999 1000 pmu 1024047 1012378 8341597 8960037 380927642
1790323066.422191 W 2372 lat 314 407 1370 0 exe 123037 125685 186537 resp 187574 1000 pmu 1023804 1011922 8333874 9182706 379720717
1790323067.362169 W 2373 lat 296 444 4055 0 exe 111462 125574 205074 resp 207814 1000 pmu 1023534 1011062 8341340 8887171 379045345
1790323068.402176 W 2374 lat 296 425 1962 0 exe 122666 125666 171388 resp 171814 1000 pmu 1023838 1011784 8342087 9035966 379690160
1790323069.442163 W 2375 lat 314 425 2481 0 exe 116388 126037 197481 resp 199259 1000 pmu 1024007 1012457 8341300 8733640 380674203
1790323070.378190 W 2376 lat 296 407 1851 0 exe 121888 125666 171314 resp 172814 1000 pmu 1023638 1011736 8332689 8974306 379574910
1790323071.422196 W 2377 lat 314 444 3629 0 exe 112074 126240 232611 resp 232999 1000 pmu 1023799 1012448 8346696 8733748 381238253
1790323072.358185 W 2378 lat 314 444 2370 0 exe 123185 125870 197981 resp 199611 1000 pmu 1023868 1012918 8346620 9304083 380301270
1790323073.398198 W 2379 lat 296 444 4962 0 exe 117407 126055 204129 resp 206240 1000 pmu 1023946 1012326 8345157 9011210 381010162
1790323074.442134 W 2380 lat 314 425 2370 0 exe 122055 125759 198148 resp 198481 1000 pmu 1023870 1011980 8338959 9059926 379904033
1790323075.374192 W 2381 lat 314 444 3666 0 exe 115833 126444 208870 resp 211611 1000 pmu 1023795 1012865 8337452 9000176 381813298
1790323076.414175 W 2382 lat 296 444 2425 0 exe 121999 125999 201648 resp 202740 1000 pmu 1023805 1012283 8340447 9098280 380602890
1790323077.350173 W 2383 lat 314 499 3796 0 exe 113999 126648 226592 resp 228296 1000 pmu 1024019 1012337 8334847 9040040 382324604
1790323078.390013 W 2384 lat 296 611 11388 0 exe 17092 94296 579574 resp 584851 678 pmu 1023783 714107 8303896 9262237 280160246
1790323079.430007 W 2385 lat 296 296 388 0 exe 17055 21499 120444 resp 120759 6 pmu 1023640 63879 8264658 12200124 57986433
1790323080.370122 W 2386 lat 296 499 6629 0 exe 16925 56518 586444 resp 592018 112 pmu 1021697 289703 8262256 7163295 154912373
1790323081.410095 W 2387 lat 296 759 4796 0 exe 62370 106444 392314 resp 395629 264 pmu 1015887 753041 8249947 12056982 310541385
1790323082.346071 W 2388 lat 296 722 4611 0 exe 64259 101166 333370 resp 335962 225 pmu 1015186 739185 8246466 10573339 295811229
1790323083.394097 W 2389 lat 296 740 5203 0 exe 65944 105314 382370 resp 386907 250 pmu 1016038 751270 8254364 9962270 306054413
1790323084.362095 W 2390 lat 296 685 6037 0 exe 63518 99277 367851 resp 373888 215 pmu 1014895 732904 8238550 10493926 289754292
1790323085.406088 W 2391 lat 296 685 5425 0 exe 63203 98240 390814 resp 392888 222 pmu 1014890 745099 8241331 10318054 288900883
1790323086.342078 W 2392 lat 296 685 5870 0 exe 63833 99592 352388 resp 354648 196 pmu 1014315 736883 8243138 10517632 291365115
1790323087.382074 W 2393 lat 296 666 4666 0 exe 63518 98740 374685 resp 378611 206 pmu 1014675 744517 8237666 10146759 289393292
1790323088.422141 W 2394 lat 296 648 4666 0 exe 60833 99259 363703 resp 366870 198 pmu 1014223 741115 8235488 10366245 290829770
1790323089.358090 W 2395 lat 296 666 4648 0 exe 65462 97703 348759 resp 351296 197 pmu 1014591 746298 8245249 10241514 288030588
1790323090.398188 W 2396 lat 296 666 4777 0 exe 63703 99222 348592 resp 350666 201 pmu 1014618 734177 8235655 10104332 290181295
1790323091.438180 W 2397 lat 296 703 4629 0 exe 58962 97962 329888 resp 331777 212 pmu 1014649 740505 8241346 10099797 288016778
1790323092.374077 W 2398 lat 296 666 5814 0 exe 63333 98129 362537 resp 365555 212 pmu 1014393 738305 8242954 9881375 287710301
1790323093.414086 W 2399 lat 296 629 5537 0 exe 61740 98370 340777 resp 342814 221 pmu 1014748 747247 8241844 10241871 288979172
1790323094.354141 W 2400 lat 296 648 4537 0 exe 64499 98759 388314 resp 391148 196 pmu 1014451 736889 8243337 10010968 289132933
1790323095.394097 W 2401 lat 296 666 4944 0 exe 61962 99759 352703 resp 354703 225 pmu 1014701 747787 8243567 10501197 292535830
1790323096.434083 W 2402 lat 296 648 5833 0 exe 62370 98259 348518 resp 350685 188 pmu 1014366 738427 8236203 10135312 287803569
1790323097.370290 W 2403 lat 296 648 5240 0 exe 65148 99259 344388 resp 347240 213 pmu 1014860 743281 8241835 10093158 290987128
1790323098.410114 W 2404 lat 296 685 4611 0 exe 64888 98111 347407 resp 350388 203 pmu 1014560 739432 8238241 10071057 287979408
1790323099.354093 W 2405 lat 296 666 4481 0 exe 62574 98740 340629 resp 342814 224 pmu 1014490 745259 8241098 10091981 290548107
1790323100.398069 W 2406 lat 296 703 4870 0 exe 55481 97333 380481 resp 383685 192 pmu 1014902 737861 8243419 10010923 286353954
1790323101.438081 W 2407 lat 296 703 5444 0 exe 66481 102111 371148 resp 372870 236 pmu 1015157 750663 8246846 10374365 298798317
1790323102.378335 W 2408 lat 296 851 10407 0 exe 62851 113870 531074 resp 537129 254 pmu 1016482 748147 8261347 10355616 326832022
1790323103.418063 W 2409 lat 296 1185 9018 0 exe 62203 138944 506055 resp 511481 302 pmu 1018335 765093 8286324 12042756 390576480
1790323104.354083 W 2410 lat 296 759 4388 0 exe 61518 104407 351092 resp 353870 236 pmu 1015755 741727 8250706 11906046 304232177
1790323105.394068 W 2411 lat 296 740 5203 0 exe 58796 102499 370703 resp 374185 233 pmu 1015121 749242 8236957 10141824 299235430
1790323106.434069 W 2412 lat 296 722 5037 0 exe 60481 100925 377592 resp 381259 187 pmu 1014837 742855 8243108 10322109 295809651
1790323107.370068 W 2413 lat 296 703 4462 0 exe 62203 99111 359666 resp 361462 207 pmu 1014624 746882 8238976 10391609 292006072
1790323108.410067 W 2414 lat 296 629 4351 0 exe 60574 96499 362759 resp 365925 183 pmu 1014573 741442 8240347 10199496 285054692
1790323109.346087 W 2415 lat 296 629 4574 0 exe 66092 96907 348314 resp 352777 203 pmu 1014766 748430 8253270 10215356 286689098
1790323110.386013 W 2416 lat 296 537 5074 0 exe 17722 77370 326777 resp 328555 164 pmu 1017182 546020 8236411 10108050 223756453
1790323111.426005 W 2417 lat 296 296 425 0 exe 17037 21907 115462 resp 115796 6 pmu 1023603 68757 8264438 9541187 57415374
1790323112.370084 W 2418 lat 296 444 6574 0 exe 16703 58370 591907 resp 598481 306 pmu 1025194 345705 8311822 7116381 165486737
1790323113.414093 W 2419 lat 314 629 5944 0 exe 105499 124685 574166 resp 578944 1000 pmu 1028667 1028878 8404871 12126379 380874170
1790323114.350064 W 2420 lat 314 629 5277 0 exe 105314 125611 507499 resp 512296 1000 pmu 1028900 1029059 8411204 12713541 383160959
1790323115.390080 W 2421 lat 296 611 5666 0 exe 101351 121592 433555 resp 439222 1000 pmu 1028515 1028501 8402647 12047081 373166871
1790323116.442077 W 2422 lat 314 648 6314 0 exe 105370 128333 586629 resp 590740 1000 pmu 1028914 1028904 8412173 11273903 389090909
1790323117.378077 W 2423 lat 314 574 4888 0 exe 101370 121259 502444 resp 507333 1000 pmu 1028356 1028380 8403968 12854150 373004924
1790323118.418075 W 2424 lat 314 574 2888 0 exe 105518 119703 278314 resp 280333 1000 pmu 1028534 1029396 8407507 11953262 368472254
1790323119.354120 W 2425 lat 314 574 4296 0 exe 105518 119037 426111 resp 427611 1000 pmu 1028575 1029266 8408857 9700716 365799837
1790323120.398083 W 2426 lat 314 574 3759 0 exe 105314 118999 435851 resp 439611 1000 pmu 1028592 1028579 8398243 11179872 366295867
1790323121.438128 W 2427 lat 314 611 5018 0 exe 104981 122740 400129 resp 402518 1000 pmu 1028902 1029506 8412944 11284797 375993405
1790323122.374247 W 2428 lat 314 611 4703 0 exe 105518 122907 487555 resp 491111 1000 pmu 1028902 1029365 8410532 10943890 375771905
1790323123.414084 W 2429 lat 314 685 6814 0 exe 105462 135351 589759 resp 593833 1000 pmu 1029236 1029639 8420093 11826023 406295094
1790323124.358085 W 2430 lat 314 629 5407 0 exe 105574 123222 509759 resp 515166 1000 pmu 1028659 1029389 8411418 12923610 377543178
1790323125.402081 W 2431 lat 314 629 7666 0 exe 105444 123962 595351 resp 601055 1000 pmu 1028805 1029005 8406271 12062895 379251037
1790323126.442079 W 2432 lat 314 648 4611 0 exe 105444 128499 484185 resp 488796 1000 pmu 1028774 1029315 8414737 12934558 390281091
1790323127.382096 W 2433 lat 314 648 5185 0 exe 105333 128444 527148 resp 530592 1000 pmu 1028560 1028790 8403661 11824999 389415047
1790323128.422076 W 2434 lat 314 629 4388 0 exe 105055 124648 535092 resp 539481 1000 pmu 1028736 1029177 8412209 12250786 380558674
1790323129.358081 W 2435 lat 314 666 6944 0 exe 105203 129777 583796 resp 590092 1000 pmu 1028962 1028960 8411227 12310558 393371495
1790323130.398082 W 2436 lat 314 611 3962 0 exe 105351 125277 537444 resp 540907 1000 pmu 1028788 1029304 8413300 12846548 382492301
1790323131.438121 W 2437 lat 314 611 5203 0 exe 105592 123999 559611 resp 564629 1000 pmu 1028711 1029004 8407698 12331766 379419790
1790323132.378042 W 2438 lat 314 629 5240 0 exe 105388 128703 503074 resp 506592 1000 pmu 1028880 1029544 8416021 12562368 390409015
1790323133.414140 W 2439 lat 296 611 4555 0 exe 102314 123425 496129 resp 499833 1000 pmu 1028560 1028705 8406989 12012036 377435695
1790323134.350111 W 2440 lat 314 574 3185 0 exe 105629 118222 336462 resp 338314 1000 pmu 1028649 1029692 8414514 11898325 364923046
1790323135.398071 W 2441 lat 314 574 4740 0 exe 105333 118555 397129 resp 401870 1000 pmu 1028616 1029268 8405407 10275947 364929643
1790323136.438287 W 2442 lat 314 629 5592 0 exe 105499 126092 499240 resp 504833 1000 pmu 1028828 1029309 8410720 10905100 383260865
1790323137.386268 W 2443 lat 314 611 4703 0 exe 105203 126870 493240 resp 496629 1000 pmu 1028678 1029172 8412010 11973308 385887118
1790323138.434273 W 2444 lat 314 611 5277 0 exe 105425 123648 511333 resp 514740 1000 pmu 1028680 1028924 8403011 11900251 378053265
1790323139.374096 W 2445 lat 314 611 3814 0 exe 104851 124888 441296 resp 445111 1000 pmu 1028719 1029052 8408869 12069073 381527464
1790323140.414101 W 2446 lat 314 648 5240 0 exe 105055 130018 554555 resp 556740 1000 pmu 1028898 1029198 8410482 11366805 392956387
1790323141.350086 W 2447 lat 314 592 2833 0 exe 105203 121592 381592 resp 382351 1000 pmu 1028767 1029937 8423864 12525312 374056398
1790323142.390014 W 2448 lat 296 555 6314 0 exe 16888 98537 532796 resp 537537 715 pmu 1027443 766463 8367097 10734131 295340751
1790323143.430006 W 2449 lat 296 296 833 0 exe 17055 21833 121444 resp 121888 5 pmu 1023671 67370 8259677 11724377 58489443
1790323144.370074 W 2450 lat 296 351 4259 0 exe 16999 41259 365777 resp 367611 74 pmu 1021859 259108 8271188 7177827 117777719
1790323145.410090 W 2451 lat 296 388 4462 0 exe 58518 85851 318518 resp 322981 56 pmu 1015557 778841 8253087 9742591 265574089
1790323146.346076 W 2452 lat 296 407 4444 0 exe 61203 86999 207166 resp 207944 82 pmu 1016420 771916 8267656 9714815 269056233
1790323147.390076 W 2453 lat 296 388 3574 0 exe 60296 86351 229037 resp 232611 72 pmu 1015609 778486 8262356 8601988 266217026
1790323148.430065 W 2454 lat 296 370 4759 0 exe 58833 83814 314222 resp 318981 25 pmu 1015132 764822 8246405 8822321 258908945
1790323149.366068 W 2455 lat 296 425 4055 0 exe 60611 87833 251092 resp 254925 106 pmu 1016726 770708 8262683 9666035 269567348
1790323150.406067 W 2456 lat 296 370 2518 0 exe 54425 83574 252703 resp 253814 51 pmu 1015916 752873 8261104 9055866 256393148
1790323151.342054 W 2457 lat 296 425 4444 0 exe 54574 88481 371851 resp 376166 101 pmu 1016440 780497 8262180 8998237 272426805
1790323152.382064 W 2458 lat 296 388 3203 0 exe 63555 86962 344648 resp 345370 84 pmu 1016067 765704 8266649 10240895 267414767
1790323153.422075 W 2459 lat 296 370 1314 0 exe 59111 84240 179999 resp 180462 50 pmu 1015062 773068 8245201 9981850 261602304
1790323154.370093 W 2460 lat 296 388 2425 0 exe 63018 86499 287037 resp 287518 58 pmu 1016087 776946 8266829 8288372 267888937
1790323155.434089 W 2461 lat 296 370 1962 0 exe 59759 84740 206259 resp 206703 51 pmu 1015531 774545 8252505 9395655 262907531
1790323156.374088 W 2462 lat 296 444 5481 0 exe 59333 90629 482148 resp 486685 144 pmu 1016876 779464 8273818 8560387 277122631
1790323157.422108 W 2463 lat 296 370 2870 0 exe 61018 84740 200203 resp 200722 38 pmu 1015128 775612 8242727 11384767 263685118
1790323158.366105 W 2464 lat 296 407 6037 0 exe 64537 86388 428944 resp 432296 38 pmu 1015444 773344 8260479 8510541 266548838
1790323159.410087 W 2465 lat 296 388 2685 0 exe 58185 84907 256648 resp 259333 59 pmu 1016103 767078 8254401 10854196 263006311
1790323160.350068 W 2466 lat 296 370 1129 0 exe 58314 83018 143481 resp 144333 19 pmu 1015526 758938 8247392 9071707 256560265
1790323161.410090 W 2467 lat 296 388 3648 0 exe 57148 85499 300425 resp 303185 64 pmu 1015750 773837 8259698 7914318 263075393
1790323162.358076 W 2468 lat 296 407 4648 0 exe 62444 85407 279518 resp 283537 58 pmu 1015970 765101 8256467 9512671 262800117
1790323163.406154 W 2469 lat 296 444 3796 0 exe 72888 107685 398481 resp 401129 635 pmu 1018768 931994 8283940 9342654 326340758
1790323164.346084 W 2470 lat 296 407 3685 0 exe 68537 95203 337981 resp 341666 274 pmu 1017090 845052 8270594 10684015 293196954
1790323174.094633 W 2471 lat 296 388 5629 0 exe 62055 87851 289129 resp 291685 111 pmu 1015789 791844 8257111 9998729 271201674
1790323174.100816 W 2472 lat 296 370 1018 0 exe 55777 83537 141407 resp 141740 20 pmu 1015726 764654 8257751 9444755 259580854
1790323174.100881 W 2473 lat 296 407 3425 0 exe 60222 87499 305185 resp 308611 78 pmu 1016240 770786 8260831 7880474 268685518
1790323174.100932 W 2474 lat 296 407 4333 0 exe 60148 85703 323148 resp 327333 47 pmu 1015769 767844 8261084 9587791 264706957
1790323174.100981 W 2475 lat 296 370 3277 0 exe 58999 82314 195759 resp 199037 26 pmu 1015400 751309 8251097 9766496 255385262
1790323174.101031 W 2476 lat 296 370 2907 0 exe 53740 77425 206388 resp 209296 25 pmu 1015204 693028 8250209 8459929 240187175
1790323174.101080 W 2477 lat 296 388 3833 0 exe 56518 80333 240333 resp 240888 25 pmu 1015629 717197 8254676 8511570 250777042
1790323174.101128 W 2478 lat 296 388 1796 0 exe 56499 80555 171611 resp 172055 25 pmu 1015813 723873 8259956 8872502 252129507
1790323174.101177 W 2479 lat 296 370 2888 0 exe 57222 78240 177870 resp 179999 21 pmu 1015852 703558 8260757 8175591 243133085
1790323174.341997 W 2480 lat 296 370 4185 0 exe 17574 70222 201351 resp 202925 32 pmu 1017842 606018 8248378 8244078 213142540
1790323175.381980 W 2481 lat 296 296 333 0 exe 17111 19592 42240 resp 42537 0 pmu 1023735 41678 8256976 8243801 50214660
1790323176.430021 W 2482 lat 296 296 1222 0 exe 16999 23462 240944 resp 241722 18 pmu 1023601 80326 8255975 6371153 60290879
1790323177.378020 W 2483 lat 296 296 666 0 exe 17666 33259 151240 resp 151703 47 pmu 1023142 200219 8262509 8384114 87966660
1790323178.426009 W 2484 lat 296 296 518 0 exe 17592 23388 123407 resp 123740 5 pmu 1023617 85242 8261752 7534944 59949805
1790323179.365984 W 2485 lat 296 296 333 0 exe 17092 20314 45722 resp 46037 0 pmu 1023766 49303 8260624 7205451 51350154
1790323180.406006 W 2486 lat 296 296 407 0 exe 17185 22851 107685 resp 108074 9 pmu 1023613 79213 8256136 6409536 58012550
1790323181.349985 W 2487 lat 296 296 333 0 exe 17518 20203 46018 resp 46333 0 pmu 1023750 48130 8258460 7043158 51009140
1790323182.398007 W 2488 lat 296 296 685 0 exe 16981 22555 122944 resp 123629 7 pmu 1023626 75923 8259859 6413935 57280169
1790323183.441984 W 2489 lat 296 296 333 0 exe 17481 20537 47481 resp 47814 0 pmu 1023713 52055 8262008 7196277 51925647
1790323184.382006 W 2490 lat 296 296 574 0 exe 17129 22499 119259 resp 119833 6 pmu 1023649 75364 8259881 6430391 57159900
1790323185.429982 W 2491 lat 296 296 333 0 exe 17481 19962 46925 resp 47240 0 pmu 1023679 45153 8262478 7158702 50436446
1790323186.370008 W 2492 lat 296 296 462 0 exe 17129 22499 120388 resp 120759 7 pmu 1023579 74948 8260045 6421867 57176841
1790323187.425982 W 2493 lat 296 296 333 0 exe 17148 20185 46611 resp 46925 0 pmu 1023725 47813 8261649 7168429 51037755
1790323188.370007 W 2494 lat 296 296 425 0 exe 17499 22907 114666 resp 114981 7 pmu 1023580 79800 8260718 6418185 58129091
1790323189.413982 W 2495 lat 296 296 333 0 exe 17037 19944 47296 resp 47592 0 pmu 1023687 45118 8258226 7114526 50414233
1790323190.350006 W 2496 lat 296 296 425 0 exe 17185 22574 135018 resp 135333 6 pmu 1023635 76080 8264380 6423178 57282212
1790323191.401981 W 2497 lat 296 296 333 0 exe 17018 19888 47185 resp 47499 0 pmu 1023755 44580 8261476 7314843 50392131
1790323192.342007 W 2498 lat 296 296 425 0 exe 17222 22759 127092 resp 127407 6 pmu 1023608 77961 8263662 6421778 57650879
1790323193.393985 W 2499 lat 296 296 333 0 exe 17148 20499 44240 resp 44537 0 pmu 1023729 51623 8259672 7236857 51875746
1790323194.438007 W 2500 lat 296 296 1370 0 exe 16999 22203 126055 resp 127425 9 pmu 1023577 71646 8259643 6396060 56290451
1790323195.381981 W 2501 lat 296 296 333 0 exe 17648 20111 43277 resp 43574 0 pmu 1023730 47074 8259012 7232508 50871111
1790323196.426006 W 2502 lat 296 296 518 0 exe 17222 22499 117962 resp 118407 6 pmu 1023621 75055 8260506 6386721 57117571
1790323197.373980 W 2503 lat 296 296 333 0 exe 17092 20148 48499 resp 48814 0 pmu 1023715 47374 8259955 7145223 50880738
1790323198.422007 W 2504 lat 296 296 407 0 exe 17185 23074 134203 resp 134574 5 pmu 1023597 81988 8260087 6436535 58577144
1790323199.369981 W 2505 lat 296 296 333 0 exe 17018 20388 45333 resp 45648 0 pmu 1023743 50260 8257086 7309433 51588820
1790323200.418006 W 2506 lat 296 296 777 0 exe 17148 22259 121981 resp 122759 5 pmu 1023671 72398 8253154 6405638 56496212
1790323201.365981 W 2507 lat 296 296 333 0 exe 17166 20407 43685 resp 43999 0 pmu 1023717 50403 8258968 7186891 51588376
1790323202.414006 W 2508 lat 296 296 462 0 exe 16907 22240 108518 resp 108851 8 pmu 1023693 71939 8261261 6390166 56327031
1790323203.357985 W 2509 lat 296 296 333 0 exe 17574 20870 47814 resp 48111 0 pmu 1023729 55791 8257397 7046989 52633029
1790323204.414007 W 2510 lat 296 296 407 0 exe 17037 22388 122092 resp 122425 5 pmu 1023635 73920 8260404 6435705 56877421
1790323205.349983 W 2511 lat 296 296 481 0 exe 17370 20092 45925 resp 46240 0 pmu 1023727 46640 8255561 7183855 50781876
1790323206.394007 W 2512 lat 296 296 499 0 exe 17333 23481 117111 resp 117444 9 pmu 1023655 86813 8259588 6412652 59626663
1790323207.433976 W 2513 lat 296 296 333 0 exe 17074 19185 39592 resp 39888 0 pmu 1023738 37092 8261560 7141583 48573951
1790323208.374048 W 2514 lat 296 314 2259 0 exe 16907 34074 283629 resp 285592 51 pmu 1022128 198750 8261195 6342713 96154463
1790323209.414050 W 2515 lat 296 351 3129 0 exe 45888 77833 198962 resp 199296 79 pmu 1014977 709088 8234667 8874952 242515181
1790323210.350054 W 2516 lat 296 351 3055 0 exe 47944 81685 196648 resp 197074 65 pmu 1013693 752955 8226978 8388538 256056528
1790323211.398098 W 2517 lat 296 351 3333 0 exe 54462 85055 162555 resp 162870 52 pmu 1013265 800405 8225648 8395015 266813421
1790323212.346053 W 2518 lat 296 351 2629 0 exe 65777 90481 190648 resp 190999 88 pmu 1013983 856888 8244101 8104195 283978998
1790323213.394052 W 2519 lat 296 370 2425 0 exe 70203 92351 199888 resp 200407 93 pmu 1014872 874155 8252810 8465636 291059983
1790323214.434061 W 2520 lat 296 388 2981 0 exe 71222 93759 207574 resp 208018 141 pmu 1015200 884457 8259616 8589472 296038019
1790323215.374073 W 2521 lat 296 388 2981 0 exe 71574 94537 298055 resp 298611 230 pmu 1016211 878881 8265657 8681248 298361677
1790323216.418158 W 2522 lat 296 407 3629 0 exe 73222 95685 322296 resp 325833 378 pmu 1017151 870044 8284799 9592874 303891160
1790323217.358054 W 2523 lat 296 425 13222 0 exe 76407 96685 504944 resp 509296 371 pmu 1017601 891873 8283366 9867468 307265461
1790323218.406067 W 2524 lat 296 407 3944 0 exe 79240 97518 452833 resp 453166 348 pmu 1017978 907648 8299707 11767041 311472169
1790323219.342065 W 2525 lat 296 388 1574 0 exe 83277 99296 234370 resp 235518 354 pmu 1018657 936117 8302659 11197703 316568052
1790323220.390056 W 2526 lat 314 388 2425 0 exe 82037 99740 228018 resp 228907 388 pmu 1018982 941788 8298578 9034383 316368242
1790323221.434082 W 2527 lat 296 407 3796 0 exe 83629 100388 249648 resp 250555 462 pmu 1018873 939242 8314742 8969940 318675554
1790323222.370122 W 2528 lat 314 407 1685 0 exe 83796 99925 216203 resp 216814 491 pmu 1019260 938003 8313166 9204676 317366025
1790323223.414080 W 2529 lat 314 407 2481 0 exe 84444 101592 260481 resp 261462 523 pmu 1019576 948556 8316586 8856704 321659963
1790323224.350070 W 2530 lat 296 407 1944 0 exe 83722 101185 405666 resp 406833 512 pmu 1019590 941153 8323463 9316935 321018653
1790323225.398060 W 2531 lat 296 407 3740 0 exe 85222 102333 381444 resp 381999 539 pmu 1020091 951796 8321745 10761278 325328556
1790323226.442096 W 2532 lat 296 425 2777 0 exe 85888 101851 267777 resp 269222 512 pmu 1020092 952410 8325371 10538253 323632222
1790323227.378094 W 2533 lat 314 425 3018 0 exe 86222 102185 297388 resp 297722 586 pmu 1020490 957056 8330700 9402430 324350322
1790323228.418115 W 2534 lat 314 425 3925 0 exe 86962 102259 270648 resp 272018 566 pmu 1020430 949803 8324788 9697392 324620214
1790323229.358068 W 2535 lat 314 444 3462 0 exe 86814 102888 317592 resp 318999 575 pmu 1020767 951489 8328997 9443917 326686372
1790323230.402097 W 2536 lat 314 425 3055 0 exe 87185 102351 257462 resp 257925 584 pmu 1020625 951661 8328992 9913968 325539527
1790323231.350080 W 2537 lat 296 444 3314 0 exe 87722 102870 343962 resp 347277 606 pmu 1021042 955687 8331766 9304971 326815277
1790323232.390081 W 2538 lat 296 425 3055 0 exe 75499 102277 250907 resp 251537 624 pmu 1020569 951993 8319881 10190937 324263093
1790323233.434093 W 2539 lat 296 425 3314 0 exe 89537 104222 279166 resp 279851 665 pmu 1021412 964845 8334412 9181513 330385310
1790323234.370074 W 2540 lat 296 444 2499 0 exe 88092 104240 246555 resp 247129 679 pmu 1021559 966228 8341186 9545541 330159927
1790323235.410103 W 2541 lat 296 444 2759 0 exe 88129 104629 331166 resp 333037 636 pmu 1021394 960338 8324081 9207660 330619390
1790323236.346067 W 2542 lat 314 444 2999 0 exe 88499 104592 261148 resp 261944 657 pmu 1021786 963333 8332772 10063710 331961987
1790323237.386082 W 2543 lat 314 444 2962 0 exe 89685 104425 262296 resp 263277 678 pmu 1021368 962946 8327678 9361311 330649040
1790323238.434027 W 2544 lat 296 407 2722 0 exe 18481 96740 302592 resp 304111 589 pmu 1021494 888495 8310395 9378373 300605902
1790323239.369997 W 2545 lat 296 296 388 0 exe 16999 23648 102240 resp 102611 2 pmu 1023623 89573 8258735 9386115 61675895
1790323240.414034 W 2546 lat 296 296 833 0 exe 16944 23203 192129 resp 192962 18 pmu 1023589 79583 8254651 6991728 211844745
1790323241.349992 W 2547 lat 296 296 351 0 exe 17925 21222 44518 resp 44833 0 pmu 1023673 58679 8246547 7892693 1680140561
1790323242.394011 W 2548 lat 296 296 407 0 exe 17981 23925 108555 resp 108851 5 pmu 1023599 90609 8250168 6406506 1318739614
1790323243.437988 W 2549 lat 296 296 333 0 exe 17740 20203 45555 resp 45870 0 pmu 1023623 46746 8246700 7060832 1680141560
1790323244.374013 W 2550 lat 296 296 462 0 exe 17555 22740 110351 resp 110796 6 pmu 1023657 76726 8249905 6410619 1568494290
1790323245.417987 W 2551 lat 296 296 333 0 exe 17685 20129 43277 resp 43574 0 pmu 1023678 47146 8246000 7071814 163280553
1790323246.358013 W 2552 lat 296 296 444 0 exe 17499 22685 119074 resp 119444 5 pmu 1023679 76939 8248136 6387139 273761002
1790323247.397989 W 2553 lat 296 296 333 0 exe 17629 20555 58296 resp 58611 0 pmu 1023633 51120 8248896 7158060 1679801763
1790323248.338015 W 2554 lat 277 296 425 0 exe 17833 23240 115629 resp 116055 7 pmu 1023602 82438 8249791 6539350 1487538587
1790323249.382021 W 2555 lat 296 296 685 0 exe 17814 23388 102055 resp 102370 1 pmu 1023585 84327 8250901 7128149 1640231080
1790323250.422009 W 2556 lat 277 296 388 0 exe 17685 22722 111648 resp 112037 4 pmu 1023546 76414 8246563 6993662 1647375695
1790323251.357981 W 2557 lat 296 296 351 0 exe 17314 20333 46055 resp 46370 0 pmu 1023768 49449 8250260 7084775 220157330
1790323252.398012 W 2558 lat 296 296 351 0 exe 17462 22648 106592 resp 106925 7 pmu 1023678 76908 8247708 6414267 233658553
1790323253.437986 W 2559 lat 296 296 333 0 exe 17333 20407 48351 resp 48648 0 pmu 1023648 49531 8249904 7032249 1679164795
1790323254.374017 W 2560 lat 296 296 481 0 exe 17518 22407 110833 resp 111166 8 pmu 1023605 72794 8249386 6437626 1554108157
1790323255.413986 W 2561 lat 296 296 333 0 exe 17351 20388 48611 resp 48907 0 pmu 1023655 49326 8247964 7074273 1679346046
1790323256.350012 W 2562 lat 296 296 351 0 exe 17722 21870 117481 resp 117814 9 pmu 1023595 66020 8248057 6440253 1672536798
1790323257.389991 W 2563 lat 296 296 351 0 exe 17222 21240 75407 resp 75703 0 pmu 1023613 59269 8250094 7138489 1679912736
1790323258.434015 W 2564 lat 296 296 425 0 exe 17499 20999 108814 resp 109166 4 pmu 1023604 56235 8246744 6711871 1670792973
1790323259.373985 W 2565 lat 296 296 333 0 exe 17240 21388 91981 resp 92296 0 pmu 1023635 61254 8246324 7046866 1680180862
1790323260.414017 W 2566 lat 277 296 351 0 exe 17925 20999 114962 resp 115277 4 pmu 1023613 55875 8247220 6878359 1674501504
1790323261.349988 W 2567 lat 296 296 499 0 exe 17555 22555 119574 resp 120074 2 pmu 1023618 74302 8247763 7109879 1592312383
1790323262.394013 W 2568 lat 296 296 333 0 exe 17574 20333 35037 resp 35333 0 pmu 1023638 48184 8247140 7163649 1501864681
1790323263.433988 W 2569 lat 296 296 518 0 exe 17611 22814 110425 resp 110759 5 pmu 1023619 77912 8247914 6305257 1223105251
1790323264.370019 W 2570 lat 296 296 333 0 exe 17092 20092 42629 resp 42944 0 pmu 1023770 46968 8249744 7072830 197764571
1790323265.409989 W 2571 lat 296 296 574 0 exe 17796 22851 132611 resp 133185 4 pmu 1023612 77543 8251220 6377652 1597189924
1790323266.345979 W 2572 lat 296 296 333 0 exe 17518 19999 40111 resp 40425 0 pmu 1023678 44575 8250344 7297482 1679845628
1790323267.386004 W 2573 lat 296 296 555 0 exe 17499 22314 109074 resp 109388 5 pmu 1023696 72602 8250277 6354190 323097646
1790323268.426013 W 2574 lat 296 296 333 0 exe 17462 20314 40648 resp 40962 0 pmu 1023746 49120 8249213 7056450 174226053
1790323269.365991 W 2575 lat 296 296 444 0 exe 17462 22666 109833 resp 110203 6 pmu 1023640 77169 8249444 6360650 182332239
1790323270.406068 W 2576 lat 296 296 1129 0 exe 17296 22740 115777 resp 116907 2 pmu 1023602 76838 8250769 7065259 1157755429
1790323271.341977 W 2577 lat 296 296 462 0 exe 16999 21703 123574 resp 124018 6 pmu 1023679 66078 8260776 7131742 55407761
1790323272.386031 W 2578 lat 296 296 1055 0 exe 17111 22592 238685 resp 239518 16 pmu 1023602 70440 8261160 7196183 57759111
1790323273.426015 W 2579 lat 296 296 555 0 exe 17481 23666 107851 resp 108259 6 pmu 1023632 88505 8251043 8357062 61031570
1790323274.361978 W 2580 lat 296 296 333 0 exe 17018 19351 43833 resp 44129 0 pmu 1023718 38410 8248282 7051235 48873467
1790323275.406005 W 2581 lat 296 296 425 0 exe 17203 21833 110759 resp 111129 5 pmu 1023684 67568 8258574 6385352 55301501
1790323276.341979 W 2582 lat 296 296 333 0 exe 16944 19574 43148 resp 43462 0 pmu 1023607 41011 8250312 7068894 49439508
1790323277.394004 W 2583 lat 296 296 611 0 exe 16907 22370 106240 resp 106740 8 pmu 1023646 73910 8252101 6379346 56638580
1790323278.437989 W 2584 lat 296 296 333 0 exe 17092 20092 65018 resp 65333 0 pmu 1023712 47227 8247828 7026467 50772448
1790323279.378004 W 2585 lat 296 296 537 0 exe 17074 22037 110111 resp 110648 6 pmu 1023647 70004 8253149 6601467 55959398
1790323280.417979 W 2586 lat 296 296 351 0 exe 16925 19648 44499 resp 44833 0 pmu 1023734 41965 8251312 7064183 49626734
1790323281.362005 W 2587 lat 296 296 777 0 exe 17092 22444 114981 resp 115611 6 pmu 1023652 74559 8251776 6393459 56856014
1790323282.401978 W 2588 lat 296 296 333 0 exe 17259 19444 44018 resp 44333 0 pmu 1023670 39683 8253080 7116852 49169250
1790323283.342007 W 2589 lat 296 296 592 0 exe 17388 22759 110129 resp 110481 6 pmu 1023588 77853 8252168 6389000 57616045
1790323284.389981 W 2590 lat 296 296 407 0 exe 16907 20833 81240 resp 81574 0 pmu 1023731 55850 8247412 7068922 52650439
1790323285.430005 W 2591 lat 296 296 462 0 exe 17166 22462 120537 resp 120999 5 pmu 1023681 74600 8254213 6766848 57096051
1790323286.373979 W 2592 lat 296 296 333 0 exe 17111 19499 58407 resp 58722 0 pmu 1023769 40330 8252668 7170327 49347122
1790323287.418004 W 2593 lat 296 296 537 0 exe 17166 21870 118074 resp 118611 6 pmu 1023651 67564 8257780 6532511 55423647
1790323288.357978 W 2594 lat 296 296 333 0 exe 16999 19555 41814 resp 42111 0 pmu 1023757 41088 8250688 7143558 49482513
1790323289.410004 W 2595 lat 296 296 1129 0 exe 17351 22462 105870 resp 106259 5 pmu 1023676 74936 8250593 6366160 56877767
1790323290.345983 W 2596 lat 296 296 333 0 exe 16981 19648 41592 resp 41888 0 pmu 1023693 41950 8250712 7027749 49612635
1790323291.398006 W 2597 lat 296 296 759 0 exe 16870 22018 108611 resp 108962 8 pmu 1023592 69949 8253140 6364375 55856617
1790323292.337977 W 2598 lat 296 296 351 0 exe 17148 19777 41685 resp 42018 0 pmu 1023730 43479 8250700 7048358 49933618
1790323293.378004 W 2599 lat 296 296 444 0 exe 17074 22185 108703 resp 109111 5 pmu 1023665 71614 8251930 6367037 56150399
1790323294.417978 W 2600 lat 296 296 351 0 exe 17055 19351 44203 resp 44518 0 pmu 1023754 38471 8249096 7049752 48884345
1790323295.358005 W 2601 lat 296 296 962 0 exe 16925 22185 122240 resp 122592 5 pmu 1023693 71164 8253450 6389451 56117960
1790323296.401979 W 2602 lat 296 296 333 0 exe 17351 19592 41259 resp 41574 0 pmu 1023710 41301 8252884 7186634 49575450
1790323297.338024 W 2603 lat 296 296 462 0 exe 17222 25296 156759 resp 157129 17 pmu 1023498 106934 8253228 6362665 64775138
1790323298.382019 W 2604 lat 296 296 1037 0 exe 17203 28907 118944 resp 119240 24 pmu 1023310 149570 8255315 7546840 75173233
1790323299.422006 W 2605 lat 296 296 518 0 exe 17259 22111 120555 resp 121074 5 pmu 1023572 70370 8249631 7188893 56414082
1790323300.357983 W 2606 lat 296 296 351 0 exe 16925 20037 48203 resp 48518 0 pmu 1023669 46566 8250792 7169682 50677969
1790323301.398006 W 2607 lat 296 296 481 0 exe 17055 22277 111055 resp 111370 6 pmu 1023707 72614 8252573 6432373 56382387
1790323302.438006 W 2608 lat 296 296 537 0 exe 17166 21462 106833 resp 107222 3 pmu 1023684 63431 8249234 7073436 54461220
1790323303.374005 W 2609 lat 296 296 481 0 exe 17148 22462 117240 resp 117685 6 pmu 1023696 75031 8260174 7028269 57216287
1790323304.418260 W 2610 lat 296 462 5722 0 exe 16722 44814 597277 resp 601759 66 pmu 1023140 98664 8260616 7137500 113044700
1790323305.362219 W 2611 lat 1740 3259 5999 0 exe 191092 372055 425648 resp 429351 1000 pmu 1030254 997874 8444063 12097597 966177306
1790323306.418245 W 2612 lat 1425 3277 6129 0 exe 326092 375629 431166 resp 434648 1000 pmu 1030355 1004580 8431131 12908425 974637340
1790323307.358247 W 2613 lat 1592 3277 6277 0 exe 260166 372981 421685 resp 425037 1000 pmu 1030443 1000710 8436167 13654407 969109607
1790323308.406252 W 2614 lat 1240 3259 5981 0 exe 245648 368074 424407 resp 428166 1000 pmu 1029989 986531 8431276 13217744 956385932
1790323309.362280 W 2615 lat 1518 3277 5888 0 exe 299518 373499 422296 resp 425814 1000 pmu 1030275 1001796 8430088 13146560 969978794
1790323310.418310 W 2616 lat 1592 3277 6518 0 exe 323833 376185 422111 resp 426537 1000 pmu 1030350 1006924 8440378 13421790 975930670
1790323311.370267 W 2617 lat 1111 3277 6018 0 exe 287574 371592 430055 resp 433851 1000 pmu 1030105 999938 8431966 13562903 965451291
1790323312.438299 W 2618 lat 1574 3259 5851 0 exe 299851 374592 419777 resp 423314 1000 pmu 1030181 1004829 8439436 13430036 972208729
1790323313.390263 W 2619 lat 1537 3277 6111 0 exe 311037 374185 425222 resp 429555 1000 pmu 1030415 1004761 8433511 13403745 971694590
1790323314.446276 W 2620 lat 1111 3222 5962 0 exe 284055 372425 422962 resp 427444 1000 pmu 1030006 1002920 8430985 13517238 967067423
1790323315.414288 W 2621 lat 1074 3203 6518 0 exe 244740 370999 427092 resp 431333 1000 pmu 1029923 1000606 8427706 13348390 963462894
1790323316.362267 W 2622 lat 1462 3296 5814 0 exe 311555 376111 429537 resp 433425 1000 pmu 1030420 1006610 8445663 13187365 975659787
1790323317.410236 W 2623 lat 1648 3314 6148 0 exe 309555 374407 426148 resp 428870 1000 pmu 1030565 1004627 8447258 13568704 972290181
1790323318.362286 W 2624 lat 1444 3222 5685 0 exe 309796 371777 426833 resp 430277 1000 pmu 1030103 998946 8430528 13513069 965272913
1790323319.406287 W 2625 lat 1481 3370 6092 0 exe 308999 371574 424888 resp 430685 1000 pmu 1030319 997795 8436253 13507878 965368579
1790323320.342249 W 2626 lat 1574 3370 5722 0 exe 322129 375407 435555 resp 439592 1000 pmu 1030177 1004010 8431148 13498252 974376908
1790323321.394249 W 2627 lat 1055 3388 7222 0 exe 244111 373018 421333 resp 423833 1000 pmu 1030314 1003212 8439599 13679401 968869763
1790323322.350242 W 2628 lat 1388 3370 6740 0 exe 312629 374444 421277 resp 425499 1000 pmu 1030250 1003653 8439842 13132372 971727812
1790323323.402287 W 2629 lat 1370 3333 7037 0 exe 235499 374148 421481 resp 424555 1000 pmu 1030383 1004224 8449330 13489385 971679760
1790323324.342274 W 2630 lat 1629 3296 6703 0 exe 322592 375129 421333 resp 424722 1000 pmu 1030288 1001956 8433712 13099769 973423195
1790323325.398261 W 2631 lat 1444 3351 6592 0 exe 265296 372037 427796 resp 430870 1000 pmu 1030110 999928 8433059 13539694 966325635
1790323326.442270 W 2632 lat 1518 3462 6888 0 exe 289870 373759 423333 resp 427129 1000 pmu 1030197 1000518 8435923 13299668 970077318
1790323327.402259 W 2633 lat 1296 3351 6388 0 exe 291759 374592 425999 resp 429962 1000 pmu 1030267 1004347 8433906 13392497 972785365
1790323328.350291 W 2634 lat 1388 3314 6018 0 exe 290111 371222 420703 resp 424611 1000 pmu 1030300 993361 8441324 13429600 964629804
1790323329.390282 W 2635 lat 1185 3296 7092 0 exe 289222 367962 420296 resp 425481 1000 pmu 1030289 984012 8436530 13349184 957090529
1790323330.430283 W 2636 lat 1407 3240 7425 0 exe 264111 370314 423703 resp 425740 1000 pmu 1029961 995268 8430162 13335250 962149306
1790323331.366214 W 2637 lat 1222 3240 5833 0 exe 316888 375037 422481 resp 427222 1000 pmu 1030180 1006187 8441945 13242233 973462253
1790323332.410279 W 2638 lat 1240 3240 6018 0 exe 277740 372962 427537 resp 430666 1000 pmu 1030252 999768 8432565 13522133 968689006
1790323333.346273 W 2639 lat 1240 3259 6074 0 exe 275759 371925 424333 resp 427740 1000 pmu 1030186 994784 8441452 13359696 965993501
1790323334.386024 W 2640 lat 296 3203 6555 0 exe 35222 361833 417685 resp 421907 977 pmu 1030070 985659 8417573 13314363 940387661
1790323335.425976 W 2641 lat 296 296 425 0 exe 17166 20018 45611 resp 45925 0 pmu 1023750 46285 8267609 11993189 53500217
1790323336.366622 W 2642 lat 296 333 4592 0 exe 16833 27851 521444 resp 526037 30 pmu 1023568 91719 8275128 6407909 71279730
1790323337.406068 W 2643 lat 333 814 10111 0 exe 103444 142888 705925 resp 714425 1000 pmu 1027869 1023490 8410645 11249292 424251109
1790323338.342137 W 2644 lat 333 629 3499 0 exe 105722 129907 218259 resp 219351 1000 pmu 1028192 1024342 8422880 14152108 395140644
1790323339.382097 W 2645 lat 333 759 6870 0 exe 104592 138648 660611 resp 665833 1000 pmu 1028274 1025913 8415542 9150912 413142608
1790323340.422141 W 2646 lat 314 574 1555 0 exe 105518 123351 162888 resp 163425 1000 pmu 1027842 1023994 8409566 13650720 379499050
1790323341.358110 W 2647 lat 333 796 6537 0 exe 104462 141925 583592 resp 587740 1000 pmu 1028516 1026102 8425650 8550717 420630209
1790323342.398140 W 2648 lat 314 574 1722 0 exe 105574 122759 150277 resp 150981 1000 pmu 1027885 1023764 8411695 12889449 377766675
1790323343.438113 W 2649 lat 314 777 7833 0 exe 104611 142388 635648 resp 639981 1000 pmu 1028573 1026616 8422829 8423782 421150665
1790323344.374139 W 2650 lat 314 555 5518 0 exe 105462 122425 163611 resp 163981 1000 pmu 1027444 1022955 8408225 13420335 376487118
1790323345.418132 W 2651 lat 314 833 8370 0 exe 105259 143574 641148 resp 646648 1000 pmu 1028583 1025927 8418673 8571823 423986453
1790323346.354134 W 2652 lat 314 555 1537 0 exe 105648 121185 186351 resp 186796 1000 pmu 1027816 1023267 8398733 13493304 374199567
1790323347.394067 W 2653 lat 314 740 5814 0 exe 105648 140203 541259 resp 546592 1000 pmu 1028346 1026104 8420182 8774654 415586995
1790323348.434144 W 2654 lat 333 555 1314 0 exe 105407 119296 158148 resp 158666 1000 pmu 1028028 1025179 8412136 12465297 369344578
1790323349.370077 W 2655 lat 314 777 7166 0 exe 105907 143259 546333 resp 550037 1000 pmu 1028569 1026504 8417598 8481200 423372877
1790323350.410128 W 2656 lat 314 555 1296 0 exe 105407 117851 142814 resp 143425 1000 pmu 1027841 1025234 8414607 12531601 366122265
1790323351.350073 W 2657 lat 333 796 6796 0 exe 105962 143814 583574 resp 589407 1000 pmu 1028309 1026251 8417657 8320762 424269236
1790323352.398132 W 2658 lat 333 555 1351 0 exe 105018 117185 142314 resp 143499 1000 pmu 1028071 1025364 8414793 12916076 364863725
1790323353.442125 W 2659 lat 314 777 6222 0 exe 105944 144074 542759 resp 547092 1000 pmu 1028280 1026536 8414083 8313827 424997400
1790323354.382121 W 2660 lat 333 537 1685 0 exe 105259 116703 149388 resp 150259 1000 pmu 1028019 1024946 8411503 12498401 363368770
1790323355.430097 W 2661 lat 296 796 7111 0 exe 109851 145703 545037 resp 548185 1000 pmu 1028570 1026930 8424372 8383352 429267677
1790323356.374109 W 2662 lat 314 537 1740 0 exe 105074 115425 143888 resp 144833 1000 pmu 1028277 1025221 8410992 12547515 360498627
1790323357.418075 W 2663 lat 333 796 6518 0 exe 114888 145425 544111 resp 547888 1000 pmu 1027986 1025996 8416336 8321564 427778842
1790323358.362097 W 2664 lat 333 537 1425 0 exe 105351 114462 168111 resp 168555 1000 pmu 1028336 1025624 8404757 12562459 358160777
1790323359.402101 W 2665 lat 314 759 6370 0 exe 115666 145314 539666 resp 544703 1000 pmu 1027982 1024708 8403934 8556488 427597511
1790323360.342123 W 2666 lat 333 537 3907 0 exe 105518 114407 261277 resp 265185 1000 pmu 1028291 1026085 8407020 12526609 358032894
1790323361.386096 W 2667 lat 314 722 5351 0 exe 112962 140444 539296 resp 543277 1000 pmu 1027907 1024858 8406165 9518326 416635671
1790323362.430092 W 2668 lat 333 574 4407 0 exe 105185 120092 543740 resp 546981 1000 pmu 1028170 1026445 8411000 12474455 371642735
1790323363.370248 W 2669 lat 314 648 5203 0 exe 105833 132944 543537 resp 547314 1000 pmu 1027361 1023246 8394776 12369033 400015791
1790323364.410070 W 2670 lat 333 629 5333 0 exe 105351 127648 541833 resp 545240 1000 pmu 1028346 1026156 8404233 12441549 389285272
1790323365.346412 W 2671 lat 314 574 1370 0 exe 106018 125555 198185 resp 199055 1000 pmu 1027989 1024439 8399706 12394365 383253199
1790323366.386028 W 2672 lat 314 703 6055 0 exe 101277 134851 547148 resp 551592 1000 pmu 1028160 1026583 8398491 8917978 403828551
1790323367.425982 W 2673 lat 296 296 425 0 exe 16888 21222 101203 resp 101537 1 pmu 1023716 61246 8261322 12469236 56757150
1790323368.366105 W 2674 lat 296 296 425 0 exe 16944 22092 117166 resp 117499 8 pmu 1023678 69960 8255554 6968546 56496100
1790323369.406117 W 2675 lat 314 629 1833 0 exe 99259 117722 280685 resp 281240 999 pmu 1029139 1024040 8435234 7135914 362635380
1790323370.342077 W 2676 lat 333 629 1388 0 exe 106925 116629 161555 resp 162148 1000 pmu 1029739 1024667 8436504 9670907 362369556
1790323371.382118 W 2677 lat 314 629 1444 0 exe 104888 116407 164055 resp 164444 1000 pmu 1029489 1024839 8427132 8510719 360712806
1790323372.426076 W 2678 lat 333 648 1555 0 exe 104351 117999 179370 resp 179981 1000 pmu 1029385 1024666 8432209 8523347 364805464
1790323373.362080 W 2679 lat 333 629 1962 0 exe 105111 116462 168796 resp 169499 1000 pmu 1029313 1023673 8425527 8683795 360851083
1790323374.402088 W 2680 lat 333 629 2148 0 exe 107740 116203 143611 resp 144037 1000 pmu 1029418 1025408 8434042 8576592 360666732
1790323375.338096 W 2681 lat 333 611 1370 0 exe 106537 115944 150944 resp 151666 1000 pmu 1029476 1024369 8435982 8335898 359572221
1790323376.378124 W 2682 lat 333 629 1425 0 exe 104055 117481 170722 resp 171259 1000 pmu 1029440 1023411 8426660 8399581 363550063
1790323377.418109 W 2683 lat 333 648 2074 0 exe 104518 117037 167685 resp 168129 1000 pmu 1029211 1024018 8426900 8591907 362273272
1790323378.354090 W 2684 lat 333 629 1629 0 exe 104870 116870 185574 resp 186444 1000 pmu 1029474 1025721 8431755 8564543 362239443
1790323379.398113 W 2685 lat 314 648 1981 0 exe 102981 116222 168648 resp 169148 1000 pmu 1028998 1023451 8421250 8744320 359972437
1790323380.438111 W 2686 lat 351 722 2555 0 exe 104499 117425 188648 resp 190870 1000 pmu 1029279 1024593 8428121 8562158 363639529
1790323381.378091 W 2687 lat 351 740 3037 0 exe 105333 117148 145703 resp 146185 1000 pmu 1029556 1024620 8432965 8787892 362690861
1790323382.422107 W 2688 lat 333 666 1425 0 exe 106296 117425 171907 resp 172740 1000 pmu 1029430 1023470 8430151 8355046 363342845
1790323383.374097 W 2689 lat 351 703 1796 0 exe 104277 118388 159166 resp 159796 1000 pmu 1029554 1024665 8434687 8616423 365487017
1790323384.418115 W 2690 lat 351 666 1833 0 exe 104388 117981 145370 resp 145999 1000 pmu 1029481 1024160 8430648 8485075 364777669
1790323385.362108 W 2691 lat 351 666 1333 0 exe 108592 117148 142314 resp 143092 1000 pmu 1029380 1025005 8434672 8345511 362341702
1790323386.410121 W 2692 lat 370 666 2407 0 exe 105981 117166 153074 resp 153722 1000 pmu 1029331 1024423 8432812 8329822 362765090
1790323387.350123 W 2693 lat 351 666 1296 0 exe 107222 117092 146685 resp 147444 1000 pmu 1029621 1024745 8433352 8429376 362275611
1790323388.394114 W 2694 lat 333 666 1537 0 exe 105148 117907 164611 resp 165074 1000 pmu 1029624 1025049 8438855 8366338 364526638
1790323389.438099 W 2695 lat 333 666 2055 0 exe 104333 118425 180314 resp 180999 1000 pmu 1029191 1024393 8436744 8538972 365586023
1790323390.374110 W 2696 lat 351 685 2574 0 exe 104148 119333 235037 resp 235722 1000 pmu 1029584 1024224 8438459 8698125 368113912
1790323391.414138 W 2697 lat 333 666 1444 0 exe 104444 118333 172111 resp 172666 1000 pmu 1029538 1023902 8433484 9251742 365670855
1790323392.350079 W 2698 lat 370 666 1444 0 exe 106481 118055 168111 resp 168685 1000 pmu 1029435 1024978 8427561 8612514 365012090
1790323393.390107 W 2699 lat 333 666 1814 0 exe 104333 117777 156592 resp 157240 1000 pmu 1029317 1023811 8446249 8581468 364136342
1790323394.430083 W 2700 lat 351 648 1462 0 exe 105370 117833 151888 resp 152629 1000 pmu 1029380 1025161 8436459 8456343 364387357
1790323395.370076 W 2701 lat 333 648 1259 0 exe 106907 117444 149203 resp 149814 1000 pmu 1029472 1025467 8446086 8413399 363247676
1790323396.410094 W 2702 lat 314 648 1444 0 exe 101425 117444 154592 resp 155314 1000 pmu 1029030 1023727 8434939 8390586 363033981
1790323397.346103 W 2703 lat 333 648 1240 0 exe 104962 116888 143722 resp 144611 1000 pmu 1029326 1024925 8443660 8418296 361825279
1790323398.386096 W 2704 lat 351 648 1537 0 exe 106759 117574 163407 resp 164296 1000 pmu 1029251 1025849 8444711 8324433 363796347
1790323399.426008 W 2705 lat 296 314 1074 0 exe 17185 26555 130111 resp 130703 61 pmu 1023878 112580 8262643 8532711 71424134
1790323400.362005 W 2706 lat 296 296 444 0 exe 17148 22296 116925 resp 117240 8 pmu 1023659 72747 8258331 7290413 56941926
1790323401.414017 W 2707 lat 296 296 1148 0 exe 17499 23499 246148 resp 246759 17 pmu 1023612 79943 8255319 7132547 59947338
1790323402.362005 W 2708 lat 296 296 481 0 exe 17240 22666 110999 resp 111425 6 pmu 1023695 76759 8248958 8437760 58584177
1790323403.413988 W 2709 lat 296 296 333 0 exe 16722 19981 55111 resp 55425 0 pmu 1023699 46057 8249432 7076354 50488222
1790323404.366004 W 2710 lat 296 296 370 0 exe 17148 23759 110185 resp 110555 7 pmu 1023604 89610 8249389 6499996 60185792
1790323405.413982 W 2711 lat 296 296 333 0 exe 16703 19370 38999 resp 39314 0 pmu 1023727 38634 8247564 7072286 48938366
1790323406.358006 W 2712 lat 296 296 444 0 exe 17277 22277 108944 resp 109351 4 pmu 1023698 72482 8248612 6335856 56353429
1790323407.405983 W 2713 lat 296 296 351 0 exe 17129 19185 42037 resp 42351 0 pmu 1023691 36707 8245896 7053726 48519436
1790323408.362010 W 2714 lat 296 296 592 0 exe 17129 22425 103962 resp 104388 6 pmu 1023663 74214 8249710 6367444 56760740
1790323409.417983 W 2715 lat 296 296 351 0 exe 17222 19425 46648 resp 46962 0 pmu 1023764 39800 8249640 7004679 49090249
1790323410.362010 W 2716 lat 296 296 444 0 exe 16703 22055 110074 resp 110407 6 pmu 1023683 70004 8249126 6415139 55854427
1790323411.417983 W 2717 lat 296 296 333 0 exe 16962 19314 47240 resp 47537 0 pmu 1023748 38226 8249604 7060466 48798355
1790323412.378009 W 2718 lat 296 296 407 0 exe 17148 22648 116296 resp 116629 4 pmu 1023651 76802 8250216 6419143 57365859
1790323413.437983 W 2719 lat 296 296 333 0 exe 17129 19388 44185 resp 44499 0 pmu 1023761 39198 8251222 7127859 49085018
1790323414.386010 W 2720 lat 296 296 499 0 exe 16944 22185 122814 resp 123148 4 pmu 1023647 71329 8248447 6389782 56160695
1790323415.337984 W 2721 lat 296 296 333 0 exe 17185 19518 42777 resp 43092 0 pmu 1023740 40703 8248140 7190156 49411919
1790323416.390009 W 2722 lat 296 296 499 0 exe 17148 22166 119629 resp 119981 4 pmu 1023712 71525 8251331 6376555 56166744
1790323417.337985 W 2723 lat 296 296 333 0 exe 16981 19333 44462 resp 44777 0 pmu 1023761 38254 8247672 7159404 48909264
1790323418.402011 W 2724 lat 296 296 648 0 exe 17555 33203 121870 resp 122277 36 pmu 1023218 199856 8249850 6391733 86536733
1790323419.361985 W 2725 lat 296 296 351 0 exe 17185 19759 43203 resp 43499 0 pmu 1023775 43359 8248673 7240148 50016309
1790323420.426006 W 2726 lat 296 296 407 0 exe 16796 22055 110037 resp 110351 6 pmu 1023652 70363 8249995 6382143 55876976
1790323421.373985 W 2727 lat 296 296 333 0 exe 17296 19407 42870 resp 43185 0 pmu 1023763 39354 8253964 7060503 49074667
1790323422.422007 W 2728 lat 296 296 425 0 exe 17351 21962 113296 resp 113611 5 pmu 1023583 69066 8247223 6377678 55586759
1790323423.361983 W 2729 lat 296 296 333 0 exe 17092 19499 43981 resp 44296 0 pmu 1023784 39893 8250672 7095573 49244276
1790323424.422009 W 2730 lat 296 296 351 0 exe 17185 22166 105240 resp 105555 5 pmu 1023633 71574 8250011 6388255 56192867
1790323425.369983 W 2731 lat 296 296 333 0 exe 16907 19592 55999 resp 56314 0 pmu 1023705 41325 8246864 7014633 49491000
1790323426.410008 W 2732 lat 296 296 351 0 exe 17037 21851 108944 resp 109259 4 pmu 1023670 67668 8250530 6507830 55393660
1790323427.361981 W 2733 lat 296 296 333 0 exe 17185 19462 45074 resp 45388 0 pmu 1023792 39842 8249888 7049389 49157290
1790323428.414011 W 2734 lat 296 296 444 0 exe 17314 22574 103944 resp 104277 4 pmu 1023649 76296 8249513 6399391 57200655
1790323429.365982 W 2735 lat 296 296 351 0 exe 16999 19555 40796 resp 41111 0 pmu 1023756 41060 8248726 7005030 49411295
1790323430.426025 W 2736 lat 277 296 666 0 exe 17185 21574 121425 resp 121851 5 pmu 1023621 63912 8247604 6356127 54630490
1790323431.361979 W 2737 lat 296 296 425 0 exe 17074 21074 108981 resp 109314 4 pmu 1023683 58848 8258584 7175638 53546497
1790323432.402008 W 2738 lat 296 296 425 0 exe 17018 21425 118611 resp 118925 5 pmu 1023656 62656 8255997 7046626 54685380
1790323433.342026 W 2739 lat 296 314 1481 0 exe 17648 33351 255481 resp 256962 16 pmu 1023347 196650 8264154 7144324 85857774
1790323434.382022 W 2740 lat 296 296 611 0 exe 18129 31981 117703 resp 118240 6 pmu 1023404 187349 8263588 8587160 83252119
1790323435.426022 W 2741 lat 296 296 611 0 exe 19222 32962 77444 resp 77777 0 pmu 1023233 198968 8263285 7195453 85115721
1790323436.362022 W 2742 lat 296 296 592 0 exe 18685 36055 108148 resp 108537 8 pmu 1023024 235746 8260350 6802403 93657650
1790323437.402018 W 2743 lat 296 296 722 0 exe 17962 31444 62037 resp 62351 0 pmu 1023447 181944 8265540 7122273 80758107
1790323438.338025 W 2744 lat 296 296 481 0 exe 19425 35129 111981 resp 112296 8 pmu 1023360 224559 8261614 6634748 90197092
1790323439.378018 W 2745 lat 296 296 629 0 exe 18592 33148 76370 resp 76703 0 pmu 1023345 201969 8261121 7158737 85093216
1790323440.418025 W 2746 lat 296 296 537 0 exe 18944 34481 117037 resp 117444 12 pmu 1023196 216961 8260666 6789477 89039846
1790323441.354024 W 2747 lat 296 296 592 0 exe 18537 34166 66888 resp 67314 0 pmu 1023323 213698 8262182 7204630 87895257
1790323442.398031 W 2748 lat 296 314 1462 0 exe 19962 38722 132259 resp 133722 14 pmu 1023001 267352 8260397 6699811 100669467
1790323443.438018 W 2749 lat 296 296 796 0 exe 18462 33092 82740 resp 83314 0 pmu 1023362 201114 8261222 7393090 85322711
1790323444.386024 W 2750 lat 296 314 2314 0 exe 18462 37870 130907 resp 133222 13 pmu 1022733 257108 8259169 6854119 99479391
1790323445.434017 W 2751 lat 296 314 574 0 exe 19055 37333 74888 resp 75222 0 pmu 1023204 252152 8263029 7376282 96924053
1790323446.382022 W 2752 lat 296 296 1240 0 exe 17759 31592 111555 resp 111888 8 pmu 1023467 182367 8263608 6797628 81087453
1790323447.426023 W 2753 lat 296 296 592 0 exe 18037 31907 63907 resp 64259 0 pmu 1023480 187158 8261048 7132541 81696307
1790323448.382021 W 2754 lat 296 296 944 0 exe 18296 36370 124055 resp 124666 5 pmu 1023282 239916 8264657 6655685 93830250
1790323449.430024 W 2755 lat 296 314 1555 0 exe 18851 33240 77277 resp 78037 0 pmu 1023304 203266 8263206 7284008 85795466
1790323450.366033 W 2756 lat 296 314 759 0 exe 19370 37833 116629 resp 116944 12 pmu 1023035 256916 8263214 6807162 98438887
1790323451.406028 W 2757 lat 296 314 1166 0 exe 19851 37240 80851 resp 81222 0 pmu 1023044 250853 8263091 7220126 97048495
1790323452.342023 W 2758 lat 296 296 740 0 exe 19111 35425 117518 resp 117925 10 pmu 1023325 228792 8265501 6863805 91520584
1790323453.382016 W 2759 lat 296 296 462 0 exe 18481 33259 59037 resp 59333 0 pmu 1023457 203882 8267097 7215816 85266387
1790323454.422022 W 2760 lat 296 296 685 0 exe 18129 32777 119981 resp 120296 6 pmu 1023321 197079 8262360 6615164 84209222
1790323455.358022 W 2761 lat 296 296 870 0 exe 18499 33074 65370 resp 65685 0 pmu 1023380 201135 8263322 7221576 84977208
1790323456.402019 W 2762 lat 296 296 574 0 exe 19185 35370 117888 resp 118222 8 pmu 1023300 227794 8264013 6679701 91085647
1790323457.338018 W 2763 lat 296 296 592 0 exe 18814 32092 67370 resp 67685 0 pmu 1023233 188986 8261798 7218458 82761643
1790323458.378019 W 2764 lat 296 314 574 0 exe 19777 37907 110370 resp 110703 8 pmu 1023380 258307 8265678 6695065 97841699
1790323459.418019 W 2765 lat 296 314 555 0 exe 19722 35166 70777 resp 71296 0 pmu 1023166 226068 8264742 7159135 90884715
1790323460.354022 W 2766 lat 296 314 629 0 exe 18907 34574 118277 resp 118796 8 pmu 1023059 217307 8259853 6749982 89863631
1790323461.414026 W 2767 lat 296 296 518 0 exe 19055 33166 62407 resp 62722 0 pmu 1023419 202009 8262891 7218424 85275815
1790323462.358019 W 2768 lat 296 314 1814 0 exe 19351 36037 132685 resp 133111 8 pmu 1023209 235615 8264665 6651479 93837734
1790323463.402012 W 2769 lat 296 296 444 0 exe 17314 27388 137425 resp 137759 4 pmu 1023592 132733 8259390 7377456 69538744
1790323464.338051 W 2770 lat 296 296 351 0 exe 17222 21759 104444 resp 104796 1 pmu 1023787 66853 8263093 7364146 55277406
1790323465.390024 W 2771 lat 296 296 759 0 exe 17444 27444 165944 resp 166351 19 pmu 1023495 127285 8254965 7005227 70154545
1790323466.434015 W 2772 lat 296 296 425 0 exe 18925 22685 58796 resp 59092 0 pmu 1023679 72425 8246893 7652094 57465344
1790323467.369996 W 2773 lat 296 296 425 0 exe 18629 25018 112166 resp 112518 6 pmu 1023646 100115 8252914 6561908 63204658
1790323468.414015 W 2774 lat 296 296 351 0 exe 19277 22907 40277 resp 40592 0 pmu 1023722 75035 8251120 7105905 57639520
1790323469.353998 W 2775 lat 296 296 425 0 exe 18999 25314 107814 resp 108129 4 pmu 1023667 103664 8250620 6379126 63863126
1790323470.394013 W 2776 lat 296 296 333 0 exe 19222 22388 42444 resp 42759 0 pmu 1023789 69182 8255484 7065648 56358910
1790323471.437997 W 2777 lat 296 296 537 0 exe 18777 24833 112407 resp 112722 7 pmu 1023659 97889 8254599 6397916 62675139
1790323472.378028 W 2778 lat 296 296 333 0 exe 19351 23166 61203 resp 61537 0 pmu 1023720 78098 8247440 7108863 58331502
1790323473.422012 W 2779 lat 296 296 425 0 exe 19314 24666 121481 resp 121851 7 pmu 1023660 95738 8254718 6590044 62364491
1790323474.361998 W 2780 lat 296 296 333 0 exe 19296 22388 43722 resp 44037 0 pmu 1023713 69075 8251764 7200894 56441299
1790323475.406012 W 2781 lat 296 296 425 0 exe 19259 24648 115703 resp 116037 6 pmu 1023701 95347 8252823 6411026 62238868
1790323476.341999 W 2782 lat 296 296 333 0 exe 18796 22462 44111 resp 44407 0 pmu 1023732 69806 8251440 7142517 56606360
1790323477.390015 W 2783 lat 296 296 351 0 exe 19277 25222 123962 resp 124296 5 pmu 1023609 102253 8251693 6412615 63640283
1790323478.434011 W 2784 lat 296 296 351 0 exe 19037 22481 40981 resp 41296 0 pmu 1023697 70277 8250496 7227738 56728150
1790323479.370000 W 2785 lat 296 296 388 0 exe 18981 24740 106999 resp 107333 6 pmu 1023693 96959 8250449 6382903 62466928
1790323480.413995 W 2786 lat 296 296 333 0 exe 19444 22648 42111 resp 42407 0 pmu 1023720 72106 8250612 7054488 57019782
1790323481.354013 W 2787 lat 296 296 407 0 exe 19277 24907 119370 resp 119685 5 pmu 1023585 98442 8249063 6396719 62812213
1790323482.401997 W 2788 lat 296 296 351 0 exe 19296 22481 41259 resp 41574 0 pmu 1023739 69733 8247204 7180500 56652207
1790323483.342013 W 2789 lat 296 296 518 0 exe 18925 25074 115203 resp 115722 5 pmu 1023620 100495 8253257 6386925 63263629
1790323484.385997 W 2790 lat 296 296 351 0 exe 19111 22388 43925 resp 44240 0 pmu 1023724 68893 8251482 7139423 56397497
1790323485.434013 W 2791 lat 296 296 425 0 exe 18203 25685 115722 resp 116055 3 pmu 1023672 107798 8253384 6412197 64815864
1790323486.369998 W 2792 lat 296 296 425 0 exe 19166 22203 41425 resp 41759 0 pmu 1023685 66744 8246648 7142704 55950674
1790323487.414012 W 2793 lat 296 296 425 0 exe 19055 24648 105574 resp 105999 4 pmu 1023692 95520 8250538 6387056 62142183
1790323488.353998 W 2794 lat 296 296 351 0 exe 19129 22555 47166 resp 47481 0 pmu 1023711 70671 8248264 7040708 56735292
1790323489.398012 W 2795 lat 296 296 462 0 exe 19388 24888 109499 resp 109814 5 pmu 1023631 98411 8248790 6445568 62785328
1790323490.337995 W 2796 lat 296 296 574 0 exe 19407 22574 40481 resp 40796 0 pmu 1023743 71039 8249302 7082482 56811723
1790323491.382012 W 2797 lat 296 296 425 0 exe 19148 24777 108740 resp 109166 4 pmu 1023738 97074 8253486 6381274 62470074
1790323492.426000 W 2798 lat 296 296 444 0 exe 18499 22407 42203 resp 42518 0 pmu 1023748 69046 8247700 7073551 56416293
1790323493.366013 W 2799 lat 296 296 481 0 exe 19166 24999 107185 resp 107499 5 pmu 1023663 99683 8252156 6392460 62993695
1790323494.409991 W 2800 lat 296 296 351 0 exe 18888 22555 61962 resp 62277 0 pmu 1023757 71066 8252388 7059001 56775732
1790323495.354010 W 2801 lat 296 296 518 0 exe 17518 27518 109962 resp 110296 11 pmu 1023570 132381 8256727 6592384 71171892
1790323496.393982 W 2802 lat 296 296 333 0 exe 16833 19203 42277 resp 42592 0 pmu 1023738 37325 8260672 7091292 48576730
1790323497.434222 W 2803 lat 296 444 2407 0 exe 17462 72388 222611 resp 223018 464 pmu 1021699 520382 8273848 6369733 238915976
1790323498.370140 W 2804 lat 314 611 3259 0 exe 109592 129944 175481 resp 176388 1000 pmu 1019512 1024763 8283916 8455583 454505412
1790323499.410175 W 2805 lat 314 611 2703 0 exe 107537 129444 174166 resp 174722 1000 pmu 1020054 1025385 8294548 8740397 452433460
1790323500.346596 W 2806 lat 314 629 3944 0 exe 106240 129777 185314 resp 185777 1000 pmu 1019859 1025205 8286393 8709924 453414214
1790323501.386265 W 2807 lat 314 611 3111 0 exe 109444 129703 185981 resp 187740 1000 pmu 1019893 1025210 8285380 8822493 452335694
1790323502.426220 W 2808 lat 296 611 3259 0 exe 110814 129425 173166 resp 173759 1000 pmu 1019488 1024372 8279526 8846876 451554056
1790323503.362170 W 2809 lat 314 611 2685 0 exe 109462 129777 176907 resp 177481 1000 pmu 1019441 1024114 8280262 8719211 453328246
1790323504.402240 W 2810 lat 296 629 2351 0 exe 108444 129703 182499 resp 183296 1000 pmu 1019962 1025090 8286582 8748628 453021656
1790323505.338485 W 2811 lat 314 629 3999 0 exe 108407 129703 184574 resp 184944 1000 pmu 1019661 1024262 8282463 8798517 453358257
1790323506.378103 W 2812 lat 296 611 3037 0 exe 109259 129999 184925 resp 185703 1000 pmu 1019541 1024154 8279792 8825377 452791856
1790323507.418220 W 2813 lat 296 629 3129 0 exe 108444 129407 183370 resp 183796 1000 pmu 1019689 1024184 8279114 8831730 451379894
1790323508.354083 W 2814 lat 314 611 2703 0 exe 110648 129240 174648 resp 175092 1000 pmu 1019405 1024800 8282576 8807851 450261626
1790323509.394321 W 2815 lat 314 611 3111 0 exe 106740 129833 196222 resp 196740 1000 pmu 1019500 1024147 8277572 8728583 452337551
1790323510.434082 W 2816 lat 296 611 3018 0 exe 108814 129722 177370 resp 177907 1000 pmu 1019727 1025511 8287685 8930299 451982759
1790323511.370177 W 2817 lat 314 611 3037 0 exe 103851 128592 178611 resp 180203 1000 pmu 1019752 1025009 8285496 8751252 448450633
1790323512.410247 W 2818 lat 296 611 2518 0 exe 110444 129870 182240 resp 183481 1000 pmu 1019471 1024591 8286359 8738460 453871044
1790323513.350424 W 2819 lat 314 629 3074 0 exe 108722 129814 194148 resp 194611 1000 pmu 1019401 1023820 8278303 8809647 453375363
1790323514.390099 W 2820 lat 296 629 2814 0 exe 110185 129740 175740 resp 176148 1000 pmu 1019319 1024338 8284187 8918937 453453332
1790323515.430281 W 2821 lat 314 629 2870 0 exe 108888 129703 191851 resp 194703 1000 pmu 1019251 1024433 8280579 8740220 452036789
1790323516.366302 W 2822 lat 314 648 3499 0 exe 106592 129851 204407 resp 205055 1000 pmu 1019479 1025248 8286156 8907162 452851763
1790323517.406363 W 2823 lat 314 629 3555 0 exe 110796 130499 193555 resp 194814 1000 pmu 1019578 1025003 8282881 9014264 455917915
1790323518.342602 W 2824 lat 296 629 2907 0 exe 108537 129999 178518 resp 179351 1000 pmu 1019588 1025470 8283756 8933258 455174915
1790323519.382463 W 2825 lat 296 629 3407 0 exe 110666 130037 199944 resp 200370 1000 pmu 1019405 1024844 8279973 8763816 453054157
1790323520.422284 W 2826 lat 296 629 3388 0 exe 109444 130222 186129 resp 187351 1000 pmu 1019556 1024717 8290076 8989228 454254352
1790323521.358687 W 2827 lat 314 648 2888 0 exe 108314 130185 213388 resp 214240 1000 pmu 1019763 1024747 8281942 8849789 452696966
1790323522.398100 W 2828 lat 296 629 3037 0 exe 111370 130296 177185 resp 177648 1000 pmu 1020290 1025918 8289766 9112375 456228416
1790323523.438235 W 2829 lat 314 629 2962 0 exe 110611 130277 185111 resp 185425 1000 pmu 1019622 1025224 8285350 8764832 453082802
1790323524.374076 W 2830 lat 296 629 3351 0 exe 109481 130037 183814 resp 185333 1000 pmu 1020033 1025268 8283687 8838972 453331466
1790323525.414170 W 2831 lat 314 629 2870 0 exe 104537 129907 176999 resp 178166 1000 pmu 1019825 1025546 8287198 8827136 452996964
1790323526.350248 W 2832 lat 296 611 3203 0 exe 108962 129388 188555 resp 188907 1000 pmu 1019527 1024914 8281431 8729757 452211409
1790323527.394019 W 2833 lat 296 481 3666 0 exe 17499 84537 190777 resp 191796 562 pmu 1021479 626201 8268793 8860772 283495353
1790323528.433986 W 2834 lat 296 296 333 0 exe 17055 19574 47592 resp 47888 0 pmu 1023812 41819 8253917 8204942 50204480
1790323529.386020 W 2835 lat 296 296 2388 0 exe 17240 25796 239499 resp 240685 23 pmu 1023653 106906 8255137 6424320 65890092
1790323530.437983 W 2836 lat 296 296 333 0 exe 17037 19296 42481 resp 42796 0 pmu 1023766 37933 8250791 8390359 49564356
1790323531.382007 W 2837 lat 296 296 574 0 exe 17185 23518 105518 resp 106092 2 pmu 1023624 87277 8251420 6371995 59548090
1790323532.433978 W 2838 lat 296 296 333 0 exe 16907 19351 43574 resp 43870 0 pmu 1023688 38983 8252224 7026621 48921928
1790323533.386004 W 2839 lat 296 296 388 0 exe 17259 21833 110240 resp 110574 4 pmu 1023651 67515 8251420 6382278 55289933
1790323534.441977 W 2840 lat 296 296 333 0 exe 17092 19277 42907 resp 43203 0 pmu 1023714 37750 8255412 7063615 48699864
1790323535.398002 W 2841 lat 296 296 574 0 exe 17166 21870 111870 resp 112277 5 pmu 1023642 67850 8256778 6376199 55339169
1790323536.341983 W 2842 lat 296 296 333 0 exe 17092 19833 40351 resp 40648 0 pmu 1023734 44235 8255476 7081121 50101148
1790323537.382006 W 2843 lat 296 296 555 0 exe 16962 21851 106685 resp 107111 6 pmu 1023713 67887 8254945 6353240 55294365
1790323538.422016 W 2844 lat 296 296 611 0 exe 17444 31203 160722 resp 161092 30 pmu 1023254 175214 8257802 7028164 81463703
1790323539.358007 W 2845 lat 296 296 462 0 exe 17018 22351 120203 resp 120518 4 pmu 1023694 73611 8253049 7617483 57365698
1790323540.397982 W 2846 lat 296 296 425 0 exe 17277 19722 43962 resp 44259 0 pmu 1023690 43009 8246416 7164905 49901626
1790323541.438007 W 2847 lat 296 296 666 0 exe 17185 21888 107370 resp 107796 5 pmu 1023668 68216 8253666 6390357 55410184
1790323542.373979 W 2848 lat 296 296 333 0 exe 16999 19296 44629 resp 44962 0 pmu 1023711 37876 8251212 7036836 48718392
1790323543.414007 W 2849 lat 296 296 777 0 exe 17055 22092 118740 resp 119518 4 pmu 1023673 70472 8254320 6393304 55912717
1790323544.349977 W 2850 lat 296 296 333 0 exe 17111 19537 46185 resp 46499 0 pmu 1023737 40646 8247000 7153122 49409453
1790323545.390006 W 2851 lat 296 296 425 0 exe 17148 21648 110388 resp 110703 6 pmu 1023686 65261 8250624 6410401 54849748
1790323546.429983 W 2852 lat 296 296 333 0 exe 17203 20222 48611 resp 48944 0 pmu 1023741 48923 8253364 7063615 51063602
1790323547.366006 W 2853 lat 296 296 425 0 exe 17148 21999 116203 resp 116518 3 pmu 1023640 69442 8255023 6438569 55730864
1790323548.405977 W 2854 lat 296 296 351 0 exe 17111 19277 43962 resp 44277 0 pmu 1023637 37915 8250051 7123633 48780897
1790323549.342006 W 2855 lat 296 296 481 0 exe 17111 21740 106592 resp 106925 6 pmu 1023690 66407 8253197 6387094 55066999
1790323550.381976 W 2856 lat 296 296 333 0 exe 16999 19148 44759 resp 45074 0 pmu 1023770 36580 8254480 7026461 48379432
1790323551.422008 W 2857 lat 296 296 407 0 exe 17407 22018 107999 resp 108314 5 pmu 1023644 69551 8251939 6393736 55723880
1790323552.357982 W 2858 lat 296 296 333 0 exe 16907 19555 43222 resp 43537 0 pmu 1023740 41116 8252676 7042978 49398426
1790323553.398006 W 2859 lat 296 296 518 0 exe 16999 21999 110314 resp 110648 5 pmu 1023660 69432 8254599 6379963 55760257
1790323554.437977 W 2860 lat 296 296 351 0 exe 16907 19277 44259 resp 44555 0 pmu 1023718 37955 8257276 7064696 48706756
1790323555.374007 W 2861 lat 296 296 962 0 exe 17037 21481 107407 resp 107722 7 pmu 1023640 63255 8254077 6389087 54422043
1790323556.413978 W 2862 lat 296 296 333 0 exe 17092 19444 43425 resp 43759 0 pmu 1023747 39693 8249648 7035218 49116236
1790323557.350006 W 2863 lat 296 296 499 0 exe 17129 21592 116351 resp 116759 4 pmu 1023670 64734 8253430 6382453 54694452
1790323558.389981 W 2864 lat 296 296 351 0 exe 16888 19333 44944 resp 45277 0 pmu 1023710 38526 8249040 7123909 48909637
1790323559.430009 W 2865 lat 296 296 518 0 exe 17092 23259 119333 resp 119666 8 pmu 1023610 83991 8252694 6396108 59087676
1790323560.365978 W 2866 lat 296 296 351 0 exe 17018 19499 40944 resp 41277 0 pmu 1023719 40342 8258472 7161619 49329646
1790323561.414237 W 2867 lat 296 333 3407 0 exe 16962 54703 477611 resp 480611 155 pmu 1020027 419074 8240015 6358059 149671625
1790323562.362418 W 2868 lat 277 388 5018 0 exe 94018 103185 481074 resp 485814 417 pmu 1014910 948809 8224931 10930264 289931068
1790323563.410165 W 2869 lat 296 407 8259 0 exe 92833 104425 519055 resp 522907 502 pmu 1014805 954357 8225312 11609732 293758770
1790323564.346556 W 2870 lat 296 407 5037 0 exe 93888 105185 485333 resp 490092 520 pmu 1014824 953656 8230939 12001989 295323126
1790323565.386156 W 2871 lat 296 388 4259 0 exe 93333 104092 455777 resp 459074 555 pmu 1014655 954036 8223218 11662284 293416520
1790323566.434078 W 2872 lat 296 388 4648 0 exe 94944 104518 467370 resp 471148 597 pmu 1014532 954755 8226950 11347432 293716570
1790323567.390260 W 2873 lat 296 407 6777 0 exe 94407 103555 479129 resp 482037 497 pmu 1014663 952479 8227869 11477680 291780453
1790323568.346282 W 2874 lat 296 407 4999 0 exe 93462 103462 467629 resp 472425 388 pmu 1014560 948056 8219756 11593935 290942219
1790323569.394545 W 2875 lat 296 388 5333 0 exe 92740 103722 497851 resp 500185 385 pmu 1014619 946626 8223967 11474175 291997309
1790323570.346533 W 2876 lat 296 388 3777 0 exe 95407 104574 451870 resp 454462 555 pmu 1014719 952815 8230193 11763861 294290037
1790323571.394081 W 2877 lat 296 388 5185 0 exe 93425 103962 452481 resp 455981 410 pmu 1014849 945841 8225768 11314717 292303483
1790323572.434574 W 2878 lat 296 388 5351 0 exe 93203 103685 481592 resp 484981 340 pmu 1014820 943053 8225530 11319121 291185741
1790323573.370556 W 2879 lat 296 388 4666 0 exe 93333 102759 486592 resp 491055 292 pmu 1014427 942003 8218241 11607711 289229279
1790323574.415150 W 2880 lat 296 407 5351 0 exe 92111 103722 477296 resp 481574 328 pmu 1014550 941361 8218497 11655958 291172381
1790323575.351041 W 2881 lat 296 388 4814 0 exe 92129 103425 447666 resp 452481 311 pmu 1014791 943541 8223679 11564197 290917254
1790323576.390105 W 2882 lat 296 388 4444 0 exe 92574 102666 475444 resp 478796 289 pmu 1014844 941356 8228914 11266367 288656773
1790323577.339631 W 2883 lat 296 407 6648 0 exe 85833 103240 485777 resp 489796 263 pmu 1014905 936455 8224522 11533528 289822776
1790323578.386250 W 2884 lat 296 407 6722 0 exe 93851 104462 498740 resp 502222 380 pmu 1014633 946673 8222228 11620751 293462685
1790323579.426358 W 2885 lat 296 407 5351 0 exe 93444 103814 496129 resp 498814 396 pmu 1014824 945539 8226213 11794142 292162390
1790323580.362383 W 2886 lat 296 407 4796 0 exe 93592 104129 486777 resp 489425 357 pmu 1014616 944808 8224422 11751799 292277373
1790323581.402483 W 2887 lat 296 388 5018 0 exe 93388 104888 480851 resp 484777 396 pmu 1014911 946737 8223237 11657987 294487641
1790323582.442266 W 2888 lat 296 407 5277 0 exe 93870 105333 500685 resp 504074 373 pmu 1014579 945822 8223636 11608823 294980553
1790323583.394235 W 2889 lat 296 388 4777 0 exe 91574 104796 474703 resp 479111 369 pmu 1014691 945121 8225228 11810360 294863245
1790323584.342154 W 2890 lat 296 388 5629 0 exe 93259 102814 441370 resp 446999 297 pmu 1014448 943566 8220409 11538690 289228017
1790323585.394153 W 2891 lat 296 425 5462 0 exe 93259 106092 469537 resp 473388 424 pmu 1014635 946604 8219596 11214532 297041377
1790323586.342222 W 2892 lat 296 407 4240 0 exe 92851 106611 496462 resp 498944 492 pmu 1014701 951306 8226061 11503350 297788460
1790323587.390092 W 2893 lat 296 425 6092 0 exe 93592 107018 490425 resp 495574 416 pmu 1014645 945800 8221363 11759701 299549500
1790323588.346069 W 2894 lat 296 425 4444 0 exe 93185 107833 491574 resp 494648 574 pmu 1014354 952569 8219409 11728303 301107583
1790323589.398134 W 2895 lat 296 444 4870 0 exe 92333 105388 488314 resp 489851 398 pmu 1014720 948196 8227544 11722734 295611777
1790323590.342349 W 2896 lat 296 425 5944 0 exe 92166 105814 456092 resp 458981 289 pmu 1014720 939249 8220105 11667928 295482416
1790323591.386015 W 2897 lat 296 370 5962 0 exe 18111 76814 484388 resp 486870 237 pmu 1018285 637756 8238244 11358818 212690583
1790323592.425986 W 2898 lat 296 296 333 0 exe 17111 19925 39574 resp 39888 0 pmu 1023737 45057 8260445 11123585 52747142
1790323593.386197 W 2899 lat 296 296 1018 0 exe 17074 30388 185407 resp 186203 19 pmu 1023408 163097 8256481 6346415 78316489
1790323594.430011 W 2900 lat 296 296 333 0 exe 25296 30666 47185 resp 47481 0 pmu 1023655 168866 8246641 7862725 79919673
1790323595.370019 W 2901 lat 296 296 351 0 exe 24407 32592 116499 resp 116833 6 pmu 1023631 191387 8252194 6517141 84529821
1790323596.414006 W 2902 lat 296 296 351 0 exe 23703 31185 46425 resp 46740 0 pmu 1023676 175081 8250246 7215585 80754687
1790323597.366028 W 2903 lat 296 296 592 0 exe 25962 33833 116277 resp 116629 6 pmu 1023523 206185 8245673 6504187 87652903
1790323598.406007 W 2904 lat 296 296 370 0 exe 24407 30740 48277 resp 48592 0 pmu 1023721 169817 8250017 7228782 79684499
1790323599.342018 W 2905 lat 296 296 407 0 exe 24462 33259 123074 resp 123388 7 pmu 1023548 199216 8250811 6524125 86045548
1790323600.386011 W 2906 lat 296 296 351 0 exe 25462 31055 46333 resp 46666 0 pmu 1023667 173756 8249456 7285099 80544591
1790323601.435675 W 2907 lat 296 296 444 0 exe 24648 32981 112166 resp 112481 7 pmu 1023652 196028 8248377 6511630 85382020
1790323602.370006 W 2908 lat 296 296 333 0 exe 25999 31462 46907 resp 47203 0 pmu 1023677 178609 8251372 7175733 81387501
1790323603.410023 W 2909 lat 296 296 425 0 exe 24759 33277 112999 resp 113314 6 pmu 1023548 199553 8246660 6521807 86187908
1790323604.371450 W 2910 lat 296 296 425 0 exe 25203 31611 60944 resp 61277 0 pmu 1023690 180480 8249644 7186177 81827804
1790323605.410014 W 2911 lat 296 296 407 0 exe 24796 33111 115888 resp 116203 10 pmu 1023641 197187 8250181 6659359 85805352
1790323606.346011 W 2912 lat 296 296 333 0 exe 25092 31259 47370 resp 47685 0 pmu 1023698 176337 8250340 7214213 80939167
1790323607.386017 W 2913 lat 296 296 444 0 exe 25277 32666 109722 resp 110055 8 pmu 1023593 192369 8249489 6520887 84808861
1790323608.431039 W 2914 lat 296 296 333 0 exe 25111 31870 54851 resp 55148 0 pmu 1023665 183257 8248302 7153055 82336978
1790323609.370019 W 2915 lat 296 296 462 0 exe 25425 32981 111407 resp 111796 9 pmu 1023616 196469 8249939 6598710 85575028
1790323610.418009 W 2916 lat 296 296 333 0 exe 24111 31055 51074 resp 51388 0 pmu 1023579 173268 8248378 7172656 80288089
1790323611.370012 W 2917 lat 296 296 462 0 exe 24925 33111 118018 resp 118462 8 pmu 1023522 197473 8247711 6551964 85787819
1790323612.433241 W 2918 lat 296 296 333 0 exe 25703 31833 59574 resp 59888 0 pmu 1023664 182866 8245540 7237139 82420787
1790323613.382016 W 2919 lat 296 296 481 0 exe 25314 32666 116277 resp 116574 8 pmu 1023566 192235 8249484 6648903 84712719
1790323614.430012 W 2920 lat 296 296 351 0 exe 24648 31999 77018 resp 77314 0 pmu 1023703 185120 8249880 7218882 82840954
1790323615.390020 W 2921 lat 296 296 407 0 exe 25129 31592 112407 resp 112796 8 pmu 1023533 178943 8246952 6818753 82156997
1790323616.438011 W 2922 lat 296 296 333 0 exe 25333 32962 97185 resp 97499 0 pmu 1023577 196410 8246597 7173962 84949399
1790323617.386014 W 2923 lat 296 296 333 0 exe 23925 30592 44703 resp 45018 0 pmu 1023629 167877 8248908 7028914 79146005
1790323618.430014 W 2924 lat 296 296 407 0 exe 26166 33203 109574 resp 109907 6 pmu 1023613 199035 8249574 6484976 85850209
1790323619.370038 W 2925 lat 296 296 351 0 exe 26111 31259 45907 resp 46203 0 pmu 1023664 176012 8249952 7158542 80922545
1790323620.431331 W 2926 lat 296 296 481 0 exe 26333 34981 109407 resp 109759 8 pmu 1023584 220651 8252436 6511245 90476567
1790323621.370871 W 2927 lat 296 296 333 0 exe 24814 30925 61999 resp 62314 0 pmu 1023639 171952 8248308 7167045 80193366
1790323622.410022 W 2928 lat 296 296 425 0 exe 25703 32999 110462 resp 110796 6 pmu 1023581 196551 8249239 6664114 85614438
1790323623.354009 W 2929 lat 296 296 425 0 exe 17185 28388 107333 resp 107648 4 pmu 1023631 143168 8253334 7164188 73059690
1790323624.394006 W 2930 lat 296 296 481 0 exe 17185 22499 127981 resp 128296 6 pmu 1023700 74678 8255168 7067159 57259703
1790323625.438373 W 2931 lat 296 1351 7166 0 exe 16796 165499 510944 resp 513518 382 pmu 1024454 415416 8297270 7245685 478831691
1790323626.382566 W 2932 lat 314 2833 6981 0 exe 105981 380129 524370 resp 528555 1000 pmu 1026230 1023662 8357270 11840476 1167420784
1790323627.422373 W 2933 lat 314 2925 6870 0 exe 108888 390925 522814 resp 527333 1000 pmu 1026680 1024207 8359701 13508378 1202119599
1790323628.366355 W 2934 lat 314 2777 6148 0 exe 113833 372092 500648 resp 503092 1000 pmu 1026480 1025430 8360256 13562913 1168401666
1790323629.414331 W 2935 lat 314 2703 6370 0 exe 144370 375222 502722 resp 506740 1000 pmu 1026724 1025536 8356538 13257066 1154354279
1790323630.350336 W 2936 lat 314 2833 6907 0 exe 135666 377333 511129 resp 514425 1000 pmu 1026792 1026654 8366550 13454883 1160109126
1790323631.394290 W 2937 lat 333 2833 7814 0 exe 127888 377870 506203 resp 507648 1000 pmu 1026613 1025036 8359278 13505718 1160493409
1790323632.434340 W 2938 lat 333 2796 6277 0 exe 140833 374055 506796 resp 510222 1000 pmu 1026676 1025524 8353507 13415633 1158959415
1790323633.370373 W 2939 lat 314 2777 6222 0 exe 131740 371648 493981 resp 497444 1000 pmu 1026805 1025749 8360186 13469333 1160369968
1790323634.414418 W 2940 lat 333 2759 7037 0 exe 131129 368092 511222 resp 515685 1000 pmu 1026941 1026345 8367072 13283382 1137554685
1790323635.350429 W 2941 lat 314 2907 7851 0 exe 111240 388833 514185 resp 517759 1000 pmu 1027094 1025360 8363269 13443947 1190877457
1790323636.402366 W 2942 lat 314 2833 7055 0 exe 110444 386574 513981 resp 517888 1000 pmu 1026629 1025012 8360601 13478122 1186392004
1790323637.346390 W 2943 lat 333 2796 7888 0 exe 140925 376870 505370 resp 507999 1000 pmu 1026648 1025235 8359808 13457925 1158362932
1790323638.398341 W 2944 lat 314 2740 6388 0 exe 143074 367851 499722 resp 503592 1000 pmu 1026676 1026273 8356498 13473676 1141759983
1790323639.438476 W 2945 lat 314 2814 7722 0 exe 107481 376240 513240 resp 516259 1000 pmu 1026601 1025309 8363062 13381245 1168740978
1790323640.382269 W 2946 lat 314 2870 6722 0 exe 106703 388666 511962 resp 517499 1000 pmu 1026624 1023522 8358162 13382902 1200019706
1790323641.430306 W 2947 lat 314 2833 7333 0 exe 141148 375592 505203 resp 510222 1000 pmu 1026547 1025008 8358100 13436244 1156047387
1790323642.370380 W 2948 lat 351 2703 7259 0 exe 134185 370518 507277 resp 511407 1000 pmu 1026468 1025577 8358568 13475734 1143389935
1790323643.414293 W 2949 lat 351 2888 6314 0 exe 108814 378296 498870 resp 503351 1000 pmu 1026730 1025384 8360036 13431296 1163067573
1790323644.350316 W 2950 lat 314 2740 6944 0 exe 120888 375092 498333 resp 503129 1000 pmu 1026691 1024960 8359092 13257043 1155471622
1790323645.398398 W 2951 lat 314 2759 6925 0 exe 135592 373722 505703 resp 510037 1000 pmu 1026501 1024678 8365209 13299745 1160315942
1790323646.442358 W 2952 lat 314 2629 7259 0 exe 130296 370240 513537 resp 517314 1000 pmu 1026572 1024511 8361596 13437953 1162376946
1790323647.378371 W 2953 lat 314 2574 6222 0 exe 136129 374907 517092 resp 520055 1000 pmu 1026504 1024764 8356803 13470676 1155172597
1790323648.422231 W 2954 lat 314 2592 6037 0 exe 136833 372333 515425 resp 517333 1000 pmu 1026685 1026059 8364058 13549142 1148764776
1790323649.358287 W 2955 lat 333 2592 6277 0 exe 129611 377240 506370 resp 510944 1000 pmu 1026534 1025079 8362645 13517072 1160978447
1790323650.406330 W 2956 lat 314 2518 6518 0 exe 129425 372333 505407 resp 508740 1000 pmu 1026651 1025453 8358230 13429539 1151602724
1790323651.350296 W 2957 lat 314 2425 6999 0 exe 137277 369425 501611 resp 504944 1000 pmu 1026356 1024955 8364990 13388860 1161348223
1790323652.394406 W 2958 lat 333 2537 5999 0 exe 144129 367425 492759 resp 494944 1000 pmu 1026591 1025331 8359413 13377682 1140302809
1790323653.434194 W 2959 lat 314 2814 6574 0 exe 136907 374222 501425 resp 505555 1000 pmu 1026655 1025152 8356534 13303362 1155526616
1790323654.378327 W 2960 lat 333 2944 6740 0 exe 142333 371499 498796 resp 503740 1000 pmu 1026521 1024230 8361820 13401717 1149092033
1790323655.418021 W 2961 lat 296 1962 6166 0 exe 17555 243462 520611 resp 526037 647 pmu 1025508 701240 8318369 13393439 768710710
1790323656.353986 W 2962 lat 296 296 333 0 exe 16851 19259 40296 resp 40611 0 pmu 1023787 37982 8259384 12340051 51895431
1790323657.435175 W 2963 lat 296 1166 6944 0 exe 16814 173018 754055 resp 759611 358 pmu 1022140 408697 8263719 6349976 466327864
1790323658.662238 W 2964 lat 296 1351 5907 0 exe 90425 232925 628462 resp 633111 993 pmu 1021749 1005794 8282172 14322184 844731031
1790323660.086523 W 2965 lat 296 1148 8592 0 exe 22240 191166 690648 resp 697296 731 pmu 1021930 939354 8294267 13724137 622031383
1790323660.551136 W 2966 lat 296 1351 6555 0 exe 80759 226444 716796 resp 718074 994 pmu 1024936 1022180 8316374 13819534 811163957
1790323661.528287 W 2967 lat 296 1055 8777 0 exe 59277 188499 794907 resp 799259 863 pmu 1022992 971638 8296450 14513715 692995503
1790323662.522701 W 2968 lat 296 1407 8185 0 exe 93870 227648 700722 resp 707648 992 pmu 1025589 1023091 8334998 15023245 812509550
1790323663.998650 W 2969 lat 296 1574 6185 0 exe 105277 242944 546611 resp 551111 1000 pmu 1025312 1016312 8325450 14461472 884417520
1790323665.632489 W 2970 lat 296 1499 7018 0 exe 47574 227407 555685 resp 560296 969 pmu 1024702 1002635 8319844 13032428 856883965
1790323665.686658 W 2971 lat 296 907 6425 0 exe 17092 158388 584592 resp 585129 662 pmu 1020192 701275 8251325 12760592 557979972
1790323666.627162 W 2972 lat 296 1277 6537 0 exe 17296 191722 627166 resp 631574 761 pmu 1025700 828557 8334290 12526111 730542867
1790323667.589438 W 2973 lat 296 1388 8296 0 exe 111814 225074 610888 resp 615555 1000 pmu 1026601 1028038 8344433 13142075 871620229
1790323668.954752 W 2974 lat 314 1907 8166 0 exe 115222 260129 683925 resp 692092 1000 pmu 1027388 1030176 8366247 13629058 938766228
1790323669.601150 W 2975 lat 314 1833 7722 0 exe 113740 258296 654370 resp 657333 1000 pmu 1025207 1028543 8342110 14571412 916011763
1790323670.452942 W 2976 lat 314 1555 8592 0 exe 118703 251944 685981 resp 694574 1000 pmu 1027369 1030166 8353479 14230610 919570365
1790323671.533346 W 2977 lat 314 1666 8185 0 exe 112814 251796 653111 resp 658537 1000 pmu 1027407 1031142 8359742 14571005 927567868
1790323673.053800 W 2978 lat 314 1944 8851 0 exe 108074 274277 659740 resp 666777 1000 pmu 1028577 1033666 8378903 14194811 981265706
1790323673.496606 W 2979 lat 296 1499 7296 0 exe 101351 234814 688222 resp 691388 1000 pmu 1022292 1021530 8312426 14362684 864304514
1790323674.555923 W 2980 lat 314 1555 8037 0 exe 117314 240370 651537 resp 654259 1000 pmu 1027149 1030580 8359509 14386856 910922064
1790323675.621087 W 2981 lat 314 1851 8037 0 exe 114111 265444 637648 resp 642166 1000 pmu 1025898 1028918 8348497 14129457 960382022
1790323676.411713 W 2982 lat 296 1537 6944 0 exe 18462 221148 674722 resp 681666 878 pmu 1026823 939351 8345210 14110056 844380443
1790323677.562409 W 2983 lat 314 1777 7944 0 exe 123388 266222 644203 resp 650055 1000 pmu 1026016 1027547 8339652 13786429 963579858
1790323678.462372 W 2984 lat 314 1722 8555 0 exe 120037 251851 662814 resp 666444 1000 pmu 1026089 1023613 8347942 14232262 934714179
1790323679.510121 W 2985 lat 314 1740 8129 0 exe 107629 251333 716999 resp 720388 1000 pmu 1025996 1028811 8351099 14321260 901313372
1790323680.520478 W 2986 lat 314 1814 9574 0 exe 112888 266555 671592 resp 677962 1000 pmu 1027547 1031315 8364312 14795194 969118871
1790323681.592602 W 2987 lat 314 1666 7648 0 exe 116981 241962 681296 resp 684907 1000 pmu 1028386 1033094 8378223 14466269 918721515
1790323682.494942 W 2988 lat 296 1925 8759 0 exe 19944 267314 684648 resp 689425 959 pmu 1026566 1005498 8348635 14436478 930427776
1790323683.581356 W 2989 lat 314 1796 8444 0 exe 105981 260555 749185 resp 753555 1000 pmu 1025345 1026944 8341293 14124412 957589985
1790323684.410023 W 2990 lat 314 2148 11259 0 exe 118481 271444 767425 resp 777462 1000 pmu 1027837 1033085 8372054 15161825 960691438
1790323685.581478 W 2991 lat 296 1907 8592 0 exe 107555 274592 676555 resp 682111 1000 pmu 1026977 1030493 8364796 15505319 946895654
1790323687.042151 W 2992 lat 314 1611 8944 0 exe 116185 240481 697777 resp 705444 1000 pmu 1027868 1031858 8377941 14520837 929554051
1790323687.393754 W 2993 lat 296 1277 8055 0 exe 17833 204759 574296 resp 576796 796 pmu 1024508 888684 8312097 14615848 742064984
1790323688.430043 W 2994 lat 296 314 2259 0 exe 16999 26018 297296 resp 297759 24 pmu 1023580 90419 8263650 12676430 71681776
1790323689.366659 W 2995 lat 296 296 1722 0 exe 17055 27370 258092 resp 258851 13 pmu 1023488 127964 8259896 8964247 72362531
1790323690.528479 W 2996 lat 296 2648 9814 0 exe 98574 375037 713425 resp 718240 999 pmu 1024146 1023034 8323002 8580892 1116879709
1790323691.468868 W 2997 lat 296 2148 7592 0 exe 54499 302592 646537 resp 647703 975 pmu 1025802 1019083 8340631 15352721 983586277
1790323692.453212 W 2998 lat 296 796 7888 0 exe 18537 150314 610277 resp 618166 927 pmu 1023838 972033 8317871 14069409 551156932
1790323693.475111 W 2999 lat 314 1407 7148 0 exe 113203 217240 611111 resp 615074 1000 pmu 1028316 1028203 8390106 12794027 739606808
1790323694.958802 W 3000 lat 314 1648 6999 0 exe 113018 246796 580018 resp 584555 1000 pmu 1028697 1031911 8384256 13589872 817277805
1790323695.475307 W 3001 lat 314 1333 6351 0 exe 103685 210388 512777 resp 517555 1000 pmu 1026079 1018320 8351171 13429338 723366586
1790323696.475545 W 3002 lat 296 1888 9537 0 exe 94333 274055 785018 resp 793074 999 pmu 1021695 1019235 8297045 12524629 885125101
1790323697.397390 W 3003 lat 296 2240 7648 0 exe 98777 321314 740425 resp 744333 998 pmu 1017727 1011861 8252539 15553598 944522206
1790323698.425650 W 3004 lat 314 2314 8259 0 exe 110222 306925 868981 resp 875740 1000 pmu 1027667 1030781 8372726 15337832 996271643
1790323699.460751 W 3005 lat 296 2370 10759 0 exe 102981 333574 790851 resp 800518 1000 pmu 1023501 1014784 8307355 16626416 989264021
1790323700.384894 W 3006 lat 296 1777 6925 0 exe 17833 267629 645333 resp 650796 767 pmu 1020751 782924 8264956 15968599 730518723
1790323701.422039 W 3007 lat 296 314 1166 0 exe 17092 37148 121981 resp 123148 76 pmu 1022743 239486 8253697 13713079 106889450
1790323702.358019 W 3008 lat 296 296 574 0 exe 17092 23740 139944 resp 140370 18 pmu 1023714 88490 8262724 7265219 63234446
1790323703.398059 W 3009 lat 296 314 481 0 exe 17037 25259 112407 resp 112814 6 pmu 1023619 103456 8256634 7370812 63314913
1790323704.438025 W 3010 lat 296 462 3907 0 exe 19555 38129 493148 resp 497055 62 pmu 1023346 141506 8263332 7102388 71039763
1790323705.374132 W 3011 lat 296 296 1092 0 exe 17111 29055 117796 resp 118222 66 pmu 1022886 145183 8255472 11022345 80818536
1790323706.414024 W 3012 lat 296 296 592 0 exe 17388 29407 112759 resp 113129 35 pmu 1023176 154136 8252823 7178716 78570977
1790323707.350023 W 3013 lat 296 296 518 0 exe 17277 24777 164462 resp 164777 14 pmu 1023464 100483 8258004 7128798 64204395
1790323708.390016 W 3014 lat 296 296 333 0 exe 16981 22759 81796 resp 82111 0 pmu 1023691 79022 8258164 7621366 57833138
1790323709.430102 W 3015 lat 296 314 462 0 exe 17166 24962 125333 resp 125666 12 pmu 1023546 99354 8258367 6782064 62241466
1790323710.366065 W 3016 lat 351 444 814 0 exe 20203 31999 117814 resp 118314 15 pmu 1023570 102605 8258848 7230382 54006605
1790323711.406067 W 3017 lat 407 462 1499 0 exe 23018 38611 142388 resp 142907 77 pmu 1023201 165472 8257034 7208995 67890376
1790323712.342066 W 3018 lat 425 462 1148 0 exe 23907 33907 107629 resp 108129 5 pmu 1023666 116473 8264225 7505821 55868127
1790323713.386023 W 3019 lat 296 333 1759 0 exe 17499 33518 128333 resp 130092 49 pmu 1023194 176397 8255574 7137491 77488351
1790323714.426018 W 3020 lat 296 296 518 0 exe 17259 26740 82981 resp 83296 0 pmu 1023653 125837 8257935 7318635 68017175
1790323715.366139 W 3021 lat 296 796 5833 0 exe 17185 115055 540648 resp 545611 422 pmu 1021990 519960 8271837 6817497 331096604
1790323716.432477 W 3022 lat 296 759 5074 0 exe 16888 124240 573203 resp 577259 525 pmu 1023951 539688 8286461 11888213 396842048
1790323717.358030 W 3023 lat 296 296 833 0 exe 16870 25648 135888 resp 136685 31 pmu 1023368 109519 8263480 12248235 70886345
1790323718.397990 W 3024 lat 296 296 333 0 exe 16518 19351 56703 resp 57018 0 pmu 1023727 39095 8265160 7341916 49085877
1790323719.438029 W 3025 lat 296 296 351 0 exe 16759 18648 34666 resp 34962 0 pmu 1023714 30815 8261392 6511753 46877024
1790323720.374005 W 3026 lat 296 296 407 0 exe 16870 21314 68962 resp 69277 0 pmu 1023743 62312 8269276 6289077 53659659
1790323721.413991 W 3027 lat 296 296 333 0 exe 16870 19629 50592 resp 50907 0 pmu 1023736 41943 8268612 6646408 49290196
1790323722.350005 W 3028 lat 296 296 333 0 exe 17129 19444 39425 resp 39722 0 pmu 1023689 40026 8263204 6453758 48760086
1790323723.389993 W 3029 lat 296 296 333 0 exe 16944 19592 48592 resp 48907 0 pmu 1023656 42099 8266120 6342327 49095714
1790323724.438148 W 3030 lat 296 296 518 0 exe 17203 25703 109666 resp 109981 15 pmu 1023332 112151 8262049 6434005 66181712
1790323729.878190 W 3031 lat 296 314 2518 0 exe 17185 33722 287092 resp 287425 105 pmu 1022993 177326 8257845 7077779 136233957
1790323729.878258 W 3032 lat 296 296 462 0 exe 16944 21851 110648 resp 110962 15 pmu 1023625 67368 8263372 8902380 56630702
1790323729.878309 W 3033 lat 296 296 407 0 exe 17240 21481 109444 resp 109814 12 pmu 1023623 63293 8261865 7066517 54637010
1790323729.878357 W 3034 lat 296 296 333 0 exe 16981 21444 108999 resp 109333 9 pmu 1023617 63200 8265240 7054053 54524724
1790323729.878406 W 3035 lat 296 296 388 0 exe 16870 21314 108314 resp 108629 10 pmu 1023640 61579 8265655 7047559 54193128
1790323730.370014 W 3036 lat 296 388 6037 0 exe 17388 41555 447129 resp 449499 83 pmu 1024013 192712 8273133 7040009 109726279
1790323731.409980 W 3037 lat 296 296 333 0 exe 16814 18907 45962 resp 46277 0 pmu 1023699 33727 8264993 10570832 49931923
1790323732.358018 W 3038 lat 296 296 1018 0 exe 16851 30629 140222 resp 140833 12 pmu 1023486 168085 8266861 6403776 78753715
1790323733.421989 W 3039 lat 296 296 333 0 exe 17592 20629 45518 resp 45833 0 pmu 1023681 53087 8252160 7410014 52266737
1790323734.366007 W 3040 lat 296 296 444 0 exe 17481 22722 107685 resp 108018 6 pmu 1023655 77511 8258051 6411616 57453629
1790323735.413994 W 3041 lat 296 296 333 0 exe 17018 20407 49759 resp 50074 0 pmu 1023723 50772 8259568 7043886 51502989
1790323736.366008 W 3042 lat 296 296 648 0 exe 17185 22296 120777 resp 121185 6 pmu 1023608 72547 8256804 6450067 56482692
1790323737.406003 W 3043 lat 296 296 1351 0 exe 17592 23333 191462 resp 192129 10 pmu 1023624 78881 8258960 7172695 60448894
1790323738.342007 W 3044 lat 296 296 555 0 exe 17277 22740 117462 resp 117907 5 pmu 1023584 78075 8257973 7891610 58434445
1790323739.394018 W 3045 lat 296 314 2629 0 exe 17074 24185 309185 resp 311814 13 pmu 1023673 79901 8261836 7142059 62903157
1790323740.438009 W 3046 lat 296 296 444 0 exe 17407 23018 113499 resp 113814 5 pmu 1023639 80998 8256355 9086761 59797828
1790323741.389991 W 3047 lat 296 296 333 0 exe 17481 20555 55370 resp 55685 0 pmu 1023682 52387 8256504 7103156 51903665
1790323742.346006 W 3048 lat 296 296 444 0 exe 17351 24092 109759 resp 110092 7 pmu 1023640 93832 8256802 6509282 61021110
1790323743.401985 W 3049 lat 296 296 333 0 exe 17481 19999 43888 resp 44203 0 pmu 1023760 46109 8259860 7070655 50549671
1790323744.358005 W 3050 lat 296 296 444 0 exe 17185 21999 113481 resp 113925 5 pmu 1023690 69207 8256914 6391639 55685194
1790323745.413984 W 3051 lat 296 296 351 0 exe 17425 20092 43462 resp 43777 0 pmu 1023686 46868 8251556 7097364 50722659
1790323746.362007 W 3052 lat 296 296 555 0 exe 17148 22574 131111 resp 131611 7 pmu 1023628 75591 8257520 6387754 57101461
1790323747.417989 W 3053 lat 296 296 333 0 exe 17111 20092 44648 resp 44962 0 pmu 1023718 47153 8259648 7277176 50877569
1790323748.362005 W 3054 lat 296 296 481 0 exe 17370 22462 113796 resp 114277 8 pmu 1023686 74629 8260760 6397943 56834292
1790323749.421985 W 3055 lat 296 296 351 0 exe 17296 19981 43888 resp 44185 0 pmu 1023766 45911 8253128 7104229 50503373
1790323750.370004 W 3056 lat 296 296 499 0 exe 17555 23166 105129 resp 105444 6 pmu 1023647 82862 8253822 6390603 58663935
1790323751.421984 W 3057 lat 296 296 351 0 exe 16944 19851 43444 resp 43740 0 pmu 1023725 44306 8254700 7021220 50105343
1790323752.370004 W 3058 lat 296 296 425 0 exe 16981 22537 140462 resp 140777 5 pmu 1023637 75009 8257126 6383596 56959000
1790323753.417992 W 3059 lat 296 296 333 0 exe 17370 20833 44925 resp 45222 0 pmu 1023734 55849 8256540 7368158 52772939
1790323754.366004 W 3060 lat 296 296 648 0 exe 16888 22370 113740 resp 114074 7 pmu 1023674 73677 8257680 6405615 56589112
1790323755.425985 W 3061 lat 296 296 333 0 exe 17259 20129 44203 resp 44518 0 pmu 1023801 47870 8261884 7100841 50856449
1790323756.370003 W 3062 lat 296 296 444 0 exe 17240 22240 115666 resp 115981 5 pmu 1023674 72135 8257342 6394152 56284626
1790323757.421987 W 3063 lat 296 296 351 0 exe 17444 20351 42537 resp 42833 0 pmu 1023732 49901 8254148 7120018 51395983
1790323758.374007 W 3064 lat 296 296 462 0 exe 17648 24666 116055 resp 116481 11 pmu 1023626 100637 8254960 6379620 62690667
1790323759.425992 W 3065 lat 296 296 333 0 exe 17074 20629 48407 resp 48722 0 pmu 1023697 53218 8252996 7138852 52087418
1790323760.374005 W 3066 lat 296 296 499 0 exe 17222 22222 139166 resp 139537 6 pmu 1023695 71263 8254523 6437969 56182584
1790323761.417987 W 3067 lat 296 296 333 0 exe 17296 20962 53166 resp 53481 0 pmu 1023774 56993 8252424 7355549 53028862
1790323762.354014 W 3068 lat 296 296 499 0 exe 17259 22740 117648 resp 117981 10 pmu 1023577 77705 8255771 6488441 58206463
1790323763.393983 W 3069 lat 296 296 333 0 exe 16962 19444 43240 resp 43555 0 pmu 1023762 39841 8264252 7142974 49157832
1790323764.438019 W 3070 lat 296 296 1111 0 exe 17148 24388 296240 resp 297092 22 pmu 1023510 90017 8261508 6379896 62767855
1790323765.374004 W 3071 lat 296 296 333 0 exe 18055 22092 60944 resp 61259 0 pmu 1023769 69748 8250355 8942125 58328508
1790323766.414008 W 3072 lat 296 296 518 0 exe 17703 23629 113018 resp 113333 6 pmu 1023705 88037 8248834 6575513 61368397
1790323767.349986 W 3073 lat 296 296 388 0 exe 18648 21629 52592 resp 52925 0 pmu 1023839 64301 8248642 7103222 56028729
1790323768.390013 W 3074 lat 296 296 444 0 exe 18407 25444 113277 resp 113722 10 pmu 1023703 109295 8248618 6493001 65928389
1790323769.429990 W 3075 lat 296 296 388 0 exe 18111 21629 52666 resp 52981 0 pmu 1023810 64483 8249909 7118654 56083933
1790323770.366007 W 3076 lat 296 296 444 0 exe 17962 23259 109259 resp 109592 7 pmu 1023688 84010 8255553 6490972 60392963
1790323771.405990 W 3077 lat 296 296 351 0 exe 17407 21370 51740 resp 52055 0 pmu 1023680 61452 8253160 7064808 55436621
1790323772.342009 W 3078 lat 296 296 407 0 exe 17518 23370 110462 resp 110777 6 pmu 1023673 85349 8253913 6476654 60700224
1790323773.381989 W 3079 lat 296 296 333 0 exe 18259 21611 52018 resp 52314 0 pmu 1023736 64138 8247672 7074887 55972055
1790323774.422009 W 3080 lat 296 296 425 0 exe 17740 23018 110277 resp 110592 5 pmu 1023674 81182 8248851 6484842 59782527
1790323775.357985 W 3081 lat 296 296 425 0 exe 17666 20722 51777 resp 52092 0 pmu 1023760 53801 8247673 7072354 53834178
1790323776.398010 W 3082 lat 296 296 444 0 exe 17777 23611 113555 resp 113870 4 pmu 1023732 87990 8250760 6475588 61272066
1790323777.437991 W 3083 lat 296 296 333 0 exe 18092 22240 51777 resp 52092 0 pmu 1023761 71879 8250964 7108531 57599690
1790323778.374010 W 3084 lat 296 296 444 0 exe 18481 23814 112407 resp 112777 8 pmu 1023760 90163 8251254 6484825 61713638
1790323779.413988 W 3085 lat 296 296 351 0 exe 18407 21333 51166 resp 51481 0 pmu 1023808 60655 8248989 7101733 55304001
1790323780.350011 W 3086 lat 296 296 1611 0 exe 18240 23648 121333 resp 121907 6 pmu 1023682 88053 8251453 6475660 61371841
1790323781.389989 W 3087 lat 296 296 333 0 exe 17611 20870 50888 resp 51203 0 pmu 1023783 55704 8249896 7195819 54274604
1790323782.430007 W 3088 lat 296 296 518 0 exe 17425 23203 121240 resp 121592 5 pmu 1023685 83032 8251409 6466637 60241604
1790323783.369994 W 3089 lat 296 296 499 0 exe 18055 21481 51277 resp 51592 0 pmu 1023771 63010 8251832 7181924 55777323
1790323784.410011 W 3090 lat 296 296 592 0 exe 17703 23037 113796 resp 114129 6 pmu 1023692 80788 8249908 6476646 59736443
1790323785.353991 W 3091 lat 296 296 370 0 exe 17703 20944 47703 resp 47999 0 pmu 1023772 56565 8258716 7108576 54374149
1790323786.394011 W 3092 lat 296 296 499 0 exe 17537 22814 120981 resp 121481 7 pmu 1023705 79037 8249907 6435887 59323098
1790323787.337985 W 3093 lat 296 296 351 0 exe 17851 20759 48129 resp 48444 0 pmu 1023737 54106 8249780 7178790 53988971
1790323788.398010 W 3094 lat 296 296 351 0 exe 17555 22685 116907 resp 117222 6 pmu 1023666 77177 8247796 6439851 58995670
1790323789.344249 W 3095 lat 296 296 462 0 exe 17851 22166 60759 resp 61074 0 pmu 1023770 71205 8252616 7136030 57456664
1790323790.390012 W 3096 lat 296 296 759 0 exe 19759 46425 148481 resp 149240 20 pmu 1023116 355795 8258609 6573766 122812520
1790323791.433995 W 3097 lat 296 296 333 0 exe 20888 24722 51166 resp 51462 0 pmu 1023709 100581 8255377 7585692 63937556
1790323792.373987 W 3098 lat 296 296 333 0 exe 20462 23870 51703 resp 51999 0 pmu 1023762 90088 8248618 6505088 61158464
1790323793.421985 W 3099 lat 296 296 333 0 exe 20074 23999 52444 resp 52759 0 pmu 1023757 91753 8249952 6503851 61531698
1790323794.366029 W 3100 lat 296 296 555 0 exe 21629 34351 118777 resp 119111 39 pmu 1023249 211961 8250281 6510385 90432657
1790323795.405981 W 3101 lat 296 296 333 0 exe 17018 20851 71740 resp 72055 0 pmu 1023653 56490 8264853 7234295 52744823
1790323796.342070 W 3102 lat 296 518 8018 0 exe 16814 47944 713222 resp 719037 102 pmu 1023692 135652 8276074 6672374 129845077
1790323797.382094 W 3103 lat 296 3148 10074 0 exe 93703 325018 717203 resp 724555 992 pmu 1024364 1019523 8324136 13291663 907536783
1790323798.422142 W 3104 lat 296 2148 8444 0 exe 18425 245981 620203 resp 626166 802 pmu 1025154 850696 8308590 15132052 703393215
1790323799.358157 W 3105 lat 314 2481 8296 0 exe 94962 284555 592129 resp 598037 996 pmu 1026543 1030191 8357896 13370679 824505845
1790323800.398297 W 3106 lat 314 2388 8722 0 exe 99407 281407 564740 resp 569796 1000 pmu 1026098 1029934 8352747 13666529 816746881
1790323801.438109 W 3107 lat 296 2388 7722 0 exe 75259 281777 601666 resp 604833 990 pmu 1026554 1028727 8353910 13396526 821439022
1790323802.374309 W 3108 lat 296 2518 8499 0 exe 102999 285907 539925 resp 544129 1000 pmu 1026769 1031138 8357322 13632393 830941020
1790323803.418304 W 3109 lat 277 2462 7333 0 exe 102962 283277 541166 resp 545648 1000 pmu 1026831 1031480 8359292 13183944 827691328
1790323804.354267 W 3110 lat 314 2574 8777 0 exe 102018 299055 631777 resp 636555 1000 pmu 1025809 1028234 8332281 13178253 856376823
1790323805.394099 W 3111 lat 296 1999 8981 0 exe 18888 232833 630425 resp 634592 777 pmu 1025532 857306 8329692 14167359 669469857
1790323806.434193 W 3112 lat 296 2370 9277 0 exe 78444 289259 617333 resp 620796 976 pmu 1025400 1023142 8335060 13402797 827777121
1790323807.370320 W 3113 lat 296 2944 12592 0 exe 99851 318037 633259 resp 637333 1000 pmu 1025560 1025278 8337574 13851542 896112301
1790323808.414058 W 3114 lat 314 2944 8888 0 exe 100703 319537 631166 resp 637037 1000 pmu 1025571 1023812 8343726 14284177 899530511
1790323809.350030 W 3115 lat 296 2074 7444 0 exe 18333 237999 557277 resp 562629 828 pmu 1025743 892308 8326606 14265039 692419246
1790323810.390226 W 3116 lat 296 1888 10092 0 exe 17481 208888 650537 resp 655092 650 pmu 1024963 712623 8324368 12691951 592791264
1790323811.430103 W 3117 lat 296 2407 7907 0 exe 72166 279444 595592 resp 600759 992 pmu 1026227 1028547 8343825 13483943 814265886
1790323812.366085 W 3118 lat 296 2499 9092 0 exe 102537 285629 549166 resp 551981 1000 pmu 1026574 1030632 8351602 13555606 826883442
1790323813.410079 W 3119 lat 314 2407 7370 0 exe 99925 281648 541740 resp 545870 1000 pmu 1026478 1030576 8345456 13268623 821923938
1790323814.354069 W 3120 lat 296 1777 7666 0 exe 17703 203129 536407 resp 540203 708 pmu 1025525 764737 8328257 13158148 591794451
1790323815.398120 W 3121 lat 296 2074 6907 0 exe 21407 258240 572499 resp 576259 912 pmu 1025856 971921 8338110 12298344 748128253
1790323816.438106 W 3122 lat 296 2351 8277 0 exe 92740 285203 568351 resp 573111 995 pmu 1026323 1030039 8347392 12950950 826500811
1790323817.374326 W 3123 lat 296 2407 9499 0 exe 39185 277018 546648 resp 551962 981 pmu 1026444 1022306 8344857 13414092 804842318
1790323818.415271 W 3124 lat 314 2629 8722 0 exe 100981 304148 621111 resp 625037 1000 pmu 1026023 1027725 8345405 12897631 866355196
1790323819.351556 W 3125 lat 296 2314 7537 0 exe 74018 280518 590777 resp 594962 990 pmu 1025890 1028374 8339401 14077160 814324202
1790323820.390112 W 3126 lat 296 1944 7611 0 exe 17962 225148 612499 resp 617129 786 pmu 1025647 835593 8337525 13514064 657293042
1790323821.430402 W 3127 lat 296 2185 7277 0 exe 19851 264944 607222 resp 614185 933 pmu 1025650 979948 8335228 13175454 767881164
1790323822.366027 W 3128 lat 296 1518 8277 0 exe 16870 173611 566814 resp 569796 589 pmu 1025170 645302 8315513 13341332 501278940
1790323823.406352 W 3129 lat 296 2222 7370 0 exe 17388 262685 585425 resp 590740 946 pmu 1025749 978504 8352807 12448370 765872141
1790323824.342083 W 3130 lat 314 2388 7777 0 exe 101685 279740 560833 resp 565129 1000 pmu 1026282 1029277 8352067 13093276 818608795
1790323825.382294 W 3131 lat 296 2333 7129 0 exe 96185 278425 558333 resp 560814 995 pmu 1026381 1030153 8342449 13352021 810645992
1790323826.422021 W 3132 lat 296 2277 7499 0 exe 20722 265499 566796 resp 571462 921 pmu 1026652 971167 8347995 13279919 767913181
1790323827.358007 W 3133 lat 296 296 1203 0 exe 16611 21685 117444 resp 118648 6 pmu 1023685 66349 8269958 12932666 58916002
1790323828.406009 W 3134 lat 296 296 2148 0 exe 16629 24092 178444 resp 178925 20 pmu 1023579 90229 8268308 7140298 61690253
1790323829.338040 W 3135 lat 296 296 907 0 exe 32203 42555 128981 resp 129888 9 pmu 1023409 313846 8256246 7763452 107978616
1790323830.378003 W 3136 lat 296 296 425 0 exe 28796 36703 60833 resp 61148 0 pmu 1023566 245077 8257364 7434989 92116538
1790323831.418016 W 3137 lat 296 296 611 0 exe 31074 39685 116203 resp 116629 8 pmu 1023429 280193 8254813 6701818 100191576
1790323832.354000 W 3138 lat 296 296 425 0 exe 30925 37314 63833 resp 64166 0 pmu 1023584 252793 8252799 7283182 93706323
1790323833.394025 W 3139 lat 296 296 962 0 exe 29537 38166 121666 resp 122277 10 pmu 1023406 261837 8254270 6745582 96568290
1790323834.433999 W 3140 lat 296 296 425 0 exe 28999 33722 55222 resp 55537 0 pmu 1023606 209114 8253265 7325400 84621629
1790323835.398004 W 3141 lat 296 314 592 0 exe 29592 47351 130388 resp 130722 9 pmu 1023258 369693 8255357 6631645 119660996
1790323836.338015 W 3142 lat 296 296 481 0 exe 28833 35777 71796 resp 72111 0 pmu 1023594 233761 8260196 7455682 89922250
1790323837.394127 W 3143 lat 296 296 574 0 exe 28888 39018 116148 resp 116574 10 pmu 1023426 271939 8259035 6807249 98434021
1790323838.346174 W 3144 lat 296 296 333 0 exe 30129 35018 59814 resp 60111 0 pmu 1023666 224987 8257584 7268225 87692643
1790323839.406020 W 3145 lat 296 296 611 0 exe 29740 39425 110296 resp 110648 11 pmu 1023406 277250 8258727 6689209 99714786
1790323840.354000 W 3146 lat 296 296 425 0 exe 29166 35055 55092 resp 55407 0 pmu 1023547 225485 8258369 7215868 87940759
1790323841.422020 W 3147 lat 296 296 537 0 exe 29759 38592 123814 resp 124222 13 pmu 1023411 266958 8256360 6638019 97748088
1790323842.382006 W 3148 lat 296 296 407 0 exe 29592 34740 52277 resp 52574 0 pmu 1023640 221613 8257311 7346938 87426851
1790323843.338018 W 3149 lat 296 296 592 0 exe 31074 39129 121833 resp 122277 10 pmu 1023457 273865 8257414 6610172 98780868
1790323844.393999 W 3150 lat 296 296 333 0 exe 30703 36055 58462 resp 58777 0 pmu 1023653 237783 8255924 7336807 90365616
1790323845.346015 W 3151 lat 296 296 537 0 exe 31166 39333 108037 resp 108407 10 pmu 1023364 276093 8256401 6683973 99331952
1790323846.409998 W 3152 lat 296 296 425 0 exe 31129 36259 57425 resp 57722 0 pmu 1023560 239973 8258593 7199677 90876322
1790323847.358017 W 3153 lat 296 296 629 0 exe 31481 40444 121888 resp 122407 11 pmu 1023270 289102 8255415 6677162 102463272
1790323848.414000 W 3154 lat 296 296 444 0 exe 31018 38166 57111 resp 57425 0 pmu 1023398 262418 8251672 7346398 96069255
1790323849.374013 W 3155 lat 296 296 685 0 exe 30166 39759 123611 resp 123944 9 pmu 1023336 280505 8254242 6683035 100376852
1790323850.422002 W 3156 lat 296 296 351 0 exe 30166 34981 53370 resp 53685 0 pmu 1023584 224528 8255348 7353067 87841817
1790323851.378015 W 3157 lat 296 296 518 0 exe 29703 38666 116055 resp 116388 10 pmu 1023417 267877 8259997 6624999 97717796
1790323852.438003 W 3158 lat 296 296 444 0 exe 30592 35981 51962 resp 52277 0 pmu 1023482 236971 8258886 7269191 90433895
1790323853.390014 W 3159 lat 296 296 574 0 exe 30462 40203 118685 resp 119222 12 pmu 1023343 286233 8252556 6618542 101681111
1790323854.349998 W 3160 lat 296 296 407 0 exe 29888 35962 53407 resp 53722 0 pmu 1023554 235931 8256853 7307879 90197056
1790323855.398016 W 3161 lat 296 296 574 0 exe 30851 39407 111537 resp 111870 12 pmu 1023244 277037 8253276 6629208 99982069
1790323856.338003 W 3162 lat 296 296 425 0 exe 31888 37037 55203 resp 55518 0 pmu 1023422 249330 8257323 7233471 93230352
1790323857.394022 W 3163 lat 296 296 666 0 exe 31759 39944 111703 resp 112148 13 pmu 1023056 282784 8252712 6662492 101210125
1790323858.358015 W 3164 lat 296 296 481 0 exe 31499 40574 107685 resp 108018 5 pmu 1023267 291380 8255703 7243345 102550010
1790323859.402008 W 3165 lat 296 296 425 0 exe 16888 23314 121425 resp 121759 5 pmu 1023613 85256 8262573 7203446 59402356
1790323860.342310 W 3166 lat 296 296 740 0 exe 16574 25722 264592 resp 264907 60 pmu 1023193 96674 8266605 7181456 67800970
1790323861.494040 W 3167 lat 296 314 648 0 exe 18870 44592 152574 resp 152944 73 pmu 1022964 324896 8255368 8625268 116335248
1790323862.430132 W 3168 lat 296 296 462 0 exe 19518 35629 118240 resp 118555 5 pmu 1023510 230875 8261898 7610636 90159454
            1790327463.995015 <missed 3251 bytes of console log>
1790327463.995110 h"
1790327463.995135 [MG] Initializing memguard on CPU 3
1790327463.995164 rt-bench: ws 768 KB, 1024 loads/period, window 1000
1790327463.995209 W 0 lat 296 296 981 0 exe 17370 30074 162925 resp 163907 38 pmu 1023563 158857 8264739 5307592 77084732
1790327463.995256 W 1 lat 296 296 333 0 exe 17407 21574 99129 resp 99444 0 pmu 1023827 63093 8259269 7638531 54890617
1790327463.995301 W 2 lat 296 296 518 0 exe 17092 22407 124944 resp 125407 6 pmu 1023681 71762 8257039 6951518 56986703
1790327463.995346 W 3 lat 296 296 333 0 exe 17481 21462 86074 resp 86388 0 pmu 1023817 60964 8256068 7213925 54237496
1790327463.995391 W 4 lat 296 296 481 0 exe 16925 22370 109870 resp 110203 8 pmu 1023762 71691 8258778 6820740 56844812
1790327463.995435 W 5 lat 296 462 518 0 exe 17074 27388 70592 resp 71074 0 pmu 1023871 42664 8265458 7061225 43681578
1790327463.995454 Closing cell "rt-bench"
1790327463.995476 [MG] Initializing memguard on CPU 3
1790327463.995498 [SMMUv2] Exiting SMMUv2 on cell 1
1790327463.995547 [COL] Colored OP 1: PHYS 0x30000000 -> VIRT 0x00000000 (SIZE: 0x00400000, COL: 0x000000ff, extra: 0x0000000000000000)
1790327463.995565 [COL] Result: 0
1790327463.995613 [COL] Colored OP 4: PHYS 0x30000000 -> VIRT 0x00000000 (SIZE: 0x00400000, COL: 0x000000ff, extra: 0x0000000000000001)
1790327463.995631 [COL] Result: 0
1790327463.995663 Page pool usage after cell destruction: mem 85/4061, remap 5/131072
1790327463.995686 [MG] Initializing memguard on CPU 3
1790327463.995708 [MG] Initializing memguard on CPU 3
1790327463.995756 [COL] Colored OP 0: PHYS 0x30000000 -> VIRT 0x00000000 (SIZE: 0x00400000, COL: 0x000000ff, extra: 0x0000000000000000)
1790327463.995774 [COL] Result: 0
1790327463.995796 [MG] Initializing memguard on CPU 3
1790327463.995814 Created cell "rt-bench"
1790327463.995845 Page pool usage after cell creation: mem 98/4061, remap 5/131072
1790327463.995894 [COL] Colored OP 3: PHYS 0x30000000 -> VIRT 0x00000000 (SIZE: 0x00400000, COL: 0x000000ff, extra: 0x0000000000000000)
1790327463.995918 [MG] Initializing memguard on CPU 3
1790327463.995934 [COL] Result: 0
1790327463.995954 Cell "rt-bench" can be loaded
1790327463.996002 [COL] Colored OP 2: PHYS 0x30000000 -> VIRT 0x00000000 (SIZE: 0x00400000, COL: 0x000000ff, extra: 0x0000000000000000)
1790327463.996019 [COL] Result: 0
1790327463.996067 [COL] Colored OP 4: PHYS 0x30000000 -> VIRT 0x00000000 (SIZE: 0x00400000, COL: 0x000000ff, extra: 0x0000000000000001)
1790327463.996084 [COL] Result: 0
1790327463.996102 Started cell "rt-bench"
1790327463.996124 [MG] Initializing memguard on CPU 3
1790327463.996152 rt-bench: ws 768 KB, 1024 loads/period, window 1000
1790327465.034079 W 0 lat 296 296 1222 0 exe 17148 27055 191962 resp 192648 34 pmu 1023284 123553 8251586 5307578 69501357
1790327466.074057 W 1 lat 296 296 407 0 exe 16814 20462 98888 resp 99203 0 pmu 1023529 51541 8245073 7912353 52289606
1790327467.010073 W 2 lat 296 296 592 0 exe 16851 21666 113333 resp 113759 7 pmu 1023479 65260 8246237 6940804 55168572
1790327468.050065 W 3 lat 296 296 333 0 exe 16425 20499 93629 resp 93962 0 pmu 1023513 51616 8245010 7093143 51793749
1790327468.986095 W 4 lat 296 296 388 0 exe 16999 21962 116740 resp 117055 6 pmu 1023450 68746 8246398 6886236 55932177
                                                                                                                                                                                                                                                                                                                                                                                 1790327611.224913 <missed 3263 bytes of console log>
1790327611.225294 nitializing memguard on CPU 3
1790327611.225328 rt-bench: ws 768 KB, 1024 loads/period, window 1000
1790327611.225376 W 0 lat 296 296 1092 0 exe 16999 26592 172240 resp 172833 28 pmu 1023437 118590 8258495 5307566 67563481
1790327611.225425 W 1 lat 296 296 777 0 exe 17018 22981 118407 resp 119185 8 pmu 1023454 80139 8254359 7711036 59032486
1790327611.225480 W 2 lat 296 296 1462 0 exe 17018 25685 127129 resp 128592 16 pmu 1023343 111427 8250979 7153914 65558357
1790327611.225527 W 3 lat 296 296 555 0 exe 16907 23055 110722 resp 111277 8 pmu 1023501 81207 8252675 7261689 58929581
1790327611.225572 W 4 lat 296 296 333 0 exe 16962 19444 53037 resp 53333 0 pmu 1023498 39014 8254157 7074642 49182022
1790327611.225618 W 5 lat 296 462 555 0 exe 17592 29759 133685 resp 134185 19 pmu 1023453 68628 8254713 6477527 47693066
1790327611.225638 Closing cell "rt-bench"
1790327611.225662 [MG] Initializing memguard on CPU 3
1790327611.225684 [SMMUv2] Exiting SMMUv2 on cell 1
1790327611.225734 [COL] Colored OP 1: PHYS 0x30000000 -> VIRT 0x00000000 (SIZE: 0x00400000, COL: 0x000000ff, extra: 0x0000000000000000)
1790327611.225752 [COL] Result: 0
1790327611.225801 [COL] Colored OP 4: PHYS 0x30000000 -> VIRT 0x00000000 (SIZE: 0x00400000, COL: 0x000000ff, extra: 0x0000000000000001)
1790327611.225820 [COL] Result: 0
1790327611.225852 Page pool usage after cell destruction: mem 85/4061, remap 5/131072
1790327611.225876 [MG] Initializing memguard on CPU 3
1790327611.225899 [MG] Initializing memguard on CPU 3
1790327611.225948 [COL] Colored OP 0: PHYS 0x30000000 -> VIRT 0x00000000 (SIZE: 0x00400000, COL: 0x000000ff, extra: 0x0000000000000000)
1790327611.225966 [COL] Result: 0
1790327611.225989 [MG] Initializing memguard on CPU 3
1790327611.226031 Created cell "rt-bench"
1790327611.226066 Page pool usage after cell creation: mem 98/4061, remap 5/131072
1790327611.226116 [COL] Colored OP 3: PHYS 0x30000000 -> VIRT 0x00000000 (SIZE: 0x00400000, COL: 0x000000ff, extra: 0x0000000000000000)
1790327611.226141 [MG] Initializing memguard on CPU 3
1790327611.226157 [COL] Result: 0
1790327611.226177 Cell "rt-bench" can be loaded
1790327611.226227 [COL] Colored OP 2: PHYS 0x30000000 -> VIRT 0x00000000 (SIZE: 0x00400000, COL: 0x000000ff, extra: 0x0000000000000000)
1790327611.226245 [COL] Result: 0
1790327611.226552 [COL] Colored OP 4: PHYS 0x30000000 -> VIRT 0x00000000 (SIZE: 0x00400000, COL: 0x000000ff, extra: 0x0000000000000001)
1790327611.226580 [COL] Result: 0
1790327611.226599 Started cell "rt-bench"
1790327611.226622 [MG] Initializing memguard on CPU 3
1790327611.226651 rt-bench: ws 768 KB, 1024 loads/period, window 1000
1790327612.262098 W 0 lat 296 296 1055 0 exe 17111 24481 136851 resp 137259 29 pmu 1023443 93231 8246003 5307569 62706219
1790327613.202110 W 1 lat 296 296 685 0 exe 17333 23240 125092 resp 125518 6 pmu 1023454 81243 8252675 7345844 59395392
1790327614.242091 W 2 lat 296 296 333 0 exe 17259 19833 53462 resp 53777 0 pmu 1023522 41338 8248232 7221404 50145996
1790327615.282095 W 3 lat 296 296 518 0 exe 17277 22851 122777 resp 123111 6 pmu 1023372 76768 8250952 6485323 57928280
1790327616.218114 W 4 lat 296 296 333 0 exe 17388 19962 48537 resp 48851 0 pmu 1023528 43252 8247328 7194825 50525072
1790327617.258184 W 5 lat 296 462 648 0 exe 17870 29685 128888 resp 129370 18 pmu 1023403 69469 8248023 6437390 48246842
1790327618.326403 W 6 lat 296 481 2629 0 exe 18462 121999 391481 resp 393407 805 pmu 1022575 844296 8267428 7297661 318500113
1790327619.242114 W 7 lat 296 314 2166 0 exe 17259 27666 301444 resp 302722 16 pmu 1023235 117485 8247067 10403193 74295687
1790327620.286216 W 8 lat 296 1462 8481 0 exe 17870 174481 607611 resp 612296 660 pmu 1021138 769212 8303971 9020653 469461900
1790327621.222191 W 9 lat 314 1277 5425 0 exe 99222 202277 357925 resp 359666 997 pmu 1014087 977357 8279287 12874790 552550798
1790327622.262213 W 10 lat 296 1574 6185 0 exe 96481 217777 349425 resp 353074 981 pmu 1017118 981868 8305927 10893233 588854718
1790327623.302201 W 11 lat 296 1777 7888 0 exe 88092 217629 353796 resp 357685 876 pmu 1019481 976396 8323471 10886263 590065610
1790327624.238200 W 12 lat 314 1240 5240 0 exe 95277 200370 348462 resp 352499 969 pmu 1014391 972353 8273505 10898407 546081588
1790327625.278185 W 13 lat 314 1462 6037 0 exe 99574 212481 343388 resp 347111 999 pmu 1015813 981084 8284368 10779426 576075536
1790327626.214146 W 14 lat 314 1518 5999 0 exe 97796 209277 347129 resp 350555 992 pmu 1015721 971433 8290249 10814352 568104200
1790327627.258188 W 15 lat 314 1851 7240 0 exe 96481 226722 361037 resp 362740 973 pmu 1019660 984749 8313259 10825345 611342160
1790327628.298158 W 16 lat 314 1499 6148 0 exe 82444 207796 353629 resp 354888 957 pmu 1017197 982320 8298881 11044245 566443527
1790327629.234188 W 17 lat 333 1203 5203 0 exe 96592 196351 343722 resp 346055 997 pmu 1014009 974913 8269453 10796128 536810551
1790327630.274231 W 18 lat 314 1629 7092 0 exe 98537 219351 354759 resp 356592 992 pmu 1017006 982754 8294880 10709776 592323361
1790327631.210177 W 19 lat 314 1851 6333 0 exe 94240 227999 354185 resp 356351 891 pmu 1019548 981994 8321112 10953658 614643085
1790327632.250198 W 20 lat 296 1185 5537 0 exe 94611 197240 322833 resp 325351 985 pmu 1013606 969114 8279822 10968785 538709080
1790327633.290222 W 21 lat 296 1944 6462 0 exe 97166 230074 362833 resp 366148 962 pmu 1020459 983006 8332068 10497645 618860080
1790327634.226263 W 22 lat 314 1259 4907 0 exe 96685 199333 351185 resp 354148 992 pmu 1013633 974604 8264467 11087027 543690655
1790327635.266191 W 23 lat 314 1574 6425 0 exe 98981 208888 346685 resp 350499 999 pmu 1016466 982666 8296912 10801711 568018329
1790327636.306195 W 24 lat 314 1148 5722 0 exe 98074 194203 342999 resp 344518 998 pmu 1013338 968313 8265704 10829343 531261083
1790327637.242210 W 25 lat 314 1444 6148 0 exe 96962 205592 352907 resp 357481 995 pmu 1017185 930562 8294484 10697276 560218724
1790327638.286210 W 26 lat 296 1425 7555 0 exe 94648 201870 316388 resp 321018 991 pmu 1016608 919793 8300916 10866758 551085469
1790327639.222216 W 27 lat 296 1333 5777 0 exe 76462 205148 345055 resp 348351 927 pmu 1015999 944080 8289627 10478274 558873075
1790327640.262191 W 28 lat 314 1240 5277 0 exe 80481 201407 351870 resp 354907 947 pmu 1014373 960411 8274836 10674602 549151822
1790327641.302238 W 29 lat 314 1388 5703 0 exe 98962 203611 341166 resp 342314 997 pmu 1015393 962168 8283382 10739868 554351465
1790327642.238208 W 30 lat 314 1666 7018 0 exe 97870 218148 365037 resp 368018 989 pmu 1017672 984182 8302626 10729785 589985234
1790327643.282588 W 31 lat 314 1277 5222 0 exe 99870 195499 353796 resp 358148 1000 pmu 1013853 973549 8271663 11052898 534693167
1790327644.218242 W 32 lat 314 1944 7444 0 exe 97407 223129 333685 resp 336777 965 pmu 1021284 978689 8340790 10833159 603652793
1790327645.258190 W 33 lat 296 1425 6740 0 exe 98685 214018 357314 resp 360962 994 pmu 1016112 981678 8295496 10766116 579295731
1790327646.298212 W 34 lat 314 1444 6148 0 exe 98129 210351 354425 resp 355203 989 pmu 1015957 978434 8293216 10959756 570972383
1790327647.234188 W 35 lat 314 1888 7037 0 exe 96425 227981 354092 resp 357833 970 pmu 1019055 983600 8313397 10892516 613773311
1790327648.274218 W 36 lat 314 1222 4944 0 exe 101185 200259 350259 resp 353111 1000 pmu 1013719 978012 8271793 10990385 546370817
1790327649.214137 W 37 lat 314 2092 6796 0 exe 88518 236240 377129 resp 379129 954 pmu 1020981 982263 8334593 10818710 633313150
1790327650.254099 W 38 lat 296 962 6851 0 exe 17370 109074 380685 resp 384055 388 pmu 1022678 490615 8277185 11211775 293201051
1790327651.294065 W 39 lat 296 296 333 0 exe 17129 19296 49296 resp 49611 0 pmu 1023482 35640 8246482 10255871 50674921
1790327652.234196 W 40 lat 296 351 3185 0 exe 17537 76740 327925 resp 329092 574 pmu 1019640 618797 8246359 6442097 348175538
1790327653.278183 W 41 lat 296 388 2870 0 exe 104314 113759 206999 resp 208074 1000 pmu 1017326 993507 8242887 9538138 567298481
1790327654.222208 W 42 lat 296 370 1555 0 exe 105074 118574 199907 resp 200499 1000 pmu 1017727 996826 8243607 8945915 578587352
1790327655.278210 W 43 lat 296 444 3351 0 exe 104388 117703 272185 resp 272777 1000 pmu 1017188 994551 8239468 8893910 577161946
1790327656.214219 W 44 lat 296 388 3296 0 exe 104629 116462 256870 resp 257185 1000 pmu 1017673 996981 8247120 9618233 574140874
1790327657.266204 W 45 lat 296 407 3555 0 exe 104018 115351 233018 resp 233537 1000 pmu 1017276 993883 8247699 9458105 571754416
1790327658.314195 W 46 lat 296 388 4018 0 exe 102518 115722 271333 resp 272518 1000 pmu 1017313 994569 8240543 9213362 571803887
1790327659.266608 W 47 lat 296 388 2185 0 exe 103518 115055 248851 resp 250907 1000 pmu 1017677 996802 8256846 9596337 565215233
1790327660.214193 W 48 lat 296 425 2074 0 exe 97074 116814 286777 resp 287518 995 pmu 1019446 1003275 8274150 9368475 544637469
1790327661.274484 W 49 lat 296 388 2222 0 exe 102907 113851 209592 resp 211555 1000 pmu 1017314 994618 8243980 9717492 567676206
1790327662.223162 W 50 lat 296 388 2740 0 exe 104481 113240 267555 resp 269870 1000 pmu 1017397 995875 8248726 8966461 565388709
1790327663.268702 W 51 lat 296 388 3629 0 exe 103796 113222 231962 resp 235592 1000 pmu 1017328 994387 8253777 9555375 565742694
1790327664.214174 W 52 lat 296 388 1814 0 exe 103740 113259 218555 resp 218907 1000 pmu 1017434 994567 8242945 9207048 564570328
1790327665.262224 W 53 lat 277 425 5499 0 exe 103351 118703 442074 resp 443685 1000 pmu 1017570 993253 8247292 9047180 574642522
1790327666.302174 W 54 lat 296 370 1370 0 exe 100055 112759 214425 resp 215796 1000 pmu 1017098 993992 8244362 11332502 561825510
1790327667.242170 W 55 lat 296 388 1796 0 exe 103999 113370 240907 resp 242240 1000 pmu 1017310 993891 8241012 8987697 565850608
1790327668.290227 W 56 lat 296 425 3092 0 exe 98333 119111 346092 resp 347740 999 pmu 1018422 998951 8253422 9277362 574983983
1790327669.235716 W 57 lat 296 388 2814 0 exe 103888 113629 232314 resp 232796 1000 pmu 1017240 993767 8245557 10337936 568774127
1790327670.284193 W 58 lat 296 388 2907 0 exe 103833 114722 269518 resp 270259 1000 pmu 1017588 995858 8253185 9193216 569791096
1790327671.222176 W 59 lat 296 388 1648 0 exe 104018 114425 229870 resp 230518 1000 pmu 1017106 994482 8242405 9572107 570094230
1790327672.266211 W 60 lat 296 407 2351 0 exe 102537 115407 261333 resp 262370 1000 pmu 1017215 993652 8247589 9168032 570427623
1790327673.310195 W 61 lat 296 388 3462 0 exe 102796 115351 286092 resp 287166 1000 pmu 1017116 991351 8242190 9485899 571114256
1790327674.248208 W 62 lat 296 462 3314 0 exe 103925 117462 233425 resp 233777 1000 pmu 1017066 993424 8243678 9740144 576329400
1790327675.298182 W 63 lat 296 370 2222 0 exe 105166 117833 205481 resp 205925 1000 pmu 1017207 995059 8239551 9225747 578363299
1790327676.246184 W 64 lat 296 388 2944 0 exe 103555 113870 181388 resp 182037 1000 pmu 1017345 995833 8249585 8948909 567994827
1790327677.290192 W 65 lat 296 388 1870 0 exe 103814 113388 215981 resp 216499 1000 pmu 1017439 994812 8249793 8684884 565400375
1790327678.234402 W 66 lat 296 388 7703 0 exe 103259 113537 245685 resp 246814 1000 pmu 1017422 994161 8245033 9023603 565821779
1790327679.294187 W 67 lat 296 481 5092 0 exe 67629 123555 416592 resp 419777 988 pmu 1017323 988353 8248980 9350851 575380562
1790327680.238206 W 68 lat 296 370 1759 0 exe 104759 112351 164092 resp 165055 1000 pmu 1017505 999371 8244399 10929670 566572851
1790327681.283454 W 69 lat 296 388 1277 0 exe 104648 112888 175185 resp 175592 1000 pmu 1017087 996808 8242967 8505940 568167765
1790327682.222089 W 70 lat 296 333 1333 0 exe 17537 68611 169685 resp 170037 483 pmu 1020589 546662 8242059 8612414 304341960
1790327683.262058 W 71 lat 296 296 333 0 exe 17074 19296 45129 resp 45444 0 pmu 1023387 35781 8246260 7898492 49288363
1790327684.302107 W 72 lat 296 314 2388 0 exe 17259 41240 235333 resp 235740 40 pmu 1023075 282289 8248862 6398607 108781954
1790327685.238099 W 73 lat 296 296 481 0 exe 17611 46148 96592 resp 96907 0 pmu 1023382 355051 8254589 8422141 119775098
1790327686.278099 W 74 lat 296 296 444 0 exe 17629 47518 132240 resp 132685 7 pmu 1023214 370144 8251708 7050854 122678361
1790327687.214266 W 75 lat 296 296 481 0 exe 20648 60388 97351 resp 97648 0 pmu 1023379 524870 8257508 7414733 154562908
1790327688.254107 W 76 lat 296 370 666 0 exe 18574 57574 133296 resp 133814 27 pmu 1023378 433063 8256587 7144876 123069182
1790327689.294167 W 77 lat 296 296 333 0 exe 17111 40277 89074 resp 89388 0 pmu 1023497 285201 8249693 7482425 102902886
1790327690.230102 W 78 lat 296 296 499 0 exe 18814 61259 110092 resp 110444 8 pmu 1023487 534792 8259471 6943078 157735019
1790327691.270176 W 79 lat 296 296 518 0 exe 17722 51537 82907 resp 83222 0 pmu 1023501 419796 8261751 7267735 131127345
1790327692.310090 W 80 lat 296 296 425 0 exe 17370 33981 109222 resp 109537 5 pmu 1023315 209714 8250362 6941781 87165778
1790327693.267417 W 81 lat 296 296 333 0 exe 16870 18907 41277 resp 41574 0 pmu 1023468 31343 8247979 7114826 47864811
1790327694.286093 W 82 lat 296 296 499 0 exe 17425 46518 102629 resp 103018 3 pmu 1023545 359354 8261200 6356873 118278736
1790327695.222102 W 83 lat 296 296 388 0 exe 16833 28611 84037 resp 84351 0 pmu 1023478 147010 8249452 7112627 72806384
1790327696.262099 W 84 lat 296 296 629 0 exe 17129 41148 111888 resp 112203 13 pmu 1023178 294603 8253090 6833162 107102090
1790327697.302095 W 85 lat 296 296 333 0 exe 16925 18870 37925 resp 38222 0 pmu 1023492 30761 8243228 7176972 47776118
1790327698.238141 W 86 lat 296 314 592 0 exe 17111 48055 107870 resp 108185 22 pmu 1023256 369384 8253836 6323547 120712591
1790327699.278103 W 87 lat 296 314 518 0 exe 23666 78037 98481 resp 98925 0 pmu 1023420 728885 8259735 7171337 198652735
1790327700.214106 W 88 lat 296 296 555 0 exe 17703 55518 114370 resp 114814 8 pmu 1023346 465764 8257839 7260528 144108721
1790327701.254134 W 89 lat 296 296 388 0 exe 17277 57407 95296 resp 95611 0 pmu 1023139 488937 8251329 7277017 149867610
1790327702.294109 W 90 lat 296 296 518 0 exe 18092 61685 120722 resp 121148 10 pmu 1023181 538752 8256062 7092216 161482664
1790327703.230099 W 91 lat 296 296 481 0 exe 18444 67648 100203 resp 100518 1 pmu 1023257 610417 8256158 7372916 177138778
1790327704.278107 W 92 lat 296 314 666 0 exe 18092 61611 123240 resp 123611 7 pmu 1023315 528913 8254746 7198686 158257927
1790327705.215151 W 93 lat 296 314 592 0 exe 20759 73314 104722 resp 105037 4 pmu 1023421 677459 8261843 7398421 194804397
1790327706.258106 W 94 lat 296 314 518 0 exe 18833 63111 114611 resp 114999 9 pmu 1023041 555054 8254378 7284465 171095362
1790327707.298112 W 95 lat 296 314 518 0 exe 19351 74037 100018 resp 100314 1 pmu 1023361 686281 8259541 7322574 198142239
1790327708.234115 W 96 lat 296 314 611 0 exe 18148 60851 113314 resp 113629 11 pmu 1023031 526810 8253087 7233362 170161587
1790327709.274111 W 97 lat 296 333 648 0 exe 17962 75629 106907 resp 107537 21 pmu 1023032 683619 8255086 7294991 209157276
1790327710.210529 W 98 lat 296 314 518 0 exe 19185 75203 121499 resp 121925 8 pmu 1023177 698076 8256933 7306018 206055609
1790327711.250107 W 99 lat 296 314 481 0 exe 18666 68666 100666 resp 100981 1 pmu 1023222 622131 8256451 7453918 184955396
1790327712.290110 W 100 lat 296 314 518 0 exe 18462 71129 116240 resp 116574 11 pmu 1023098 650384 8258794 7209612 191483778
1790327713.226106 W 101 lat 296 314 518 0 exe 21944 74759 97314 resp 97648 0 pmu 1023409 694889 8260506 7376878 196915951
1790327714.266093 W 102 lat 296 314 444 0 exe 17722 53370 125925 resp 126259 45 pmu 1023092 430228 8254000 7223436 134302152
1790327715.306063 W 103 lat 296 296 333 0 exe 16888 19888 49814 resp 50129 0 pmu 1023466 42602 8244429 7380755 50443965
1790327716.250287 W 104 lat 296 944 7592 0 exe 17481 128592 732296 resp 737148 330 pmu 1022978 387515 8278319 6448293 331604669
1790327717.290284 W 105 lat 333 962 4574 0 exe 182537 200499 323611 resp 328185 1000 pmu 1028766 1028659 8398197 13884288 559624255
1790327718.226297 W 106 lat 314 962 3074 0 exe 142351 200611 281981 resp 282999 1000 pmu 1028640 1029361 8400749 10966071 558433166
1790327719.266300 W 107 lat 314 999 3444 0 exe 183277 199907 259222 resp 259851 1000 pmu 1028741 1029194 8401787 10323798 556256435
1790327720.306280 W 108 lat 333 999 3555 0 exe 134277 200648 273592 resp 274888 1000 pmu 1028774 1029435 8401523 10297648 558228781
1790327721.242271 W 109 lat 333 981 2648 0 exe 181833 201407 247537 resp 248925 1000 pmu 1028702 1029126 8398844 10204022 559599949
1790327722.286289 W 110 lat 333 1018 2944 0 exe 139833 200888 271907 resp 272259 1000 pmu 1028644 1028985 8395330 10180746 558608819
1790327723.226205 W 111 lat 314 1018 3203 0 exe 175685 202111 256074 resp 256703 1000 pmu 1028697 1029219 8402889 10208315 561314974
1790327724.262286 W 112 lat 314 962 2981 0 exe 139018 200074 265759 resp 266425 1000 pmu 1028731 1028883 8397990 10237894 556839438
1790327725.302275 W 113 lat 314 981 2833 0 exe 182666 202222 265981 resp 268055 1000 pmu 1028711 1029005 8398984 10140150 561506455
1790327726.238284 W 114 lat 314 999 2703 0 exe 141944 200962 271666 resp 272999 1000 pmu 1028737 1028892 8397486 10377561 559027320
1790327727.282282 W 115 lat 314 981 2944 0 exe 181796 200333 243666 resp 244759 1000 pmu 1028746 1029232 8404440 10220518 557053068
1790327728.218294 W 116 lat 314 999 3388 0 exe 144129 199759 274499 resp 275796 1000 pmu 1028744 1029367 8404520 10136340 555978325
1790327729.258276 W 117 lat 314 981 2944 0 exe 177314 200277 247222 resp 248814 1000 pmu 1028702 1028812 8396939 10257029 556998798
1790327730.298285 W 118 lat 333 1018 3870 0 exe 145314 201166 272092 resp 273314 1000 pmu 1028731 1029317 8401827 10151837 559166937
1790327731.238224 W 119 lat 351 981 2777 0 exe 183388 201759 254407 resp 256148 1000 pmu 1028678 1028991 8399451 10247980 560390399
1790327732.278283 W 120 lat 296 999 2925 0 exe 122462 197296 272444 resp 274333 1000 pmu 1028370 1028251 8401754 10261595 549645854
1790327733.214279 W 121 lat 333 962 2759 0 exe 178351 200129 256925 resp 257574 1000 pmu 1028611 1028745 8396185 10116277 556443758
1790327734.254273 W 122 lat 333 981 3296 0 exe 147111 199907 274055 resp 274740 1000 pmu 1028660 1028732 8395553 10247754 556236572
1790327735.294285 W 123 lat 333 999 2981 0 exe 172981 202351 258351 resp 259407 1000 pmu 1028659 1029020 8398185 10264683 561872478
1790327736.230278 W 124 lat 333 1018 3203 0 exe 139074 200611 255703 resp 258296 1000 pmu 1028671 1029031 8397936 10249495 558077103
1790327737.274234 W 125 lat 314 999 3370 0 exe 179592 201407 254962 resp 256333 1000 pmu 1028785 1029279 8402184 10053608 559453160
1790327738.210277 W 126 lat 333 999 3425 0 exe 146277 199925 248185 resp 248944 1000 pmu 1028733 1029177 8402926 10247363 556508562
1790327739.250273 W 127 lat 333 981 2870 0 exe 181685 200685 260888 resp 261499 1000 pmu 1028683 1029251 8405046 10003033 557840036
1790327740.290266 W 128 lat 314 1018 3462 0 exe 149851 202648 242574 resp 243555 1000 pmu 1028793 1029430 8405663 10307017 563051798
1790327741.226276 W 129 lat 333 1037 2870 0 exe 180907 203166 264462 resp 265629 1000 pmu 1028881 1029569 8410299 9979531 563965213
1790327742.266262 W 130 lat 314 999 3740 0 exe 129592 202222 254092 resp 255092 1000 pmu 1028683 1029177 8396896 10354556 562017662
1790327743.306269 W 131 lat 314 981 2703 0 exe 116925 199574 261129 resp 261499 1000 pmu 1028216 1026317 8396324 9992732 554528676
1790327744.246973 W 132 lat 314 999 3055 0 exe 183296 200740 247759 resp 249907 1000 pmu 1028805 1029449 8406215 9978156 558123062
1790327745.286295 W 133 lat 333 1018 3444 0 exe 153407 201185 280999 resp 282092 1000 pmu 1028715 1029497 8407047 10192779 559706958
1790327746.222097 W 134 lat 296 833 4185 0 exe 17425 152537 498740 resp 501074 715 pmu 1027163 770382 8351992 10374072 421978738
1790327747.262087 W 135 lat 296 296 462 0 exe 17129 21629 115944 resp 116314 7 pmu 1023377 62556 8246041 11635015 57870043
1790327748.302111 W 136 lat 296 296 1074 0 exe 17185 31574 195037 resp 196111 21 pmu 1023340 175776 8249336 7119635 80488224
1790327749.242145 W 137 lat 296 388 592 0 exe 40870 72296 140481 resp 140999 101 pmu 1023130 583649 8266472 7967500 147337248
1790327750.286170 W 138 lat 425 462 1148 0 exe 28148 73425 121648 resp 122796 193 pmu 1023316 540511 8260020 7739544 123863491
1790327751.222144 W 139 lat 425 444 814 0 exe 27722 75296 138166 resp 138648 187 pmu 1023253 567372 8263066 7500098 129730935
1790327752.270140 W 140 lat 425 444 759 0 exe 39814 76055 126555 resp 127037 192 pmu 1023225 573887 8267469 7667578 129882145
1790327753.210143 W 141 lat 425 444 740 0 exe 37351 75018 130314 resp 130888 185 pmu 1023141 560885 8265665 7615517 128205683
1790327754.262138 W 142 lat 425 444 703 0 exe 40388 75962 115685 resp 116166 183 pmu 1023304 577959 8264425 7635711 130932820
1790327755.302151 W 143 lat 425 462 722 0 exe 32907 67611 127870 resp 128444 149 pmu 1023211 480137 8262224 7508657 115035750
1790327756.238135 W 144 lat 425 462 629 0 exe 24203 72703 127148 resp 127777 178 pmu 1023229 533265 8265864 7552012 122849087
1790327757.286141 W 145 lat 425 444 1351 0 exe 38018 74018 134055 resp 134518 210 pmu 1023107 552568 8260976 7526728 127707435
1790327758.222139 W 146 lat 425 462 796 0 exe 41222 74648 126814 resp 127425 204 pmu 1023121 551866 8259838 7674094 125757574
1790327759.278140 W 147 lat 425 444 666 0 exe 25259 74814 130611 resp 131092 194 pmu 1023189 559007 8266064 7618979 127896738
1790327760.222138 W 148 lat 425 462 611 0 exe 24037 44537 116166 resp 116648 68 pmu 1023445 223090 8255046 7576186 72383490
1790327761.262162 W 149 lat 425 462 1481 0 exe 42462 76333 140925 resp 141407 187 pmu 1023215 575330 8264735 7274224 130529961
1790327762.310143 W 150 lat 425 444 611 0 exe 24925 74833 126055 resp 126537 179 pmu 1023354 562798 8265749 7777378 128283095
1790327763.254224 W 151 lat 425 444 629 0 exe 29611 75092 135759 resp 136388 222 pmu 1023143 561354 8262139 7529325 128553524
1790327764.302145 W 152 lat 351 444 759 0 exe 26296 73462 113074 resp 113537 149 pmu 1023302 548768 8266294 7651559 126414471
1790327765.250146 W 153 lat 425 462 777 0 exe 33648 74962 136018 resp 136537 147 pmu 1023039 557547 8262654 7399481 127918770
1790327766.290154 W 154 lat 425 462 851 0 exe 38203 73055 118055 resp 118555 141 pmu 1023306 526501 8263246 7674130 120740435
1790327767.234141 W 155 lat 425 444 759 0 exe 41499 74740 133944 resp 134407 162 pmu 1023153 562917 8265082 7507696 129747638
1790327768.274154 W 156 lat 425 462 759 0 exe 24981 52314 125481 resp 125962 61 pmu 1023305 305746 8260764 7690770 85710617
1790327769.226148 W 157 lat 425 444 981 0 exe 40518 77370 144999 resp 145555 217 pmu 1023187 584205 8264196 7411884 132197326
1790327770.266144 W 158 lat 425 462 703 0 exe 37037 75407 121574 resp 122037 207 pmu 1023181 556829 8263271 7811471 126702979
1790327771.310142 W 159 lat 425 444 1074 0 exe 33407 75888 142907 resp 143962 185 pmu 1023184 574190 8265209 7548155 130989197
1790327772.250141 W 160 lat 425 444 907 0 exe 24259 73129 124944 resp 125444 206 pmu 1023369 541333 8262027 7750550 124598301
1790327773.298151 W 161 lat 425 444 666 0 exe 31962 76333 127851 resp 128296 196 pmu 1023173 574417 8262786 7507610 130351127
1790327774.246150 W 162 lat 425 462 740 0 exe 42870 75296 118722 resp 119185 144 pmu 1023207 556227 8265889 7589748 125895739
1790327775.294142 W 163 lat 425 462 759 0 exe 25444 62425 138425 resp 138944 112 pmu 1023315 413575 8261271 7548294 103503280
                                                                                                                                                                                                                                                                                                                                                                                                                                                                                                                                                                                                                                                                                                                                                                                                                                                                                                                                                                                                                                                                                                                                                                                                            1790327905.118587 <missed 3260 bytes of console log>
1790327905.119093 [MG] Initializing memguard on CPU 3
1790327905.119132 rt-bench: ws 768 KB, 1024 loads/period, window 1000
1790327905.119178 W 0 lat 277 296 999 0 exe 16666 24907 157833 resp 158166 30 pmu 1023621 102269 8259743 5307568 63570317
1790327905.119226 W 1 lat 277 296 425 0 exe 16833 23259 118962 resp 119296 8 pmu 1023620 85952 8262779 7555040 59578496
1790327905.119271 W 2 lat 277 296 333 0 exe 16962 19574 47981 resp 48277 0 pmu 1023684 42930 8261476 7155942 49582483
1790327905.119316 W 3 lat 277 296 907 0 exe 16962 23685 111148 resp 111462 7 pmu 1023618 91120 8259332 6427664 59868317
1790327905.119361 W 4 lat 277 296 481 0 exe 16925 19444 49703 resp 50018 0 pmu 1023692 40577 8259300 7082814 48989461
1790327905.119406 W 5 lat 462 462 611 0 exe 23870 29740 132870 resp 133388 19 pmu 1023655 71090 8261301 6444711 47381013
1790327905.119426 Closing cell "rt-bench"
1790327905.119448 [MG] Initializing memguard on CPU 3
1790327905.119470 [SMMUv2] Exiting SMMUv2 on cell 1
1790327905.119519 [COL] Colored OP 1: PHYS 0x30000000 -> VIRT 0x00000000 (SIZE: 0x00400000, COL: 0x000000ff, extra: 0x0000000000000000)
1790327905.119537 [COL] Result: 0
1790327905.119585 [COL] Colored OP 4: PHYS 0x30000000 -> VIRT 0x00000000 (SIZE: 0x00400000, COL: 0x000000ff, extra: 0x0000000000000001)
1790327905.119602 [COL] Result: 0
1790327905.119635 Page pool usage after cell destruction: mem 85/4061, remap 5/131072
1790327905.119658 [MG] Initializing memguard on CPU 3
1790327905.119680 [MG] Initializing memguard on CPU 3
1790327905.119729 [COL] Colored OP 0: PHYS 0x30000000 -> VIRT 0x00000000 (SIZE: 0x00400000, COL: 0x000000ff, extra: 0x0000000000000000)
1790327905.119746 [COL] Result: 0
1790327905.119768 [MG] Initializing memguard on CPU 3
1790327905.119787 Created cell "rt-bench"
1790327905.119818 Page pool usage after cell creation: mem 98/4061, remap 5/131072
1790327905.119867 [COL] Colored OP 3: PHYS 0x30000000 -> VIRT 0x00000000 (SIZE: 0x00400000, COL: 0x000000ff, extra: 0x0000000000000000)
1790327905.119891 [MG] Initializing memguard on CPU 3
1790327905.119907 [COL] Result: 0
1790327905.119927 Cell "rt-bench" can be loaded
1790327905.119975 [COL] Colored OP 2: PHYS 0x30000000 -> VIRT 0x00000000 (SIZE: 0x00400000, COL: 0x000000ff, extra: 0x0000000000000000)
1790327905.119992 [COL] Result: 0
1790327905.120040 [COL] Colored OP 4: PHYS 0x30000000 -> VIRT 0x00000000 (SIZE: 0x00400000, COL: 0x000000ff, extra: 0x0000000000000001)
1790327905.120058 [COL] Result: 0
1790327905.120075 Started cell "rt-bench"
1790327905.120097 [MG] Initializing memguard on CPU 3
1790327905.120125 rt-bench: ws 768 KB, 1024 loads/period, window 1000
1790327906.156271 W 0 lat 296 444 925 0 exe 22907 32037 139388 resp 140314 31 pmu 1023655 106538 8254350 5307553 58661051
1790327907.196286 W 1 lat 462 462 629 0 exe 24296 31592 130851 resp 131388 24 pmu 1023772 87358 8256811 7440703 50967976
1790327908.132244 W 2 lat 462 462 499 0 exe 24111 26981 72999 resp 73481 0 pmu 1023838 39956 8255950 7357557 42965315
1790327909.176286 W 3 lat 462 462 685 0 exe 24425 31833 138444 resp 138944 22 pmu 1023710 89531 8256162 6754188 50862818
1790327910.112229 W 4 lat 462 462 537 0 exe 23907 27592 62425 resp 62888 0 pmu 1023779 46015 8251123 7435350 43961777
1790327911.152296 W 5 lat 407 462 666 0 exe 22444 29333 131870 resp 132351 19 pmu 1023665 70666 8254586 6650526 48101127
1790327912.120808 W 6 lat 277 462 2999 0 exe 17999 118907 434462 resp 437462 767 pmu 1022424 829458 8262808 7349139 319893865
1790327913.140238 W 7 lat 277 314 4314 0 exe 17277 28351 334870 resp 336888 19 pmu 1023517 128207 8259430 10822441 75675379
1790327914.196552 W 8 lat 296 1962 12444 0 exe 17462 239666 613851 resp 619018 616 pmu 1019365 754755 8271311 9372686 618127291
1790327915.138461 W 9 lat 296 4259 9555 0 exe 112499 471740 634222 resp 643018 1000 pmu 1015646 907161 8260117 13286050 1189110736
1790327916.180361 W 10 lat 314 3648 9499 0 exe 79333 387685 623814 resp 629648 958 pmu 1013633 863710 8239571 15140227 1006491528
1790327917.112533 W 11 lat 351 3240 9537 0 exe 83833 342777 555222 resp 560018 985 pmu 1012647 791124 8233052 14432248 885435347
1790327918.156630 W 12 lat 592 4944 11185 0 exe 176240 468425 598611 resp 605740 1000 pmu 1009242 844300 8210846 13537378 1175796706
1790327919.104624 W 13 lat 907 5407 11796 0 exe 349037 499037 623259 resp 630388 1000 pmu 1007427 840821 8210195 15091208 1248207380
1790327920.152674 W 14 lat 2351 5462 11462 0 exe 369481 505129 618333 resp 625055 1000 pmu 1004796 840453 8184131 16361607 1263224208
1790327921.200551 W 15 lat 2425 5499 11481 0 exe 367981 503129 624685 resp 629925 1000 pmu 1006173 830905 8199858 16448861 1258949626
1790327922.136626 W 16 lat 2629 5499 12425 0 exe 348703 502185 650833 resp 656555 1000 pmu 1006530 835009 8192152 16488271 1256067101
1790327923.176463 W 17 lat 2185 5574 12870 0 exe 390444 499333 630629 resp 640074 1000 pmu 1005701 828046 8197195 16656675 1248960864
1790327924.116661 W 18 lat 2185 5703 13388 0 exe 214518 496796 632999 resp 636333 1000 pmu 1008365 822293 8211167 16668211 1244553100
1790327925.156303 W 19 lat 277 2666 9666 0 exe 54148 280574 615537 resp 621111 705 pmu 1013227 735161 8232990 15771362 737745646
1790327926.196317 W 20 lat 296 351 1944 0 exe 41092 66129 208481 resp 208814 130 pmu 1018993 530874 8260491 13679994 208609718
1790327943.680380 W 21 lat 296 1222 7611 0 exe 24907 135444 531777 resp 536703 299 pmu 1018066 433430 8260837 8395728 363746467
1790327943.683524 W 22 lat 1148 5018 11648 0 exe 213518 487314 616740 resp 622185 1000 pmu 1008450 810168 8204254 11952395 1223681481
1790327943.683590 W 23 lat 2092 5537 11703 0 exe 417203 523611 619351 resp 623499 1000 pmu 1007103 813883 8201527 15550212 1308865053
1790327943.683642 W 24 lat 2388 5444 11537 0 exe 401444 519981 663166 resp 672333 1000 pmu 1007167 832018 8193170 16777430 1311519509
1790327943.683694 W 25 lat 2018 5685 15685 0 exe 388759 523999 633314 resp 639018 1000 pmu 1007556 796097 8207307 17144055 1307202309
1790327943.683745 W 26 lat 296 4314 12185 0 exe 95444 436592 629703 resp 636166 981 pmu 1011148 778351 8218674 16805013 1118203341
1790327943.683794 W 27 lat 296 3129 10740 0 exe 50481 333092 595925 resp 599444 932 pmu 1013879 743681 8237406 14835825 854384743
1790327943.683845 W 28 lat 314 1037 5462 0 exe 75703 168370 480277 resp 483481 965 pmu 1013102 828475 8243237 13728039 477223332
1790327943.683894 W 29 lat 277 1685 7462 0 exe 57833 215537 620425 resp 627333 725 pmu 1016744 740101 8252143 11834921 572525121
1790327943.683944 W 30 lat 296 1018 5777 0 exe 47092 126351 447925 resp 451166 480 pmu 1018116 547300 8257723 13413732 336376823
1790327943.683993 W 31 lat 314 3314 9629 0 exe 86888 372388 630499 resp 638166 985 pmu 1010784 788564 8214170 11160622 952986225
1790327943.684044 W 32 lat 314 4370 10203 0 exe 113388 431499 627518 resp 631888 1000 pmu 1010768 833139 8221364 14468537 1101017829
1790327943.684094 W 33 lat 333 3833 9833 0 exe 68370 396092 589240 resp 595740 954 pmu 1012274 768466 8227217 14858221 1012712117
1790327943.684259 W 34 lat 314 4407 12425 0 exe 132092 435481 608148 resp 613277 1000 pmu 1011236 829672 8223073 14079762 1096433365
1790327943.684317 W 35 lat 1833 5537 12666 0 exe 234981 497962 627333 resp 632629 1000 pmu 1008881 810798 8209728 14793244 1252840733
1790327943.684369 W 36 lat 1907 5499 12759 0 exe 225129 498092 625148 resp 632444 1000 pmu 1007762 831310 8202799 15827414 1245786160
1790327943.684420 W 37 lat 2037 5629 11018 0 exe 277277 505388 648407 resp 654240 1000 pmu 1007413 827089 8207475 15767497 1263013647
1790327944.200227 W 38 lat 277 2962 10314 0 exe 17259 276333 629592 resp 637166 539 pmu 1014944 531721 8223273 16281374 695912344
1790327945.136195 W 39 lat 277 296 333 0 exe 17240 19944 48759 resp 49074 0 pmu 1023767 44864 8260796 13629173 54304638
1790327946.192756 W 40 lat 277 1759 11796 0 exe 17148 163425 716370 resp 720851 397 pmu 1020826 336907 8260026 6440076 411435297
1790327947.132368 W 41 lat 314 4333 9666 0 exe 103388 449888 589814 resp 594240 1000 pmu 1022187 617841 8289315 13920643 1115222269
1790327948.180670 W 42 lat 277 3462 10314 0 exe 67981 361092 738611 resp 744388 737 pmu 1020152 595876 8264675 14519940 901718027
1790327949.116333 W 43 lat 277 2370 9351 0 exe 62648 264814 598425 resp 602351 736 pmu 1020714 588084 8272847 15392454 669104613
1790327950.172627 W 44 lat 333 4351 8870 0 exe 94851 464370 750481 resp 755870 998 pmu 1018844 637291 8264978 13463705 1156506953
1790327951.116754 W 45 lat 277 2814 9462 0 exe 48777 286351 589388 resp 596166 654 pmu 1022393 527369 8280314 16157254 716944333
1790327952.172336 W 46 lat 314 4666 10092 0 exe 132574 489981 773870 resp 779833 1000 pmu 1019898 618779 8264944 13428863 1215476690
1790327953.124665 W 47 lat 296 2222 8333 0 exe 60444 239574 578925 resp 584481 690 pmu 1018579 598650 8259425 16718511 612152613
1790327954.188309 W 48 lat 296 3962 9185 0 exe 90185 436537 630296 resp 635574 994 pmu 1021198 659177 8276921 13133924 1083504337
1790327955.136651 W 49 lat 296 3537 10277 0 exe 58499 315462 561666 resp 566296 782 pmu 1021947 470450 8283575 14792207 788393527
1790327956.184660 W 50 lat 296 2537 8833 0 exe 56111 286388 638370 resp 643074 702 pmu 1021410 594326 8280850 13342081 717894366
1790327957.136492 W 51 lat 870 4592 9833 0 exe 267462 456981 622777 resp 627796 1000 pmu 1019160 597731 8260878 13940497 1135692716
1790327958.172657 W 52 lat 277 2925 8759 0 exe 54666 296333 637111 resp 642018 895 pmu 1022274 571767 8284769 15714020 742159905
1790327959.116310 W 53 lat 314 4833 10740 0 exe 109111 461092 626999 resp 632240 1000 pmu 1021528 580571 8287283 13973115 1143417006
1790327960.168618 W 54 lat 296 2203 10037 0 exe 51222 225425 686018 resp 693537 636 pmu 1019291 535553 8274575 14987992 573578462
1790327961.116707 W 55 lat 1870 4462 11296 0 exe 240166 356796 717499 resp 723777 1000 pmu 1021682 395080 8277371 14106338 888090772
1790327962.176765 W 56 lat 1888 4777 10722 0 exe 240203 361629 542407 resp 548185 1000 pmu 1021997 384578 8286873 16042033 900916036
1790327963.112658 W 57 lat 277 1499 8444 0 exe 42074 158740 670074 resp 673962 648 pmu 1022142 476184 8281482 14310592 406178767
1790327964.152778 W 58 lat 1333 4981 12074 0 exe 213537 363555 556666 resp 561203 1000 pmu 1021963 377911 8280686 13537908 904962462
1790327965.212676 W 59 lat 2055 4907 11851 0 exe 168666 378981 762351 resp 766425 1000 pmu 1021369 400286 8275256 14329420 943295287
1790327966.168286 W 60 lat 296 3185 11407 0 exe 66999 247259 524611 resp 531148 875 pmu 1022369 440581 8282443 16238463 622825513
1790327967.108464 W 61 lat 296 1666 7870 0 exe 59722 191481 593092 resp 598499 806 pmu 1019536 588803 8267850 12686502 490147789
1790327968.152631 W 62 lat 1055 4296 9629 0 exe 187296 347833 581537 resp 585666 1000 pmu 1019720 443733 8275219 13025726 869406970
1790327969.200711 W 63 lat 574 4148 9351 0 exe 226722 355333 712629 resp 716351 1000 pmu 1021593 397275 8287117 14349276 884726088
1790327970.144296 W 64 lat 296 2907 9203 0 exe 45666 224092 501111 resp 507111 716 pmu 1022596 381231 8289066 15887358 564083644
1790327971.188688 W 65 lat 296 2981 9648 0 exe 42518 214111 464851 resp 470888 737 pmu 1022306 376258 8286949 12213598 539180649
1790327972.136708 W 66 lat 2055 5055 11370 0 exe 243462 393055 674796 resp 681611 1000 pmu 1021454 382002 8288035 11788977 976110346
1790327973.188700 W 67 lat 2111 5499 10462 0 exe 278111 446722 828722 resp 833592 1000 pmu 1021060 442262 8284434 15819594 1110619805
1790327974.124365 W 68 lat 296 1240 8277 0 exe 66240 162370 411129 resp 413981 882 pmu 1021291 545799 8280678 17788204 420115575
1790327975.176645 W 69 lat 296 3111 8277 0 exe 62981 301870 595203 resp 601981 920 pmu 1016668 585366 8260059 11079871 762461617
1790327976.124688 W 70 lat 1888 4907 9203 0 exe 237518 393092 532870 resp 538814 1000 pmu 1021686 402739 8287596 13631112 977196292
1790327977.176658 W 71 lat 1740 5185 11277 0 exe 152185 414722 792907 resp 797851 1000 pmu 1021792 433031 8289509 14354050 1030309493
1790327978.116267 W 72 lat 296 1074 7481 0 exe 34037 107203 351796 resp 355314 346 pmu 1022873 386949 8283311 16639948 279120745
1790327979.160230 W 73 lat 277 296 685 0 exe 17092 25277 113648 resp 114296 8 pmu 1023587 106952 8264793 10045611 66404676
1790327980.200193 W 74 lat 277 296 333 0 exe 16629 19351 52222 resp 52537 0 pmu 1023690 38341 8262860 7117170 48924687
1790327981.148579 W 75 lat 277 3851 8907 0 exe 17185 394981 523592 resp 529129 861 pmu 1014612 800040 8262157 6469945 993775207
1790327982.108566 W 76 lat 1277 4555 9925 0 exe 222870 468425 527981 resp 533148 1000 pmu 1012303 922731 8255110 13152141 1179513287
1790327983.156441 W 77 lat 1555 4499 8685 0 exe 136203 467444 539499 resp 544166 1000 pmu 1012821 924804 8252939 14603459 1178748266
1790327984.200597 W 78 lat 814 4444 9037 0 exe 145685 461592 536222 resp 540685 1000 pmu 1012154 916315 8246809 14272931 1163556748
1790327985.144520 W 79 lat 1148 4555 8074 0 exe 155999 465796 531999 resp 537462 1000 pmu 1013015 925659 8265458 14254932 1174605583
1790327986.184468 W 80 lat 888 4574 8370 0 exe 115425 468981 525759 resp 530425 1000 pmu 1012155 924504 8249545 14287909 1181276593
1790327987.124470 W 81 lat 814 4481 8425 0 exe 177074 464833 544407 resp 550166 1000 pmu 1013048 923983 8252189 14034625 1171703687
1790327988.184569 W 82 lat 1777 4611 8240 0 exe 291685 470703 520333 resp 524185 1000 pmu 1012441 926387 8249212 14513469 1185536364
1790327989.144550 W 83 lat 1222 4499 8185 0 exe 132592 461685 528203 resp 534777 1000 pmu 1012829 919693 8251477 14870193 1164553914
1790327990.184519 W 84 lat 666 4351 8462 0 exe 179277 468129 525462 resp 530259 1000 pmu 1012247 922390 8239932 14118442 1179001570
1790327991.124586 W 85 lat 888 4296 8277 0 exe 162166 475185 533685 resp 539055 1000 pmu 1012932 930098 8246653 14345519 1196701602
1790327992.164539 W 86 lat 870 4462 9907 0 exe 171648 474018 529314 resp 532351 1000 pmu 1011880 921434 8234493 14380339 1192991263
1790327993.208571 W 87 lat 1277 4444 8444 0 exe 117592 475814 529277 resp 534092 1000 pmu 1012517 926898 8245955 14375295 1197832442
1790327994.144536 W 88 lat 1277 4518 7888 0 exe 145648 473888 534740 resp 537611 1000 pmu 1012376 922478 8240530 14117398 1193077710
1790327995.184785 W 89 lat 1129 4499 7685 0 exe 307685 480055 527296 resp 532537 1000 pmu 1011949 929457 8237609 14290467 1207617008
1790327996.132551 W 90 lat 870 4388 9074 0 exe 109703 462462 523018 resp 527555 1000 pmu 1012464 913262 8247028 15067096 1165909040
1790327997.185456 W 91 lat 1166 4481 7629 0 exe 123407 475833 542833 resp 547314 1000 pmu 1012280 922954 8241172 13947776 1197590177
1790327998.128589 W 92 lat 1129 4499 7425 0 exe 156074 475574 527185 resp 531666 1000 pmu 1012869 928679 8252151 14275957 1197665899
1790327999.184503 W 93 lat 1592 4537 7944 0 exe 200537 480296 532685 resp 536166 1000 pmu 1012322 930906 8240714 14280577 1208454717
1790328000.130668 W 94 lat 1018 4481 8851 0 exe 100648 472944 525166 resp 529907 1000 pmu 1012912 923846 8246494 14581352 1191188927
1790328001.176524 W 95 lat 388 4462 8074 0 exe 122518 468277 529370 resp 535740 1000 pmu 1012176 919822 8241513 13977543 1177088121
1790328002.112541 W 96 lat 611 4555 7648 0 exe 115499 466648 527148 resp 530925 1000 pmu 1013197 923107 8246347 14106705 1175855699
1790328003.156589 W 97 lat 1129 4555 8833 0 exe 158888 468833 529833 resp 534981 1000 pmu 1012594 922493 8245561 14027830 1180855227
1790328004.200582 W 98 lat 1203 4611 9611 0 exe 161111 467222 530185 resp 535092 1000 pmu 1013255 925970 8245569 14297830 1178062373
1790328005.136551 W 99 lat 1277 4574 9166 0 exe 143018 467537 526870 resp 532999 1000 pmu 1012097 922712 8244099 14307648 1178101710
1790328006.176604 W 100 lat 722 4555 7999 0 exe 111999 461203 528407 resp 536296 1000 pmu 1013121 916999 8251166 14189820 1163428020
1790328007.120471 W 101 lat 1518 4537 7759 0 exe 185685 469833 530518 resp 534907 1000 pmu 1012235 926743 8241980 14018358 1183388750
1790328008.160473 W 102 lat 851 4555 8814 0 exe 118962 464611 530388 resp 534666 1000 pmu 1012905 923732 8246688 14436393 1171575732
1790328009.204620 W 103 lat 1351 4537 7129 0 exe 244703 470777 522907 resp 528351 1000 pmu 1012097 925594 8239164 14076814 1185345613
1790328010.148544 W 104 lat 462 4277 8148 0 exe 168814 467666 526129 resp 528814 1000 pmu 1012949 927120 8249866 14661409 1178901404
1790328011.188227 W 105 lat 296 907 7203 0 exe 17129 98851 525481 resp 528648 178 pmu 1021644 214715 8252319 14281644 252809365
1790328012.124218 W 106 lat 277 296 370 0 exe 17092 21648 116962 resp 117259 5 pmu 1023621 64994 8259699 11651985 57979308
1790328013.164242 W 107 lat 296 666 4648 0 exe 17462 100203 213259 resp 213722 674 pmu 1018690 728396 8246059 7130898 1012078340
1790328014.204221 W 108 lat 296 296 499 0 exe 16981 22222 118703 resp 119203 6 pmu 1023683 71660 8259587 8510702 57421299
1790328015.140198 W 109 lat 277 296 333 0 exe 17074 19148 52907 resp 53222 0 pmu 1023748 35710 8254300 7150116 48400654
1790328016.180233 W 110 lat 277 296 407 0 exe 16833 21333 111722 resp 112129 6 pmu 1023661 61460 8258524 6475267 53957684
1790328017.116197 W 111 lat 277 296 333 0 exe 16777 19092 52592 resp 52907 0 pmu 1023648 35322 8256920 7074158 48244254
1790328018.164992 W 112 lat 277 629 4018 0 exe 17518 93777 314759 resp 315240 628 pmu 1019433 664341 8248025 6472401 957963632
1790328019.204280 W 113 lat 296 814 3666 0 exe 103648 135981 290277 resp 292314 1000 pmu 1016625 1011178 8238770 9493572 1459927871
1790328020.140276 W 114 lat 296 851 4796 0 exe 105037 135111 187240 resp 188888 1000 pmu 1015544 1009393 8228662 9897546 1515431986
1790328021.180271 W 115 lat 296 851 4592 0 exe 106333 135981 193611 resp 193925 1000 pmu 1015777 1009737 8230521 8873561 1514789148
1790328022.117134 W 116 lat 296 870 5092 0 exe 100296 137018 237425 resp 238370 1000 pmu 1015764 1011535 8226741 8940487 1521524627
1790328023.160860 W 117 lat 296 814 3314 0 exe 19518 131074 218537 resp 218870 947 pmu 1016035 972612 8231212 9359149 1448036592
1790328024.200300 W 118 lat 296 777 4407 0 exe 18499 122944 225425 resp 225759 865 pmu 1016784 910320 8235446 8724163 1325986418
1790328025.141317 W 119 lat 296 851 5055 0 exe 104851 134851 202499 resp 202870 1000 pmu 1015744 1011396 8230681 8753068 1504158108
1790328026.184775 W 120 lat 296 814 3888 0 exe 103851 134629 192148 resp 192555 1000 pmu 1015981 1010762 8236130 9018665 1507183618
1790328027.128604 W 121 lat 277 814 4407 0 exe 104999 135888 191203 resp 191759 1000 pmu 1015489 1010332 8222546 8903245 1516496348
1790328028.169320 W 122 lat 296 833 4611 0 exe 87814 135851 197185 resp 197555 989 pmu 1015375 1006735 8219388 8909111 1502735489
1790328029.108347 W 123 lat 296 851 4555 0 exe 96407 136962 199703 resp 200296 997 pmu 1015285 1007257 8220110 8883257 1524934823
1790328030.153999 W 124 lat 296 796 4666 0 exe 103981 133499 176907 resp 177240 1000 pmu 1016032 1009816 8239199 8957833 1475024346
1790328031.196697 W 125 lat 296 814 3759 0 exe 107759 135537 191648 resp 192092 1000 pmu 1015717 1010615 8227557 8749501 1525391952
1790328032.136290 W 126 lat 296 796 3907 0 exe 104703 134907 206537 resp 207648 1000 pmu 1015668 1011349 8228295 8922113 1510935626
1790328033.177372 W 127 lat 296 814 3666 0 exe 68629 135240 191944 resp 192851 989 pmu 1015440 1008636 8224204 9056424 1499914876
1790328034.116334 W 128 lat 296 796 3703 0 exe 101999 133351 197111 resp 198388 1000 pmu 1016275 1008491 8228941 8729664 1471028888
1790328035.158062 W 129 lat 296 870 3592 0 exe 103425 135703 188759 resp 192185 1000 pmu 1015213 1008398 8222212 8940699 1526909492
1790328036.196286 W 130 lat 296 814 3907 0 exe 99166 135685 195037 resp 195833 999 pmu 1015348 1009238 8224880 8886570 1524689860
1790328037.132414 W 131 lat 296 833 3611 0 exe 105870 136129 189740 resp 190148 1000 pmu 1015407 1008343 8222867 8916208 1522163571
1790328038.172280 W 132 lat 296 537 3166 0 exe 17166 77296 176074 resp 176425 479 pmu 1019742 530953 8249269 8893964 751682089
1790328039.108274 W 133 lat 296 814 3592 0 exe 94666 135037 174944 resp 178537 995 pmu 1015397 1008281 8225626 8017434 1502461367
1790328040.148817 W 134 lat 296 833 4555 0 exe 105592 135333 216611 resp 217222 1000 pmu 1015640 1009334 8225899 8702017 1512324138
1790328041.196278 W 135 lat 296 685 3703 0 exe 17444 108648 202685 resp 204814 752 pmu 1017649 795021 8239434 9163877 1163084415
1790328042.137401 W 136 lat 296 814 4185 0 exe 103425 134129 189666 resp 191925 1000 pmu 1015682 1008346 8231215 8453853 1490208625
1790328043.180236 W 137 lat 296 407 3351 0 exe 17203 45870 220055 resp 220444 213 pmu 1021864 268688 8246118 8882266 354907265
1790328044.116234 W 138 lat 277 296 444 0 exe 16944 21648 119074 resp 119407 5 pmu 1023639 64963 8258021 8297453 55956798
1790328045.168214 W 139 lat 277 296 1074 0 exe 17055 24240 187759 resp 188833 16 pmu 1023586 90977 8255094 7149781 61999733
1790328046.124220 W 140 lat 277 314 1259 0 exe 17833 56018 179759 resp 180240 143 pmu 1022409 458965 8260241 7857534 150660363
1790328047.192193 W 141 lat 277 296 333 0 exe 17518 20962 47703 resp 47999 0 pmu 1023773 56715 8253925 7937850 53356207
1790328048.136192 W 142 lat 277 296 333 0 exe 17407 20592 41018 resp 41333 0 pmu 1023700 52276 8256600 6434723 51557880
1790328049.176190 W 143 lat 277 296 333 0 exe 17148 20129 42777 resp 43111 0 pmu 1023793 47207 8256888 6365280 50412963
1790328050.112190 W 144 lat 277 296 333 0 exe 17592 20444 40629 resp 40925 0 pmu 1023737 50749 8257246 6379457 51181739
1790328051.152191 W 145 lat 277 296 333 0 exe 17166 20222 41055 resp 41370 0 pmu 1023695 47945 8252036 6361664 50609950
1790328052.192191 W 146 lat 296 296 333 0 exe 17370 20444 50481 resp 50796 0 pmu 1023738 50749 8255856 6362656 51151906
1790328074.747649 W 147 lat 277 296 333 0 exe 17296 20333 45092 resp 45407 0 pmu 1023691 49119 8250256 6459204 50930458
1790328074.747711 W 148 lat 296 296 333 0 exe 17259 20037 33518 resp 33814 0 pmu 1023702 45655 8249308 6404219 50178249
1790328074.747761 W 149 lat 277 296 351 0 exe 17351 19314 24462 resp 24777 0 pmu 1023736 37529 8248372 6286762 48333146
1790328074.747810 W 150 lat 277 296 333 0 exe 17351 19499 26537 resp 26851 0 pmu 1023734 39334 8245268 6193374 48729442
1790328074.747857 W 151 lat 296 296 333 0 exe 17370 19370 24925 resp 25240 0 pmu 1023713 38207 8245412 6214911 48448302
1790328074.747903 W 152 lat 277 296 333 0 exe 17370 20111 30574 resp 30888 0 pmu 1023691 46457 8247340 6198092 50239414
1790328074.747950 W 153 lat 277 296 333 0 exe 17611 19611 27148 resp 27462 0 pmu 1023673 40918 8248500 6258244 49070201
1790328074.747997 W 154 lat 296 296 333 0 exe 17629 19685 26555 resp 26851 0 pmu 1023759 41583 8249416 6222671 49217134
1790328074.748042 W 155 lat 277 296 333 0 exe 17351 19388 26296 resp 26592 0 pmu 1023790 38157 8250024 6217386 48459131
1790328074.748088 W 156 lat 277 296 333 0 exe 17314 20296 38592 resp 38888 0 pmu 1023702 48545 8250496 6211794 50696802
1790328074.748193 W 157 lat 277 296 333 0 exe 17185 19611 28111 resp 28425 0 pmu 1023724 40817 8250077 6339069 49097827
1790328074.748243 W 158 lat 296 296 333 0 exe 16907 19629 27370 resp 27685 0 pmu 1023756 41115 8250004 6230288 49112843
1790328074.748289 W 159 lat 277 296 333 0 exe 17185 19388 27407 resp 27722 0 pmu 1023772 38539 8249318 6221595 48526948
1790328074.748335 W 160 lat 277 296 333 0 exe 17425 20092 36074 resp 36388 0 pmu 1023777 46311 8252534 6222270 50200865
1790328074.748381 W 161 lat 277 296 333 0 exe 17407 19888 29722 resp 30037 0 pmu 1023762 43816 8250956 6313454 49760450
1790328074.748437 W 162 lat 277 296 333 0 exe 17166 19722 27444 resp 27759 0 pmu 1023741 41873 8248988 6248920 49303484
1790328074.748484 W 163 lat 296 296 333 0 exe 17259 19537 28074 resp 28388 0 pmu 1023785 39894 8250928 6224134 48840969
1790328074.748529 W 164 lat 277 296 351 0 exe 17259 20055 34925 resp 35240 0 pmu 1023818 46004 8249436 6230042 50136824
1790328074.748575 W 165 lat 277 296 333 0 exe 17462 19703 28333 resp 28648 0 pmu 1023796 41939 8248292 6300936 49319771
1790328074.748620 W 166 lat 296 296 333 0 exe 17537 19407 25277 resp 25574 0 pmu 1023711 38494 8250176 6234446 48570992
1790328074.748666 W 167 lat 277 296 333 0 exe 17388 19537 27555 resp 27851 0 pmu 1023736 39916 8249372 6202808 48819722
1790328074.748712 W 168 lat 277 296 333 0 exe 17611 20148 30962 resp 31259 0 pmu 1023718 46842 8247780 6225424 50339739
1790328075.176211 W 169 lat 296 296 1166 0 exe 17537 27148 192407 resp 192962 34 pmu 1023649 124714 8260203 6263613 70798899
1790328076.112202 W 170 lat 296 296 333 0 exe 16999 19333 52222 resp 52518 0 pmu 1023728 38114 8255931 7918448 49350770
1790328077.152360 W 171 lat 277 370 3574 0 exe 17018 50185 309925 resp 311666 218 pmu 1022074 314863 8252269 6469759 147771910
1790328078.200329 W 172 lat 277 407 2870 0 exe 17259 74203 342388 resp 344240 423 pmu 1020918 550056 8259129 9225825 230064189
1790328079.140267 W 173 lat 296 518 3648 0 exe 22814 111629 346611 resp 348537 653 pmu 1018762 815520 8255613 9669457 352535227
1790328080.205028 W 174 lat 277 314 2018 0 exe 18759 48388 318370 resp 319888 94 pmu 1022717 356161 8254616 9930115 131374622
1790328081.154328 W 175 lat 277 296 555 0 exe 18666 42111 106907 resp 107222 5 pmu 1023563 308828 8258572 9299461 107314511
1790328082.117481 W 176 lat 277 296 333 0 exe 25888 38388 61833 resp 62148 0 pmu 1023685 265192 8260600 7139425 95601756
1790328083.168505 W 177 lat 277 296 481 0 exe 26537 44148 103203 resp 103518 5 pmu 1023402 333269 8260204 6705028 111027197
1790328084.124956 W 178 lat 277 296 333 0 exe 28666 38240 51499 resp 51833 0 pmu 1023651 263960 8261242 7151412 95288720
1790328085.172240 W 179 lat 277 314 1555 0 exe 28166 52018 216351 resp 217907 79 pmu 1022685 415105 8261205 6615107 135327807
1790328086.122675 W 180 lat 277 296 537 0 exe 20666 45129 169407 resp 169722 30 pmu 1023257 342083 8258284 8342365 115125541
1790328087.168680 W 181 lat 277 296 666 0 exe 18962 43129 109092 resp 109407 3 pmu 1023494 320865 8258376 7789471 108927990
1790328088.212286 W 182 lat 277 296 425 0 exe 19407 37925 59185 resp 59499 0 pmu 1023635 259301 8257161 7168469 94486385
1790328089.161292 W 183 lat 277 296 425 0 exe 19166 41814 112166 resp 112499 5 pmu 1023475 304923 8256729 6644382 104839961
1790328090.112347 W 184 lat 277 296 425 0 exe 19944 38518 64666 resp 64981 0 pmu 1023612 266648 8259104 7192483 96045131
1790328091.164229 W 185 lat 277 296 574 0 exe 20037 40055 117833 resp 118148 6 pmu 1023457 284504 8258800 6704716 100580461
1790328092.116444 W 186 lat 277 296 388 0 exe 30351 39925 78925 resp 79222 0 pmu 1023610 283631 8261623 7245220 99505953
1790328093.173190 W 187 lat 277 296 333 0 exe 28370 38277 93481 resp 93796 0 pmu 1023664 264217 8261056 6906082 95415057
1790328094.121299 W 188 lat 277 296 648 0 exe 31018 42425 114203 resp 114518 9 pmu 1023435 312826 8254805 7033438 106524541
1790328095.168335 W 189 lat 277 296 333 0 exe 30259 38907 69259 resp 69574 0 pmu 1023624 271403 8257480 7276006 97050441
1790328096.116228 W 190 lat 277 296 425 0 exe 29055 42814 101592 resp 101925 1 pmu 1023358 317375 8256425 6803717 107728531
1790328097.180249 W 191 lat 277 296 407 0 exe 28407 38481 59962 resp 60277 0 pmu 1023649 266170 8254049 7141133 95844835
1790328098.118743 W 192 lat 277 296 444 0 exe 29055 43037 116796 resp 117129 5 pmu 1023454 320058 8260212 6699710 108061379
1790328099.167234 W 193 lat 277 296 425 0 exe 29870 38444 59703 resp 60018 0 pmu 1023584 266109 8259323 7294377 95885924
1790328100.108230 W 194 lat 277 296 499 0 exe 29499 42277 106851 resp 107166 7 pmu 1023440 311032 8260624 6704402 106173796
1790328101.152226 W 195 lat 277 296 333 0 exe 29870 37499 53425 resp 53722 0 pmu 1023624 255158 8259368 7193563 93464087
1790328102.196639 W 196 lat 277 296 518 0 exe 29888 42277 110222 resp 110537 2 pmu 1023432 311223 8261363 6636421 106196095
1790328103.140223 W 197 lat 277 296 333 0 exe 28333 37629 52592 resp 52907 0 pmu 1023701 256413 8261184 7229261 93802575
1790328104.188231 W 198 lat 277 296 481 0 exe 28092 41499 103037 resp 103518 1 pmu 1023440 301720 8257584 6621054 104106042
1790328105.137062 W 199 lat 277 296 333 0 exe 28148 37166 48555 resp 48870 0 pmu 1023633 250685 8259084 7145000 92634232
1790328106.181422 W 200 lat 277 296 481 0 exe 29148 41685 114296 resp 114722 3 pmu 1023456 303696 8256436 6577370 104557329
1790328107.124217 W 201 lat 277 296 629 0 exe 17888 34240 111425 resp 111722 2 pmu 1023595 215377 8260963 7263857 86024433
1790328108.164214 W 202 lat 277 296 407 0 exe 17203 21462 111370 resp 111685 6 pmu 1023669 62831 8259416 7141625 54765498
1790328109.208224 W 203 lat 277 296 537 0 exe 16462 24129 191018 resp 191333 14 pmu 1023603 89851 8255420 7072731 61888595
1790328110.144217 W 204 lat 277 296 481 0 exe 17462 23999 100870 resp 101166 2 pmu 1023559 92376 8255200 7879464 61503062
1790328111.184194 W 205 lat 296 296 333 0 exe 17018 19388 44277 resp 44592 0 pmu 1023755 38722 8253720 6981883 48971864
1790328112.120216 W 206 lat 277 296 592 0 exe 17277 23277 106814 resp 107129 3 pmu 1023702 83832 8252995 6390159 58816673
1790328113.160193 W 207 lat 277 296 333 0 exe 17240 19796 45370 resp 45685 0 pmu 1023767 43295 8254776 7037569 49996317
1790328114.200217 W 208 lat 277 296 444 0 exe 17351 23592 103722 resp 104037 3 pmu 1023657 88002 8252102 6404350 59715108
1790328115.136192 W 209 lat 277 296 333 0 exe 17425 19722 48444 resp 48740 0 pmu 1023644 42113 8248456 7007612 49739860
1790328116.176219 W 210 lat 277 296 444 0 exe 17425 24129 104870 resp 105296 4 pmu 1023646 94498 8253802 6435265 61073347
1790328117.112194 W 211 lat 277 296 333 0 exe 17055 19537 47018 resp 47333 0 pmu 1023754 40276 8252080 7022820 49363645
1790328118.152220 W 212 lat 277 296 574 0 exe 16870 23629 109574 resp 109888 6 pmu 1023645 88355 8251665 6418327 59838210
1790328119.192194 W 213 lat 277 296 333 0 exe 17203 19629 45685 resp 45981 0 pmu 1023729 41097 8251940 7064783 49568676
1790328120.128219 W 214 lat 277 296 462 0 exe 17333 24462 110074 resp 110537 4 pmu 1023657 98312 8253569 6406241 61840488
1790328121.168196 W 215 lat 277 296 333 0 exe 17296 19870 50925 resp 51240 0 pmu 1023752 43846 8248152 7076324 50168778
1790328122.208218 W 216 lat 277 296 444 0 exe 17314 24648 117574 resp 118018 6 pmu 1023653 100300 8256297 6460325 62352429
1790328123.144195 W 217 lat 296 296 333 0 exe 17092 19666 48111 resp 48425 0 pmu 1023754 41807 8250832 7152005 49750290
1790328124.184218 W 218 lat 296 296 481 0 exe 17333 23518 118962 resp 119333 5 pmu 1023692 86841 8250882 6430114 59504716
1790328125.120198 W 219 lat 277 296 333 0 exe 17425 19999 45888 resp 46203 0 pmu 1023728 45805 8248052 7160200 50589042
1790328126.160219 W 220 lat 277 296 425 0 exe 17444 23870 117018 resp 117407 8 pmu 1023654 91031 8251115 6411129 60434941
1790328127.200195 W 221 lat 296 296 333 0 exe 17425 19666 47648 resp 47962 0 pmu 1023756 41490 8247985 7142683 49694321
1790328128.136219 W 222 lat 296 296 425 0 exe 16962 24407 115074 resp 115444 3 pmu 1023646 97601 8251960 6427360 61801289
1790328129.176195 W 223 lat 296 296 333 0 exe 17240 19666 47018 resp 47314 0 pmu 1023749 41693 8253728 7123609 49701679
1790328130.112230 W 224 lat 277 296 462 0 exe 17462 23685 115074 resp 115407 4 pmu 1023628 88963 8253345 6419996 59973449
1790328131.152201 W 225 lat 277 296 333 0 exe 16666 20314 51370 resp 51685 0 pmu 1023747 49148 8251838 7122612 51299363
1790328132.192219 W 226 lat 277 296 481 0 exe 17314 23499 112092 resp 112499 4 pmu 1023652 86962 8254126 6463843 59557014
1790328133.128193 W 227 lat 296 296 333 0 exe 17203 19814 49166 resp 49481 0 pmu 1023780 43411 8254245 7091482 50043452
1790328134.168218 W 228 lat 277 296 425 0 exe 17222 24240 112574 resp 112925 3 pmu 1023639 95666 8249376 6441917 61407798
1790328135.208194 W 229 lat 296 296 333 0 exe 16759 19944 47703 resp 48018 0 pmu 1023790 44964 8249562 7099055 50409187
1790328136.144218 W 230 lat 296 296 537 0 exe 17074 23425 114018 resp 114555 3 pmu 1023697 86268 8250988 6425899 59411477
1790328137.184200 W 231 lat 296 296 333 0 exe 17259 20018 46666 resp 46981 0 pmu 1023729 45731 8253974 7110231 50536996
1790328138.120220 W 232 lat 277 296 425 0 exe 17203 23888 114944 resp 115259 4 pmu 1023680 91422 8253224 6418386 60458643
1790328139.160216 W 233 lat 277 296 333 0 exe 17240 20481 49648 resp 49962 0 pmu 1023748 51190 8253596 7120548 51692584
1790328140.200223 W 234 lat 277 296 722 0 exe 17148 25740 112111 resp 112425 11 pmu 1023541 113354 8257692 6450313 65401710
1790328141.136189 W 235 lat 296 296 333 0 exe 16814 19555 46203 resp 46518 0 pmu 1023754 40910 8261896 7102695 49484129
1790328142.192219 W 236 lat 277 296 1592 0 exe 16833 28814 225462 resp 227055 21 pmu 1023506 144493 8252402 6409204 73595743
1790328143.148194 W 237 lat 296 296 351 0 exe 17148 20481 47703 resp 48018 0 pmu 1023712 51112 8248293 8260918 52420227
1790328144.204216 W 238 lat 296 296 777 0 exe 17259 22796 120296 resp 121074 6 pmu 1023602 78486 8251220 6430409 57792863
1790328145.164191 W 239 lat 277 296 333 0 exe 17240 19629 42555 resp 42851 0 pmu 1023707 41325 8251852 7173208 49691795
1790328146.116219 W 240 lat 277 296 407 0 exe 17333 22944 117870 resp 118222 5 pmu 1023588 80341 8248544 6375063 58100070
1790328147.164191 W 241 lat 296 296 333 0 exe 17037 19611 42703 resp 43037 0 pmu 1023720 41061 8251632 7145790 49617700
1790328148.108227 W 242 lat 277 296 481 0 exe 17018 22166 117999 resp 118314 6 pmu 1023669 71225 8249764 6375598 56291958
1790328149.156202 W 243 lat 277 296 333 0 exe 17222 20999 90629 resp 90925 0 pmu 1023714 57559 8249500 7142058 53035418
1790328150.112229 W 244 lat 277 296 370 0 exe 17407 19981 98055 resp 98425 0 pmu 1023740 45221 8252256 6862465 50445190
1790328151.176215 W 245 lat 277 296 407 0 exe 17407 22685 118166 resp 118499 6 pmu 1023601 76969 8249976 6933154 57663371
1790328152.140230 W 246 lat 277 296 333 0 exe 16907 19314 43944 resp 44259 0 pmu 1023658 37440 8249440 7148050 48832488
1790328153.188212 W 247 lat 277 296 425 0 exe 17111 23314 115277 resp 115611 5 pmu 1023706 84691 8255231 6385706 59058661
1790328154.144193 W 248 lat 296 296 333 0 exe 17037 19851 67018 resp 67333 0 pmu 1023665 44322 8248694 7120747 50239701
1790328155.200218 W 249 lat 277 296 537 0 exe 17314 23425 106574 resp 106888 3 pmu 1023661 86049 8255568 6619951 59445473
1790328156.160193 W 250 lat 277 296 351 0 exe 17166 19629 53148 resp 53444 0 pmu 1023698 41274 8248412 7035860 49550401
1790328157.108216 W 251 lat 277 296 462 0 exe 17462 23314 114111 resp 114425 5 pmu 1023593 84555 8249128 6480603 59123060
1790328158.164193 W 252 lat 296 296 351 0 exe 17185 19777 48907 resp 49222 0 pmu 1023729 42899 8249960 7110777 49952260
1790328159.204219 W 253 lat 277 296 425 0 exe 17277 23296 115629 resp 115944 5 pmu 1023630 84592 8251090 6439383 59071885
1790328160.144193 W 254 lat 277 296 333 0 exe 17148 19722 52944 resp 53240 0 pmu 1023667 42635 8248955 7124946 49863963
1790328161.184218 W 255 lat 277 296 499 0 exe 17537 23499 116574 resp 117074 7 pmu 1023628 86771 8254960 6479027 59587548
1790328162.120191 W 256 lat 277 296 333 0 exe 17314 19833 51055 resp 51351 0 pmu 1023762 43445 8250662 7138211 50122621
1790328163.160219 W 257 lat 296 296 370 0 exe 17666 23629 111462 resp 111814 6 pmu 1023681 88057 8251908 6461331 59867271
1790328164.200187 W 258 lat 277 296 333 0 exe 17166 19314 48796 resp 49092 0 pmu 1023748 37748 8251024 7086880 48834783
1790328165.136218 W 259 lat 277 296 499 0 exe 17425 23444 117777 resp 118277 6 pmu 1023636 86124 8249352 6435558 59420520
1790328166.176194 W 260 lat 277 296 333 0 exe 17166 20148 50592 resp 50907 0 pmu 1023706 47362 8249672 7149283 50933517
1790328167.112216 W 261 lat 277 296 648 0 exe 17129 23370 104388 resp 104703 4 pmu 1023637 85513 8249531 6457743 59143624
1790328168.152189 W 262 lat 277 296 333 0 exe 17166 19314 47333 resp 47648 0 pmu 1023705 37713 8248192 7013266 48775292
1790328169.192218 W 263 lat 277 296 407 0 exe 17222 22166 111240 resp 111555 6 pmu 1023636 71045 8253321 6421077 56126414
1790328170.128196 W 264 lat 296 296 333 0 exe 17277 20222 49944 resp 50259 0 pmu 1023748 48442 8249300 7074910 51094615
1790328171.168228 W 265 lat 277 296 333 0 exe 17259 22481 115148 resp 115481 8 pmu 1023714 74598 8254851 6452178 56910215
1790328172.208217 W 266 lat 277 296 444 0 exe 17166 22425 109925 resp 110259 3 pmu 1023675 73971 8252759 7115558 56882848
1790328173.148214 W 267 lat 277 296 1037 0 exe 16962 21925 113296 resp 113611 6 pmu 1023686 68061 8261236 7063308 55833667
1790328174.192226 W 268 lat 277 296 999 0 exe 17333 25277 230148 resp 230462 18 pmu 1023633 101203 8254961 7096381 64329877
1790328175.128219 W 269 lat 296 296 462 0 exe 17351 23129 115129 resp 115444 4 pmu 1023659 82260 8258020 8283299 59609027
1790328176.168195 W 270 lat 277 296 370 0 exe 16999 19370 46999 resp 47314 0 pmu 1023754 38389 8256824 7119635 48958439
1790328177.208217 W 271 lat 296 296 462 0 exe 17129 22518 108370 resp 108796 4 pmu 1023698 75287 8262209 6417410 56988171
1790328178.144203 W 272 lat 277 296 333 0 exe 17185 19999 58018 resp 58333 0 pmu 1023757 45988 8257168 7048529 50514552
1790328179.184218 W 273 lat 277 296 481 0 exe 17240 22370 108796 resp 109111 7 pmu 1023724 73508 8260122 6531433 56598975
1790328180.120194 W 274 lat 277 296 333 0 exe 17055 19407 44148 resp 44462 0 pmu 1023752 38966 8253828 7052042 49055568
1790328181.160218 W 275 lat 277 296 499 0 exe 17333 22833 108259 resp 108574 8 pmu 1023672 78962 8257817 6389031 57721999
1790328182.200195 W 276 lat 277 296 333 0 exe 17296 19962 45222 resp 45518 0 pmu 1023727 45241 8254256 7049727 50416562
1790328183.148219 W 277 lat 277 296 425 0 exe 17166 23037 105611 resp 105907 5 pmu 1023647 81631 8258602 6403734 58281467
1790328184.192203 W 278 lat 277 296 333 0 exe 17333 19833 49296 resp 49592 0 pmu 1023679 43746 8252800 7022820 50038936
1790328185.128217 W 279 lat 277 296 333 0 exe 17129 22277 113814 resp 114129 8 pmu 1023640 72101 8256061 6443958 56300584
1790328186.168196 W 280 lat 277 296 333 0 exe 17333 19796 43148 resp 43444 0 pmu 1023722 43413 8257956 7100389 50034964
1790328187.208218 W 281 lat 277 296 462 0 exe 17277 22574 113129 resp 113462 8 pmu 1023683 75694 8260584 6382251 57027802
1790328188.144193 W 282 lat 296 296 333 0 exe 17148 19370 45388 resp 45703 0 pmu 1023724 38281 8259517 7096597 48935086
1790328189.184217 W 283 lat 296 296 370 0 exe 17148 22759 105870 resp 106185 7 pmu 1023685 78047 8260426 6401851 57487245
1790328190.120195 W 284 lat 277 296 333 0 exe 17259 19851 44148 resp 44462 0 pmu 1023685 43799 8256928 7023808 50090803
1790328191.160220 W 285 lat 277 296 537 0 exe 17222 22685 109388 resp 109722 6 pmu 1023615 77062 8255198 6392211 57266455
1790328192.204185 W 286 lat 296 296 333 0 exe 17388 19870 52666 resp 52981 0 pmu 1023771 44213 8257224 7059908 50144445
1790328193.136218 W 287 lat 277 296 425 0 exe 17592 22851 108370 resp 108685 7 pmu 1023646 78851 8258284 6478279 57764531
1790328194.176193 W 288 lat 277 296 333 0 exe 16925 19666 47055 resp 47351 0 pmu 1023692 41974 8255440 7051802 49698253
1790328195.116066 W 289 lat 277 314 1111 0 exe 17240 35148 172685 resp 173018 67 pmu 1023169 217353 8258830 6418878 91913660
1790328196.152228 W 290 lat 277 314 1370 0 exe 17537 39851 207259 resp 207814 115 pmu 1022964 265743 8252210 7758645 107675788
1790328197.192217 W 291 lat 296 296 703 0 exe 17166 23925 108259 resp 108574 4 pmu 1023689 91677 8256743 8131616 61497983
1790328198.128203 W 292 lat 277 296 333 0 exe 17518 20870 74814 resp 75129 0 pmu 1023673 55869 8255852 7055412 52617758
1790328199.168217 W 293 lat 277 296 462 0 exe 17333 23962 108111 resp 108425 6 pmu 1023722 92238 8257150 6705415 60706556
1790328200.208192 W 294 lat 277 296 333 0 exe 17425 19666 43685 resp 43981 0 pmu 1023767 41597 8254256 7053495 49662315
1790328201.144218 W 295 lat 277 296 425 0 exe 16759 23388 106351 resp 106685 4 pmu 1023634 85602 8255256 6387619 59098458
1790328202.184195 W 296 lat 296 296 333 0 exe 17185 19740 43574 resp 43870 0 pmu 1023777 42619 8257044 7030183 49845436
1790328203.120217 W 297 lat 277 296 499 0 exe 17166 23611 107999 resp 108314 2 pmu 1023668 88529 8254416 6385651 59703391
1790328204.160221 W 298 lat 277 296 370 0 exe 17018 21814 108296 resp 108611 3 pmu 1023725 67331 8260848 7050108 55349980
1790328205.200220 W 299 lat 296 296 499 0 exe 16962 21462 113925 resp 114425 5 pmu 1023716 63244 8260180 7042506 54721977
1790328206.140264 W 300 lat 277 314 2240 0 exe 17333 46629 252351 resp 254574 116 pmu 1022717 342884 8267552 7098869 126483307
1790328207.200299 W 301 lat 277 314 2296 0 exe 17777 31722 124629 resp 126925 9 pmu 1023442 181480 8265769 8628035 83648963
1790328208.136256 W 302 lat 277 296 1166 0 exe 18148 29018 54444 resp 54759 0 pmu 1023605 150515 8270500 7279034 75378581
1790328209.176262 W 303 lat 296 296 1148 0 exe 17999 31203 138462 resp 139611 7 pmu 1023504 175758 8267359 6549692 81038212
1790328210.116254 W 304 lat 277 296 555 0 exe 17703 28888 46703 resp 47018 0 pmu 1023514 149285 8263669 7404366 75070701
1790328211.172263 W 305 lat 277 296 592 0 exe 17611 30814 116999 resp 117537 9 pmu 1023427 171720 8268742 6466407 80384683
1790328212.116252 W 306 lat 277 296 759 0 exe 17981 28703 53740 resp 54185 0 pmu 1023580 147140 8269702 7179934 74720243
1790328213.176265 W 307 lat 277 296 1092 0 exe 17888 31388 141277 resp 141814 9 pmu 1023320 177374 8263892 6538921 82241982
1790328214.136269 W 308 lat 277 296 2074 0 exe 17888 29037 57425 resp 57740 0 pmu 1023507 150664 8266205 7429447 75739281
1790328215.204273 W 309 lat 277 296 574 0 exe 18166 30981 120611 resp 120907 6 pmu 1023552 173502 8265181 6583003 80546887
1790328216.156220 W 310 lat 277 314 2703 0 exe 17240 28481 60611 resp 60925 0 pmu 1023595 143765 8263786 7218203 74065634
1790328217.200288 W 311 lat 277 296 722 0 exe 18296 31759 130425 resp 130740 8 pmu 1023489 182524 8268341 6611901 82611856
1790328218.156252 W 312 lat 277 296 1481 0 exe 17666 28925 61148 resp 61462 0 pmu 1023543 149985 8266481 7321724 75349998
1790328219.116253 W 313 lat 277 314 1888 0 exe 17981 31370 120759 resp 121296 9 pmu 1023444 177511 8264289 6615585 81604457
1790328220.180259 W 314 lat 277 296 555 0 exe 18092 28814 60481 resp 60796 0 pmu 1023554 147690 8265047 7228712 74872683
1790328221.136266 W 315 lat 277 296 851 0 exe 17592 30981 117648 resp 118166 7 pmu 1023413 173238 8266198 6605764 80668558
1790328222.188263 W 316 lat 277 296 703 0 exe 17851 28833 61777 resp 62333 0 pmu 1023545 148368 8267741 7188375 75072239
1790328223.144258 W 317 lat 277 296 870 0 exe 17314 31814 137444 resp 138148 8 pmu 1023400 182986 8264701 6619717 83163247
1790328224.200274 W 318 lat 277 296 666 0 exe 17703 29018 58277 resp 58592 0 pmu 1023573 150593 8268132 7390035 75416647
1790328225.152262 W 319 lat 277 296 759 0 exe 18222 31499 124055 resp 124462 8 pmu 1023387 179722 8264180 6583449 82383128
1790328226.112256 W 320 lat 277 296 1222 0 exe 17962 29259 51962 resp 52277 0 pmu 1023524 153316 8263092 7257083 76101818
1790328227.164251 W 321 lat 277 296 666 0 exe 17740 31666 120055 resp 120370 13 pmu 1023294 180792 8264050 6525489 82408844
1790328228.112252 W 322 lat 277 296 833 0 exe 17759 28907 50444 resp 51055 0 pmu 1023654 149507 8265576 7214533 74947408
1790328229.168259 W 323 lat 277 296 703 0 exe 18037 31740 109129 resp 109444 6 pmu 1023415 180695 8267718 6507115 82033630
1790328230.120263 W 324 lat 277 296 1222 0 exe 17148 28888 51092 resp 51407 0 pmu 1023528 148738 8264578 7107290 74921404
1790328231.184270 W 325 lat 296 296 574 0 exe 18277 31407 110092 resp 110425 5 pmu 1023458 178293 8266498 6510778 81527920
1790328232.136257 W 326 lat 277 296 611 0 exe 17833 29462 60888 resp 61203 0 pmu 1023501 156190 8264921 7116054 76518345
1790328233.188237 W 327 lat 277 296 759 0 exe 18611 29999 117222 resp 117777 9 pmu 1023507 160516 8263972 6611956 78211452
1790328234.140271 W 328 lat 277 296 2407 0 exe 18999 30314 94203 resp 94518 0 pmu 1023490 165814 8265205 7184111 78555492
1790328235.200261 W 329 lat 277 296 1351 0 exe 17833 28481 52666 resp 52981 0 pmu 1023567 144121 8265259 6964179 73923390
1790328236.140218 W 330 lat 277 296 499 0 exe 17425 28185 119592 resp 119907 11 pmu 1023467 141587 8258788 6528738 72013263
1790328237.180220 W 331 lat 277 296 333 0 exe 17037 19074 44833 resp 45148 0 pmu 1023756 35026 8260777 7190229 48292801
1790328238.120227 W 332 lat 277 296 833 0 exe 16814 26555 174166 resp 174999 22 pmu 1023598 118932 8256567 6394154 67858482
1790328239.160231 W 333 lat 277 296 703 0 exe 16648 19499 46314 resp 46629 0 pmu 1023735 39735 8249088 7729145 49655143
1790328240.200216 W 334 lat 277 296 777 0 exe 17037 23296 115925 resp 116240 9 pmu 1023665 83007 8245295 6411122 58993440
1790328241.136191 W 335 lat 277 296 888 0 exe 17166 19611 45277 resp 45574 0 pmu 1023734 40615 8246864 7128449 49579260
1790328242.176218 W 336 lat 277 296 907 0 exe 17314 23148 121796 resp 122111 8 pmu 1023670 81892 8248628 6404705 58517145
1790328243.112192 W 337 lat 296 296 796 0 exe 17407 19722 51462 resp 51777 0 pmu 1023728 41844 8251204 7188392 49879429
1790328244.152218 W 338 lat 277 296 759 0 exe 17444 23277 111111 resp 111648 8 pmu 1023674 83155 8250667 6468017 58952490
1790328245.192192 W 339 lat 277 296 722 0 exe 17055 19388 46222 resp 46537 0 pmu 1023764 38328 8248155 7083301 48996928
1790328246.128217 W 340 lat 277 296 777 0 exe 17370 23555 112296 resp 112629 7 pmu 1023666 86466 8251638 6411679 59591921
1790328247.168194 W 341 lat 296 296 962 0 exe 17111 19444 48537 resp 48851 0 pmu 1023739 39004 8248672 7095357 49181454
1790328248.208216 W 342 lat 296 296 1018 0 exe 16981 22388 127314 resp 127648 5 pmu 1023669 72815 8248977 6436610 56657806
1790328249.144193 W 343 lat 277 296 907 0 exe 16796 19537 48814 resp 49111 0 pmu 1023791 40062 8251324 7239001 49495053
1790328250.184216 W 344 lat 277 296 962 0 exe 17296 23129 115537 resp 115851 11 pmu 1023669 81944 8248015 6437788 58609352
1790328251.120193 W 345 lat 277 296 1092 0 exe 17370 19574 50629 resp 50944 0 pmu 1023780 40154 8248641 7126022 49474155
1790328252.160213 W 346 lat 296 296 981 0 exe 17499 22962 118240 resp 118592 5 pmu 1023665 79484 8247695 6460007 58134836
1790328253.200193 W 347 lat 277 296 777 0 exe 17240 19648 46018 resp 46333 0 pmu 1023751 41139 8246992 7153568 49737244
1790328254.136217 W 348 lat 277 296 944 0 exe 16796 22870 108462 resp 108796 8 pmu 1023674 78785 8247828 6412214 57860973
1790328255.176194 W 349 lat 296 296 851 0 exe 16981 19685 46888 resp 47203 0 pmu 1023699 41511 8249136 7051524 49707999
1790328256.116217 W 350 lat 277 296 796 0 exe 17296 24462 107944 resp 108259 8 pmu 1023613 97535 8247542 6420172 61823226
1790328257.156192 W 351 lat 296 296 722 0 exe 17370 19407 45499 resp 45814 0 pmu 1023756 38619 8249072 7055878 49086869
1790328258.196215 W 352 lat 277 296 777 0 exe 17314 23259 113185 resp 113499 11 pmu 1023645 82898 8249461 6406252 58825659
1790328259.132193 W 353 lat 277 296 759 0 exe 17074 19499 47444 resp 47759 0 pmu 1023786 39555 8249488 7102338 49298518
1790328260.172215 W 354 lat 277 296 814 0 exe 17314 22592 117277 resp 117574 10 pmu 1023646 74959 8250310 6424870 57074847
1790328261.212194 W 355 lat 277 296 333 0 exe 17111 19518 45888 resp 46185 0 pmu 1023728 39908 8250816 7140013 49401616
1790328262.148215 W 356 lat 277 296 944 0 exe 17055 23222 121037 resp 121388 9 pmu 1023621 82448 8250803 6407081 58617191
1790328263.188192 W 357 lat 277 296 925 0 exe 17351 19685 44111 resp 44425 0 pmu 1023735 41282 8250276 7180161 49800403
1790328264.124213 W 358 lat 277 296 796 0 exe 17055 24148 105388 resp 105703 8 pmu 1023683 93515 8251226 6394398 60934618
1790328265.164192 W 359 lat 296 296 833 0 exe 17240 19740 42203 resp 42518 0 pmu 1023818 42049 8248932 7027538 49807659
1790328266.204215 W 360 lat 277 296 611 0 exe 17259 22962 117481 resp 117870 9 pmu 1023651 79345 8252821 6374692 57978710
1790328267.140195 W 361 lat 296 296 1111 0 exe 17444 19851 49481 resp 49796 0 pmu 1023806 43578 8255632 7143082 50191892
1790328268.180218 W 362 lat 277 296 1129 0 exe 17148 24074 111907 resp 112222 10 pmu 1023590 93354 8256710 6450501 61158832
1790328269.116192 W 363 lat 277 296 333 0 exe 16851 19185 39425 resp 39740 0 pmu 1023759 36247 8260812 7094368 48523083
1790328270.160220 W 364 lat 296 296 740 0 exe 17574 27574 256296 resp 256814 27 pmu 1023548 128530 8260164 6339774 70402537
1790328271.200198 W 365 lat 296 296 333 0 exe 17351 19740 47518 resp 47833 0 pmu 1023751 42472 8252021 8557349 50752570
1790328272.136213 W 366 lat 277 296 462 0 exe 17259 23129 115370 resp 115833 8 pmu 1023677 82232 8256802 6426014 58458634
1790328273.176192 W 367 lat 296 296 333 0 exe 16888 19555 47685 resp 47999 0 pmu 1023714 40370 8257616 7122338 49411422
1790328274.112213 W 368 lat 277 296 425 0 exe 17203 23185 120907 resp 121314 7 pmu 1023628 83091 8254996 6424482 58701239
1790328275.152190 W 369 lat 296 296 333 0 exe 17129 19333 45481 resp 45796 0 pmu 1023769 38104 8257712 7177147 48946701
1790328276.192214 W 370 lat 277 296 425 0 exe 17148 23203 114944 resp 115259 8 pmu 1023663 83248 8255545 6402574 58739308
1790328277.128197 W 371 lat 277 296 333 0 exe 17407 20222 55648 resp 55962 0 pmu 1023714 48202 8255240 7116944 51071904
1790328278.168213 W 372 lat 296 296 407 0 exe 17462 23148 116444 resp 116759 8 pmu 1023624 82469 8256524 6509766 58648171
1790328279.208190 W 373 lat 277 296 333 0 exe 17037 19574 41444 resp 41759 0 pmu 1023678 40837 8252592 7133327 49552536
1790328280.144216 W 374 lat 277 296 444 0 exe 17259 22629 118444 resp 118740 8 pmu 1023700 76283 8256482 6362876 57208693
1790328281.184192 W 375 lat 277 296 333 0 exe 17240 19333 44759 resp 45074 0 pmu 1023719 37934 8258188 7149691 48919097
1790328282.120214 W 376 lat 296 296 629 0 exe 17314 23648 113037 resp 113351 9 pmu 1023623 88241 8254059 6395818 59800901
1790328283.160195 W 377 lat 277 296 333 0 exe 17314 19981 47888 resp 48203 0 pmu 1023622 45429 8253844 7101993 50496956
1790328284.200216 W 378 lat 277 296 481 0 exe 17092 22907 109092 resp 109425 8 pmu 1023664 80167 8255632 6430645 58007694
1790328285.136191 W 379 lat 277 296 333 0 exe 16777 19888 49259 resp 49574 0 pmu 1023768 44247 8253408 7057010 50230802
1790328286.176216 W 380 lat 277 296 407 0 exe 17166 22888 114222 resp 114629 10 pmu 1023671 79343 8254246 6441209 57877870
1790328287.112189 W 381 lat 296 296 333 0 exe 17111 19537 47648 resp 47962 0 pmu 1023756 40330 8255292 7108660 49426475
1790328288.152213 W 382 lat 296 296 574 0 exe 16870 23166 111907 resp 112314 9 pmu 1023635 82747 8253373 6425090 58517247
1790328289.192195 W 383 lat 277 296 333 0 exe 17185 20166 47648 resp 47962 0 pmu 1023734 47601 8252948 7086344 50937337
1790328290.128215 W 384 lat 296 296 499 0 exe 17148 23148 111222 resp 111555 9 pmu 1023631 82395 8254142 6428591 58486274
1790328291.168191 W 385 lat 277 296 333 0 exe 17314 19370 43629 resp 43944 0 pmu 1023717 38418 8256992 7079946 48969464
1790328292.208212 W 386 lat 296 296 407 0 exe 16999 22592 108222 resp 108555 8 pmu 1023685 76167 8255533 6385110 57174871
1790328293.144192 W 387 lat 277 296 333 0 exe 17166 20018 43333 resp 43648 0 pmu 1023718 45440 8256873 7046094 50505783
1790328294.184214 W 388 lat 277 296 407 0 exe 17055 23203 116648 resp 116981 7 pmu 1023639 83245 8257248 6384477 58687432
1790328295.120194 W 389 lat 296 296 333 0 exe 17111 19777 44981 resp 45277 0 pmu 1023616 43151 8255812 7133630 50020289
1790328296.160214 W 390 lat 277 296 499 0 exe 16870 22759 123129 resp 123444 6 pmu 1023711 78003 8259916 6399449 57535811
1790328297.200191 W 391 lat 277 296 333 0 exe 17111 19555 44962 resp 45259 0 pmu 1023782 40428 8258284 7195615 49510417
1790328298.140217 W 392 lat 277 296 444 0 exe 17388 23277 112944 resp 113259 9 pmu 1023716 83959 8258096 6398090 58815475
1790328299.180196 W 393 lat 277 296 333 0 exe 16925 19740 47481 resp 47796 0 pmu 1023718 42747 8249216 7098721 49916611
1790328300.116217 W 394 lat 296 296 518 0 exe 17425 25611 128555 resp 128888 10 pmu 1023626 111448 8257240 6423528 64892413
1790328301.156192 W 395 lat 277 296 333 0 exe 16944 19759 47055 resp 47351 0 pmu 1023673 42863 8254932 7267121 50025705
1790328302.200225 W 396 lat 277 296 1981 0 exe 17166 29277 216555 resp 218537 27 pmu 1023183 147409 8260258 6419369 76200407
1790328303.136205 W 397 lat 277 296 407 0 exe 18444 21925 46555 resp 46870 0 pmu 1023678 65599 8255542 8179863 56064852
1790328304.176224 W 398 lat 277 296 2055 0 exe 17888 24648 134666 resp 136722 6 pmu 1023457 97925 8259346 6433155 62860064
1790328305.112202 W 399 lat 277 296 425 0 exe 18685 21870 45944 resp 46259 0 pmu 1023642 65079 8251905 7342141 55399306
1790328306.152224 W 400 lat 277 296 1055 0 exe 17962 25055 130685 resp 131277 7 pmu 1023430 102737 8254791 6427951 63882662
1790328307.192206 W 401 lat 277 296 425 0 exe 18111 22111 46537 resp 46851 0 pmu 1023669 68468 8257252 7292343 56048859
1790328308.128223 W 402 lat 277 296 648 0 exe 18518 24833 123351 resp 123907 6 pmu 1023535 100181 8259617 6432153 63301256
1790328309.168203 W 403 lat 296 296 333 0 exe 18092 21444 41037 resp 41351 0 pmu 1023689 60570 8256953 7218274 54284021
1790328310.208219 W 404 lat 277 296 666 0 exe 18574 25722 118407 resp 118796 8 pmu 1023336 110771 8257876 6373242 65680435
1790328311.144203 W 405 lat 277 296 333 0 exe 17981 21611 42444 resp 42759 0 pmu 1023676 62513 8261358 7173049 54705526
1790328312.184222 W 406 lat 277 314 12574 0 exe 18111 24277 123703 resp 124203 10 pmu 1023454 93327 8257639 6387688 61802833
1790328313.120208 W 407 lat 277 296 333 0 exe 18666 22722 56722 resp 57037 0 pmu 1023619 75209 8256583 7276567 57584351
1790328314.160223 W 408 lat 296 296 888 0 exe 18444 24814 124722 resp 125611 8 pmu 1023517 98986 8258332 6539610 63108692
1790328315.200204 W 409 lat 277 296 333 0 exe 17648 21685 43740 resp 44037 0 pmu 1023695 62781 8255027 7234477 54790003
1790328316.136227 W 410 lat 277 333 2685 0 exe 19018 62462 201074 resp 203759 218 pmu 1021440 520200 8263907 6399898 172954766
1790328317.176205 W 411 lat 277 296 333 0 exe 18111 22629 43462 resp 43777 0 pmu 1023707 74047 8259385 8207354 57776666
1790328318.112239 W 412 lat 277 296 703 0 exe 18648 25703 108888 resp 109203 4 pmu 1023369 110247 8261334 6403692 65817402
1790328319.152207 W 413 lat 277 296 388 0 exe 18092 23111 104222 resp 104555 1 pmu 1023590 80015 8253645 7077735 58421873
1790328320.196225 W 414 lat 277 296 333 0 exe 17703 21055 39907 resp 40203 0 pmu 1023699 55878 8258096 7013761 53099171
1790328321.132206 W 415 lat 296 296 555 0 exe 18092 25833 117166 resp 117648 6 pmu 1023337 111620 8256263 6357993 65975890
1790328322.172240 W 416 lat 277 296 333 0 exe 18055 21462 39166 resp 39462 0 pmu 1023613 60135 8256119 7158758 54202488
1790328323.212222 W 417 lat 277 296 611 0 exe 17833 25388 113759 resp 114259 3 pmu 1023308 106719 8255866 6354357 64889667
1790328324.148202 W 418 lat 277 296 444 0 exe 18129 21685 52814 resp 53240 0 pmu 1023707 63470 8260977 7121505 54860312
1790328325.188219 W 419 lat 277 296 592 0 exe 17592 25574 109740 resp 110259 5 pmu 1023412 109058 8255042 6493467 65467283
1790328326.124234 W 420 lat 296 296 1314 0 exe 18537 25907 173240 resp 173851 30 pmu 1023544 109798 8258492 7080977 67608877
1790328327.164209 W 421 lat 277 296 444 0 exe 18499 24277 63629 resp 63925 0 pmu 1023630 93530 8258585 7726580 61729847
1790328328.204200 W 422 lat 277 296 333 0 exe 18296 22351 49925 resp 50240 0 pmu 1023692 71103 8257488 6615962 56202910
1790328329.140203 W 423 lat 277 296 333 0 exe 18240 22629 45277 resp 45592 0 pmu 1023661 74102 8257552 6467613 56788928
1790328330.180200 W 424 lat 277 296 333 0 exe 18499 22907 50018 resp 50333 0 pmu 1023667 77668 8263488 6422411 57525057
1790328331.116200 W 425 lat 277 296 481 0 exe 18407 22537 43259 resp 43555 0 pmu 1023680 73108 8257306 6472462 56614566
1790328332.156229 W 426 lat 296 314 1277 0 exe 17666 33388 245037 resp 245388 58 pmu 1023454 194560 8264303 6403401 88166618
1790328333.196198 W 427 lat 277 296 333 0 exe 17166 19703 52851 resp 53166 0 pmu 1023660 42424 8260608 8476134 50622539
1790328334.136229 W 428 lat 277 296 1666 0 exe 16907 24925 269907 resp 270592 21 pmu 1023436 95829 8252692 6478143 64047111
1790328335.176205 W 429 lat 277 296 333 0 exe 17462 20611 51537 resp 51851 0 pmu 1023770 52547 8250793 8682191 53033671
1790328336.112218 W 430 lat 277 296 481 0 exe 17351 24277 115203 resp 115518 7 pmu 1023596 95750 8248232 6471002 61673644
1790328337.152202 W 431 lat 296 296 333 0 exe 17481 20370 47240 resp 47555 0 pmu 1023743 49675 8246972 7126178 51494262
1790328338.192219 W 432 lat 277 296 555 0 exe 17796 24407 106537 resp 106944 7 pmu 1023625 96778 8250037 6427046 61904432
1790328339.128202 W 433 lat 296 296 351 0 exe 17314 20425 49129 resp 49444 0 pmu 1023787 50613 8248000 7043353 51592573
1790328340.168218 W 434 lat 277 296 870 0 exe 17648 24296 115648 resp 116018 14 pmu 1023601 95306 8248935 6445338 61550764
1790328341.208203 W 435 lat 296 296 333 0 exe 17203 20537 47518 resp 47851 0 pmu 1023754 51484 8248164 7134488 51844446
1790328342.144219 W 436 lat 277 296 629 0 exe 17611 24314 111425 resp 111740 11 pmu 1023538 95490 8246509 6429303 61577732
1790328343.184207 W 437 lat 277 296 333 0 exe 17277 21685 63981 resp 64296 0 pmu 1023685 65114 8246672 7090666 54710638
1790328344.120219 W 438 lat 296 296 666 0 exe 17296 24166 109148 resp 109462 12 pmu 1023522 93891 8246920 6600029 61280218
1790328345.160200 W 439 lat 277 296 333 0 exe 17425 20055 48074 resp 48388 0 pmu 1023757 46154 8249324 7065749 50646500
1790328346.200218 W 440 lat 277 296 425 0 exe 17222 25833 107907 resp 108277 6 pmu 1023593 114232 8250285 6433395 65458061
1790328347.136218 W 441 lat 277 296 333 0 exe 17574 20833 61999 resp 62314 0 pmu 1023769 55271 8249556 7060388 52563401
1790328348.176218 W 442 lat 296 296 629 0 exe 17425 25259 116074 resp 116481 7 pmu 1023593 107347 8248180 6577320 64212837
1790328349.112198 W 443 lat 277 296 333 0 exe 17148 20222 45925 resp 46240 0 pmu 1023694 47902 8242750 7141533 51089170
1790328350.152218 W 444 lat 296 296 537 0 exe 17296 24074 124351 resp 124666 7 pmu 1023651 93480 8249819 6411220 61112975
1790328351.192200 W 445 lat 277 296 333 0 exe 17277 20240 48870 resp 49185 0 pmu 1023752 48255 8247598 7216736 51203909
1790328352.128222 W 446 lat 277 296 666 0 exe 17555 24407 118203 resp 118870 7 pmu 1023564 97685 8248416 6441579 62118032
1790328353.168201 W 447 lat 277 296 333 0 exe 17203 20481 48981 resp 49296 0 pmu 1023764 50985 8248397 7160601 51730180
1790328354.208218 W 448 lat 277 296 407 0 exe 17092 24129 133851 resp 134166 8 pmu 1023458 93738 8248429 6443426 61280720
1790328355.144199 W 449 lat 296 296 333 0 exe 17370 20425 48129 resp 48462 0 pmu 1023757 50324 8248661 7310244 51699532
1790328356.188225 W 450 lat 296 296 444 0 exe 17129 22407 123944 resp 124277 7 pmu 1023591 73143 8247780 6435655 57068803
1790328357.124204 W 451 lat 277 296 407 0 exe 17407 21425 89333 resp 89629 0 pmu 1023747 62144 8247456 7203195 54052432
1790328358.164230 W 452 lat 277 296 370 0 exe 17314 20759 100648 resp 100981 1 pmu 1023673 54150 8248132 6852992 52405704
1790328359.204202 W 453 lat 296 296 462 0 exe 17370 23759 117018 resp 117333 7 pmu 1023488 89469 8245390 6962327 60519147
1790328360.140215 W 454 lat 277 296 351 0 exe 17314 19944 46425 resp 46740 0 pmu 1023751 44820 8248017 7141954 50404541
1790328361.184239 W 455 lat 277 296 481 0 exe 17240 24074 114425 resp 114722 12 pmu 1023582 92854 8247601 6415766 61041786
1790328362.120200 W 456 lat 277 296 333 0 exe 17629 20611 48851 resp 49166 0 pmu 1023750 52583 8246876 7116741 52056730
1790328363.160219 W 457 lat 296 296 425 0 exe 17296 24537 108703 resp 109074 12 pmu 1023556 98421 8246995 6445016 62225504
1790328364.200215 W 458 lat 277 296 499 0 exe 17425 22833 136629 resp 136944 3 pmu 1023609 78357 8252521 7062372 57898828
1790328365.136214 W 459 lat 277 296 499 0 exe 17185 21574 113388 resp 113796 8 pmu 1023639 64174 8260400 7333878 55141059
1790328366.180226 W 460 lat 277 296 1018 0 exe 16870 24166 218907 resp 219925 18 pmu 1023514 88231 8256356 7094398 61869703
1790328367.116213 W 461 lat 277 296 722 0 exe 17166 23740 115037 resp 115759 5 pmu 1023619 89543 8246789 8166586 61134280
1790328368.156193 W 462 lat 296 296 333 0 exe 17259 19499 45981 resp 46296 0 pmu 1023709 40027 8247600 7124259 49330572
1790328369.196215 W 463 lat 277 296 333 0 exe 17537 23777 116111 resp 116407 9 pmu 1023619 89994 8251399 6408942 60188338
1790328370.132193 W 464 lat 277 296 333 0 exe 17185 19851 45759 resp 46074 0 pmu 1023738 43711 8246596 7132972 50176677
1790328371.172215 W 465 lat 277 296 425 0 exe 17370 23666 116185 resp 116499 9 pmu 1023613 89037 8249592 6408191 59938203
1790328372.212191 W 466 lat 296 296 333 0 exe 17166 19351 45166 resp 45462 0 pmu 1023742 38101 8246860 7132839 48952636
1790328373.148215 W 467 lat 277 296 481 0 exe 17259 25148 117499 resp 117981 5 pmu 1023581 105950 8245242 6399511 63526523
1790328374.188192 W 468 lat 296 296 333 0 exe 17259 19870 45499 resp 45796 0 pmu 1023649 44021 8244308 7153970 50234666
1790328375.124215 W 469 lat 296 296 592 0 exe 17388 23314 124055 resp 124629 7 pmu 1023658 84275 8250821 6405921 58974925
1790328376.164193 W 470 lat 277 296 333 0 exe 16759 19462 47499 resp 47814 0 pmu 1023723 39245 8245796 7212052 49254989
1790328377.204215 W 471 lat 277 296 425 0 exe 17425 23481 120148 resp 120462 8 pmu 1023606 86261 8250390 6421464 59431420
1790328378.140200 W 472 lat 277 296 333 0 exe 17407 21296 65314 resp 65629 0 pmu 1023736 60983 8248428 7171604 53778312
1790328379.180213 W 473 lat 277 296 740 0 exe 17444 23777 109370 resp 109685 4 pmu 1023666 89973 8249321 6611985 60251888
1790328380.116190 W 474 lat 296 296 333 0 exe 17129 19388 45944 resp 46259 0 pmu 1023794 38928 8248792 7067248 49035645
1790328381.156216 W 475 lat 277 296 685 0 exe 17222 23611 108703 resp 108999 8 pmu 1023630 87893 8248456 6407463 59676861
1790328382.196194 W 476 lat 277 296 388 0 exe 16962 19740 47296 resp 47611 0 pmu 1023678 42390 8244648 7058259 49837766
1790328383.136219 W 477 lat 277 296 407 0 exe 17148 24333 108611 resp 108925 8 pmu 1023646 96491 8249490 6422152 61425687
1790328384.176193 W 478 lat 277 296 333 0 exe 17277 19796 54240 resp 54555 0 pmu 1023724 43225 8249968 7059172 50029024
1790328385.112214 W 479 lat 277 296 462 0 exe 17074 23333 111833 resp 112166 5 pmu 1023641 84992 8249433 6493063 59118633
1790328386.152192 W 480 lat 277 296 333 0 exe 17333 19777 43537 resp 43851 0 pmu 1023736 42842 8247076 7086414 49965474
1790328387.192214 W 481 lat 277 296 425 0 exe 17074 23388 107074 resp 107388 6 pmu 1023640 85615 8248129 6386294 59218165
1790328388.128194 W 482 lat 277 296 333 0 exe 17314 19722 46092 resp 46407 0 pmu 1023744 42235 8248144 7038796 49776745
1790328389.168215 W 483 lat 277 296 425 0 exe 17203 23240 114111 resp 114444 8 pmu 1023687 83854 8250540 6411421 58822852
1790328390.208199 W 484 lat 296 296 333 0 exe 16648 19740 44148 resp 44462 0 pmu 1023781 42860 8247152 7108961 49923046
1790328391.144218 W 485 lat 277 296 499 0 exe 17277 23962 107777 resp 108092 6 pmu 1023633 92542 8250242 6388676 60629576
1790328392.184192 W 486 lat 277 296 333 0 exe 17166 19574 48907 resp 49222 0 pmu 1023740 40525 8247568 7050261 49422744
1790328393.120219 W 487 lat 277 296 499 0 exe 17055 23111 117037 resp 117351 5 pmu 1023647 82704 8248063 6438020 58591226
1790328394.160195 W 488 lat 296 296 333 0 exe 16833 19999 49018 resp 49333 0 pmu 1023734 45531 8248589 7137278 50538135
1790328395.200219 W 489 lat 277 296 444 0 exe 17148 23777 114611 resp 114925 7 pmu 1023640 90341 8248682 6439736 60267081
1790328396.136230 W 490 lat 277 314 2185 0 exe 18037 52851 227574 resp 228333 163 pmu 1022929 414726 8261328 7117125 143780478
1790328397.176214 W 491 lat 296 296 444 0 exe 17296 22074 118425 resp 118740 6 pmu 1023730 69767 8260228 8407269 57063392
1790328398.116227 W 492 lat 277 296 1074 0 exe 16907 24555 270444 resp 270777 19 pmu 1023470 92765 8257037 7147143 62869228
1790328399.156213 W 493 lat 296 296 425 0 exe 17259 24055 115518 resp 115925 4 pmu 1023648 93202 8256096 8681091 62291380
1790328400.196189 W 494 lat 277 296 351 0 exe 16962 19518 43833 resp 44148 0 pmu 1023735 39987 8253710 7127967 49350468
1790328401.132210 W 495 lat 277 296 499 0 exe 17055 23481 112703 resp 113037 4 pmu 1023662 86659 8253782 6386164 59525474
1790328402.172191 W 496 lat 296 296 333 0 exe 17074 19814 44666 resp 44981 0 pmu 1023806 43074 8250304 7096028 50062263
1790328403.212215 W 497 lat 296 296 425 0 exe 17129 23611 111148 resp 111462 4 pmu 1023632 88269 8254028 6396323 59875780
1790328404.148191 W 498 lat 277 296 333 0 exe 17166 20037 56870 resp 57185 0 pmu 1023754 45861 8250588 7080991 50601651
1790328405.188211 W 499 lat 277 296 444 0 exe 16999 23499 111851 resp 112166 7 pmu 1023634 86375 8249660 6519962 59616943
1790328406.124443 W 500 lat 277 296 1037 0 exe 17259 23037 189537 resp 189944 20 pmu 1023663 79808 8258460 7087087 59323673
1790328407.164215 W 501 lat 296 314 1185 0 exe 17166 36962 193259 resp 194444 80 pmu 1023096 236322 8249459 7866559 97794092
1790328408.204189 W 502 lat 296 296 351 0 exe 16888 19444 46740 resp 47055 0 pmu 1023787 39345 8256937 7977519 49721263
1790328409.140215 W 503 lat 277 296 425 0 exe 17296 23277 106203 resp 106518 10 pmu 1023569 84053 8250440 6414643 58883204
1790328410.180191 W 504 lat 277 296 333 0 exe 17240 19851 48074 resp 48388 0 pmu 1023713 43740 8254908 7030554 50085953
1790328411.116220 W 505 lat 277 296 648 0 exe 16888 23203 107222 resp 107537 8 pmu 1023647 83469 8255100 6431339 58672464
1790328412.156192 W 506 lat 277 296 407 0 exe 17203 19703 47499 resp 47814 0 pmu 1023761 42096 8251388 7039558 49744182
1790328413.196226 W 507 lat 277 296 444 0 exe 17055 21888 109222 resp 109537 6 pmu 1023686 68075 8249340 6425160 55264255
1790328414.152195 W 508 lat 277 296 370 0 exe 17222 22425 97388 resp 97703 0 pmu 1023647 74143 8257368 7052779 56667467
1790328415.192355 W 509 lat 296 296 333 0 exe 17092 19185 43444 resp 43740 0 pmu 1023714 36391 8252108 6937737 48452684
1790328416.132215 W 510 lat 277 296 481 0 exe 17055 22444 108611 resp 109092 8 pmu 1023629 74524 8253718 6381055 56893183
1790328417.172191 W 511 lat 296 296 333 0 exe 17111 19351 47388 resp 47703 0 pmu 1023776 37979 8252200 7050379 48882574
1790328418.212215 W 512 lat 277 296 333 0 exe 17222 23148 108722 resp 109037 7 pmu 1023607 82725 8250900 6421575 58641606
1790328419.148191 W 513 lat 296 296 333 0 exe 16999 19685 49777 resp 50092 0 pmu 1023747 42043 8252056 7054293 49740277
1790328420.188214 W 514 lat 296 296 333 0 exe 17351 23685 110185 resp 110499 8 pmu 1023631 89208 8255023 6446615 60023406
1790328421.124189 W 515 lat 277 296 333 0 exe 16981 19333 47925 resp 48240 0 pmu 1023728 38114 8250958 7072264 48918456
1790328422.164214 W 516 lat 277 296 333 0 exe 17111 23777 112333 resp 112648 7 pmu 1023628 90168 8254619 6426051 60211406
1790328423.204189 W 517 lat 277 296 333 0 exe 17092 19222 44296 resp 44611 0 pmu 1023743 36762 8254888 7092998 48624746
1790328424.140215 W 518 lat 277 296 333 0 exe 17333 23685 114407 resp 114722 6 pmu 1023657 88892 8257201 6389849 59952678
1790328425.180190 W 519 lat 277 296 333 0 exe 17055 19259 50370 resp 50685 0 pmu 1023759 37336 8253788 7114577 48758237
1790328426.116215 W 520 lat 277 296 444 0 exe 17462 23555 117462 resp 117777 9 pmu 1023639 87276 8253436 6450694 59697600
1790328427.156189 W 521 lat 277 296 333 0 exe 16962 19351 44925 resp 45240 0 pmu 1023725 38444 8251247 7145748 49009472
1790328428.196217 W 522 lat 277 296 481 0 exe 17055 25685 117074 resp 117388 11 pmu 1023538 112203 8257552 6396050 65323772
1790328429.132186 W 523 lat 277 296 333 0 exe 17018 19111 44944 resp 45259 0 pmu 1023743 35344 8260244 7150560 48375459
1790328430.184228 W 524 lat 277 296 2037 0 exe 16907 26666 255351 resp 255666 23 pmu 1023521 117417 8260567 6395351 68231701
1790328431.152194 W 525 lat 296 296 333 0 exe 16833 19648 46333 resp 46629 0 pmu 1023681 41316 8245172 8545441 50531051
1790328432.200215 W 526 lat 277 296 518 0 exe 17037 23925 117981 resp 118296 6 pmu 1023621 91518 8247247 6410915 60632793
1790328433.136188 W 527 lat 277 296 333 0 exe 17296 19444 49629 resp 49925 0 pmu 1023750 39033 8245760 7150893 49152435
1790328434.180216 W 528 lat 277 296 462 0 exe 17074 23259 113351 resp 113666 3 pmu 1023582 83592 8249361 6445219 58941154
1790328435.120188 W 529 lat 296 296 333 0 exe 17240 19537 45462 resp 45777 0 pmu 1023787 40206 8247694 7101127 49397507
1790328436.160218 W 530 lat 277 296 444 0 exe 17537 23092 115351 resp 115666 4 pmu 1023587 81593 8246524 6403939 58544297
1790328437.212226 W 531 lat 277 314 1740 0 exe 17222 55259 199351 resp 200740 177 pmu 1022129 445715 8251012 7123147 149323812
1790328438.156212 W 532 lat 277 296 925 0 exe 17592 25611 109259 resp 109574 4 pmu 1023580 111590 8249706 8133840 65924839
1790328439.196188 W 533 lat 296 296 333 0 exe 16907 19296 46333 resp 46648 0 pmu 1023720 37578 8247168 7076863 48771652
1790328440.132217 W 534 lat 277 314 14814 0 exe 17425 24425 107648 resp 120962 7 pmu 1023630 97316 8249203 6409860 61839920
1790328441.176190 W 535 lat 277 296 333 0 exe 17018 19388 47166 resp 47462 0 pmu 1023686 38715 8247080 7188521 49092704
1790328442.120216 W 536 lat 277 296 444 0 exe 17499 24796 114777 resp 115111 5 pmu 1023553 101627 8248091 6418846 62830643
1790328443.160188 W 537 lat 277 296 333 0 exe 16833 19444 49777 resp 50092 0 pmu 1023657 39423 8246984 7125263 49203954
1790328444.200214 W 538 lat 277 296 444 0 exe 16907 24018 112740 resp 113037 4 pmu 1023553 92580 8247331 6444523 60875098
1790328445.136193 W 539 lat 277 296 407 0 exe 17166 19999 57333 resp 57629 0 pmu 1023732 45539 8248151 7097715 50536838
1790328446.176213 W 540 lat 277 296 555 0 exe 17092 24296 114185 resp 114740 4 pmu 1023651 95979 8249655 6524880 61664443
1790328447.116222 W 541 lat 277 296 1518 0 exe 16740 25814 275814 resp 276203 29 pmu 1023568 109525 8249603 7116521 66942455
1790328448.156200 W 542 lat 277 296 333 0 exe 17481 20296 50648 resp 50962 0 pmu 1023719 48980 8248876 8742627 52212312
1790328449.196194 W 543 lat 277 296 333 0 exe 17277 20259 51203 resp 51518 0 pmu 1023747 48396 8246785 6460550 50754400
1790328450.136193 W 544 lat 277 296 333 0 exe 17370 20166 46018 resp 46333 0 pmu 1023705 47482 8247772 6464929 50537881
1790328451.176192 W 545 lat 277 296 351 0 exe 16759 20037 42759 resp 43074 0 pmu 1023672 45967 8244660 6413127 50203601
1790328459.908934 W 546 lat 277 296 333 0 exe 17240 20074 52796 resp 53111 0 pmu 1023737 46463 8247480 6376880 50283820
1790328459.908999 W 547 lat 296 296 333 0 exe 16962 19555 35259 resp 35574 0 pmu 1023806 40682 8248868 6479728 49067419
1790328459.909097 W 548 lat 296 296 333 0 exe 17425 20351 41629 resp 41944 0 pmu 1023753 49944 8247268 6300625 50931285
1790328459.909146 W 549 lat 277 296 333 0 exe 17333 19574 39981 resp 40296 0 pmu 1023755 40565 8248552 6370439 49027274
1790328459.909193 W 550 lat 277 296 333 0 exe 17277 19388 37851 resp 38166 0 pmu 1023742 38309 8245788 6349673 48541407
1790328459.909240 W 551 lat 277 296 333 0 exe 17222 19296 36222 resp 36537 0 pmu 1023739 37414 8245768 6327175 48310050
1790328459.909286 W 552 lat 296 296 333 0 exe 16851 19648 35796 resp 36111 0 pmu 1023764 41384 8247444 6310088 49113638
1790328459.909332 W 553 lat 296 296 351 0 exe 17092 19259 37277 resp 37592 0 pmu 1023713 36995 8245992 6305743 48206691
1790328460.140228 W 554 lat 296 314 1555 0 exe 17018 33425 277648 resp 278222 68 pmu 1023323 195138 8250145 6320279 87869925
1790328461.180207 W 555 lat 277 296 333 0 exe 16999 20148 64981 resp 65296 0 pmu 1023687 47723 8255881 8801755 51908623
1790328462.124217 W 556 lat 277 296 611 0 exe 16777 24240 262296 resp 262611 25 pmu 1023577 88030 8256555 6600949 62114778
1790328463.180193 W 557 lat 277 296 333 0 exe 16833 19907 48296 resp 48611 0 pmu 1023790 44464 8253992 8594870 51163649
1790328464.132214 W 558 lat 277 296 425 0 exe 16981 23388 109592 resp 109907 8 pmu 1023613 85212 8252819 6432004 59190866
1790328465.184192 W 559 lat 277 296 333 0 exe 16962 19833 47092 resp 47407 0 pmu 1023771 43932 8256886 7063470 50100509
1790328466.132215 W 560 lat 277 296 425 0 exe 16851 23444 109907 resp 110222 9 pmu 1023627 85957 8254615 6420165 59301265
1790328467.192190 W 561 lat 277 296 333 0 exe 17240 19333 45999 resp 46314 0 pmu 1023771 37949 8255604 7066256 48885639
1790328468.140216 W 562 lat 277 296 388 0 exe 16981 23611 104851 resp 105148 6 pmu 1023645 88299 8251622 6408242 59696509
1790328469.200192 W 563 lat 277 296 333 0 exe 17018 19277 47462 resp 47777 0 pmu 1023769 37477 8254022 7016918 48695958
1790328470.148217 W 564 lat 296 296 537 0 exe 17055 23444 106333 resp 106648 12 pmu 1023533 86012 8248298 6421579 59279324
1790328471.200193 W 565 lat 277 296 333 0 exe 17277 19796 48888 resp 49222 0 pmu 1023726 43128 8249172 7032294 49978147
1790328472.152221 W 566 lat 277 296 574 0 exe 17333 22703 107148 resp 107462 8 pmu 1023597 77116 8247624 6439730 57394060
1790328473.116189 W 567 lat 296 296 333 0 exe 16981 19481 48999 resp 49314 0 pmu 1023673 39936 8253088 7038294 49253295
1790328474.188223 W 568 lat 277 296 574 0 exe 17333 22277 106037 resp 106351 9 pmu 1023621 72575 8254491 6437734 56425928
1790328475.144188 W 569 lat 277 296 333 0 exe 17092 20444 84759 resp 85055 0 pmu 1023667 51250 8254411 7025086 51575243
1790328476.200222 W 570 lat 296 296 333 0 exe 16888 19388 97944 resp 98259 0 pmu 1023734 38632 8251502 6800386 48949476
1790328477.148199 W 571 lat 277 296 499 0 exe 17351 23462 106685 resp 107092 8 pmu 1023594 86310 8251898 6926243 59485406
1790328478.200223 W 572 lat 277 296 333 0 exe 17185 19462 43259 resp 43574 0 pmu 1023757 39619 8251140 7037529 49148748
1790328479.148190 W 573 lat 277 296 444 0 exe 17148 23185 106740 resp 107074 6 pmu 1023614 83275 8255345 6381165 58630671
1790328480.212224 W 574 lat 277 296 333 0 exe 16907 19203 38518 resp 38833 0 pmu 1023765 36467 8252500 7035045 48517032
1790328481.164193 W 575 lat 296 296 777 0 exe 17037 22240 110999 resp 111518 10 pmu 1023641 72050 8252736 6330985 56184618
1790328482.112190 W 576 lat 277 296 333 0 exe 17055 19685 36685 resp 36999 0 pmu 1023739 41909 8251680 7075027 49719924
1790328483.168212 W 577 lat 277 296 481 0 exe 16833 22833 112018 resp 112499 8 pmu 1023667 78948 8256189 6315968 57668651
1790328484.112189 W 578 lat 296 296 333 0 exe 16944 19314 41888 resp 42203 0 pmu 1023741 37691 8257896 7085516 48849305
1790328485.172215 W 579 lat 277 296 425 0 exe 17055 22351 116574 resp 116888 9 pmu 1023675 73009 8255396 6365537 56467330
1790328486.120191 W 580 lat 277 296 333 0 exe 17203 19444 43999 resp 44314 0 pmu 1023683 39513 8254928 7128707 49217395
1790328487.184212 W 581 lat 296 296 666 0 exe 16944 22685 113925 resp 114240 10 pmu 1023617 76738 8255564 6388503 57317249
1790328488.144191 W 582 lat 296 296 333 0 exe 17166 19148 41648 resp 41944 0 pmu 1023731 36066 8253080 7104552 48483502
1790328489.196214 W 583 lat 277 296 444 0 exe 17277 21944 113888 resp 114203 10 pmu 1023648 68172 8257087 6363196 55466216
1790328490.152192 W 584 lat 277 296 333 0 exe 17240 20148 44462 resp 44796 0 pmu 1023736 47047 8251480 7100914 50863970
1790328491.204210 W 585 lat 277 296 537 0 exe 16925 23555 110833 resp 111148 9 pmu 1023689 87302 8257012 6396833 59463854
1790328492.148214 W 586 lat 277 296 444 0 exe 17518 22111 129888 resp 130222 4 pmu 1023694 70200 8255882 7077137 56060896
1790328493.188218 W 587 lat 277 296 370 0 exe 17222 21796 121444 resp 121759 6 pmu 1023690 66282 8257512 7262938 55630895
1790328494.128228 W 588 lat 277 296 2370 0 exe 17129 23962 277074 resp 279444 19 pmu 1023640 85428 8255033 7175191 61318647
1790328495.184215 W 589 lat 296 296 462 0 exe 16962 23351 108055 resp 108370 12 pmu 1023615 84561 8254029 8762169 60415481
1790328496.124187 W 590 lat 277 296 333 0 exe 17148 19407 46314 resp 46629 0 pmu 1023638 39061 8249809 7048096 49100844
1790328497.172214 W 591 lat 277 296 499 0 exe 17111 22129 111277 resp 111648 9 pmu 1023693 70458 8258322 6411079 55956621
1790328498.116188 W 592 lat 296 296 333 0 exe 17185 19666 46592 resp 46888 0 pmu 1023731 41825 8252672 7075372 49721788
1790328499.172216 W 593 lat 277 296 499 0 exe 17537 22333 110759 resp 111074 12 pmu 1023682 72627 8251905 6415569 56475899
1790328500.116189 W 594 lat 296 296 333 0 exe 17277 19555 59537 resp 59833 0 pmu 1023768 40644 8251440 7073238 49453466
1790328501.160216 W 595 lat 277 296 518 0 exe 17185 22611 112018 resp 112370 9 pmu 1023639 75479 8250394 6544916 57157345
1790328502.204189 W 596 lat 296 296 333 0 exe 17518 19759 44685 resp 44999 0 pmu 1023709 42710 8249864 7085625 49936295
1790328503.152216 W 597 lat 277 296 481 0 exe 17111 22999 111611 resp 111925 7 pmu 1023656 80274 8251435 6398719 58129013
1790328504.200192 W 598 lat 277 296 333 0 exe 17185 19203 47444 resp 47759 0 pmu 1023782 36388 8246032 7082676 48566075
1790328505.136214 W 599 lat 277 296 425 0 exe 17203 22425 117925 resp 118240 11 pmu 1023709 73655 8256040 6421755 56678527
1790328506.176192 W 600 lat 296 296 333 0 exe 17203 20277 63111 resp 63425 0 pmu 1023707 48815 8248759 7143223 51221067
1790328507.116215 W 601 lat 296 296 462 0 exe 17277 22777 110351 resp 110666 11 pmu 1023677 77845 8251953 6583762 57629091
1790328508.156186 W 602 lat 296 296 351 0 exe 17296 19333 53185 resp 53499 0 pmu 1023686 38141 8253772 7070009 48908824
1790328509.212218 W 603 lat 296 296 481 0 exe 17499 22555 113759 resp 114166 10 pmu 1023601 75226 8251904 6480416 57052386
1790328510.160190 W 604 lat 277 296 333 0 exe 17314 19722 46833 resp 47148 0 pmu 1023717 42478 8249820 7104418 49887481
1790328511.108215 W 605 lat 296 296 703 0 exe 17185 22537 107907 resp 108222 10 pmu 1023616 75057 8253768 6418741 56973262
1790328512.148190 W 606 lat 296 296 333 0 exe 17129 20203 67351 resp 67666 0 pmu 1023739 48131 8249720 7045008 50997267
1790328513.112214 W 607 lat 277 296 592 0 exe 17111 22444 111888 resp 112240 7 pmu 1023677 74096 8250897 6625521 56843024
1790328514.152191 W 608 lat 296 296 333 0 exe 17314 19796 43907 resp 44222 0 pmu 1023736 43308 8251600 7083399 50035172
1790328515.112213 W 609 lat 277 296 537 0 exe 17259 23185 108407 resp 108814 9 pmu 1023625 82450 8251501 6389896 58482157
1790328516.168190 W 610 lat 277 296 333 0 exe 17037 19296 44629 resp 44944 0 pmu 1023729 37526 8250896 7053050 48789049
1790328517.116214 W 611 lat 277 296 518 0 exe 17351 22888 116166 resp 116499 8 pmu 1023598 79534 8255003 6393247 57904729
1790328518.156190 W 612 lat 277 296 333 0 exe 16777 19629 51037 resp 51351 0 pmu 1023658 41519 8252265 7129249 49645285
1790328519.108213 W 613 lat 277 296 518 0 exe 17518 22333 115499 resp 115907 9 pmu 1023736 72752 8255403 6457734 56468471
1790328520.164191 W 614 lat 277 296 333 0 exe 17018 19351 47240 resp 47555 0 pmu 1023755 38127 8251940 7121069 48933085
1790328521.112212 W 615 lat 296 296 611 0 exe 17407 22277 122314 resp 122648 9 pmu 1023627 72136 8253075 6419462 56309070
1790328522.152193 W 616 lat 277 296 333 0 exe 17296 20425 45944 resp 46259 0 pmu 1023715 50539 8251068 7188430 51675320
1790328523.196215 W 617 lat 277 296 555 0 exe 17166 23592 108518 resp 108833 9 pmu 1023682 87635 8253194 6413283 59584217
1790328524.132234 W 618 lat 277 296 499 0 exe 17203 21814 111833 resp 112148 5 pmu 1023678 66981 8255660 7055487 55326962
1790328525.172223 W 619 lat 277 296 407 0 exe 16999 21888 120333 resp 120648 5 pmu 1023680 67584 8256828 7079596 55759486
1790328526.116231 W 620 lat 277 296 1907 0 exe 17296 23814 258166 resp 260074 19 pmu 1023490 83818 8254840 7163637 60943916
1790328527.176218 W 621 lat 277 296 814 0 exe 17462 23518 114111 resp 114925 10 pmu 1023531 86369 8254828 8568476 60713219
1790328528.124187 W 622 lat 277 296 333 0 exe 16481 19574 61296 resp 61592 0 pmu 1023724 40956 8257652 7116188 49479895
1790328529.172214 W 623 lat 277 296 629 0 exe 17148 22462 109962 resp 110277 8 pmu 1023714 74514 8258966 6558498 56934982
1790328530.112192 W 624 lat 277 296 333 0 exe 17166 19814 48999 resp 49296 0 pmu 1023744 43471 8255896 7064561 50033099
1790328531.168216 W 625 lat 277 296 481 0 exe 17129 22148 119259 resp 119574 8 pmu 1023631 70559 8255288 6440113 55995657
1790328532.116192 W 626 lat 277 296 333 0 exe 17074 19518 65185 resp 65499 0 pmu 1023742 40223 8253284 7155060 49387457
1790328533.172214 W 627 lat 296 296 425 0 exe 17333 22685 121722 resp 122037 8 pmu 1023646 77014 8256257 6600102 57477931
1790328534.136192 W 628 lat 277 296 333 0 exe 17092 19703 48203 resp 48499 0 pmu 1023780 42185 8251528 7183189 49830738
1790328535.184215 W 629 lat 277 296 481 0 exe 17203 22370 119685 resp 120111 7 pmu 1023677 72982 8252693 6431118 56534336
1790328536.136188 W 630 lat 296 296 333 0 exe 17037 19333 47314 resp 47611 0 pmu 1023760 37948 8255040 7161325 48899208
1790328537.188217 W 631 lat 277 296 499 0 exe 17092 22462 135407 resp 135851 6 pmu 1023627 73774 8254744 6420215 56741363
1790328538.132195 W 632 lat 296 296 333 0 exe 16944 20166 54796 resp 55111 0 pmu 1023658 47777 8254684 7318712 51083781
1790328539.188214 W 633 lat 277 296 425 0 exe 17351 22685 119666 resp 120037 6 pmu 1023660 77070 8252817 6498923 57406620
1790328540.148188 W 634 lat 277 296 425 0 exe 16870 19592 46851 resp 47166 0 pmu 1023722 41025 8249236 7162940 49603026
1790328541.200215 W 635 lat 277 296 425 0 exe 16981 22388 106685 resp 106981 5 pmu 1023591 73660 8252406 6416482 56700756
1790328542.152186 W 636 lat 277 296 333 0 exe 17148 19759 49759 resp 50074 0 pmu 1023715 42906 8250936 7029385 49896457
1790328543.200219 W 637 lat 277 296 425 0 exe 16851 23018 112759 resp 113148 7 pmu 1023606 81253 8256989 6447518 58374724
1790328544.148193 W 638 lat 296 296 333 0 exe 17203 19981 52666 resp 52981 0 pmu 1023720 45519 8254424 7093136 50493088
1790328545.204215 W 639 lat 296 296 407 0 exe 16981 23055 105685 resp 106037 8 pmu 1023611 81656 8255576 6477877 58446420
1790328546.156192 W 640 lat 277 296 333 0 exe 17037 19814 51055 resp 51370 0 pmu 1023756 43549 8250588 7023064 50029837
1790328547.200216 W 641 lat 296 296 425 0 exe 17037 22518 124722 resp 125129 6 pmu 1023643 75185 8252052 6459997 56970921
1790328548.148188 W 642 lat 277 296 333 0 exe 16722 19370 51833 resp 52148 0 pmu 1023746 38243 8250964 7211356 49007654
1790328549.196216 W 643 lat 277 296 462 0 exe 16981 22777 112462 resp 112777 5 pmu 1023554 77783 8249098 6464024 57736253
1790328550.144189 W 644 lat 277 296 333 0 exe 17166 19814 51074 resp 51388 0 pmu 1023751 43987 8256636 7089546 50113577
1790328551.196216 W 645 lat 277 296 351 0 exe 17203 22444 119185 resp 119499 7 pmu 1023671 74334 8253450 6460978 56821069
1790328552.140187 W 646 lat 296 296 333 0 exe 17370 19833 49444 resp 49759 0 pmu 1023789 43662 8252916 7155505 50160576
1790328553.188214 W 647 lat 277 296 462 0 exe 17092 22148 115444 resp 115907 5 pmu 1023691 70699 8253637 6445901 56108779
1790328554.136190 W 648 lat 296 296 333 0 exe 17185 19777 50574 resp 50888 0 pmu 1023670 43107 8252000 7117398 50000855
1790328555.184216 W 649 lat 277 296 518 0 exe 16962 22907 122407 resp 122740 8 pmu 1023625 79697 8253222 6455801 58008849
1790328556.132217 W 650 lat 277 296 444 0 exe 16981 21685 115240 resp 115648 4 pmu 1023718 66094 8254332 7189744 55167627
1790328557.172252 W 651 lat 277 314 1648 0 exe 17092 36481 230722 resp 231944 83 pmu 1023017 231457 8266412 7112353 97205643
1790328558.116235 W 652 lat 277 314 1833 0 exe 17129 32925 256648 resp 257648 79 pmu 1023609 177321 8255754 8351923 89403878
1790328559.164220 W 653 lat 296 296 388 0 exe 17407 24703 116259 resp 116611 5 pmu 1023546 100575 8251172 8593363 63802668
1790328560.108230 W 654 lat 277 314 1092 0 exe 18037 48592 172722 resp 173814 64 pmu 1022746 378718 8259972 7139253 127308412
1790328561.152239 W 655 lat 296 296 666 0 exe 17185 29592 120925 resp 121592 25 pmu 1023488 156454 8256170 7833753 76533731
1790328562.196196 W 656 lat 277 296 333 0 exe 17388 20166 48259 resp 48555 0 pmu 1023720 47551 8253217 7212170 50983021
1790328563.132214 W 657 lat 277 296 925 0 exe 17074 23981 105759 resp 106074 7 pmu 1023622 92797 8251966 6435503 60721930
1790328564.184193 W 658 lat 296 296 333 0 exe 16685 20055 64962 resp 65296 0 pmu 1023782 46658 8253092 7031238 50693587
1790328565.120221 W 659 lat 277 296 425 0 exe 16962 23629 108074 resp 108499 4 pmu 1023658 88754 8255210 6598815 59978351
1790328566.164200 W 660 lat 296 296 333 0 exe 17092 20351 46499 resp 46814 0 pmu 1023777 50156 8255193 7050095 51361700
1790328567.204216 W 661 lat 296 296 425 0 exe 17222 22499 106777 resp 107092 4 pmu 1023666 75195 8250166 6417489 57067565
1790328568.140193 W 662 lat 277 296 333 0 exe 17407 21037 83351 resp 83648 0 pmu 1023754 57674 8253063 7032382 52975251
1790328569.188226 W 663 lat 277 296 1185 0 exe 17166 34351 151685 resp 152092 49 pmu 1023175 213335 8251090 6791098 89071366
1790328570.124199 W 664 lat 277 296 499 0 exe 17407 24018 107037 resp 107425 4 pmu 1023644 92946 8253538 7544648 61300804
1790328571.172328 W 665 lat 277 296 333 0 exe 17074 19518 41777 resp 42092 0 pmu 1023728 39939 8253072 7043965 49306597
1790328572.112197 W 666 lat 277 296 629 0 exe 17148 23740 107407 resp 107722 5 pmu 1023607 89878 8253036 6366108 60144103
1790328573.168190 W 667 lat 277 296 333 0 exe 17407 19555 39314 resp 39611 0 pmu 1023719 40375 8250648 7045285 49385893
1790328574.112215 W 668 lat 296 296 481 0 exe 17555 24185 105351 resp 105666 4 pmu 1023606 95431 8251821 6343182 61227819
1790328575.156194 W 669 lat 296 296 333 0 exe 17333 19740 43833 resp 44129 0 pmu 1023747 42393 8250976 7028283 49837463
1790328576.200216 W 670 lat 277 296 537 0 exe 17407 23907 105370 resp 105907 4 pmu 1023653 91817 8251009 6389019 60514526
1790328577.136191 W 671 lat 296 296 333 0 exe 17351 19888 48481 resp 48777 0 pmu 1023728 44379 8250984 7027684 50240432
1790328578.180216 W 672 lat 296 296 425 0 exe 17166 25518 105685 resp 105999 3 pmu 1023608 110869 8256785 6436271 64437297
1790328579.116194 W 673 lat 277 296 333 0 exe 17092 19740 58166 resp 58481 0 pmu 1023771 42507 8254040 7036264 49821170
1790328580.160216 W 674 lat 277 296 555 0 exe 17240 24037 106092 resp 106407 4 pmu 1023653 93489 8251659 6531028 60925989
1790328581.200192 W 675 lat 277 296 333 0 exe 17333 19814 44574 resp 44888 0 pmu 1023735 43228 8252804 7033725 50013058
1790328582.140215 W 676 lat 296 296 407 0 exe 17296 24629 105759 resp 106074 4 pmu 1023623 100320 8252717 6396681 62274423
1790328583.180192 W 677 lat 277 296 333 0 exe 17129 19666 44796 resp 45111 0 pmu 1023746 41675 8249788 7033043 49658585
1790328584.124215 W 678 lat 277 296 518 0 exe 16981 24296 108703 resp 109018 5 pmu 1023646 96163 8249186 6397358 61442732
1790328585.168196 W 679 lat 277 296 333 0 exe 17425 19925 61759 resp 62074 0 pmu 1023772 45035 8254992 7059692 50353158
1790328586.212216 W 680 lat 277 296 425 0 exe 17240 24518 110092 resp 110499 4 pmu 1023648 98863 8252669 6569719 62092954
1790328587.148194 W 681 lat 296 296 333 0 exe 17092 20111 45925 resp 46240 0 pmu 1023718 46720 8249060 7075913 50765672
1790328588.200225 W 682 lat 277 296 814 0 exe 17407 27018 120444 resp 121259 8 pmu 1023622 128118 8256572 6410540 68504134
1790328589.136195 W 683 lat 277 296 351 0 exe 16888 19592 49685 resp 49981 0 pmu 1023723 40781 8255516 7196646 49574051
1790328590.180235 W 684 lat 296 296 1314 0 exe 17333 25370 271074 resp 272388 26 pmu 1023491 101259 8259043 6444655 64912506
1790328591.120195 W 685 lat 277 296 333 0 exe 17351 21074 70055 resp 70351 0 pmu 1023742 58019 8254448 8699658 54122500
1790328592.176212 W 686 lat 277 296 444 0 exe 16999 24296 103759 resp 104074 1 pmu 1023617 96374 8253134 6657751 61700451
1790328593.116192 W 687 lat 277 296 333 0 exe 16944 19759 47074 resp 47388 0 pmu 1023751 42536 8253888 7010009 49851915
1790328594.164216 W 688 lat 277 296 425 0 exe 17351 24555 100370 resp 100703 2 pmu 1023672 99644 8254137 6419557 62142280
1790328595.208193 W 689 lat 277 296 333 0 exe 17092 19722 46111 resp 46407 0 pmu 1023713 42274 8253337 6979035 49750663
1790328596.144213 W 690 lat 277 296 537 0 exe 17499 24203 98592 resp 98907 0 pmu 1023672 95631 8249978 6410404 61285969
1790328597.184196 W 691 lat 277 296 333 0 exe 17518 20314 50685 resp 50999 0 pmu 1023732 49090 8248288 6960770 51216449
1790328598.124215 W 692 lat 296 296 481 0 exe 16870 25240 99574 resp 99907 0 pmu 1023650 107709 8253192 6461198 63837075
1790328599.168190 W 693 lat 296 296 333 0 exe 17055 19537 47629 resp 47944 0 pmu 1023614 40096 8249676 6972506 49296993
1790328600.212212 W 694 lat 277 296 425 0 exe 17277 23648 101314 resp 101648 3 pmu 1023631 88426 8249867 6424756 59781283
1790328601.156261 W 695 lat 296 296 333 0 exe 17222 19703 46018 resp 46314 0 pmu 1023786 42285 8253373 6983692 49737011
1790328602.204218 W 696 lat 277 296 537 0 exe 16962 24462 112240 resp 112555 3 pmu 1023673 97570 8248940 6410077 61736360
1790328603.144192 W 697 lat 277 296 333 0 exe 17240 19814 46555 resp 46851 0 pmu 1023767 43462 8250960 7095912 50078170
1790328604.188212 W 698 lat 296 296 518 0 exe 17148 23833 100907 resp 101425 2 pmu 1023615 90492 8251592 6415979 60193816
1790328605.136190 W 699 lat 296 296 333 0 exe 17222 19722 46759 resp 47092 0 pmu 1023759 42679 8258548 6981232 49826359
1790328606.184214 W 700 lat 296 296 518 0 exe 16925 23981 110685 resp 110999 1 pmu 1023673 92609 8253345 6417877 60610023
1790328607.128191 W 701 lat 277 296 333 0 exe 16870 19925 66925 resp 67240 0 pmu 1023762 44902 8257860 7077636 50340745
1790328608.176212 W 702 lat 277 296 499 0 exe 17037 23425 108814 resp 109314 7 pmu 1023621 86193 8255969 6618550 59431099
1790328609.128191 W 703 lat 296 296 333 0 exe 17129 19740 42277 resp 42592 0 pmu 1023729 42650 8254781 7057512 49868810
1790328610.180216 W 704 lat 296 296 444 0 exe 17296 23518 108222 resp 108537 3 pmu 1023684 86716 8251923 6372440 59442778
1790328611.116190 W 705 lat 277 296 333 0 exe 16888 19777 52981 resp 53277 0 pmu 1023746 43075 8256044 7052251 49952251
1790328612.176219 W 706 lat 296 296 814 0 exe 16888 21685 106703 resp 107518 5 pmu 1023662 65234 8260714 6478389 55041385
1790328613.124190 W 707 lat 296 296 333 0 exe 17166 21370 96055 resp 96370 0 pmu 1023693 61897 8251085 7030219 53850918
1790328614.172218 W 708 lat 296 296 333 0 exe 17222 19722 38703 resp 39018 0 pmu 1023734 42574 8253408 6918558 49775365
1790328615.112192 W 709 lat 296 296 462 0 exe 16759 23814 120055 resp 120388 6 pmu 1023601 90018 8251973 6337147 60209281
1790328616.160221 W 710 lat 277 296 333 0 exe 16981 19166 41462 resp 41759 0 pmu 1023724 35957 8254858 7169410 48501471
1790328617.200216 W 711 lat 277 296 444 0 exe 17425 24037 110055 resp 110370 4 pmu 1023691 92623 8253918 6360510 60761086
1790328618.136195 W 712 lat 277 296 333 0 exe 16814 20055 66277 resp 66592 0 pmu 1023686 46193 8248128 7073577 50628036
1790328619.176220 W 713 lat 277 296 537 0 exe 17388 23722 110277 resp 110592 3 pmu 1023624 89483 8254204 6612439 60170268
1790328620.112247 W 714 lat 277 296 648 0 exe 17129 22055 104203 resp 104703 5 pmu 1023680 70009 8255592 7074657 56080227
1790328621.152216 W 715 lat 277 296 537 0 exe 16962 22444 114574 resp 115111 5 pmu 1023708 74285 8263610 7005694 57066703
1790328622.200231 W 716 lat 296 296 499 0 exe 16962 20018 113259 resp 113759 5 pmu 1023725 45680 8260941 7110246 50905099
1790328623.152217 W 717 lat 277 296 1166 0 exe 17129 27629 241944 resp 242870 18 pmu 1023419 128193 8253341 7084653 70812443
1790328624.202431 W 718 lat 277 296 333 0 exe 17092 19296 41148 resp 41444 0 pmu 1023750 37536 8258733 8415860 49605497
1790328625.152222 W 719 lat 296 296 425 0 exe 17111 23518 115685 resp 115999 5 pmu 1023634 87304 8258271 6358603 59550258
1790328626.112195 W 720 lat 277 296 333 0 exe 16870 19296 42796 resp 43111 0 pmu 1023748 37853 8260100 7125858 48835665
1790328627.172212 W 721 lat 296 296 351 0 exe 16962 23555 108796 resp 109111 3 pmu 1023691 87423 8260288 6374027 59575040
1790328628.132194 W 722 lat 296 296 333 0 exe 17185 20018 65240 resp 65555 0 pmu 1023742 45919 8252456 7056024 50562053
1790328629.188226 W 723 lat 277 296 481 0 exe 17222 23481 105944 resp 106259 4 pmu 1023624 86854 8258156 6603673 59613056
1790328630.152194 W 724 lat 277 296 333 0 exe 16981 19314 44944 resp 45240 0 pmu 1023729 37768 8255864 7028998 48775411
1790328631.216211 W 725 lat 277 296 425 0 exe 16703 23444 104277 resp 104574 3 pmu 1023587 86560 8255830 6396140 59378187
1790328632.172190 W 726 lat 296 296 333 0 exe 16722 19166 40796 resp 41111 0 pmu 1023701 36016 8255700 7009242 48418284
1790328633.124214 W 727 lat 277 296 407 0 exe 16888 23629 106518 resp 106833 5 pmu 1023634 88413 8257542 6352600 59781325
1790328634.180195 W 728 lat 277 296 333 0 exe 16981 20351 66685 resp 66999 0 pmu 1023737 50019 8257316 7033461 51409660
1790328635.136215 W 729 lat 277 296 333 0 exe 16999 23555 105499 resp 105814 3 pmu 1023658 87908 8259903 6618804 59749546
1790328636.200189 W 730 lat 277 296 333 0 exe 17370 19388 48425 resp 48740 0 pmu 1023779 38630 8256288 7023179 49009031
1790328637.156215 W 731 lat 277 296 611 0 exe 16925 23444 104703 resp 105037 3 pmu 1023594 86396 8257447 6433277 59399154
1790328638.212195 W 732 lat 277 296 537 0 exe 16703 19999 54203 resp 54518 0 pmu 1023698 45625 8255920 7015756 50474150
1790328639.160214 W 733 lat 296 296 555 0 exe 16907 23962 107592 resp 108148 4 pmu 1023607 92474 8259624 6491850 60682601
1790328640.216188 W 734 lat 277 296 333 0 exe 17037 19351 47518 resp 47833 0 pmu 1023746 38114 8256580 7047966 48924147
1790328641.164215 W 735 lat 277 296 462 0 exe 16888 23685 111277 resp 111592 4 pmu 1023665 88947 8258226 6422471 59892120
1790328642.120190 W 736 lat 277 296 333 0 exe 17351 19740 51333 resp 51648 0 pmu 1023771 42696 8258088 7081623 49875082
1790328643.176215 W 737 lat 277 296 407 0 exe 17259 23574 109555 resp 109962 5 pmu 1023650 87955 8259028 6464096 59736679
1790328644.132190 W 738 lat 277 296 425 0 exe 17185 19648 52240 resp 52555 0 pmu 1023777 41787 8256758 7066068 49684425
1790328645.192215 W 739 lat 277 296 537 0 exe 17185 23537 109888 resp 110203 3 pmu 1023654 87676 8258381 6472421 59618153
1790328646.144196 W 740 lat 277 296 425 0 exe 17092 19685 49851 resp 50148 0 pmu 1023753 41958 8260624 7068916 49739016
1790328647.204219 W 741 lat 277 296 481 0 exe 17222 23481 103629 resp 104111 2 pmu 1023653 87187 8258488 6448012 59465378
1790328648.156192 W 742 lat 277 296 333 0 exe 17259 20555 69277 resp 69592 0 pmu 1023737 52072 8258352 7006636 51869183
1790328649.112216 W 743 lat 277 296 425 0 exe 17277 23425 100314 resp 100629 2 pmu 1023699 86685 8261456 6647231 59481845
1790328650.164195 W 744 lat 277 296 333 0 exe 16888 19944 49537 resp 49851 0 pmu 1023751 45296 8259584 6972439 50352705
1790328651.116213 W 745 lat 277 296 499 0 exe 16999 23518 100388 resp 100722 3 pmu 1023606 88005 8261084 6444894 59573721
1790328652.172225 W 746 lat 296 296 333 0 exe 17314 19444 47296 resp 47611 0 pmu 1023811 38934 8261136 6972646 49033022
1790328653.112214 W 747 lat 277 296 592 0 exe 17277 23796 127185 resp 127629 10 pmu 1023629 89816 8259524 6422087 60461501
1790328654.155036 W 748 lat 277 296 333 0 exe 16851 19666 47518 resp 47833 0 pmu 1023808 42154 8260552 7244597 49813050
1790328655.212219 W 749 lat 277 296 851 0 exe 17407 28370 186166 resp 186962 23 pmu 1023505 138167 8248229 6423069 72279779
1790328656.168191 W 750 lat 277 296 333 0 exe 16907 19685 41166 resp 41481 0 pmu 1023749 41805 8246316 7861071 50186323
1790328657.136215 W 751 lat 296 296 499 0 exe 17148 23685 105370 resp 105703 4 pmu 1023650 88823 8248509 6359829 59770082
1790328658.208195 W 752 lat 277 296 333 0 exe 17462 20018 42518 resp 42833 0 pmu 1023743 45632 8247124 7024179 50486675
1790328659.168236 W 753 lat 296 296 425 0 exe 17148 24259 110611 resp 110925 2 pmu 1023658 95770 8248076 6377819 61305220
1790328660.120195 W 754 lat 277 296 333 0 exe 17055 19999 59814 resp 60129 0 pmu 1023652 45725 8246998 7078958 50534253
1790328661.192215 W 755 lat 277 296 574 0 exe 17351 23611 107759 resp 108333 5 pmu 1023615 88180 8249904 6548775 59829717
1790328662.164198 W 756 lat 277 296 333 0 exe 17129 20259 43370 resp 43685 0 pmu 1023775 48863 8250368 7050335 51116332
1790328663.120214 W 757 lat 296 296 518 0 exe 16796 23759 109055 resp 109370 6 pmu 1023658 89583 8245451 6385928 60083699
1790328664.180194 W 758 lat 277 296 333 0 exe 16481 19999 43148 resp 43462 0 pmu 1023722 45275 8246324 7059777 50476678
1790328665.144214 W 759 lat 277 296 388 0 exe 16722 23944 105648 resp 105962 7 pmu 1023647 91916 8249083 6379299 60522729
1790328666.208201 W 760 lat 296 296 333 0 exe 17018 20129 41518 resp 41833 0 pmu 1023709 47025 8248560 7025518 50795837
1790328667.164215 W 761 lat 277 296 425 0 exe 17018 23499 108444 resp 108777 5 pmu 1023636 87152 8247640 6366154 59522435
1790328668.124190 W 762 lat 277 296 333 0 exe 17148 19870 45574 resp 45888 0 pmu 1023721 43659 8247552 7052952 50129302
1790328669.188214 W 763 lat 277 296 629 0 exe 17018 23592 112407 resp 113037 3 pmu 1023586 87869 8242702 6406107 59767983
1790328670.144197 W 764 lat 296 296 333 0 exe 17074 20407 43074 resp 43370 0 pmu 1023753 50217 8247045 7095564 51512180
1790328671.212218 W 765 lat 277 296 444 0 exe 17185 21925 116518 resp 116833 3 pmu 1023640 68257 8248466 6383322 55661010
1790328672.172198 W 766 lat 277 296 333 0 exe 17074 21888 98574 resp 98888 0 pmu 1023682 67972 8248402 7126614 55240943
1790328673.132228 W 767 lat 277 296 333 0 exe 16981 19259 38425 resp 38722 0 pmu 1023739 37024 8247372 6945849 48603858
1790328674.212213 W 768 lat 277 296 407 0 exe 17629 24499 116370 resp 116703 3 pmu 1023598 98165 8247116 6330729 61897238
1790328675.160353 W 769 lat 296 296 333 0 exe 17259 19370 44425 resp 44722 0 pmu 1023784 38485 8248408 7140227 49051873
1790328676.116213 W 770 lat 277 296 425 0 exe 17222 23925 106333 resp 106648 3 pmu 1023690 92209 8251529 6392621 60601233
1790328677.196215 W 771 lat 296 296 333 0 exe 17425 20092 59203 resp 59518 0 pmu 1023781 46681 8248960 7034746 50734245
1790328678.148225 W 772 lat 277 296 611 0 exe 17611 37870 118333 resp 118666 39 pmu 1023194 255746 8250952 6545035 98076977
1790328679.212190 W 773 lat 277 296 333 0 exe 17259 19629 46685 resp 46999 0 pmu 1023804 41297 8249349 7227760 49699513
1790328680.176215 W 774 lat 277 296 574 0 exe 17222 25499 105407 resp 105722 5 pmu 1023510 110366 8246808 6416741 64584916
1790328681.144187 W 775 lat 277 296 351 0 exe 16796 19611 46648 resp 46962 0 pmu 1023767 40946 8248084 7034217 49521897
1790328682.204214 W 776 lat 277 296 481 0 exe 17648 24611 107222 resp 107537 6 pmu 1023605 99876 8248521 6413980 62299994
1790328683.172194 W 777 lat 277 296 333 0 exe 17333 20240 49962 resp 50296 0 pmu 1023751 48236 8245793 7049638 51092084
1790328684.124214 W 778 lat 277 296 759 0 exe 17277 24203 106388 resp 106703 6 pmu 1023598 95083 8245838 6452861 61266281
1790328685.164225 W 779 lat 277 296 462 0 exe 16555 21592 104796 resp 105222 4 pmu 1023695 64857 8261348 7038816 54842344
1790328686.208246 W 780 lat 296 296 370 0 exe 17037 22018 118370 resp 118685 6 pmu 1023650 69014 8260002 7005292 56002256
1790328687.144201 W 781 lat 277 296 1629 0 exe 17444 23870 248074 resp 248388 19 pmu 1023605 84631 8252884 7144403 61048323
1790328688.184215 W 782 lat 277 296 425 0 exe 17444 24222 109870 resp 110185 4 pmu 1023664 95343 8252430 8459133 62499870
1790328689.120191 W 783 lat 277 296 333 0 exe 17296 19537 47481 resp 47796 0 pmu 1023698 40009 8245864 7072732 49372589
1790328690.160215 W 784 lat 277 296 481 0 exe 17277 24333 112370 resp 112685 4 pmu 1023669 96462 8247128 6424389 61506244
1790328691.200189 W 785 lat 277 296 333 0 exe 17037 19407 46055 resp 46370 0 pmu 1023746 38818 8246844 7097826 49045417
1790328692.136215 W 786 lat 277 296 444 0 exe 17240 24074 105499 resp 105907 4 pmu 1023640 93700 8249283 6408099 60892987
1790328693.176189 W 787 lat 277 296 333 0 exe 17129 19333 48277 resp 48592 0 pmu 1023702 38210 8245195 7027825 48882224
1790328694.112215 W 788 lat 277 296 462 0 exe 17499 24481 108092 resp 108407 2 pmu 1023586 98602 8247253 6430326 61899007
1790328695.152191 W 789 lat 277 296 425 0 exe 17222 19555 42685 resp 42999 0 pmu 1023701 40348 8246360 7056712 49414488
1790328696.196215 W 790 lat 277 296 648 0 exe 17148 23870 100666 resp 100999 2 pmu 1023636 91751 8249368 6376426 60416046
1790328697.132188 W 791 lat 277 296 333 0 exe 17166 19407 43962 resp 44277 0 pmu 1023752 38665 8249432 6978754 48972257
1790328698.172213 W 792 lat 277 296 333 0 exe 17111 24462 102870 resp 103185 4 pmu 1023627 98102 8247823 6387943 61838815
1790328699.212194 W 793 lat 296 296 333 0 exe 17462 19703 49648 resp 49962 0 pmu 1023745 42293 8248392 7001816 49759480
1790328700.148214 W 794 lat 277 296 425 0 exe 17388 24074 107111 resp 107407 8 pmu 1023620 92745 8247492 6447710 60740690
1790328701.188191 W 795 lat 296 296 351 0 exe 17111 19481 43148 resp 43462 0 pmu 1023763 39810 8246760 7044060 49247814
1790328702.124215 W 796 lat 277 296 499 0 exe 17370 24240 104333 resp 104648 4 pmu 1023717 95415 8250561 6379784 61188965
1790328703.168189 W 797 lat 277 296 333 0 exe 16981 19425 48740 resp 49055 0 pmu 1023731 38913 8246108 7017590 49037061
1790328704.208214 W 798 lat 296 296 444 0 exe 17277 24222 111648 resp 111962 5 pmu 1023662 94748 8248336 6434663 61167646
1790328705.144190 W 799 lat 296 296 333 0 exe 17277 19888 50537 resp 50851 0 pmu 1023740 44339 8247608 7090018 50229918
1790328706.184214 W 800 lat 277 296 425 0 exe 17166 24166 109351 resp 109666 7 pmu 1023630 94155 8248560 6456521 61087053
1790328707.136196 W 801 lat 296 296 333 0 exe 16999 19870 43888 resp 44203 0 pmu 1023761 44246 8249208 7065896 50188310
1790328708.188216 W 802 lat 277 296 740 0 exe 17240 23925 111388 resp 111703 6 pmu 1023640 91396 8251368 6388467 60473385
1790328709.128190 W 803 lat 296 296 333 0 exe 17166 19629 49907 resp 50222 0 pmu 1023754 41219 8248124 7087004 49583137
1790328710.180214 W 804 lat 296 296 425 0 exe 17333 24796 112074 resp 112481 7 pmu 1023596 101577 8246357 6448313 62661054
1790328711.116187 W 805 lat 296 296 333 0 exe 16944 19611 50629 resp 50944 0 pmu 1023795 41052 8249204 7097742 49552576
1790328712.160216 W 806 lat 296 296 444 0 exe 16814 23740 110277 resp 110611 6 pmu 1023590 89821 8247432 6454389 60126509
1790328713.212188 W 807 lat 277 296 333 0 exe 17351 19611 50222 resp 50537 0 pmu 1023763 41155 8249512 7071453 49551269
1790328714.160220 W 808 lat 277 296 537 0 exe 17222 24074 114925 resp 115240 4 pmu 1023645 93431 8247893 6452268 60911094
1790328715.200193 W 809 lat 296 296 333 0 exe 17129 20092 49592 resp 49907 0 pmu 1023749 46584 8250065 7121964 50750458
1790328716.136217 W 810 lat 277 296 444 0 exe 17333 23870 116259 resp 116574 6 pmu 1023595 91174 8249416 6447329 60427108
1790328717.176224 W 811 lat 277 296 425 0 exe 17055 21740 107851 resp 108166 4 pmu 1023703 66474 8261355 7134497 55229371
1790328718.112235 W 812 lat 277 296 407 0 exe 17240 21925 111629 resp 111944 7 pmu 1023655 68404 8258495 7038275 55860106
1790328719.160217 W 813 lat 277 296 1685 0 exe 17314 23759 243981 resp 245666 16 pmu 1023544 83763 8254264 7077777 60885135
1790328720.196215 W 814 lat 277 296 444 0 exe 17055 23944 105037 resp 105370 3 pmu 1023636 92265 8250772 8424388 61819597
1790328721.132194 W 815 lat 277 296 333 0 exe 17407 19518 45648 resp 45944 0 pmu 1023742 40186 8251084 7021320 49316471
1790328722.172216 W 816 lat 277 296 407 0 exe 17351 24611 101092 resp 101407 2 pmu 1023643 99993 8250302 6406151 62232651
1790328723.212195 W 817 lat 296 296 333 0 exe 17074 19574 45037 resp 45351 0 pmu 1023744 40490 8251285 6986219 49403406
1790328724.148216 W 818 lat 296 296 518 0 exe 17351 24018 102240 resp 102555 3 pmu 1023599 93327 8248809 6398897 60752669
1790328725.188204 W 819 lat 277 296 333 0 exe 17055 19962 49518 resp 49833 0 pmu 1023751 45491 8250180 6995551 50378649
1790328726.124223 W 820 lat 277 296 425 0 exe 16888 23925 101259 resp 101574 2 pmu 1023684 92244 8251634 6445542 60572611
1790328727.164193 W 821 lat 277 296 333 0 exe 17203 19518 51499 resp 51796 0 pmu 1023788 40268 8253760 6982318 49269344
1790328728.204217 W 822 lat 296 296 425 0 exe 16759 22537 107074 resp 107425 4 pmu 1023670 75632 8252328 6463774 57172468
1790328729.140193 W 823 lat 296 296 333 0 exe 17259 20129 60518 resp 60814 0 pmu 1023741 47150 8249816 7033383 50780975
1790328730.180223 W 824 lat 277 296 333 0 exe 17166 20574 102537 resp 102851 1 pmu 1023686 52253 8249668 6557269 51884198
1790328731.116197 W 825 lat 277 296 444 0 exe 17055 22981 103222 resp 103555 3 pmu 1023618 81216 8248821 6979438 58335258
1790328732.156225 W 826 lat 296 296 333 0 exe 17259 19370 38055 resp 38370 0 pmu 1023728 38210 8246280 6998279 48919489
1790328733.196216 W 827 lat 277 296 444 0 exe 17444 23185 108851 resp 109166 4 pmu 1023644 83341 8249400 6329031 58662959
1790328734.132195 W 828 lat 277 296 333 0 exe 17185 19851 43796 resp 44129 0 pmu 1023748 43863 8254980 7057437 50140606
1790328735.172217 W 829 lat 277 296 425 0 exe 17055 23574 99722 resp 100055 1 pmu 1023672 88406 8250927 6388480 59750962
1790328736.212192 W 830 lat 277 296 425 0 exe 16944 19814 65240 resp 65537 0 pmu 1023727 43637 8251897 6966199 50005536
1790328737.148235 W 831 lat 277 296 611 0 exe 17129 25314 117092 resp 117425 6 pmu 1023621 108537 8250684 6601896 64720190
1790328738.188223 W 832 lat 277 296 981 0 exe 16981 27370 105740 resp 106092 7 pmu 1023506 132320 8253007 7149904 70244986
1790328739.124214 W 833 lat 277 296 333 0 exe 17148 24018 103685 resp 103999 2 pmu 1023628 93307 8252820 7047835 61170651
1790328740.164208 W 834 lat 277 296 425 0 exe 16870 21018 94185 resp 94499 0 pmu 1023737 57500 8248156 7007923 53029423
1790328741.204214 W 835 lat 277 296 481 0 exe 17185 24499 100796 resp 101111 2 pmu 1023587 98270 8251039 6896941 62138529
1790328742.140193 W 836 lat 277 296 333 0 exe 17055 19759 44925 resp 45259 0 pmu 1023645 42680 8246576 6982379 49842435
1790328743.180216 W 837 lat 277 296 518 0 exe 17518 24092 103944 resp 104277 3 pmu 1023614 93491 8250005 6398809 60789215
1790328744.116192 W 838 lat 277 296 333 0 exe 16777 19648 46222 resp 46537 0 pmu 1023745 41446 8250664 7013748 49588441
1790328745.156212 W 839 lat 277 296 462 0 exe 17277 23722 107111 resp 107425 6 pmu 1023603 89439 8252097 6409699 59982206
1790328746.196194 W 840 lat 277 296 333 0 exe 17314 20018 45777 resp 46092 0 pmu 1023790 45789 8251036 7042098 50517417
1790328747.132215 W 841 lat 277 296 518 0 exe 16888 24166 106351 resp 106685 4 pmu 1023629 94481 8255945 6409631 61099338
1790328748.172190 W 842 lat 277 296 333 0 exe 17129 19499 46962 resp 47277 0 pmu 1023753 39919 8250440 7035085 49299244
1790328749.212220 W 843 lat 277 296 425 0 exe 17092 24888 116074 resp 116388 10 pmu 1023612 103527 8261615 6418093 63283717
1790328750.148192 W 844 lat 296 296 333 0 exe 16981 19462 47777 resp 48092 0 pmu 1023702 39732 8258068 7136413 49239666
1790328751.192219 W 845 lat 296 296 1166 0 exe 17166 28148 239203 resp 239722 24 pmu 1023481 134488 8250431 6425477 72024308
1790328752.128191 W 846 lat 277 296 333 0 exe 17018 19222 46333 resp 46648 0 pmu 1023791 36504 8246632 8389218 49371058
1790328753.168215 W 847 lat 277 296 518 0 exe 17111 23870 110111 resp 110629 3 pmu 1023662 91622 8255467 6409768 60429185
1790328754.208190 W 848 lat 296 296 333 0 exe 17166 19685 43111 resp 43407 0 pmu 1023751 41902 8253468 7073177 49725678
1790328755.144212 W 849 lat 277 296 907 0 exe 16925 23777 108296 resp 108611 3 pmu 1023634 90301 8255028 6380661 60151145
1790328756.184190 W 850 lat 277 296 333 0 exe 16629 20111 55277 resp 55592 0 pmu 1023725 46860 8255096 7054575 50789617
1790328757.120215 W 851 lat 277 296 537 0 exe 16944 23629 118296 resp 118592 3 pmu 1023591 88532 8253022 6501798 59880497
1790328758.160191 W 852 lat 296 296 388 0 exe 16944 19648 46333 resp 46648 0 pmu 1023746 41559 8253216 7152087 49693833
1790328759.200213 W 853 lat 277 296 425 0 exe 17203 23833 108666 resp 108981 2 pmu 1023683 91069 8256035 6411985 60332638
1790328760.136191 W 854 lat 296 296 333 0 exe 17111 19277 47018 resp 47333 0 pmu 1023744 37609 8259656 7057559 48772958
1790328761.176211 W 855 lat 277 296 518 0 exe 16981 24222 104833 resp 105148 5 pmu 1023700 95495 8253968 6417622 61327993
1790328762.112192 W 856 lat 296 296 333 0 exe 17037 19629 45629 resp 45944 0 pmu 1023731 41240 8255536 7020565 49583706
1790328763.152212 W 857 lat 296 296 481 0 exe 17037 24018 103074 resp 103388 5 pmu 1023679 93453 8254738 6405001 60812122
1790328764.192190 W 858 lat 277 296 333 0 exe 16944 19407 43574 resp 43870 0 pmu 1023731 38867 8252752 7002006 49040605
1790328765.128213 W 859 lat 277 296 481 0 exe 17462 24388 105111 resp 105425 2 pmu 1023689 97535 8255092 6382600 61658847
1790328766.168191 W 860 lat 296 296 333 0 exe 17222 19574 45592 resp 45907 0 pmu 1023756 40704 8255920 7026370 49423742
1790328767.208212 W 861 lat 277 296 444 0 exe 17333 24185 106555 resp 106870 4 pmu 1023656 95004 8256033 6405230 61167510
1790328768.144191 W 862 lat 296 296 333 0 exe 17055 19333 43037 resp 43351 0 pmu 1023717 37993 8258112 7038908 48853624
1790328769.184213 W 863 lat 277 296 333 0 exe 17166 23722 106685 resp 106999 5 pmu 1023659 89461 8254248 6377654 59965662
1790328770.120189 W 864 lat 277 296 333 0 exe 16870 19425 45388 resp 45703 0 pmu 1023728 39277 8253681 7036807 49120350
1790328771.160213 W 865 lat 277 296 407 0 exe 16833 23851 107388 resp 107703 4 pmu 1023673 91370 8252340 6400616 60404167
1790328772.200193 W 866 lat 296 296 333 0 exe 17222 19185 45462 resp 45777 0 pmu 1023758 36490 8254907 7042912 48527977
1790328773.136214 W 867 lat 277 296 555 0 exe 17129 24259 105703 resp 106018 3 pmu 1023706 95978 8254572 6402131 61344495
1790328774.176190 W 868 lat 277 296 333 0 exe 17351 19925 44388 resp 44703 0 pmu 1023788 44718 8252676 7030395 50302660
1790328775.116213 W 869 lat 277 296 425 0 exe 16999 23444 98685 resp 98981 0 pmu 1023666 86998 8251548 6395525 59377086
1790328776.156188 W 870 lat 277 296 333 0 exe 17111 19370 42703 resp 43018 0 pmu 1023769 38376 8251341 6954865 48894895
1790328777.196210 W 871 lat 277 296 574 0 exe 16740 23537 102499 resp 102796 1 pmu 1023701 87752 8251677 6374703 59575336
1790328778.132198 W 872 lat 296 296 425 0 exe 16925 20722 68018 resp 68333 0 pmu 1023695 54170 8258301 6992993 52233902
1790328779.172213 W 873 lat 277 296 333 0 exe 16925 23592 100666 resp 100981 3 pmu 1023604 88013 8254061 6634170 59753887
1790328780.212189 W 874 lat 296 296 333 0 exe 16648 19314 46981 resp 47277 0 pmu 1023766 37812 8251020 6974519 48769631
1790328781.148225 W 875 lat 277 296 685 0 exe 17240 24074 119722 resp 120037 11 pmu 1023583 93463 8256698 6414993 61155697
1790328782.188190 W 876 lat 296 296 333 0 exe 16925 19833 46629 resp 46925 0 pmu 1023729 44290 8259489 7170972 50232934
1790328783.132309 W 877 lat 296 518 3870 0 exe 17018 76314 266166 resp 266611 153 pmu 1013848 604914 8241140 6415863 268397859
1790328784.172300 W 878 lat 296 555 4907 0 exe 72074 85611 147462 resp 148166 79 pmu 1011816 718069 8234568 8913647 312809047
1790328785.216287 W 879 lat 296 555 4666 0 exe 72999 86814 141611 resp 142037 115 pmu 1011796 718442 8236452 8055136 314826099
1790328786.152297 W 880 lat 296 518 4685 0 exe 74999 89351 144388 resp 144722 124 pmu 1011621 764476 8234516 8004709 323346747
1790328787.196303 W 881 lat 314 537 3907 0 exe 74740 88018 141074 resp 141407 85 pmu 1011610 747827 8229695 8054490 319126267
1790328788.136286 W 882 lat 296 518 2944 0 exe 73351 87518 151185 resp 152314 128 pmu 1012095 736976 8243893 8009666 317892539
1790328789.176291 W 883 lat 296 499 3648 0 exe 65851 86018 150240 resp 150740 83 pmu 1011950 729536 8241869 8100332 312923580
1790328790.216295 W 884 lat 296 499 2462 0 exe 74314 87740 167481 resp 167814 132 pmu 1011820 739323 8236999 8046072 318493912
1790328791.152290 W 885 lat 296 499 4888 0 exe 73629 85388 145944 resp 146407 82 pmu 1011302 718744 8223109 8262689 312469229
1790328792.192304 W 886 lat 277 481 3666 0 exe 74777 87703 150351 resp 150814 92 pmu 1011586 751083 8238520 8044905 320584525
1790328793.128289 W 887 lat 296 574 4240 0 exe 73999 86685 147759 resp 148574 99 pmu 1011721 724520 8237630 8100012 315025212
1790328794.168286 W 888 lat 296 481 3518 0 exe 73166 86388 151685 resp 152148 104 pmu 1011043 734120 8229025 8070310 315886021
1790328795.208301 W 889 lat 296 555 5407 0 exe 71592 85351 142259 resp 142870 73 pmu 1011146 715107 8230087 8097810 311445120
1790328796.144317 W 890 lat 296 537 3574 0 exe 72388 87444 149759 resp 150203 119 pmu 1011493 738547 8232588 8001268 318173565
1790328797.184301 W 891 lat 314 555 3888 0 exe 73796 85925 148888 resp 149296 92 pmu 1011240 710030 8233777 8080720 312141017
1790328798.124303 W 892 lat 314 555 3407 0 exe 70259 91129 195703 resp 197092 255 pmu 1012525 767214 8243123 8073347 326433320
1790328799.164315 W 893 lat 296 537 3351 0 exe 69351 82759 151999 resp 152407 73 pmu 1011143 680685 8230079 8551908 305343766
1790328800.204303 W 894 lat 296 555 4592 0 exe 68018 84814 152277 resp 152685 125 pmu 1011391 700657 8233723 8063328 310843552
1790328801.144298 W 895 lat 296 537 3814 0 exe 67296 81685 144555 resp 145111 52 pmu 1011022 674515 8225180 8075710 302975078
1790328802.184293 W 896 lat 296 537 3555 0 exe 71259 85833 147814 resp 148148 133 pmu 1011142 713886 8235617 7976197 313947007
1790328803.120322 W 897 lat 296 537 4685 0 exe 70259 83833 143462 resp 143925 77 pmu 1010740 695763 8227653 8046986 308251474
1790328804.160341 W 898 lat 296 574 4111 0 exe 69629 85499 141314 resp 141888 101 pmu 1011223 714467 8234077 7994817 313501770
1790328805.200302 W 899 lat 296 518 2981 0 exe 64499 83555 134851 resp 135351 52 pmu 1011168 704847 8229576 7976096 307727263
1790328806.136329 W 900 lat 314 518 3481 0 exe 68777 85166 161833 resp 162407 122 pmu 1011206 705348 8232782 7870146 311112707
1790328807.176295 W 901 lat 296 537 3388 0 exe 69537 82537 151092 resp 151574 59 pmu 1010850 682558 8231947 8171971 304642453
1790328808.216314 W 902 lat 296 574 6055 0 exe 69351 84111 142203 resp 142629 86 pmu 1011157 702481 8235102 8054481 308717585
1790328809.152316 W 903 lat 277 499 3444 0 exe 70074 82888 130259 resp 130666 41 pmu 1010991 699220 8233431 7985429 307483561
1790328810.192288 W 904 lat 296 518 3185 0 exe 69259 83907 141851 resp 142203 88 pmu 1011227 702887 8235503 7850135 308738792
1790328811.128305 W 905 lat 296 499 3833 0 exe 69907 82907 142703 resp 143111 53 pmu 1010993 695106 8230739 7965574 306607422
1790328812.168289 W 906 lat 296 537 3092 0 exe 68888 84907 147314 resp 147666 93 pmu 1011179 707928 8234605 7975958 310278657
1790328813.208221 W 907 lat 296 370 4814 0 exe 17018 33925 148592 resp 149148 19 pmu 1020979 187908 8249510 8023143 104969686
1790328814.144215 W 908 lat 277 296 481 0 exe 17074 22407 116833 resp 117314 7 pmu 1023617 73757 8263081 7530131 57293493
1790328815.208228 W 909 lat 296 296 1703 0 exe 17388 24611 249722 resp 251425 20 pmu 1023505 91997 8258888 7132738 62940642
1790328816.168219 W 910 lat 277 296 425 0 exe 17388 24314 106462 resp 106777 4 pmu 1023589 96199 8256484 8486494 62709586
1790328817.120191 W 911 lat 277 296 333 0 exe 16925 19740 50777 resp 51092 0 pmu 1023693 42784 8258730 7038985 49857180
1790328818.180215 W 912 lat 277 296 499 0 exe 17055 24111 105444 resp 105759 6 pmu 1023603 93966 8255219 6456402 60864185
1790328819.132190 W 913 lat 277 296 333 0 exe 17074 19722 43351 resp 43666 0 pmu 1023741 42113 8255240 7026374 49755152
1790328820.192219 W 914 lat 296 296 537 0 exe 16925 23685 106685 resp 106999 3 pmu 1023625 88872 8257306 6382736 59809590
1790328821.140193 W 915 lat 296 296 333 0 exe 17074 19740 48851 resp 49148 0 pmu 1023725 42518 8256114 7036437 49816424
1790328822.200219 W 916 lat 296 296 481 0 exe 17074 24740 107074 resp 107407 4 pmu 1023626 101541 8255426 6437794 62551949
1790328823.160194 W 917 lat 277 296 333 0 exe 17277 19777 48925 resp 49259 0 pmu 1023700 42841 8257844 7046062 49919617
1790328824.116217 W 918 lat 296 296 796 0 exe 16962 23944 107518 resp 108314 9 pmu 1023609 91610 8256916 6440004 60562252
1790328825.176191 W 919 lat 296 296 333 0 exe 17407 19685 50092 resp 50407 0 pmu 1023716 41955 8254416 7049724 49730902
1790328826.132217 W 920 lat 296 296 388 0 exe 17185 23944 111370 resp 111722 8 pmu 1023635 92005 8258548 6451696 60593618
1790328827.196194 W 921 lat 296 296 333 0 exe 17425 19629 48111 resp 48425 0 pmu 1023699 41109 8253304 7085145 49624933
1790328828.156216 W 922 lat 277 296 481 0 exe 17055 24259 109703 resp 110018 7 pmu 1023587 96108 8256813 6431643 61459146
1790328829.212194 W 923 lat 296 296 333 0 exe 17240 19814 47740 resp 48055 0 pmu 1023723 43406 8255936 7069576 50047948
1790328830.160220 W 924 lat 277 296 518 0 exe 17037 23814 113611 resp 113925 4 pmu 1023540 90641 8252217 6428013 60289296
1790328831.124192 W 925 lat 296 296 333 0 exe 17407 19777 49055 resp 49370 0 pmu 1023601 42870 8255619 7106458 49977058
1790328832.184223 W 926 lat 277 296 574 0 exe 16759 23148 115351 resp 115648 5 pmu 1023573 82893 8254882 6441885 58664847
1790328833.144198 W 927 lat 277 296 351 0 exe 17185 20537 48277 resp 48574 0 pmu 1023698 51743 8256384 7119599 51834714
1790328834.212202 W 928 lat 277 296 333 0 exe 17222 21925 108999 resp 109333 2 pmu 1023631 68275 8260232 6436758 55461212
1790328835.160193 W 929 lat 296 296 333 0 exe 17314 22018 102499 resp 102814 1 pmu 1023612 69595 8257057 7051140 55594602
1790328836.116192 W 930 lat 277 296 333 0 exe 17240 19296 38759 resp 39074 0 pmu 1023687 37214 8253804 6986940 48685233
1790328837.184218 W 931 lat 296 296 333 0 exe 17259 23666 104462 resp 104777 5 pmu 1023584 89060 8260090 6335561 59888039
1790328838.144200 W 932 lat 277 296 333 0 exe 17240 20222 49055 resp 49370 0 pmu 1023667 48226 8255804 7014657 51017345
1790328839.192216 W 933 lat 277 296 537 0 exe 17333 23888 106870 resp 107203 5 pmu 1023686 91774 8252054 6443037 60552110
1790328840.144193 W 934 lat 277 296 333 0 exe 16833 19370 49574 resp 49870 0 pmu 1023715 38118 8248869 7041214 48905512
1790328841.212218 W 935 lat 277 296 333 0 exe 17277 23870 104796 resp 105111 4 pmu 1023564 91034 8251697 6441885 60421983
1790328842.172195 W 936 lat 296 296 333 0 exe 17296 19907 50981 resp 51296 0 pmu 1023728 44755 8258292 7019001 50234177
1790328843.216218 W 937 lat 296 296 388 0 exe 17333 24370 107648 resp 107981 4 pmu 1023672 96971 8256189 6461149 61626801
1790328844.152192 W 938 lat 296 296 333 0 exe 17166 19796 62981 resp 63296 0 pmu 1023590 43462 8253696 7050830 50006189
1790328845.192221 W 939 lat 296 296 722 0 exe 17148 26666 111314 resp 111629 7 pmu 1023566 124411 8262641 6579978 67806034
1790328846.128199 W 940 lat 277 296 333 0 exe 17240 19518 46370 resp 46685 0 pmu 1023705 40401 8256740 7099646 49345589
1790328847.176232 W 941 lat 277 296 1111 0 exe 17055 26259 231314 resp 232203 25 pmu 1023406 112582 8259398 6412794 67073883
1790328848.216192 W 942 lat 277 296 333 0 exe 16796 19351 47203 resp 47518 0 pmu 1023710 37991 8257753 8301826 49616749
1790328849.152215 W 943 lat 277 296 592 0 exe 17166 23833 102944 resp 103277 5 pmu 1023658 91284 8257601 6418122 60343376
1790328850.196189 W 944 lat 277 296 333 0 exe 17185 19759 48518 resp 48833 0 pmu 1023762 42583 8253332 7001139 49839534
1790328851.132215 W 945 lat 277 296 740 0 exe 17444 23574 99666 resp 99999 0 pmu 1023624 88261 8260407 6435183 59717002
1790328852.172187 W 946 lat 277 296 333 0 exe 17333 19351 48592 resp 48907 0 pmu 1023686 38071 8257440 6969186 48860935
1790328853.212217 W 947 lat 296 296 425 0 exe 16999 24481 105166 resp 105481 2 pmu 1023673 98280 8263952 6434664 61860204
1790328854.148189 W 948 lat 296 296 333 0 exe 16759 19888 49999 resp 50333 0 pmu 1023719 44633 8255024 7024886 50229666
1790328855.188221 W 949 lat 296 296 555 0 exe 16925 25537 104759 resp 105148 5 pmu 1023649 110796 8261443 6448743 64435044
1790328856.124188 W 950 lat 277 296 333 0 exe 17111 19407 49833 resp 50148 0 pmu 1023706 38931 8255344 7026876 49028000
1790328857.164215 W 951 lat 277 296 444 0 exe 17444 23722 104148 resp 104462 3 pmu 1023665 89581 8263943 6446045 60004121
1790328858.204196 W 952 lat 296 296 333 0 exe 16999 19907 49351 resp 49666 0 pmu 1023726 44443 8255614 7013028 50208937
1790328859.140215 W 953 lat 277 296 425 0 exe 16777 24092 99796 resp 100111 1 pmu 1023630 94486 8257996 6443396 61065160
1790328860.180198 W 954 lat 277 296 333 0 exe 16981 21777 88351 resp 88648 0 pmu 1023674 66493 8256756 6968107 54932726
1790328861.116213 W 955 lat 277 296 407 0 exe 17462 24018 111888 resp 112222 4 pmu 1023656 93096 8261195 6842675 61028501
1790328862.156191 W 956 lat 296 296 333 0 exe 16851 19703 46499 resp 46796 0 pmu 1023666 41804 8252230 7091961 49737902
1790328863.196214 W 957 lat 277 296 425 0 exe 17277 24037 110537 resp 110851 6 pmu 1023616 92916 8253280 6413079 60809340
1790328864.132189 W 958 lat 277 296 333 0 exe 16981 19685 48185 resp 48499 0 pmu 1023608 41819 8251732 7077665 49730331
1790328865.172213 W 959 lat 277 296 444 0 exe 17129 24055 106259 resp 106574 5 pmu 1023624 93658 8259675 6430495 60897573
1790328866.212194 W 960 lat 277 296 333 0 exe 17037 19685 46574 resp 46888 0 pmu 1023633 42108 8255404 7034504 49708926
1790328867.148216 W 961 lat 296 296 962 0 exe 17203 23666 106111 resp 106425 3 pmu 1023589 88946 8255125 6414601 59940033
1790328868.188190 W 962 lat 277 296 333 0 exe 16981 19518 54518 resp 54814 0 pmu 1023694 40127 8256564 7033906 49283397
1790328869.124214 W 963 lat 296 296 407 0 exe 17296 23777 106888 resp 107203 4 pmu 1023595 90357 8255053 6492862 60255372
1790328870.164194 W 964 lat 296 296 592 0 exe 17074 19814 47259 resp 47574 0 pmu 1023596 43357 8252532 7040090 50044957
1790328871.204217 W 965 lat 277 296 425 0 exe 17166 24185 115203 resp 115518 5 pmu 1023510 94750 8255301 6423683 61210506
1790328872.140189 W 966 lat 277 296 351 0 exe 16925 19574 47055 resp 47370 0 pmu 1023702 40694 8259148 7124438 49484663
1790328873.180214 W 967 lat 277 296 462 0 exe 17314 23611 110111 resp 110425 4 pmu 1023595 87871 8255395 6418457 59731559
1790328874.116196 W 968 lat 277 296 333 0 exe 17185 20203 46981 resp 47296 0 pmu 1023663 47957 8255532 7071714 51033793
1790328875.156213 W 969 lat 277 296 333 0 exe 17296 23518 112314 resp 112648 6 pmu 1023594 86855 8256424 6422097 59535232
1790328876.196194 W 970 lat 277 296 333 0 exe 17037 19777 48333 resp 48648 0 pmu 1023698 42830 8261732 7092667 49953697
1790328877.132217 W 971 lat 277 296 407 0 exe 17259 24296 129407 resp 129722 10 pmu 1023560 95779 8262404 6432853 61737383
1790328878.172188 W 972 lat 277 296 333 0 exe 17055 19814 52018 resp 52333 0 pmu 1023641 43451 8252081 7267670 50186260
1790328879.120217 W 973 lat 277 296 925 0 exe 17277 28499 230907 resp 231833 24 pmu 1023431 138794 8256891 6469755 72802054
1790328880.180194 W 974 lat 277 296 425 0 exe 17407 19981 42537 resp 42851 0 pmu 1023619 44999 8251864 8309477 51185375
1790328881.132213 W 975 lat 277 296 425 0 exe 17240 23907 100703 resp 101037 3 pmu 1023576 92302 8255585 6378100 60547786
1790328882.192190 W 976 lat 296 296 333 0 exe 17444 20166 47425 resp 47740 0 pmu 1023663 47491 8253560 6978594 50872335
1790328883.140212 W 977 lat 277 296 444 0 exe 16925 23777 105092 resp 105407 3 pmu 1023541 90599 8251994 6427760 60176192
1790328884.204194 W 978 lat 296 296 333 0 exe 17611 20314 50314 resp 50629 0 pmu 1023641 48908 8252569 7020387 51246831
1790328885.144215 W 979 lat 296 296 370 0 exe 16888 24425 113407 resp 113722 5 pmu 1023649 97963 8254291 6457992 61800476
1790328886.184196 W 980 lat 277 296 351 0 exe 17425 20222 45629 resp 45944 0 pmu 1023676 47719 8252904 7106300 51041025
1790328887.120218 W 981 lat 296 296 537 0 exe 17388 23648 109814 resp 110129 5 pmu 1023602 88774 8253583 6409745 59843967
1790328888.160194 W 982 lat 296 296 333 0 exe 17314 19999 47722 resp 48018 0 pmu 1023613 45167 8250120 7069798 50494941
1790328889.200215 W 983 lat 277 296 444 0 exe 17222 23611 106129 resp 106444 5 pmu 1023489 88349 8252357 6429011 59820404
1790328890.136197 W 984 lat 277 296 333 0 exe 17481 20407 47499 resp 47814 0 pmu 1023667 49978 8251800 7031195 51466668
1790328891.176220 W 985 lat 277 296 740 0 exe 17111 23148 105296 resp 105629 5 pmu 1023635 83112 8256584 6429734 58755039
1790328892.216192 W 986 lat 277 296 333 0 exe 17055 20722 70388 resp 70685 0 pmu 1023652 54118 8253892 7021714 52243852
1790328893.152243 W 987 lat 277 296 666 0 exe 17148 20222 98703 resp 98999 0 pmu 1023682 48400 8251992 6657887 51086618
1790328894.192197 W 988 lat 296 296 425 0 exe 17407 23851 107759 resp 108074 4 pmu 1023644 90705 8252564 6940771 60378034
1790328895.132189 W 989 lat 296 296 333 0 exe 17111 19425 38851 resp 39148 0 pmu 1023653 39129 8252644 7049734 49096391
1790328896.172217 W 990 lat 296 296 537 0 exe 17518 24148 117333 resp 117648 4 pmu 1023620 94304 8255977 6336441 61085248
1790328897.212235 W 991 lat 277 296 333 0 exe 17074 19333 47425 resp 47740 0 pmu 1023631 37599 8248084 7148078 48864965
1790328898.148197 W 992 lat 277 296 425 0 exe 17222 24037 114592 resp 114981 6 pmu 1023567 92942 8253139 6421613 60951270
1790328899.188190 W 993 lat 296 296 333 0 exe 17240 19518 43740 resp 44055 0 pmu 1023709 39611 8251801 7118323 49304403
1790328900.124216 W 994 lat 277 296 333 0 exe 17074 23944 112759 resp 113074 8 pmu 1023528 91699 8250370 6386383 60642852
1790328901.164191 W 995 lat 296 296 333 0 exe 16962 19555 47314 resp 47629 0 pmu 1023723 40390 8252100 7098021 49411712
1790328902.204215 W 996 lat 277 296 425 0 exe 16851 24481 118722 resp 119037 8 pmu 1023449 97554 8251220 6421000 61991406
1790328903.140188 W 997 lat 277 296 333 0 exe 16925 19351 47499 resp 47796 0 pmu 1023701 38125 8251768 7159529 48941421
1790328904.192217 W 998 lat 296 296 537 0 exe 16944 24277 114444 resp 114870 6 pmu 1023576 95605 8253519 6421664 61398825
1790328905.152190 W 999 lat 277 296 333 0 exe 16981 19462 48259 resp 48555 0 pmu 1023729 39570 8253184 7117614 49252608
1790328906.212214 W 1000 lat 277 296 962 0 exe 17351 24333 108240 resp 109203 7 pmu 1023554 96111 8250178 6430043 61441569
1790328907.168193 W 1001 lat 296 296 333 0 exe 17277 19907 44759 resp 45055 0 pmu 1023729 44549 8252841 7062345 50284688
1790328908.116213 W 1002 lat 296 296 499 0 exe 17722 24259 106740 resp 107055 4 pmu 1023553 95612 8255785 6398782 61412934
1790328909.164215 W 1003 lat 296 296 351 0 exe 16814 22462 112018 resp 112333 3 pmu 1023651 74596 8257884 7043581 56953536
1790328910.204215 W 1004 lat 296 296 518 0 exe 17166 22481 125499 resp 125907 6 pmu 1023560 74307 8260011 7082048 57230213
1790328911.144231 W 1005 lat 277 296 1166 0 exe 17277 25870 266611 resp 267277 19 pmu 1023516 107556 8256579 7219943 66164899
1790328912.184221 W 1006 lat 277 296 499 0 exe 18222 25499 111148 resp 111481 4 pmu 1023598 110105 8254429 8653458 65830439
1790328913.120202 W 1007 lat 277 296 333 0 exe 17907 20777 49518 resp 49833 0 pmu 1023731 54406 8252371 7096217 52395947
1790328914.160222 W 1008 lat 296 296 444 0 exe 17666 25981 106740 resp 107055 6 pmu 1023585 115570 8255560 6453976 65758400
1790328915.200208 W 1009 lat 277 296 333 0 exe 17796 22037 50407 resp 50703 0 pmu 1023702 69371 8255844 7051657 55494371
1790328916.136223 W 1010 lat 277 296 648 0 exe 18296 25685 107055 resp 107370 4 pmu 1023581 112236 8251837 6468454 65030573
1790328917.176207 W 1011 lat 277 296 333 0 exe 17944 21277 49259 resp 49555 0 pmu 1023704 60206 8254816 7057353 53604477
1790328918.216242 W 1012 lat 277 296 648 0 exe 18111 33074 121055 resp 121592 15 pmu 1023535 199471 8258660 6453957 84355961
1790328919.152213 W 1013 lat 296 296 555 0 exe 17981 28703 118703 resp 119203 27 pmu 1023449 147344 8253717 7234658 74040148
1790328920.192224 W 1014 lat 277 296 444 0 exe 17759 27407 109296 resp 109629 6 pmu 1023545 132581 8252523 7187981 69825497
1790328921.128203 W 1015 lat 277 296 333 0 exe 17925 21203 49203 resp 49518 0 pmu 1023670 59414 8253006 7084886 53479143
1790328922.168224 W 1016 lat 296 296 592 0 exe 18018 26240 108851 resp 109166 6 pmu 1023637 118643 8254317 6452863 66372059
1790328923.208213 W 1017 lat 277 296 333 0 exe 18055 21796 49611 resp 49925 0 pmu 1023715 66477 8253836 7076503 54915911
1790328924.144224 W 1018 lat 277 296 462 0 exe 17962 26518 116111 resp 116425 5 pmu 1023553 121634 8253412 6460727 67095006
1790328925.184207 W 1019 lat 296 296 333 0 exe 18240 21370 47314 resp 47629 0 pmu 1023666 60637 8246384 7149453 53833454
1790328926.124225 W 1020 lat 296 296 999 0 exe 18333 26277 108925 resp 109611 4 pmu 1023636 119100 8250726 6436560 66471219
1790328927.164208 W 1021 lat 296 296 333 0 exe 17925 21203 45240 resp 45537 0 pmu 1023697 59351 8250474 7082874 53465036
1790328928.204222 W 1022 lat 277 296 611 0 exe 17870 25537 110777 resp 111092 5 pmu 1023608 110367 8252298 6413292 64598421
1790328929.140207 W 1023 lat 277 296 333 0 exe 18185 21425 49759 resp 50074 0 pmu 1023717 61955 8251032 7091498 54025042
1790328930.180221 W 1024 lat 277 296 592 0 exe 18203 27555 114185 resp 114499 4 pmu 1023559 133989 8251846 6460825 69576531
1790328931.116205 W 1025 lat 277 296 333 0 exe 17740 21314 47944 resp 48259 0 pmu 1023676 60356 8251636 7137328 53728354
1790328932.156223 W 1026 lat 277 296 388 0 exe 18222 25648 117962 resp 118277 7 pmu 1023551 110917 8249953 6440067 64813375
1790328933.196207 W 1027 lat 277 296 333 0 exe 17907 21259 47537 resp 47851 0 pmu 1023723 59781 8254196 7164645 53636424
1790328934.132224 W 1028 lat 277 296 555 0 exe 18259 27055 111388 resp 111703 7 pmu 1023591 127880 8254694 6436638 68288864
1790328935.172207 W 1029 lat 296 296 333 0 exe 18092 21666 47370 resp 47666 0 pmu 1023726 64341 8253712 7106944 54575496
1790328936.212222 W 1030 lat 277 296 518 0 exe 18166 26703 110777 resp 111092 5 pmu 1023580 123719 8254106 6437852 67426428
1790328937.148210 W 1031 lat 277 296 333 0 exe 18351 22092 45277 resp 45592 0 pmu 1023697 69582 8251728 7098360 55635349
1790328938.192225 W 1032 lat 277 296 685 0 exe 18314 26574 107759 resp 108055 7 pmu 1023547 121824 8252259 6420331 66989272
1790328939.128212 W 1033 lat 277 296 333 0 exe 18222 21870 43037 resp 43351 0 pmu 1023735 66816 8253664 7069078 55074399
1790328940.168224 W 1034 lat 277 296 388 0 exe 18555 26222 113999 resp 114314 6 pmu 1023622 117780 8252711 6396140 66233648
1790328941.208214 W 1035 lat 277 296 499 0 exe 17037 23351 117074 resp 117388 4 pmu 1023583 84602 8259342 7129529 59200601
1790328942.144225 W 1036 lat 296 296 703 0 exe 16759 21999 128611 resp 129129 7 pmu 1023687 69070 8263493 7138825 56146088
1790328943.188229 W 1037 lat 277 296 907 0 exe 17129 24296 237444 resp 237759 21 pmu 1023639 88712 8260769 7248337 62097718
1790328944.124229 W 1038 lat 296 296 592 0 exe 16777 21925 103333 resp 103648 1 pmu 1023653 68433 8257592 8350007 56658802
1790328945.164195 W 1039 lat 277 296 518 0 exe 16833 21999 101981 resp 102296 1 pmu 1023682 69181 8252105 6993594 55563152
1790328946.204215 W 1040 lat 277 296 333 0 exe 17074 19814 41555 resp 41888 0 pmu 1023737 43466 8255716 6980185 50041644
1790328947.140189 W 1041 lat 296 296 518 0 exe 17314 23925 106203 resp 106499 4 pmu 1023635 92837 8264343 6365294 60639642
1790328948.180227 W 1042 lat 277 296 333 0 exe 17388 19388 35944 resp 36240 0 pmu 1023737 38580 8260632 7034455 48982840
1790328949.116212 W 1043 lat 277 296 888 0 exe 17333 23574 107481 resp 107796 5 pmu 1023602 88037 8257048 6308461 59663032
1790328950.156190 W 1044 lat 277 296 333 0 exe 17055 20055 44222 resp 44537 0 pmu 1023715 46071 8257106 7047467 50619168
1790328951.196214 W 1045 lat 277 296 499 0 exe 17148 23722 107666 resp 107981 4 pmu 1023598 89546 8257142 6393001 60051168
1790328952.132189 W 1046 lat 296 296 333 0 exe 17111 19407 44777 resp 45074 0 pmu 1023752 38909 8257076 7047147 49047967
1790328953.172214 W 1047 lat 277 296 388 0 exe 17518 24111 104407 resp 104722 5 pmu 1023547 94448 8255649 6395733 61069961
1790328954.112191 W 1048 lat 277 296 333 0 exe 17277 19944 47148 resp 47462 0 pmu 1023695 44898 8255464 7017826 50322827
1790328955.152214 W 1049 lat 277 296 481 0 exe 17111 24425 105462 resp 105777 6 pmu 1023585 97723 8257626 6422930 61863806
1790328956.192190 W 1050 lat 296 296 333 0 exe 16814 19333 51185 resp 51499 0 pmu 1023707 37783 8255188 7028410 48838622
1790328957.128215 W 1051 lat 296 296 555 0 exe 17092 24018 103703 resp 104018 5 pmu 1023609 93266 8254656 6457878 60906166
1790328958.172191 W 1052 lat 277 296 333 0 exe 17333 19740 45907 resp 46222 0 pmu 1023720 42348 8257880 7009053 49815021
1790328959.212215 W 1053 lat 296 296 518 0 exe 16907 25148 105740 resp 106055 3 pmu 1023623 106718 8259872 6409587 63651996
1790328960.148189 W 1054 lat 277 296 333 0 exe 17222 19425 47574 resp 47870 0 pmu 1023742 39121 8258560 7034071 49071952
1790328961.188213 W 1055 lat 277 296 407 0 exe 17388 24222 108166 resp 108481 4 pmu 1023543 95423 8256312 6424128 61351774
1790328962.124189 W 1056 lat 296 296 333 0 exe 17407 19999 45425 resp 45740 0 pmu 1023685 45488 8256080 7055326 50483683
1790328963.164212 W 1057 lat 296 296 592 0 exe 17240 23611 110240 resp 110777 5 pmu 1023587 88193 8255602 6406657 59788429
1790328964.204189 W 1058 lat 277 296 333 0 exe 17055 19333 41703 resp 42018 0 pmu 1023680 37954 8259535 7074490 48868390
1790328965.140214 W 1059 lat 277 296 444 0 exe 17092 23796 113462 resp 113759 4 pmu 1023556 90595 8258505 6364230 60287877
1790328966.180189 W 1060 lat 296 296 333 0 exe 17259 19777 43185 resp 43481 0 pmu 1023741 43072 8256511 7104945 49985407
1790328967.116213 W 1061 lat 296 296 444 0 exe 17129 24388 110111 resp 110425 5 pmu 1023555 97301 8256652 6382310 61758079
1790328968.156188 W 1062 lat 277 296 333 0 exe 17092 19222 47240 resp 47555 0 pmu 1023720 36770 8255040 7074538 48593837
1790328969.196216 W 1063 lat 296 296 518 0 exe 17240 23462 114314 resp 114629 7 pmu 1023599 86272 8253593 6419263 59466242
1790328970.132187 W 1064 lat 277 296 333 0 exe 17296 19814 45740 resp 46055 0 pmu 1023712 43508 8256128 7113014 50089946
1790328971.172214 W 1065 lat 296 296 481 0 exe 16981 24111 110851 resp 111333 6 pmu 1023597 93904 8257267 6408127 61069985
1790328972.212191 W 1066 lat 277 296 333 0 exe 17148 19481 44388 resp 44685 0 pmu 1023736 39918 8261812 7080914 49253288
1790328973.148223 W 1067 lat 277 296 1092 0 exe 17018 24296 109666 resp 110759 11 pmu 1023627 96043 8263776 6392205 61714397
1790328974.188190 W 1068 lat 296 296 333 0 exe 17111 19777 46518 resp 46833 0 pmu 1023699 42919 8260461 7076395 49927538
1790328975.160282 W 1069 lat 296 462 2444 0 exe 17314 82703 218555 resp 218870 546 pmu 1022357 594308 8283076 6416727 365655813
1790328976.204311 W 1070 lat 296 518 3611 0 exe 102592 123814 278666 resp 279722 1000 pmu 1022517 1025826 8285325 8465727 561762638
1790328977.140257 W 1071 lat 277 351 3240 0 exe 102944 112814 356703 resp 357055 1000 pmu 1023717 1026399 8278115 9708665 432382166
1790328978.188123 W 1072 lat 296 666 4796 0 exe 102185 139018 386629 resp 390240 1000 pmu 1019847 1024845 8287388 10429439 663414329
1790328979.120473 W 1073 lat 314 666 2944 0 exe 112499 135499 193296 resp 193629 1000 pmu 1021954 1026606 8297013 10881674 689017316
1790328980.160437 W 1074 lat 296 722 2796 0 exe 111814 136888 172166 resp 174018 1000 pmu 1021712 1026536 8290268 8956801 693268895
1790328981.200317 W 1075 lat 296 666 2796 0 exe 115425 138129 169203 resp 171685 1000 pmu 1021893 1027328 8304589 8756003 693943141
1790328982.136295 W 1076 lat 296 666 2666 0 exe 112018 139018 172314 resp 172944 1000 pmu 1018363 1023396 8268275 8753529 682054594
1790328983.184412 W 1077 lat 296 685 3407 0 exe 112907 138481 165407 resp 165814 1000 pmu 1019352 1024934 8279632 8762162 685454937
1790328984.120561 W 1078 lat 296 685 3574 0 exe 113777 138870 167444 resp 168518 1000 pmu 1021186 1026173 8293152 8697569 690154066
1790328985.160297 W 1079 lat 296 666 2777 0 exe 112648 138333 167592 resp 168740 1000 pmu 1020783 1025779 8286984 8728454 695249968
1790328986.208262 W 1080 lat 277 592 3129 0 exe 104185 131648 167555 resp 168259 1000 pmu 1021881 1026417 8284150 8718008 631256377
1790328987.144262 W 1081 lat 277 333 999 0 exe 104166 107574 115481 resp 115814 1000 pmu 1023797 1028432 8283698 8640644 422266904
1790328988.184438 W 1082 lat 296 648 3388 0 exe 97148 134296 165981 resp 166499 997 pmu 1021543 1026233 8299712 7985649 658346496
1790328989.120425 W 1083 lat 296 685 3370 0 exe 109018 136833 172685 resp 174129 1000 pmu 1021913 1027023 8299172 8603981 686075377
1790328990.160703 W 1084 lat 296 703 3574 0 exe 112425 137018 161407 resp 162222 1000 pmu 1021446 1026106 8297686 8747590 687854523
1790328991.200897 W 1085 lat 296 666 3444 0 exe 109018 136740 167703 resp 168648 1000 pmu 1021742 1027224 8298750 8650695 686942939
1790328992.136304 W 1086 lat 314 685 3222 0 exe 113666 136833 170222 resp 170648 1000 pmu 1022301 1027695 8304507 8695119 687448562
1790328993.176815 W 1087 lat 314 685 3055 0 exe 110907 137037 176351 resp 177314 1000 pmu 1021212 1027212 8299946 8740413 686550055
1790328994.112305 W 1088 lat 296 629 3296 0 exe 100111 135037 173055 resp 173407 1000 pmu 1020795 1026015 8294021 8790760 651959818
1790328995.152742 W 1089 lat 296 685 2888 0 exe 111092 139925 169555 resp 169981 1000 pmu 1016665 1021319 8252750 8691563 664298256
1790328996.192639 W 1090 lat 277 685 3222 0 exe 109629 139537 180740 resp 182277 1000 pmu 1017526 1022702 8271593 8734681 668955164
1790328997.128637 W 1091 lat 314 703 2796 0 exe 110018 139037 169592 resp 170907 1000 pmu 1019226 1024177 8276735 8844393 675103333
1790328998.168675 W 1092 lat 296 666 2870 0 exe 110944 138833 176740 resp 177537 1000 pmu 1019031 1023875 8275248 8729331 674341953
1790328999.208587 W 1093 lat 296 685 3148 0 exe 110703 138425 167703 resp 168148 1000 pmu 1019122 1024688 8285474 8802015 676497392
1790329000.144380 W 1094 lat 296 685 3129 0 exe 110648 137629 173277 resp 175537 1000 pmu 1021050 1026074 8298919 8707993 685926775
1790329001.184645 W 1095 lat 296 666 3314 0 exe 111777 137740 167759 resp 168425 1000 pmu 1020957 1025379 8297118 8768668 689354007
1790329002.120579 W 1096 lat 296 666 2925 0 exe 110999 138240 171185 resp 171851 1000 pmu 1019004 1023186 8275949 8712602 679643848
1790329003.160277 W 1097 lat 296 666 3222 0 exe 110925 138888 173907 resp 174499 1000 pmu 1018596 1023161 8271399 8743295 678923193
1790329004.172720 W 1098 lat 277 629 2796 0 exe 100407 133851 168925 resp 169370 1000 pmu 1020203 1024598 8289836 8774640 645090455
1790329005.112225 W 1099 lat 277 481 3611 0 exe 17203 78851 165833 resp 168703 479 pmu 1022403 543359 8272815 8642261 360207763
1790329006.152216 W 1100 lat 296 296 425 0 exe 17037 21759 115666 resp 116092 6 pmu 1023619 66285 8262427 7934279 55984333
1790329007.196227 W 1101 lat 296 296 814 0 exe 17259 24648 225611 resp 226259 19 pmu 1023532 94584 8256146 7117231 63099286
1790329008.132216 W 1102 lat 277 296 444 0 exe 17166 23944 103537 resp 103851 3 pmu 1023585 92174 8252781 8235180 61815764
1790329009.172193 W 1103 lat 277 296 333 0 exe 16962 19462 38611 resp 38925 0 pmu 1023654 39535 8250780 7006749 49156942
1790329010.212216 W 1104 lat 296 296 407 0 exe 17240 23851 105314 resp 105629 3 pmu 1023460 90986 8249722 6333516 60408111
1790329011.148192 W 1105 lat 277 296 351 0 exe 17388 19444 38944 resp 39240 0 pmu 1023649 39062 8249814 7024197 49098145
1790329012.188217 W 1106 lat 277 296 574 0 exe 17425 24388 104518 resp 104833 2 pmu 1023553 97351 8253322 6338794 61692993
1790329013.124192 W 1107 lat 296 296 333 0 exe 17444 19833 46629 resp 46944 0 pmu 1023705 43681 8251200 7020818 50064488
1790329014.164216 W 1108 lat 277 296 425 0 exe 17203 24055 111999 resp 112314 2 pmu 1023552 93446 8252584 6417887 60983815
1790329015.204192 W 1109 lat 296 296 333 0 exe 17129 19907 41037 resp 41333 0 pmu 1023720 44443 8250608 7091993 50285760
1790329016.140216 W 1110 lat 277 296 462 0 exe 17129 23944 114962 resp 115296 4 pmu 1023603 92284 8255380 6360703 60655948
1790329017.180191 W 1111 lat 277 296 333 0 exe 17277 19555 43333 resp 43648 0 pmu 1023725 40631 8255492 7120994 49444313
1790329018.116217 W 1112 lat 277 296 407 0 exe 17425 24166 111444 resp 111851 3 pmu 1023539 94872 8254734 6382766 61230316
1790329019.156191 W 1113 lat 277 296 333 0 exe 16907 19574 43407 resp 43703 0 pmu 1023699 40687 8253776 7088516 49468644
1790329020.196217 W 1114 lat 277 296 444 0 exe 17462 24296 112499 resp 112814 5 pmu 1023509 95796 8251789 6381772 61522506
1790329021.132190 W 1115 lat 277 296 333 0 exe 17277 19574 41037 resp 41351 0 pmu 1023730 40635 8255053 7099687 49475415
1790329022.172220 W 1116 lat 277 296 444 0 exe 17370 25185 108796 resp 109111 3 pmu 1023596 106590 8254652 6359958 63709051
1790329023.212191 W 1117 lat 277 296 333 0 exe 17351 19518 41629 resp 41925 0 pmu 1023723 40153 8252448 7066668 49305700
1790329024.148216 W 1118 lat 277 296 425 0 exe 17111 24055 108166 resp 108481 5 pmu 1023547 93114 8253514 6365774 60890115
1790329025.188195 W 1119 lat 277 296 333 0 exe 17111 19888 43092 resp 43407 0 pmu 1023695 44363 8254324 7053176 50223193
1790329026.124216 W 1120 lat 296 296 481 0 exe 17222 24574 111574 resp 111888 5 pmu 1023516 98861 8252972 6381133 62184394
1790329027.164195 W 1121 lat 277 296 333 0 exe 17203 19759 38203 resp 38499 0 pmu 1023617 42886 8250665 7090793 49931787
1790329028.204216 W 1122 lat 296 296 425 0 exe 17166 24092 106277 resp 106592 4 pmu 1023605 93473 8252845 6332106 60909107
1790329029.140192 W 1123 lat 296 296 333 0 exe 17055 19574 37944 resp 38259 0 pmu 1023702 40474 8250364 7034860 49409011
1790329030.180216 W 1124 lat 296 296 444 0 exe 17296 24203 105888 resp 106203 6 pmu 1023623 95066 8253247 6327864 61264428
1790329031.116193 W 1125 lat 277 296 333 0 exe 16833 19592 40481 resp 40796 0 pmu 1023716 40750 8252340 7032292 49455052
1790329032.160218 W 1126 lat 296 296 592 0 exe 16814 24111 108388 resp 108703 7 pmu 1023652 93728 8251500 6352121 61032497
1790329033.200194 W 1127 lat 277 296 333 0 exe 17425 19796 40055 resp 40370 0 pmu 1023725 42996 8253344 7055068 49958728
1790329034.136215 W 1128 lat 296 296 537 0 exe 16907 24055 104722 resp 105259 2 pmu 1023633 93419 8255159 6351987 60861334
1790329035.176194 W 1129 lat 277 296 333 0 exe 17185 19814 40462 resp 40759 0 pmu 1023767 43406 8250656 7019579 50003436
1790329036.112223 W 1130 lat 277 296 499 0 exe 17240 23574 115055 resp 115388 3 pmu 1023606 87466 8247560 6354784 59633643
1790329037.156215 W 1131 lat 277 296 425 0 exe 17370 23296 109462 resp 109888 4 pmu 1023630 84419 8252928 7120977 59101854
1790329038.196214 W 1132 lat 277 296 592 0 exe 17203 22962 116222 resp 116814 5 pmu 1023629 80832 8266184 7064275 58492379
1790329039.136229 W 1133 lat 277 314 1037 0 exe 17314 35648 280129 resp 280888 59 pmu 1023100 222944 8260301 7131243 93434544
1790329040.176215 W 1134 lat 277 296 425 0 exe 16925 24796 104592 resp 104907 3 pmu 1023588 102068 8255725 8837220 64133254
1790329041.112189 W 1135 lat 277 296 333 0 exe 17277 19888 41185 resp 41499 0 pmu 1023691 44088 8255969 7020306 50179506
1790329042.152219 W 1136 lat 277 296 425 0 exe 17203 22370 105722 resp 106037 3 pmu 1023563 73073 8252027 6362933 56552070
1790329043.192190 W 1137 lat 277 296 333 0 exe 17407 21259 87055 resp 87351 0 pmu 1023670 60416 8253188 7020868 53561151
1790329044.128230 W 1138 lat 277 296 333 0 exe 17314 19685 97462 resp 97777 0 pmu 1023687 41733 8255996 6829023 49697893
1790329045.168213 W 1139 lat 277 296 518 0 exe 17388 23685 108499 resp 108814 5 pmu 1023640 88732 8252290 6925168 60027382
1790329046.208228 W 1140 lat 277 296 333 0 exe 16851 19444 41722 resp 42037 0 pmu 1023707 39192 8254620 7056545 49135325
1790329047.144190 W 1141 lat 277 296 407 0 exe 17037 23814 107462 resp 107777 4 pmu 1023628 90510 8262607 6363891 60096585
1790329048.184189 W 1142 lat 277 296 333 0 exe 17166 19203 34944 resp 35277 0 pmu 1023701 36466 8258272 7044575 48525732
1790329049.120217 W 1143 lat 277 296 462 0 exe 17203 23611 105425 resp 105722 3 pmu 1023608 87873 8253432 6296691 59606355
1790329050.164190 W 1144 lat 296 296 333 0 exe 16888 19518 43314 resp 43629 0 pmu 1023675 40010 8252777 7024207 49260945
1790329051.208214 W 1145 lat 277 296 425 0 exe 17333 24166 103777 resp 104092 4 pmu 1023622 94684 8257357 6380475 61056439
1790329052.144189 W 1146 lat 277 296 333 0 exe 16796 19277 39999 resp 40296 0 pmu 1023700 37215 8256453 7011130 48662390
1790329053.192216 W 1147 lat 277 296 425 0 exe 17129 23851 102203 resp 102518 3 pmu 1023646 91330 8259420 6345575 60363916
1790329054.128189 W 1148 lat 277 296 333 0 exe 17240 19777 41907 resp 42222 0 pmu 1023654 42904 8251304 6992639 49926970
1790329055.168215 W 1149 lat 277 296 481 0 exe 17129 23777 100129 resp 100444 1 pmu 1023633 90820 8257199 6369422 60202284
1790329056.212193 W 1150 lat 277 296 333 0 exe 17111 19629 46240 resp 46555 0 pmu 1023735 41307 8254288 6971750 49511621
1790329057.148215 W 1151 lat 296 296 518 0 exe 17333 24111 99740 resp 100055 2 pmu 1023580 94234 8256102 6411330 60966514
1790329058.188192 W 1152 lat 296 296 333 0 exe 17018 19814 44222 resp 44518 0 pmu 1023716 43621 8255844 6970729 49993524
1790329059.128215 W 1153 lat 296 296 388 0 exe 17259 23703 102462 resp 102833 3 pmu 1023588 89652 8257284 6391599 59991827
1790329060.168188 W 1154 lat 277 296 333 0 exe 17092 19314 39759 resp 40074 0 pmu 1023748 37680 8255168 6995462 48757407
1790329061.208214 W 1155 lat 296 296 444 0 exe 17370 23592 104814 resp 105259 2 pmu 1023635 88072 8255785 6344982 59647697
1790329062.148188 W 1156 lat 277 296 333 0 exe 16888 19666 41277 resp 41592 0 pmu 1023777 41904 8258600 7019649 49648135
1790329063.192216 W 1157 lat 277 296 518 0 exe 17425 24222 106722 resp 107166 3 pmu 1023644 95585 8256499 6360883 61227500
1790329064.128191 W 1158 lat 277 296 333 0 exe 17037 19518 46481 resp 46777 0 pmu 1023748 39988 8251968 7042375 49293791
1790329065.168215 W 1159 lat 277 296 444 0 exe 17518 23814 109037 resp 109351 5 pmu 1023703 91005 8262604 6412929 60271470
1790329066.208193 W 1160 lat 277 296 333 0 exe 17296 19722 46203 resp 46518 0 pmu 1023710 42603 8257444 7062778 49836638
1790329067.144216 W 1161 lat 296 296 518 0 exe 16870 23648 113555 resp 113907 4 pmu 1023661 88898 8259295 6412428 59831622
1790329068.184194 W 1162 lat 277 296 333 0 exe 16981 19425 51055 resp 51351 0 pmu 1023617 39400 8259272 7104659 49147077
1790329069.120220 W 1163 lat 277 296 499 0 exe 17074 26333 109129 resp 109444 8 pmu 1023571 120416 8261519 6457748 66815053
1790329070.160186 W 1164 lat 296 296 333 0 exe 16888 19518 42759 resp 43074 0 pmu 1023740 40348 8266309 7074533 49322970
1790329071.204300 W 1165 lat 277 370 2037 0 exe 16870 49537 223537 resp 224259 150 pmu 1022964 347941 8293726 6375418 141681069
1790329072.144299 W 1166 lat 296 555 4259 0 exe 88833 104555 177518 resp 178388 393 pmu 1023194 893474 8357774 8345137 314755849
1790329073.188297 W 1167 lat 314 555 2999 0 exe 90129 105685 186481 resp 187037 481 pmu 1023256 904586 8360079 8533162 318280442
1790329074.128310 W 1168 lat 296 555 3462 0 exe 89944 105666 171592 resp 172111 448 pmu 1023274 897178 8361730 8626764 318013032
1790329075.172304 W 1169 lat 296 555 2999 0 exe 88555 105240 180999 resp 183999 477 pmu 1023114 902761 8355371 8479081 317448812
1790329076.212321 W 1170 lat 314 574 3703 0 exe 88462 105592 181870 resp 182222 415 pmu 1023109 893965 8356409 8574008 317940584
1790329077.152300 W 1171 lat 314 574 5185 0 exe 90703 113240 303648 resp 304777 772 pmu 1023633 952552 8361689 8575383 339508019
1790329078.196296 W 1172 lat 314 555 3259 0 exe 91333 105259 174481 resp 175944 467 pmu 1023406 901922 8357552 9853152 317897179
1790329079.132321 W 1173 lat 314 537 3777 0 exe 91722 105129 200518 resp 200944 559 pmu 1022798 909763 8354411 8516963 317159411
1790329080.180318 W 1174 lat 314 574 3481 0 exe 89296 104870 167388 resp 168592 433 pmu 1023389 898382 8359513 8775513 316474796
1790329081.120325 W 1175 lat 314 518 2722 0 exe 92277 104129 159333 resp 160037 649 pmu 1022559 911965 8356503 8434152 315192265
1790329082.160311 W 1176 lat 314 518 3296 0 exe 90259 103685 161685 resp 163129 543 pmu 1022662 901447 8348284 8357755 313322411
1790329083.200343 W 1177 lat 314 537 3388 0 exe 90944 104537 187296 resp 187814 558 pmu 1022772 910268 8352232 8375575 316111647
1790329084.136334 W 1178 lat 314 518 3111 0 exe 91203 103611 165592 resp 166537 563 pmu 1022552 902696 8354963 8635433 313447065
1790329085.176319 W 1179 lat 314 537 3129 0 exe 91888 104611 202685 resp 203574 583 pmu 1022637 908469 8356041 8415654 316357166
1790329086.112328 W 1180 lat 296 555 3611 0 exe 78796 103444 176222 resp 176574 460 pmu 1022753 895313 8356300 8794572 312717413
1790329087.152329 W 1181 lat 314 537 2925 0 exe 90074 104444 198740 resp 200888 569 pmu 1022570 908947 8351494 8458754 315912357
1790329088.192322 W 1182 lat 314 537 3759 0 exe 91333 103666 170833 resp 171314 552 pmu 1022656 902662 8359965 8750699 313896937
1790329089.132345 W 1183 lat 314 537 2703 0 exe 92833 108092 226129 resp 227351 709 pmu 1022878 930113 8352157 8470556 325854703
1790329090.172320 W 1184 lat 314 518 3444 0 exe 91703 103629 158740 resp 160481 590 pmu 1022497 905712 8351686 9051012 313925891
1790329091.212319 W 1185 lat 296 537 3277 0 exe 91907 104962 191925 resp 193425 574 pmu 1022793 908497 8346516 8355185 317087788
1790329092.148304 W 1186 lat 314 537 3370 0 exe 89518 104648 171981 resp 172462 491 pmu 1022788 900185 8354222 8692783 315931694
1790329093.188325 W 1187 lat 314 555 3425 0 exe 90240 104925 196870 resp 198999 557 pmu 1022747 906419 8349869 8475284 317069085
1790329094.136363 W 1188 lat 314 537 2592 0 exe 91203 104129 161851 resp 162796 542 pmu 1022744 903105 8356085 8737833 314976416
1790329095.192326 W 1189 lat 296 555 2981 0 exe 90814 105055 236296 resp 236925 570 pmu 1022996 908730 8360780 8378272 317222137
1790329096.136315 W 1190 lat 296 555 4037 0 exe 90944 104518 173185 resp 174333 467 pmu 1023166 899021 8359204 9125513 316058863
1790329097.188339 W 1191 lat 314 574 4685 0 exe 90314 106092 193907 resp 194703 489 pmu 1023386 903195 8357089 8500265 319813298
1790329098.124332 W 1192 lat 314 555 3796 0 exe 90370 105037 173203 resp 174462 498 pmu 1022952 902555 8357641 8713866 317093573
1790329099.172329 W 1193 lat 314 537 2999 0 exe 91222 106055 185388 resp 186166 436 pmu 1023249 900147 8353963 8499556 319482284
1790329100.116315 W 1194 lat 314 537 3499 0 exe 91018 104462 171185 resp 171537 560 pmu 1022556 906712 8348348 8624592 315924122
1790329101.164227 W 1195 lat 296 462 2518 0 exe 17555 80444 162592 resp 163055 397 pmu 1022966 666011 8314337 8473406 239516886
1790329102.204193 W 1196 lat 277 296 462 0 exe 16981 21703 119481 resp 119796 5 pmu 1023654 65982 8265057 7894120 55857023
1790329103.148231 W 1197 lat 277 296 999 0 exe 16592 23055 232999 resp 233314 21 pmu 1023582 75283 8263021 7154354 58975475
1790329104.192217 W 1198 lat 277 296 333 0 exe 16870 23740 107518 resp 107851 3 pmu 1023645 89652 8258520 8297061 61241992
1790329105.132187 W 1199 lat 296 296 333 0 exe 17166 19259 41777 resp 42092 0 pmu 1023700 37151 8258692 7043626 48672110
1790329106.176211 W 1200 lat 277 296 425 0 exe 16685 23962 103722 resp 104037 4 pmu 1023581 92893 8256843 6365257 60625465
1790329107.112185 W 1201 lat 296 296 333 0 exe 16833 19240 40351 resp 40648 0 pmu 1023716 36815 8254680 7006243 48595220
1790329108.156213 W 1202 lat 277 296 425 0 exe 17074 23722 103833 resp 104148 5 pmu 1023588 89856 8264099 6348966 60040593
1790329109.200193 W 1203 lat 296 296 333 0 exe 17148 19833 54240 resp 54537 0 pmu 1023689 43843 8255584 7008048 50047307
1790329110.144211 W 1204 lat 277 296 425 0 exe 17111 23648 105685 resp 106092 4 pmu 1023729 88534 8253920 6492474 59869152
1790329111.188185 W 1205 lat 277 296 333 0 exe 17074 19111 38944 resp 39259 0 pmu 1023828 35527 8252116 7026863 48291188
1790329112.132212 W 1206 lat 296 296 407 0 exe 17148 23185 104240 resp 104555 3 pmu 1023539 83404 8254536 6335586 58683276
1790329113.172187 W 1207 lat 296 296 333 0 exe 16870 19166 40277 resp 40592 0 pmu 1023671 36025 8255744 7009819 48446214
1790329114.112210 W 1208 lat 277 296 351 0 exe 17370 23962 101722 resp 102055 4 pmu 1023551 92267 8252503 6348278 60574816
1790329115.152189 W 1209 lat 277 296 333 0 exe 17222 19722 59166 resp 59499 0 pmu 1023771 42266 8258160 6989321 49743510
1790329116.192233 W 1210 lat 277 296 499 0 exe 16870 23537 102055 resp 102370 2 pmu 1023574 87302 8257281 6541790 59653565
1790329117.132185 W 1211 lat 277 296 333 0 exe 16962 19129 40444 resp 40759 0 pmu 1023713 36097 8261240 6988737 48387224
1790329118.180212 W 1212 lat 296 296 518 0 exe 16870 23648 104777 resp 105074 1 pmu 1023644 88759 8253029 6350159 59822041
1790329119.116184 W 1213 lat 277 296 333 0 exe 16796 19129 44351 resp 44666 0 pmu 1023738 35762 8260028 7016556 48360992
1790329120.156212 W 1214 lat 277 296 407 0 exe 17148 23907 104370 resp 104685 3 pmu 1023639 91925 8256100 6388448 60489304
1790329121.196187 W 1215 lat 277 296 333 0 exe 17148 19314 42148 resp 42462 0 pmu 1023772 37735 8253080 7014570 48779796
1790329122.140213 W 1216 lat 277 296 962 0 exe 17333 23666 103518 resp 103833 3 pmu 1023649 88719 8256293 6369108 59852214
1790329123.180186 W 1217 lat 277 296 333 0 exe 16759 19240 38796 resp 39111 0 pmu 1023711 36491 8255968 7008704 48562631
1790329124.116211 W 1218 lat 296 296 425 0 exe 17296 23685 104333 resp 104666 2 pmu 1023642 89176 8252593 6333247 59909994
1790329125.156189 W 1219 lat 277 296 333 0 exe 17092 19814 57185 resp 57499 0 pmu 1023735 43662 8255984 7014277 50032699
1790329126.196213 W 1220 lat 277 296 425 0 exe 16851 23888 105314 resp 105648 1 pmu 1023662 91764 8259058 6521730 60529086
1790329127.132184 W 1221 lat 277 296 333 0 exe 16777 19166 41870 resp 42185 0 pmu 1023686 36204 8255841 7022629 48433503
1790329128.176210 W 1222 lat 296 296 462 0 exe 17129 23574 103055 resp 103370 1 pmu 1023532 87995 8254455 6363645 59647068
1790329129.116186 W 1223 lat 296 296 333 0 exe 16981 19222 39759 resp 40055 0 pmu 1023694 36824 8258648 7000174 48579893
1790329130.156215 W 1224 lat 277 296 462 0 exe 17166 23833 104333 resp 104648 3 pmu 1023600 90585 8256116 6343855 60207031
1790329131.196188 W 1225 lat 277 296 333 0 exe 17148 19574 42055 resp 42370 0 pmu 1023659 40571 8253788 7014183 49403990
1790329132.132215 W 1226 lat 296 296 425 0 exe 17222 23407 106814 resp 107129 3 pmu 1023653 86106 8257757 6369396 59238825
1790329133.172216 W 1227 lat 277 296 425 0 exe 17148 21648 107851 resp 108277 4 pmu 1023685 65173 8253518 7037233 54936770
1790329134.212215 W 1228 lat 277 296 425 0 exe 16944 21759 115574 resp 115888 6 pmu 1023731 66438 8265053 7038947 55419494
1790329135.156228 W 1229 lat 277 296 666 0 exe 16648 24259 222722 resp 223333 19 pmu 1023543 92106 8261129 7115206 62058183
1790329136.204215 W 1230 lat 277 296 499 0 exe 17407 24203 106574 resp 106888 3 pmu 1023561 94915 8260062 8200247 62302192
1790329137.148187 W 1231 lat 277 296 333 0 exe 17240 19666 43148 resp 43462 0 pmu 1023616 41709 8255668 7039795 49658949
1790329138.208214 W 1232 lat 296 296 425 0 exe 17351 23796 110499 resp 110814 4 pmu 1023549 90464 8256553 6381367 60208380
1790329139.148185 W 1233 lat 277 296 333 0 exe 16981 19499 44370 resp 44685 0 pmu 1023693 39653 8255153 7076549 49275025
1790329140.200212 W 1234 lat 296 296 407 0 exe 17129 23703 108407 resp 108814 3 pmu 1023576 89389 8255935 6391491 59970001
1790329141.152190 W 1235 lat 296 296 333 0 exe 17407 19944 58351 resp 58666 0 pmu 1023682 44765 8257004 7054448 50347302
1790329142.208217 W 1236 lat 277 296 444 0 exe 17166 24259 107092 resp 107407 3 pmu 1023554 95960 8257203 6535634 61452477
1790329143.156193 W 1237 lat 277 296 333 0 exe 17259 19925 55148 resp 55462 0 pmu 1023693 44568 8256956 7043999 50309649
1790329144.112213 W 1238 lat 277 296 425 0 exe 17333 23814 108333 resp 108648 3 pmu 1023664 91008 8261657 6502806 60357837
1790329145.180187 W 1239 lat 296 296 333 0 exe 17129 19444 42685 resp 42999 0 pmu 1023709 39041 8255628 7054821 49117230
1790329146.128211 W 1240 lat 277 296 648 0 exe 17037 23592 107259 resp 107592 4 pmu 1023589 88233 8258285 6375027 59684654
1790329147.180187 W 1241 lat 277 296 333 0 exe 17074 19444 40314 resp 40629 0 pmu 1023730 39292 8260988 7042822 49143523
1790329148.136211 W 1242 lat 277 296 537 0 exe 17203 23777 107944 resp 108277 3 pmu 1023581 90369 8254380 6350871 60154966
1790329149.180191 W 1243 lat 277 296 333 0 exe 17314 19888 45925 resp 46240 0 pmu 1023715 44263 8252084 7050843 50215645
1790329150.120216 W 1244 lat 296 296 537 0 exe 17018 23611 106222 resp 106555 4 pmu 1023641 88855 8261121 6410449 59779590
1790329151.172186 W 1245 lat 277 296 333 0 exe 17203 19499 42333 resp 42611 0 pmu 1023769 39953 8260288 7031820 49247483
1790329152.128219 W 1246 lat 277 296 444 0 exe 17129 23259 107296 resp 107611 4 pmu 1023640 84429 8256001 6371913 58889978
1790329153.180190 W 1247 lat 277 296 333 0 exe 17129 19759 44222 resp 44518 0 pmu 1023749 42989 8258016 7040779 49918807
1790329154.132222 W 1248 lat 277 296 388 0 exe 17037 23351 105907 resp 106222 4 pmu 1023639 85387 8256696 6391872 59124249
1790329155.184191 W 1249 lat 277 296 333 0 exe 17166 20018 46833 resp 47148 0 pmu 1023705 46068 8257876 7026679 50510867
1790329156.144234 W 1250 lat 296 296 407 0 exe 16962 20925 98796 resp 99111 0 pmu 1023683 56762 8255389 6419557 52920384
1790329157.196188 W 1251 lat 277 296 333 0 exe 17037 21944 106518 resp 106851 3 pmu 1023634 68649 8255253 6943204 55507934
1790329158.140222 W 1252 lat 277 296 425 0 exe 17055 20648 74981 resp 75296 0 pmu 1023715 53441 8261420 7025517 52126735
1790329159.188225 W 1253 lat 296 296 1055 0 exe 17277 36925 146759 resp 147814 36 pmu 1023290 243487 8262578 6704146 95557492
1790329160.124202 W 1254 lat 277 296 333 0 exe 16907 21129 92962 resp 93277 0 pmu 1023719 59025 8258243 7511633 53671816
1790329161.164216 W 1255 lat 277 296 407 0 exe 17055 24111 107277 resp 107592 5 pmu 1023637 94536 8259691 6885158 61293067
1790329162.212225 W 1256 lat 296 296 333 0 exe 16648 19518 46518 resp 46814 0 pmu 1023653 40007 8257184 7044399 49261834
1790329163.148213 W 1257 lat 296 296 870 0 exe 17277 23462 107944 resp 108259 3 pmu 1023608 86471 8253677 6411240 59406232
1790329164.188186 W 1258 lat 277 296 333 0 exe 16833 19555 45296 resp 45592 0 pmu 1023722 40430 8257184 7051260 49364770
1790329165.128220 W 1259 lat 277 296 592 0 exe 17185 26259 110259 resp 110574 9 pmu 1023551 119393 8256432 6400121 66684481
1790329166.168188 W 1260 lat 277 296 425 0 exe 17018 19666 40555 resp 40888 0 pmu 1023736 41713 8256407 7086419 49686020
1790329167.208229 W 1261 lat 277 296 925 0 exe 16907 29722 129351 resp 129740 61 pmu 1023252 154745 8260750 6354931 76824049
1790329168.144189 W 1262 lat 277 296 425 0 exe 16999 19499 46277 resp 46592 0 pmu 1023666 40098 8260907 7295438 49433695
1790329169.106232 Closing cell "rt-bench"
1790329169.106299 [MG] Initializing memguard on CPU 3
1790329169.106328 [SMMUv2] Exiting SMMUv2 on cell 1
1790329169.106393 [COL] Colored OP 1: PHYS 0x30000000 -> VIRT 0x00000000 (SIZE: 0x00400000, COL: 0x000000ff, extra: 0x0000000000000000)
1790329169.106419 [COL] Result: 0
1790329169.106485 [COL] Colored OP 4: PHYS 0x30000000 -> VIRT 0x00000000 (SIZE: 0x00400000, COL: 0x000000ff, extra: 0x0000000000000001)
1790329169.106547 [COL] Result: 0
1790329169.106654 Page pool usage after cell destruction: mem 85/4061, remap 5/131072
1790329169.106687 [MG] Initializing memguard on CPU 3
1790329169.106710 [MG] Initializing memguard on CPU 3
1790329169.106741 [MG] Initializing memguard on CPU 3
1790329169.106761 Created cell "rt-bench"
1790329169.106792 Page pool usage after cell creation: mem 94/4061, remap 5/131072
