time,temp_mC,fan_rpm,fan_pwm,throttled
1790294628,40250,4592,100,0x0
1790294630,39150,4596,100,0x0
1790294632,38050,4596,100,0x0
1790294634,36400,4600,100,0x0
1790294636,36950,4603,100,0x0
1790294638,37500,4608,100,0x0
1790294641,36400,4613,100,0x0
1790294643,35300,4619,100,0x0
1790294645,35850,4627,100,0x0
1790294647,35850,4627,100,0x0
1790294649,38050,4632,100,0x0
1790294651,38050,4634,100,0x0
1790294653,36950,4638,100,0x0
1790294655,37500,4638,100,0x0
1790294657,36400,4640,100,0x0
1790294659,36400,4640,100,0x0
1790294661,36950,4641,100,0x0
1790294663,36400,4624,100,0x0
1790294665,36950,4619,100,0x0
1790294667,36400,4618,100,0x0
1790294669,36400,4619,100,0x0
1790294671,36400,4618,100,0x0
1790294673,34750,4637,100,0x0
1790294675,36400,4652,100,0x0
1790294677,36400,4659,100,0x0
1790294679,35850,4662,100,0x0
1790294681,35850,4668,100,0x0
1790294683,35850,4674,100,0x0
1790294685,36950,4675,100,0x0
1790294687,36400,4680,100,0x0
1790294689,35850,4680,100,0x0
1790294691,35850,4683,100,0x0
1790294693,35850,4684,100,0x0
1790294695,35850,4683,100,0x0
1790294697,36400,4649,100,0x0
1790294699,36950,4644,100,0x0
1790294701,36950,4640,100,0x0
1790294703,36950,4641,100,0x0
1790294705,35300,4637,100,0x0
1790294707,35850,4633,100,0x0
1790294709,36400,4635,100,0x0
1790294711,35850,4638,100,0x0
1790294713,35850,4638,100,0x0
1790294715,35850,4639,100,0x0
1790294717,35300,4641,100,0x0
1790294719,35850,4638,100,0x0
1790294721,35850,0,0,0x0
1790294723,35300,0,0,0x0
1790294725,36400,0,0,0x0
1790294727,33650,0,0,0x0
1790294729,35300,0,0,0x0
1790294731,36400,0,0,0x0
1790294733,36400,0,0,0x0
1790294735,34750,0,0,0x0
1790294737,35850,0,0,0x0
1790294739,35850,0,0,0x0
1790294741,35850,0,0,0x0
1790294743,35850,0,0,0x0
1790294745,36950,0,0,0x0
1790294747,36950,0,0,0x0
1790294749,36400,0,0,0x0
1790294751,36400,0,0,0x0
1790294753,35300,0,0,0x0
1790294755,35850,0,0,0x0
1790294757,35850,0,0,0x0
1790294759,36400,0,0,0x0
1790294761,36950,0,0,0x0
1790294763,36400,0,0,0x0
1790294765,36950,0,0,0x0
1790294767,35850,0,0,0x0
1790294769,36950,0,0,0x0
1790294787,40250,4515,100,0x0
1790294789,40800,4498,100,0x0
1790294791,39150,4516,100,0x0
1790294793,39150,4528,100,0x0
1790294795,39700,4539,100,0x0
1790294797,38600,4546,100,0x0
1790294799,39150,4552,100,0x0
1790294801,39150,4557,100,0x0
1790294803,38600,4566,100,0x0
1790294805,38600,4570,100,0x0
1790294807,38050,4576,100,0x0
1790294809,37500,4582,100,0x0
1790294811,38600,4588,100,0x0
1790294813,38600,4592,100,0x0
1790294815,38600,4601,100,0x0
1790294817,38600,4601,100,0x0
1790294819,38050,4608,100,0x0
1790294821,38050,4609,100,0x0
1790294823,39150,4612,100,0x0
1790294825,38050,4616,100,0x0
1790294827,39150,4618,100,0x0
1790294829,36950,4620,100,0x0
1790294831,38050,4625,100,0x0
1790294833,38050,4626,100,0x0
1790294835,38050,4627,100,0x0
1790294837,38050,4630,100,0x0
1790294839,37500,4631,100,0x0
1790294841,37500,4627,100,0x0
1790294843,36950,4630,100,0x0
1790294845,36400,4638,100,0x0
1790294847,38600,4641,100,0x0
1790294849,38050,4641,100,0x0
1790294851,38050,4641,100,0x0
1790294853,36950,4640,100,0x0
1790294855,36950,4641,100,0x0
1790294857,36950,4644,100,0x0
1790294859,36950,4642,100,0x0
1790294861,38600,4649,100,0x0
1790294863,37500,4651,100,0x0
1790294865,38050,4649,100,0x0
1790294867,38600,4646,100,0x0
1790294869,38600,4644,100,0x0
1790294871,39700,4644,100,0x0
1790294873,38050,4644,100,0x0
1790294875,39700,4649,100,0x0
1790294877,38600,4649,100,0x0
1790294879,38600,4651,100,0x0
1790294881,36400,4648,100,0x0
1790294883,36950,4648,100,0x0
1790294885,36950,4648,100,0x0
1790294887,36950,4648,100,0x0
1790294889,36400,4649,100,0x0
1790294891,36400,4649,100,0x0
1790294893,36400,4648,100,0x0
1790294895,37500,4652,100,0x0
1790294897,37500,4649,100,0x0
1790294899,37500,4649,100,0x0
1790294901,36950,4646,100,0x0
1790294903,36950,4648,100,0x0
1790294905,36950,4651,100,0x0
1790294908,36950,4652,100,0x0
1790294910,36400,4653,100,0x0
1790294912,36950,4654,100,0x0
1790294914,36400,4653,100,0x0
1790294916,35850,4649,100,0x0
1790294918,36950,4648,100,0x0
1790294920,36400,4651,100,0x0
1790294922,36950,4651,100,0x0
1790294924,35850,4651,100,0x0
1790294926,36950,4651,100,0x0
1790294928,36400,4651,100,0x0
1790294930,35850,4653,100,0x0
1790294932,35850,4653,100,0x0
1790294934,35850,4648,100,0x0
1790294936,36400,4646,100,0x0
1790294938,36400,4648,100,0x0
1790294940,36400,4651,100,0x0
1790294942,35300,4650,100,0x0
1790294944,35300,4649,100,0x0
1790294946,35850,4651,100,0x0
1790294948,35850,4649,100,0x0
1790294950,35300,4650,100,0x0
1790294952,36400,4651,100,0x0
1790294954,35850,4651,100,0x0
1790294956,35850,4626,0,0x0
1790294958,35300,0,0,0x0
1790294960,35300,0,0,0x0
1790294962,35850,0,0,0x0
1790294964,38050,0,0,0x0
1790294966,37500,0,0,0x0
1790294968,37500,0,0,0x0
1790294970,35300,0,0,0x0
1790294972,36400,0,0,0x0
1790294974,36950,0,0,0x0
1790294976,35300,0,0,0x0
1790294978,36400,0,0,0x0
1790294980,36400,0,0,0x0
1790294982,36400,0,0,0x0
1790294984,35850,0,0,0x0
1790294986,36400,0,0,0x0
1790294988,36400,0,0,0x0
1790294990,36400,0,0,0x0
1790294992,36950,0,0,0x0
1790294994,36400,0,0,0x0
1790294996,36950,0,0,0x0
1790294998,36950,0,0,0x0
1790295000,36950,0,0,0x0
1790295002,36400,0,0,0x0
1790295004,36950,0,0,0x0
1790295006,36950,0,0,0x0
1790295008,36400,0,0,0x0
1790295010,36950,0,0,0x0
1790295012,37500,0,0,0x0
1790295014,36950,0,0,0x0
1790295016,36950,0,0,0x0
1790295018,36950,0,0,0x0
1790295020,37500,0,0,0x0
1790295022,36400,0,0,0x0
1790295024,38050,0,0,0x0
1790295026,35300,0,0,0x0
1790295028,36950,0,0,0x0
1790295030,37500,0,0,0x0
1790295032,37500,0,0,0x0
1790295034,38600,0,0,0x0
1790295036,38600,0,0,0x0
1790295038,39700,0,0,0x0
1790295040,39150,0,0,0x0
1790295042,38600,0,0,0x0
1790295044,38050,0,0,0x0
1790295046,37500,0,0,0x0
1790295048,38600,0,0,0x0
1790295050,38050,0,0,0x0
1790295052,37500,0,0,0x0
1790295054,38050,0,0,0x0
1790295056,38050,0,0,0x0
1790295058,40250,2595,100,0x0
1790295060,39150,3970,100,0x0
1790295062,39150,3953,100,0x0
1790295064,36950,3957,100,0x0
1790295066,38050,3981,100,0x0
1790295068,38050,4015,100,0x0
1790295070,38600,4052,100,0x0
1790295072,37500,4095,100,0x0
1790295074,38050,4132,100,0x0
1790295076,36950,4172,100,0x0
1790295078,36950,4208,100,0x0
1790295080,38600,4244,100,0x0
1790295082,38600,4272,100,0x0
1790295084,39150,4306,100,0x0
1790295086,39150,4330,100,0x0
1790295088,38050,4353,100,0x0
1790295090,38050,4375,100,0x0
1790295092,37500,4393,100,0x0
1790295094,37500,4412,100,0x0
1790295096,38050,4430,100,0x0
1790295098,38600,4444,100,0x0
1790295100,38600,4460,100,0x0
1790295102,38050,4474,100,0x0
1790295104,37500,4484,100,0x0
1790295106,37500,4498,100,0x0
1790295123,40800,4870,100,0x0
1790295125,40800,4804,100,0x0
1790295127,40250,4801,100,0x0
1790295129,39700,4795,100,0x0
1790295131,39700,4787,100,0x0
1790295133,39150,4780,100,0x0
1790295135,38050,4772,100,0x0
1790295137,41350,4766,100,0x0
1790295139,40800,4760,100,0x0
1790295141,41350,4755,100,0x0
1790295143,40800,4748,100,0x0
1790295145,41900,4746,100,0x0
1790295147,40800,4738,100,0x0
1790295149,40250,4731,100,0x0
1790295151,41900,4722,100,0x0
1790295153,41900,4719,100,0x0
1790295155,42450,4725,100,0x0
1790295157,41900,4722,100,0x0
1790295159,40250,4721,100,0x0
1790295161,40250,4716,100,0x0
1790295163,41900,4716,100,0x0
1790295165,41900,4711,100,0x0
1790295167,42450,4710,100,0x0
1790295169,42450,4702,100,0x0
1790295171,41900,4702,100,0x0
1790295173,40800,4706,100,0x0
1790295175,40800,4705,100,0x0
1790295177,41900,4708,100,0x0
1790295179,41900,4709,100,0x0
1790295181,42450,4710,100,0x0
1790295183,41900,4710,100,0x0
1790295185,40800,4703,100,0x0
1790295187,40250,4697,100,0x0
1790295189,41900,4699,100,0x0
1790295191,42450,4706,100,0x0
1790295193,41900,4708,100,0x0
1790295195,42450,4705,100,0x0
1790295197,43000,4708,100,0x0
1790295199,40800,4707,100,0x0
1790295201,41900,4705,100,0x0
1790295203,41350,4697,100,0x0
1790295205,41900,4695,100,0x0
1790295207,43000,4696,100,0x0
1790295209,42450,4703,100,0x0
1790295211,40250,4705,100,0x0
1790295213,41350,4703,100,0x0
1790295216,40800,4704,100,0x0
1790295218,42450,4707,100,0x0
1790295220,42450,4706,100,0x0
1790295222,43000,4697,100,0x0
1790295224,43000,4696,100,0x0
1790295226,41900,4694,100,0x0
1790295228,41900,4699,100,0x0
1790295230,41900,4706,100,0x0
1790295232,43000,4711,100,0x0
1790295234,43550,4711,100,0x0
1790295236,43550,4710,100,0x0
1790295238,41900,4710,100,0x0
1790295240,40800,4699,100,0x0
1790295242,41900,4697,100,0x0
1790295244,43000,4695,100,0x0
1790295246,43000,4696,100,0x0
1790295248,43000,4706,100,0x0
1790295250,43000,4711,100,0x0
1790295252,41900,4713,100,0x0
1790295254,41900,4714,100,0x0
1790295256,43000,4713,100,0x0
1790295258,43000,4710,100,0x0
1790295260,43000,4701,100,0x0
1790295262,42450,4700,100,0x0
1790295264,42450,4700,100,0x0
1790295266,40250,4702,100,0x0
1790295268,41900,4710,100,0x0
1790295270,42450,4713,100,0x0
1790295272,43000,4714,100,0x0
1790295274,41900,4715,100,0x0
1790295276,41900,4714,100,0x0
1790295278,42450,4701,100,0x0
1790295280,41350,4700,100,0x0
1790295282,41350,4699,100,0x0
1790295284,41900,4699,100,0x0
1790295286,43000,4708,100,0x0
1790295288,42450,4711,100,0x0
1790295290,42450,4714,100,0x0
1790295292,42450,4712,100,0x0
1790295294,41900,4704,100,0x0
1790295296,41350,4697,100,0x0
1790295298,41350,4701,100,0x0
1790295300,41350,4708,100,0x0
1790295302,41900,4712,100,0x0
1790295304,42450,4714,100,0x0
1790295306,42450,4717,100,0x0
1790295308,43000,4720,100,0x0
1790295310,41350,4709,100,0x0
1790295312,41350,4705,100,0x0
1790295314,41350,4704,100,0x0
1790295316,42450,4705,100,0x0
1790295318,41350,4706,100,0x0
1790295320,42450,4711,100,0x0
1790295322,42450,4711,100,0x0
1790295324,41350,4709,100,0x0
1790295326,40800,4710,100,0x0
1790295328,42450,4705,100,0x0
1790295330,43000,4704,100,0x0
1790295332,43000,4711,100,0x0
1790295334,41900,4711,100,0x0
1790295336,42450,4711,100,0x0
1790295338,42450,4705,100,0x0
1790295340,41350,4702,100,0x0
1790295342,41900,4706,100,0x0
1790295344,42450,4712,100,0x0
1790295346,41900,4712,100,0x0
1790295348,42450,4710,100,0x0
1790295350,41900,4706,100,0x0
1790295352,42450,4702,100,0x0
1790295354,41350,4708,100,0x0
1790295356,41350,4712,100,0x0
1790295358,41350,4715,100,0x0
1790295360,41900,4712,100,0x0
1790295362,41900,4705,100,0x0
1790295364,41900,4704,100,0x0
1790295366,41900,4710,100,0x0
1790295368,42450,4712,100,0x0
1790295370,42450,4711,100,0x0
1790295372,42450,4711,100,0x0
1790295374,43000,4705,100,0x0
1790295376,43000,4705,100,0x0
1790295378,41900,4712,100,0x0
1790295380,42450,4716,100,0x0
1790295382,42450,4710,100,0x0
1790295384,41350,4705,100,0x0
1790295386,40800,4702,100,0x0
1790295388,41900,4703,100,0x0
1790295390,43000,4711,100,0x0
1790295392,42450,4712,100,0x0
1790295394,41900,4710,100,0x0
1790295396,43550,4706,100,0x0
1790295398,41900,4705,100,0x0
1790295400,41350,4708,100,0x0
1790295402,41900,4714,100,0x0
1790295404,43000,4714,100,0x0
1790295406,43550,4708,100,0x0
1790295408,42450,4707,100,0x0
1790295410,41900,4708,100,0x0
1790295412,42450,4712,100,0x0
1790295414,41350,4712,100,0x0
1790295416,41350,4707,100,0x0
1790295418,43000,4704,100,0x0
1790295420,43550,4708,100,0x0
1790295422,43550,4712,100,0x0
1790295424,43000,4711,100,0x0
1790295426,43000,4703,100,0x0
1790295428,42450,4705,100,0x0
1790295430,43000,4709,100,0x0
1790295432,43000,4711,100,0x0
1790295434,43550,4708,100,0x0
1790295436,44100,4704,100,0x0
1790295438,43000,4702,100,0x0
1790295440,43550,4709,100,0x0
1790295442,43550,4713,100,0x0
1790295444,43550,4709,100,0x0
1790295446,41900,4700,100,0x0
1790295448,43000,4699,100,0x0
1790295450,41900,4707,100,0x0
1790295452,43000,4711,100,0x0
1790295454,43550,4710,100,0x0
1790295456,43000,4705,100,0x0
1790295458,43550,4703,100,0x0
1790295460,44100,4706,100,0x0
1790295462,44100,4710,100,0x0
1790295464,44650,4711,100,0x0
1790295466,44650,4705,100,0x0
1790295468,44650,4706,100,0x0
1790295470,44100,4713,100,0x0
1790295472,44650,4717,100,0x0
1790295474,43550,4718,100,0x0
1790295476,44650,4708,100,0x0
1790295478,43000,4710,100,0x0
1790295480,41350,4716,100,0x0
1790295482,43550,4717,100,0x0
1790295484,43550,4714,100,0x0
1790295486,43000,4713,100,0x0
1790295488,44650,4718,100,0x0
1790295490,43550,4719,100,0x0
1790295492,44650,4714,100,0x0
1790295494,44650,4712,100,0x0
1790295496,44650,4714,100,0x0
1790295498,44100,4714,100,0x0
1790295500,44100,4716,100,0x0
1790295502,44650,4716,100,0x0
1790295504,44100,4716,100,0x0
1790295506,43550,4715,100,0x0
1790295508,44650,4716,100,0x0
1790295510,44650,4714,100,0x0
1790295512,43000,4714,100,0x0
1790295514,41350,4715,100,0x0
1790295516,40800,4715,100,0x0
1790295518,42450,4713,100,0x0
1790295520,42450,4717,100,0x0
1790295522,41350,4719,100,0x0
1790295524,43000,4712,100,0x0
1790295527,42450,4713,100,0x0
1790295529,41350,4715,100,0x0
1790295531,42450,4719,100,0x0
1790295533,43550,4719,100,0x0
1790295535,43550,4715,100,0x0
1790295537,44650,4716,100,0x0
1790295539,44100,4719,100,0x0
1790295541,44100,4716,100,0x0
1790295543,44100,4715,100,0x0
1790295545,44100,4715,100,0x0
1790295547,43550,4717,100,0x0
1790295549,44650,4716,100,0x0
1790295551,44650,4716,100,0x0
1790295553,44650,4715,100,0x0
1790295555,45750,4714,100,0x0
1790295557,45200,4719,100,0x0
1790295559,44100,4719,100,0x0
1790295561,42450,4714,100,0x0
1790295563,42450,4715,100,0x0
1790295565,42450,4716,100,0x0
1790295567,43000,4721,100,0x0
1790295569,42450,4714,100,0x0
1790295571,41350,4715,100,0x0
1790295573,43000,4716,100,0x0
1790295575,42450,4719,100,0x0
1790295577,42450,4717,100,0x0
1790295579,43000,4716,100,0x0
1790295581,43550,4719,100,0x0
1790295583,43000,4720,100,0x0
1790295585,43000,4719,100,0x0
1790295587,44650,4716,100,0x0
1790295589,44100,4715,100,0x0
1790295591,43550,4718,100,0x0
1790295593,43550,4716,100,0x0
1790295595,44100,4716,100,0x0
1790295597,44100,4714,100,0x0
1790295599,44100,4716,100,0x0
1790295601,44650,4716,100,0x0
1790295603,44100,4715,100,0x0
1790295605,44650,4714,100,0x0
1790295607,43550,4709,100,0x0
1790295609,43550,4711,100,0x0
1790295611,43000,4716,100,0x0
1790295613,41900,4713,100,0x0
1790295615,43000,4708,100,0x0
1790295617,42450,4710,100,0x0
1790295619,41900,4714,100,0x0
1790295621,42450,4716,100,0x0
1790295623,41900,4714,100,0x0
1790295625,42450,4711,100,0x0
1790295627,43000,4713,100,0x0
1790295629,43550,4711,100,0x0
1790295631,44650,4711,100,0x0
1790295633,44100,4709,100,0x0
1790295635,44650,4714,100,0x0
1790295637,44100,4716,100,0x0
1790295639,43550,4711,100,0x0
1790295641,43550,4709,100,0x0
1790295643,44100,4709,100,0x0
1790295645,44100,4714,100,0x0
1790295647,44100,4715,100,0x0
1790295649,44650,4708,100,0x0
1790295651,44100,4711,100,0x0
1790295653,45200,4711,100,0x0
1790295655,44100,4711,100,0x0
1790295657,43000,4709,100,0x0
1790295659,42450,4710,100,0x0
1790295661,41350,4709,100,0x0
1790295663,42450,4708,100,0x0
1790295665,42450,4708,100,0x0
1790295667,43000,4709,100,0x0
1790295669,43550,4706,100,0x0
1790295671,41900,4708,100,0x0
1790295673,41350,4714,100,0x0
1790295675,43000,4715,100,0x0
1790295677,43550,4708,100,0x0
1790295679,44650,4711,100,0x0
1790295681,43550,4710,100,0x0
1790295683,43550,4718,100,0x0
1790295685,44650,4722,100,0x0
1790295687,43550,4714,100,0x0
1790295689,44650,4714,100,0x0
1790295691,43550,4717,100,0x0
1790295693,44100,4719,100,0x0
1790295695,44650,4720,100,0x0
1790295697,44100,4717,100,0x0
1790295699,44650,4716,100,0x0
1790295701,44650,4718,100,0x0
1790295703,44650,4720,100,0x0
1790295705,42450,4717,100,0x0
1790295707,40800,4720,100,0x0
1790295709,41900,4720,100,0x0
1790295711,43000,4721,100,0x0
1790295713,41900,4719,100,0x0
1790295715,41900,4716,100,0x0
1790295717,43000,4720,100,0x0
1790295719,41900,4724,100,0x0
1790295721,41900,4720,100,0x0
1790295723,43550,4721,100,0x0
1790295725,44650,4720,100,0x0
1790295727,44100,4725,100,0x0
1790295729,44100,4725,100,0x0
1790295731,44650,4722,100,0x0
1790295733,44100,4722,100,0x0
1790295735,44100,4727,100,0x0
1790295737,44100,4723,100,0x0
1790295739,44650,4722,100,0x0
1790295741,44650,4722,100,0x0
1790295743,44650,4723,100,0x0
1790295745,44100,4722,100,0x0
1790295747,44100,4722,100,0x0
1790295749,44100,4719,100,0x0
1790295751,44100,4720,100,0x0
1790295753,43000,4720,100,0x0
1790295755,42450,4718,100,0x0
1790295757,41900,4716,100,0x0
1790295759,42450,4719,100,0x0
1790295761,42450,4720,100,0x0
1790295763,42450,4713,100,0x0
1790295765,43000,4718,100,0x0
1790295767,41900,4720,100,0x0
1790295769,41350,4722,100,0x0
1790295771,43000,4716,100,0x0
1790295773,43550,4719,100,0x0
1790295775,44100,4722,100,0x0
1790295778,43550,4720,100,0x0
1790295780,43550,4721,100,0x0
1790295782,44100,4720,100,0x0
1790295784,43550,4718,100,0x0
1790295786,44100,4723,100,0x0
1790295788,44100,4716,100,0x0
1790295790,43550,4716,100,0x0
1790295792,44100,4723,100,0x0
1790295794,44650,4719,100,0x0
1790295796,44100,4719,100,0x0
1790295798,44100,4716,100,0x0
1790295800,44650,4721,100,0x0
1790295802,43000,4722,100,0x0
1790295804,41900,4722,100,0x0
1790295806,41350,4716,100,0x0
1790295808,42450,4719,100,0x0
1790295810,43000,4720,100,0x0
1790295812,41900,4719,100,0x0
1790295814,42450,4721,100,0x0
1790295816,43000,4718,100,0x0
1790295818,41900,4716,100,0x0
1790295820,44650,4719,100,0x0
1790295822,43000,4718,100,0x0
1790295824,44100,4717,100,0x0
1790295826,45200,4718,100,0x0
1790295828,44100,4721,100,0x0
1790295830,45200,4722,100,0x0
1790295832,45200,4718,100,0x0
1790295834,45200,4720,100,0x0
1790295836,44100,4719,100,0x0
1790295838,45200,4719,100,0x0
1790295840,44650,4718,100,0x0
1790295842,44650,4717,100,0x0
1790295844,45750,4716,100,0x0
1790295846,45750,4718,100,0x0
1790295848,45750,4715,100,0x0
1790295850,44100,4714,100,0x0
1790295852,43550,4714,100,0x0
1790295854,42450,4712,100,0x0
1790295856,43550,4713,100,0x0
1790295858,43550,4713,100,0x0
1790295860,43000,4714,100,0x0
1790295862,42450,4711,100,0x0
1790295864,43550,4713,100,0x0
1790295866,42450,4711,100,0x0
1790295868,44650,4714,100,0x0
1790295870,43550,4715,100,0x0
1790295872,45200,4711,100,0x0
1790295874,45200,4712,100,0x0
1790295876,45200,4713,100,0x0
1790295878,45200,4715,100,0x0
1790295880,45200,4713,100,0x0
1790295882,44100,4713,100,0x0
1790295884,44650,4714,100,0x0
1790295886,45750,4714,100,0x0
1790295888,45750,4716,100,0x0
1790295890,45200,4712,100,0x0
1790295892,45200,4716,100,0x0
1790295894,46300,4716,100,0x0
1790295896,45750,4716,100,0x0
1790295898,44650,4713,100,0x0
1790295900,41900,4712,100,0x0
1790295902,41900,4713,100,0x0
1790295904,43000,4712,100,0x0
1790295906,43550,4718,100,0x0
1790295908,43000,4714,100,0x0
1790295910,40800,4711,100,0x0
1790295912,45200,4714,100,0x0
1790295914,43550,4714,100,0x0
1790295916,44650,4715,100,0x0
1790295918,44100,4716,100,0x0
1790295920,45750,4714,100,0x0
1790295922,45200,4715,100,0x0
1790295924,43550,4718,100,0x0
1790295926,45750,4716,100,0x0
1790295928,45200,4714,100,0x0
1790295930,45750,4716,100,0x0
1790295932,46850,4717,100,0x0
1790295934,45750,4717,100,0x0
1790295936,44650,4716,100,0x0
1790295938,46300,4717,100,0x0
1790295940,46300,4714,100,0x0
1790295942,45200,4717,100,0x0
1790295944,46300,4716,100,0x0
1790295946,44650,4714,100,0x0
1790295948,44100,4712,100,0x0
1790295950,44100,4714,100,0x0
1790295952,44650,4714,100,0x0
1790295954,45200,4715,100,0x0
1790295956,45200,4716,100,0x0
1790295958,44650,4712,100,0x0
1790295960,43550,4714,100,0x0
1790295962,44100,4714,100,0x0
1790295964,44650,4716,100,0x0
1790295966,44650,4714,100,0x0
1790295968,44650,4714,100,0x0
1790295970,44650,4714,100,0x0
1790295972,43550,4714,100,0x0
1790295974,43000,4712,100,0x0
1790295976,44100,4715,100,0x0
1790295978,44100,4715,100,0x0
1790295980,43550,4714,100,0x0
1790295982,44650,4714,100,0x0
1790295984,44650,4713,100,0x0
1790295986,43000,4714,100,0x0
1790295988,44650,4714,100,0x0
1790295990,44650,4712,100,0x0
1790295993,44650,4711,100,0x0
1790295995,44650,4711,100,0x0
1790295997,45750,4713,100,0x0
1790295999,43550,4713,100,0x0
1790296001,43000,4709,100,0x0
1790296003,43550,4711,100,0x0
1790296005,44100,4710,100,0x0
1790296007,44650,4711,100,0x0
1790296009,44650,4712,100,0x0
1790296011,44650,4711,100,0x0
1790296013,43550,4708,100,0x0
1790296015,43550,4710,100,0x0
1790296017,44100,4711,100,0x0
1790296019,44100,4709,100,0x0
1790296021,44100,4711,100,0x0
1790296023,44650,4720,100,0x0
1790296025,44650,4729,100,0x0
1790296027,44100,4736,100,0x0
1790296029,44100,4743,100,0x0
1790296031,44650,4746,100,0x0
1790296033,44100,4750,100,0x0
1790296035,44650,4752,100,0x0
1790296037,43550,4737,100,0x0
1790296039,43000,4736,100,0x0
1790296041,43000,4736,100,0x0
1790296043,43550,4736,100,0x0
1790296045,43550,4736,100,0x0
1790296047,44650,4747,100,0x0
1790296049,44650,4751,100,0x0
1790296051,43550,4752,100,0x0
1790296053,43550,4754,100,0x0
1790296055,43550,4755,100,0x0
1790296057,43000,4755,100,0x0
1790296059,43550,4743,100,0x0
1790296061,43550,4739,100,0x0
1790296063,43550,4737,100,0x0
1790296065,42450,4733,100,0x0
1790296067,44100,4736,100,0x0
1790296069,44100,4739,100,0x0
1790296071,44100,4749,100,0x0
1790296073,44650,4752,100,0x0
1790296075,43550,4754,100,0x0
1790296077,43000,4755,100,0x0
1790296079,44650,4754,100,0x0
1790296081,44650,4740,100,0x0
1790296083,45200,4739,100,0x0
1790296085,45200,4739,100,0x0
1790296087,45200,4738,100,0x0
1790296089,43550,4737,100,0x0
1790296091,44650,4746,100,0x0
1790296093,45200,4753,100,0x0
1790296095,44650,4752,100,0x0
1790296097,45200,4754,100,0x0
1790296099,45750,4753,100,0x0
1790296101,45200,4742,100,0x0
1790296103,43550,4737,100,0x0
1790296105,44100,4737,100,0x0
1790296107,45200,4736,100,0x0
1790296109,45750,4739,100,0x0
1790296111,45750,4749,100,0x0
1790296113,44650,4755,100,0x0
1790296115,44650,4755,100,0x0
1790296117,43000,4754,100,0x0
1790296119,45200,4746,100,0x0
1790296121,45200,4740,100,0x0
1790296123,45750,4742,100,0x0
1790296125,45750,4740,100,0x0
1790296127,45200,4738,100,0x0
1790296129,44100,4743,100,0x0
1790296131,43550,4745,100,0x0
1790296133,45200,4746,100,0x0
1790296135,45750,4737,100,0x0
1790296137,45750,4735,100,0x0
1790296139,46850,4735,100,0x0
1790296141,45200,4737,100,0x0
1790296143,43550,4736,100,0x0
1790296145,45200,4737,100,0x0
1790296147,45750,4735,100,0x0
1790296149,45200,4737,100,0x0
1790296151,45750,4735,100,0x0
1790296153,45750,4733,100,0x0
1790296155,44650,4731,100,0x0
1790296157,44100,4730,100,0x0
1790296159,45750,4733,100,0x0
1790296161,45750,4728,100,0x0
1790296163,46300,4730,100,0x0
1790296165,46300,4734,100,0x0
1790296167,44650,4729,100,0x0
1790296169,43550,4728,100,0x0
1790296171,45200,4728,100,0x0
1790296173,46300,4730,100,0x0
1790296175,45750,4731,100,0x0
1790296177,45750,4727,100,0x0
1790296179,45200,4724,100,0x0
1790296181,43550,4731,100,0x0
1790296183,44650,4736,100,0x0
1790296185,44650,4728,100,0x0
1790296187,45750,4725,100,0x0
1790296189,46300,4729,100,0x0
1790296191,45200,4733,100,0x0
1790296193,44100,4734,100,0x0
1790296195,41900,4728,100,0x0
1790296197,45200,4726,100,0x0
1790296199,44650,4727,100,0x0
1790296201,45750,4733,100,0x0
1790296203,45200,4731,100,0x0
1790296205,45750,4724,100,0x0
1790296207,43550,4725,100,0x0
1790296209,44650,4729,100,0x0
1790296211,45200,4730,100,0x0
1790296213,45200,4728,100,0x0
1790296215,44650,4722,100,0x0
1790296217,45750,4727,100,0x0
1790296219,45750,4732,100,0x0
1790296221,44100,4732,100,0x0
1790296223,44650,4723,100,0x0
1790296225,45750,4726,100,0x0
1790296227,44100,4726,100,0x0
1790296229,45200,4731,100,0x0
1790296231,45750,4728,100,0x0
1790296233,44650,4725,100,0x0
1790296235,43550,4727,100,0x0
1790296238,45200,4732,100,0x0
1790296240,44100,4731,100,0x0
1790296242,41900,4731,100,0x0
1790296244,44100,4729,100,0x0
1790296246,44100,4728,100,0x0
1790296248,44650,4735,100,0x0
1790296250,44650,4735,100,0x0
1790296252,45750,4730,100,0x0
1790296254,44650,4731,100,0x0
1790296256,44650,4732,100,0x0
1790296258,45750,4732,100,0x0
1790296260,45200,4734,100,0x0
1790296262,45200,4734,100,0x0
1790296264,45200,4735,100,0x0
1790296266,45200,4734,100,0x0
1790296268,45200,4734,100,0x0
1790296270,45750,4736,100,0x0
1790296272,45750,4731,100,0x0
1790296274,43000,4731,100,0x0
1790296276,44100,4738,100,0x0
1790296278,45200,4740,100,0x0
1790296280,44100,4734,100,0x0
1790296282,44650,4734,100,0x0
1790296284,45750,4740,100,0x0
1790296286,45200,4743,100,0x0
1790296288,44100,4743,100,0x0
1790296290,45750,4740,100,0x0
1790296292,46300,4740,100,0x0
1790296294,45200,4745,100,0x0
1790296296,44650,4743,100,0x0
1790296298,45750,4737,100,0x0
1790296300,44650,4739,100,0x0
1790296302,45200,4747,100,0x0
1790296304,46850,4748,100,0x0
1790296306,44650,4739,100,0x0
1790296308,41900,4736,100,0x0
1790296310,44650,4737,100,0x0
1790296312,44100,4744,100,0x0
1790296314,44650,4743,100,0x0
1790296316,44650,4740,100,0x0
1790296318,44650,4739,100,0x0
1790296320,43550,4743,100,0x0
1790296322,45200,4743,100,0x0
1790296324,43000,4738,100,0x0
1790296326,44100,4734,100,0x0
1790296328,45750,4741,100,0x0
1790296330,45200,4741,100,0x0
1790296332,44100,4737,100,0x0
1790296334,42450,4734,100,0x0
1790296336,43000,4736,100,0x0
1790296338,43000,4735,100,0x0
1790296340,44650,4740,100,0x0
1790296342,43000,4732,100,0x0
1790296344,44100,4734,100,0x0
1790296346,43000,4737,100,0x0
1790296348,43000,4739,100,0x0
1790296350,42450,4733,100,0x0
1790296352,44650,4731,100,0x0
1790296354,44650,4734,100,0x0
1790296356,44650,4740,100,0x0
1790296358,43000,4732,100,0x0
1790296360,43000,4729,100,0x0
1790296362,44100,4731,100,0x0
1790296364,44100,4739,100,0x0
1790296366,43550,4733,100,0x0
1790296368,43550,4730,100,0x0
1790296370,43550,4733,100,0x0
1790296372,43000,4737,100,0x0
1790296374,44650,4733,100,0x0
1790296376,44650,4731,100,0x0
1790296378,43550,4731,100,0x0
1790296380,42450,4731,100,0x0
1790296382,44100,4734,100,0x0
1790296384,42450,4733,100,0x0
1790296386,43550,4730,100,0x0
1790296388,42450,4735,100,0x0
1790296390,44650,4734,100,0x0
1790296392,43550,4729,100,0x0
1790296394,43550,4728,100,0x0
1790296396,43550,4731,100,0x0
1790296398,42450,4729,100,0x0
1790296400,43000,4726,100,0x0
1790296402,43000,4726,100,0x0
1790296404,43550,4726,100,0x0
1790296406,43550,4730,100,0x0
1790296408,41900,4731,100,0x0
1790296410,43000,4725,100,0x0
1790296412,43550,4727,100,0x0
1790296414,43000,4728,100,0x0
1790296416,43550,4728,100,0x0
1790296418,43550,4727,100,0x0
1790296420,43550,4724,100,0x0
1790296422,43000,4725,100,0x0
1790296424,43000,4729,100,0x0
1790296426,43000,4721,100,0x0
1790296428,43000,4722,100,0x0
1790296430,43550,4724,100,0x0
1790296432,43000,4727,100,0x0
1790296434,43000,4728,100,0x0
1790296436,42450,4726,100,0x0
1790296438,42450,4721,100,0x0
1790296440,44650,4724,100,0x0
1790296442,45200,4728,100,0x0
1790296444,45750,4726,100,0x0
1790296446,45200,4723,100,0x0
1790296448,44650,4722,100,0x0
1790296450,44650,4728,100,0x0
1790296452,45200,4727,100,0x0
1790296454,45750,4721,100,0x0
1790296456,45750,4720,100,0x0
1790296458,45750,4725,100,0x0
1790296460,45200,4726,100,0x0
1790296462,46300,4728,100,0x0
1790296464,45750,4724,100,0x0
1790296466,46300,4719,100,0x0
1790296468,46850,4723,100,0x0
1790296470,46300,4724,100,0x0
1790296472,45750,4726,100,0x0
1790296475,46300,4726,100,0x0
1790296477,46850,4724,100,0x0
1790296479,45750,4725,100,0x0
1790296481,46850,4723,100,0x0
1790296483,46300,4721,100,0x0
1790296485,46300,4726,100,0x0
1790296487,46850,4725,100,0x0
1790296489,46850,4728,100,0x0
1790296491,46300,4728,100,0x0
1790296493,46300,4725,100,0x0
1790296495,46850,4725,100,0x0
1790296497,47400,4730,100,0x0
1790296499,45750,4729,100,0x0
1790296501,44100,4723,100,0x0
1790296503,45750,4725,100,0x0
1790296505,45750,4727,100,0x0
1790296507,46850,4731,100,0x0
1790296509,46300,4730,100,0x0
1790296511,46300,4730,100,0x0
1790296513,46850,4728,100,0x0
1790296515,45200,4728,100,0x0
1790296517,46850,4731,100,0x0
1790296519,46850,4731,100,0x0
1790296521,46300,4728,100,0x0
1790296523,46850,4729,100,0x0
1790296525,48500,4733,100,0x0
1790296527,46850,4732,100,0x0
1790296529,46850,4729,100,0x0
1790296531,46850,4726,100,0x0
1790296533,47400,4730,100,0x0
1790296535,46850,4733,100,0x0
1790296537,46300,4736,100,0x0
1790296539,47400,4730,100,0x0
1790296541,47400,4730,100,0x0
1790296543,47950,4730,100,0x0
1790296545,46300,4731,100,0x0
1790296547,47950,4736,100,0x0
1790296549,47400,4734,100,0x0
1790296551,47950,4732,100,0x0
1790296553,46850,4733,100,0x0
1790296555,46850,4733,100,0x0
1790296557,47400,4730,100,0x0
1790296559,47400,4731,100,0x0
1790296561,47950,4734,100,0x0
1790296563,44650,4733,100,0x0
1790296565,45750,4732,100,0x0
1790296567,47950,4734,100,0x0
1790296569,46300,4733,100,0x0
1790296571,47950,4734,100,0x0
1790296573,47400,4731,100,0x0
1790296575,47400,4732,100,0x0
1790296577,46300,4733,100,0x0
1790296579,47400,4734,100,0x0
1790296581,47950,4734,100,0x0
1790296583,47400,4736,100,0x0
1790296585,47400,4736,100,0x0
1790296587,48500,4737,100,0x0
1790296589,47400,4731,100,0x0
1790296591,47950,4730,100,0x0
1790296593,47950,4737,100,0x0
1790296595,46850,4741,100,0x0
1790296597,47950,4742,100,0x0
1790296599,47400,4736,100,0x0
1790296601,46850,4738,100,0x0
1790296603,47400,4740,100,0x0
1790296605,47950,4742,100,0x0
1790296607,47950,4743,100,0x0
1790296609,46850,4743,100,0x0
1790296611,47400,4740,100,0x0
1790296613,47400,4741,100,0x0
1790296615,47950,4740,100,0x0
1790296617,47400,4742,100,0x0
1790296619,47400,4742,100,0x0
1790296621,47400,4742,100,0x0
1790296623,47950,4740,100,0x0
1790296625,45750,4742,100,0x0
1790296627,44100,4741,100,0x0
1790296629,48500,4744,100,0x0
1790296631,49600,4742,100,0x0
1790296633,50150,4743,100,0x0
1790296635,51250,6671,150,0x0
1790296637,51800,6738,150,0x0
1790296639,51250,6750,150,0x0
1790296641,51800,6762,150,0x0
1790296643,51250,6779,150,0x0
1790296645,51800,6793,150,0x0
1790296647,50700,6811,150,0x0
1790296649,51800,6827,150,0x0
1790296651,51800,6836,150,0x0
1790296653,51250,6847,150,0x0
1790296655,52350,6858,150,0x0
1790296657,51800,6869,150,0x0
1790296659,52350,6879,150,0x0
1790296661,52350,6888,150,0x0
1790296663,51800,6891,150,0x0
1790296665,51800,6902,150,0x0
1790296667,51800,6909,150,0x0
1790296669,51250,6914,150,0x0
1790296671,51250,6920,150,0x0
1790296673,52350,6923,150,0x0
1790296675,51800,6931,150,0x0
1790296677,52900,6934,150,0x0
1790296679,52350,6939,150,0x0
1790296681,51800,6938,150,0x0
1790296683,52900,6942,150,0x0
1790296685,52350,6939,150,0x0
1790296687,50150,6942,150,0x0
1790296689,48500,6942,150,0x0
1790296691,50150,6950,150,0x0
1790296693,51250,6947,150,0x0
1790296696,51800,6952,150,0x0
1790296698,51250,6954,150,0x0
1790296700,52350,6957,150,0x0
1790296702,51800,6955,150,0x0
1790296704,52350,6962,150,0x0
1790296706,51250,6960,150,0x0
1790296708,52350,6958,150,0x0
1790296710,52900,6958,150,0x0
1790296712,51250,6960,150,0x0
1790296714,52900,6963,150,0x0
1790296716,52350,6965,150,0x0
1790296718,52900,6965,150,0x0
1790296720,52350,6960,150,0x0
1790296722,52350,6968,150,0x0
1790296724,52350,6967,150,0x0
1790296726,52900,6968,150,0x0
1790296728,54000,6968,150,0x0
1790296730,52900,6967,150,0x0
1790296732,52350,6967,150,0x0
1790296734,53450,6970,150,0x0
1790296736,52350,6967,150,0x0
1790296738,52900,6968,150,0x0
1790296740,52350,6968,150,0x0
1790296742,52350,6968,150,0x0
1790296744,52900,6973,150,0x0
1790296746,52900,6970,150,0x0
1790296748,51800,6970,150,0x0
1790296750,52350,6970,150,0x0
1790296752,47400,6965,150,0x0
1790296754,49050,6971,150,0x0
1790296756,50700,6970,150,0x0
1790296758,51800,6963,150,0x0
1790296760,51800,6967,150,0x0
1790296762,51800,6965,150,0x0
1790296764,51800,6970,150,0x0
1790296766,52350,6965,150,0x0
1790296768,52900,6968,150,0x0
1790296770,52900,6968,150,0x0
1790296772,52900,6965,150,0x0
1790296774,52900,6968,150,0x0
1790296776,52900,6968,150,0x0
1790296778,51250,6971,150,0x0
1790296780,52350,6970,150,0x0
1790296782,52900,6971,150,0x0
1790296784,52900,6970,150,0x0
1790296786,52350,6970,150,0x0
1790296788,52350,6965,150,0x0
1790296790,53450,6968,150,0x0
1790296792,52900,6971,150,0x0
1790296794,52900,6970,150,0x0
1790296796,52350,6965,150,0x0
1790296798,52900,6970,150,0x0
1790296800,52900,6968,150,0x0
1790296802,52900,6967,150,0x0
1790296804,52900,6967,150,0x0
1790296806,52900,6970,150,0x0
1790296808,52900,6970,150,0x0
1790296810,52900,6968,150,0x0
1790296812,53450,6970,150,0x0
1790296814,50150,6965,150,0x0
1790296816,49050,6967,150,0x0
1790296818,52350,6973,150,0x0
1790296820,52350,6973,150,0x0
1790296822,53450,6971,150,0x0
1790296824,54550,6973,150,0x0
1790296826,52350,6973,150,0x0
1790296828,49050,6967,150,0x0
1790296830,51800,6971,150,0x0
1790296832,53450,6973,150,0x0
1790296834,52900,6970,150,0x0
1790296837,54000,6973,150,0x0
1790296839,55100,6968,150,0x0
1790296841,50150,6970,150,0x0
1790296843,50150,6967,150,0x0
1790296845,52900,6973,150,0x0
1790296847,53450,6971,150,0x0
1790296849,55100,6970,150,0x0
1790296851,54000,6973,150,0x0
1790296853,50700,6971,150,0x0
1790296855,49050,6967,150,0x0
1790296857,51800,6971,150,0x0
1790296859,52350,6970,150,0x0
1790296861,53450,6971,150,0x0
1790296863,53450,6973,150,0x0
1790296865,53450,6970,150,0x0
1790296867,51250,6968,150,0x0
1790296869,49600,6963,150,0x0
1790296871,52350,6973,150,0x0
1790296873,53450,6970,150,0x0
1790296875,53450,6971,150,0x0
1790296877,54000,6970,150,0x0
1790296879,51800,6970,150,0x0
1790296881,48500,6965,150,0x0
1790296883,51800,6968,150,0x0
1790296885,52350,6968,150,0x0
1790296887,52900,6970,150,0x0
1790296889,53450,6970,150,0x0
1790296891,53450,6967,150,0x0
1790296893,50150,6965,150,0x0
1790296895,51250,6963,150,0x0
1790296897,52350,6965,150,0x0
1790296899,53450,6968,150,0x0
1790296901,53450,6968,150,0x0
1790296903,53450,6968,150,0x0
1790296905,50700,6962,150,0x0
1790296907,49050,6962,150,0x0
1790296909,51800,6963,150,0x0
1790296911,52900,6968,150,0x0
1790296913,54000,6965,150,0x0
1790296915,54000,6970,150,0x0
1790296917,54000,6967,150,0x0
1790296919,49600,6965,150,0x0
1790296921,51250,6967,150,0x0
1790296923,52350,6965,150,0x0
1790296925,54000,6963,150,0x0
1790296927,54000,6965,150,0x0
1790296929,54550,6968,150,0x0
1790296931,51250,6967,150,0x0
1790296933,49600,6960,150,0x0
1790296935,51250,6963,150,0x0
1790296937,51800,6968,150,0x0
1790296939,53450,6968,150,0x0
1790296941,52900,6968,150,0x0
1790296943,53450,6968,150,0x0
1790296945,49050,6958,150,0x0
1790296947,49600,6963,150,0x0
1790296949,50150,6963,150,0x0
1790296951,51800,6962,150,0x0
1790296953,51250,6963,150,0x0
1790296955,50700,6965,150,0x0
1790296957,50700,6960,150,0x0
1790296959,48500,6962,150,0x0
1790296961,47400,6960,150,0x0
1790296963,49600,6965,150,0x0
1790296965,50700,6967,150,0x0
1790296967,51800,6963,150,0x0
1790296969,49600,6960,150,0x0
1790296971,49600,6963,150,0x0
1790296973,50700,6963,150,0x0
1790296975,47400,6962,150,0x0
1790296977,48500,6965,150,0x0
1790296979,50150,6960,150,0x0
1790296981,50700,6962,150,0x0
1790296983,50150,6958,150,0x0
1790296985,49050,6962,150,0x0
1790296987,50150,6965,150,0x0
1790296989,47950,6958,150,0x0
1790296991,45750,6958,150,0x0
1790296993,49050,6958,150,0x0
1790296995,50150,6962,150,0x0
1790296997,50700,6963,150,0x0
1790296999,47950,6958,150,0x0
1790297001,49600,6958,150,0x0
1790297003,48500,6963,150,0x0
1790297005,46300,6958,150,0x0
1790297007,48500,6962,150,0x0
1790297009,49600,6960,150,0x0
1790297011,50700,6958,150,0x0
1790297013,49600,6955,150,0x0
1790297015,49050,6955,150,0x0
1790297018,50150,6958,150,0x0
1790297020,46300,6955,150,0x0
1790297022,46300,6954,150,0x0
1790297024,48500,6957,150,0x0
1790297026,50150,6955,150,0x0
1790297028,49600,6957,150,0x0
1790297030,49600,6955,150,0x0
1790297032,49050,6952,150,0x0
1790297034,47950,6952,150,0x0
1790297036,45750,6954,150,0x0
1790297038,47950,6952,150,0x0
1790297040,49600,6954,150,0x0
1790297042,49050,6957,150,0x0
1790297044,48500,6949,150,0x0
1790297046,48500,6954,150,0x0
1790297048,50150,6954,150,0x0
1790297050,46850,6950,150,0x0
1790297052,49050,6950,150,0x0
1790297054,46850,6954,150,0x0
1790297056,49050,6950,150,0x0
1790297058,49600,6952,150,0x0
1790297060,47950,6949,150,0x0
1790297062,49600,6957,150,0x0
1790297064,46850,6946,150,0x0
1790297066,44650,6950,150,0x0
1790297068,47400,6949,150,0x0
1790297070,48500,6952,150,0x0
1790297072,49050,6950,150,0x0
1790297074,48500,6944,150,0x0
1790297076,48500,6946,150,0x0
1790297078,49600,6952,150,0x0
1790297080,46300,6955,150,0x0
1790297082,46300,6957,150,0x0
1790297084,49050,6958,150,0x0
1790297086,49600,6958,150,0x0
1790297088,50150,6957,150,0x0
1790297090,47400,6958,150,0x0
1790297092,49050,6962,150,0x0
1790297094,46850,6958,150,0x0
1790297096,47400,6952,150,0x0
1790297098,49600,6962,150,0x0
1790297100,49600,6958,150,0x0
1790297102,50700,6958,150,0x0
1790297104,50700,6958,150,0x0
1790297106,50700,6960,150,0x0
1790297108,51800,6962,150,0x0
1790297110,50700,6958,150,0x0
1790297112,51250,6962,150,0x0
1790297114,51250,6962,150,0x0
1790297116,51250,6962,150,0x0
1790297118,51800,6958,150,0x0
1790297120,52900,6960,150,0x0
1790297122,51800,6960,150,0x0
1790297124,50700,6963,150,0x0
1790297126,49050,6954,150,0x0
1790297128,47400,6955,150,0x0
1790297130,49050,6958,150,0x0
1790297132,51800,6958,150,0x0
1790297134,50700,6957,150,0x0
1790297136,51800,6960,150,0x0
1790297138,50700,6960,150,0x0
1790297140,52350,6958,150,0x0
1790297142,52350,6958,150,0x0
1790297144,52350,6958,150,0x0
1790297146,52350,6962,150,0x0
1790297148,52350,6962,150,0x0
1790297150,53450,6960,150,0x0
1790297152,52350,6957,150,0x0
1790297155,52350,6958,150,0x0
1790297157,52350,6960,150,0x0
1790297159,51800,6962,150,0x0
1790297161,48500,6955,150,0x0
1790297163,49600,6962,150,0x0
1790297165,51800,6962,150,0x0
1790297167,51800,6958,150,0x0
1790297169,51800,6958,150,0x0
1790297171,51800,6962,150,0x0
1790297173,52350,6963,150,0x0
1790297175,52350,6962,150,0x0
1790297177,51800,6960,150,0x0
1790297179,52900,6962,150,0x0
1790297181,52900,6958,150,0x0
1790297183,52900,6960,150,0x0
1790297185,52900,6963,150,0x0
1790297187,54000,6962,150,0x0
1790297189,52900,6963,150,0x0
1790297191,52350,6960,150,0x0
1790297193,49050,6962,150,0x0
1790297195,48500,6958,150,0x0
1790297197,46300,6958,150,0x0
1790297199,46850,6954,150,0x0
1790297201,47400,6960,150,0x0
1790297203,46300,6960,150,0x0
1790297205,45200,6958,150,0x0
1790297207,50150,6962,150,0x0
1790297209,46850,6960,150,0x0
1790297211,47950,6963,150,0x0
1790297213,49600,6965,150,0x0
1790297215,50700,6963,150,0x0
1790297217,50700,6963,150,0x0
1790297219,51250,6965,150,0x0
1790297221,51250,6963,150,0x0
1790297223,50150,6963,150,0x0
1790297225,51250,6963,150,0x0
1790297227,52350,6965,150,0x0
1790297229,51250,6962,150,0x0
1790297231,51800,6965,150,0x0
1790297233,52350,6962,150,0x0
1790297235,51800,6962,150,0x0
1790297237,51800,6963,150,0x0
1790297239,51800,6962,150,0x0
1790297241,48500,6958,150,0x0
1790297243,46300,6958,150,0x0
1790297245,46850,6962,150,0x0
1790297247,46300,6952,150,0x0
1790297249,47400,6958,150,0x0
1790297251,45750,5198,100,0x0
1790297253,44650,4971,100,0x0
1790297255,50150,4965,100,0x0
1790297257,45200,4954,100,0x0
1790297259,49050,4947,100,0x0
1790297261,48500,4938,100,0x0
1790297263,49050,6910,150,0x0
1790297265,50150,6912,150,0x0
1790297267,51250,6906,150,0x0
1790297270,51250,6907,150,0x0
1790297272,50700,6910,150,0x0
1790297274,51250,6918,150,0x0
1790297276,51250,6915,150,0x0
1790297278,52350,6925,150,0x0
1790297280,51800,6925,150,0x0
1790297282,51250,6928,150,0x0
1790297284,51800,6934,150,0x0
1790297286,52350,6939,150,0x0
1790297288,52350,6938,150,0x0
1790297290,48500,6938,150,0x0
1790297292,46300,6938,150,0x0
1790297294,45750,6942,150,0x0
1790297296,46850,6939,150,0x0
1790297298,47400,6949,150,0x0
1790297300,45200,6946,150,0x0
1790297302,45200,5066,100,0x0
1790297304,47950,5666,150,0x0
1790297306,46300,6946,150,0x0
1790297308,48500,6944,150,0x0
1790297310,49600,6939,150,0x0
1790297312,50150,6941,150,0x0
1790297314,49600,6942,150,0x0
1790297316,50700,6941,150,0x0
1790297318,50700,6944,150,0x0
1790297320,51250,6946,150,0x0
1790297322,51800,6947,150,0x0
1790297324,50700,6950,150,0x0
1790297326,50700,6949,150,0x0
1790297328,51250,6952,150,0x0
1790297330,51800,6954,150,0x0
1790297332,51250,6954,150,0x0
1790297334,51800,6949,150,0x0
1790297336,51800,6954,150,0x0
1790297338,48500,6954,150,0x0
1790297340,46850,6954,150,0x0
1790297342,45200,6958,150,0x0
1790297344,47400,6950,150,0x0
1790297346,47400,6962,150,0x0
1790297348,45750,6954,150,0x0
1790297350,46300,6952,150,0x0
1790297352,47400,6962,150,0x0
1790297354,45750,6955,150,0x0
1790297356,48500,6955,150,0x0
1790297358,50700,6960,150,0x0
1790297360,50700,6962,150,0x0
1790297362,50700,6963,150,0x0
1790297364,50700,6962,150,0x0
1790297366,51800,6965,150,0x0
1790297368,50700,6965,150,0x0
1790297370,51800,6960,150,0x0
1790297372,51800,6962,150,0x0
1790297374,50700,6963,150,0x0
1790297376,51800,6962,150,0x0
1790297378,51800,6962,150,0x0
1790297380,51800,6962,150,0x0
1790297383,51800,6965,150,0x0
1790297385,52350,6963,150,0x0
1790297387,48500,6962,150,0x0
1790297389,47400,6958,150,0x0
1790297391,45750,6958,150,0x0
1790297393,46850,6955,150,0x0
1790297395,47950,6962,150,0x0
1790297397,45200,6955,150,0x0
1790297399,46300,6955,150,0x0
1790297401,47400,6960,150,0x0
1790297403,45750,6962,150,0x0
1790297405,48500,6962,150,0x0
1790297407,50150,6962,150,0x0
1790297409,50700,6965,150,0x0
1790297411,51800,6965,150,0x0
1790297413,51250,6967,150,0x0
1790297415,51800,6963,150,0x0
1790297417,51800,6962,150,0x0
1790297419,51250,6962,150,0x0
1790297421,51250,6965,150,0x0
1790297423,52350,6965,150,0x0
1790297425,51800,6962,150,0x0
1790297427,52350,6963,150,0x0
1790297429,51250,6962,150,0x0
1790297431,52350,6962,150,0x0
1790297433,51800,6963,150,0x0
1790297435,49050,6957,150,0x0
1790297437,46850,6958,150,0x0
1790297439,45200,6962,150,0x0
1790297441,47400,5168,100,0x0
1790297443,47400,4973,100,0x0
1790297445,46300,4967,100,0x0
1790297447,46850,4957,100,0x0
1790297449,46850,4948,100,0x0
1790297451,45200,4935,100,0x0
1790297453,48500,4929,100,0x0
1790297455,49600,6688,150,0x0
1790297457,50700,6902,150,0x0
1790297459,50150,6893,150,0x0
1790297461,51800,6896,150,0x0
1790297463,52350,6899,150,0x0
1790297465,52350,6907,150,0x0
1790297467,51800,6910,150,0x0
1790297469,52350,6914,150,0x0
1790297471,51800,6917,150,0x0
1790297473,51800,6928,150,0x0
1790297475,52350,6926,150,0x0
1790297477,52350,6930,150,0x0
1790297479,53450,6933,150,0x0
1790297481,52900,6936,150,0x0
1790297483,46850,6936,150,0x0
1790297485,47400,6939,150,0x0
1790297487,44650,6934,150,0x0
1790297489,47950,6939,150,0x0
1790297491,46850,6941,150,0x0
1790297493,45750,6942,150,0x0
1790297495,45200,5102,100,0x0
1790297497,49050,4960,100,0x0
1790297499,45750,4954,100,0x0
1790297501,47400,4945,100,0x0
1790297503,49050,4939,100,0x0
1790297505,50150,4926,100,0x0
1790297507,49600,4994,150,0x0
1790297510,50700,6896,150,0x0
1790297512,50700,6896,150,0x0
1790297514,50700,6894,150,0x0
1790297516,50700,6896,150,0x0
1790297518,50700,6901,150,0x0
1790297520,51250,6902,150,0x0
1790297522,51800,6907,150,0x0
1790297524,51250,6915,150,0x0
1790297526,51250,6917,150,0x0
1790297528,50700,6926,150,0x0
1790297530,50150,6928,150,0x0
1790297532,48500,6928,150,0x0
1790297534,46300,6928,150,0x0
1790297536,46300,6934,150,0x0
1790297538,44100,4973,100,0x0
1790297540,47950,4947,100,0x0
1790297542,45200,4942,100,0x0
1790297544,44650,4934,100,0x0
1790297546,45750,4927,100,0x0
1790297548,46850,4919,100,0x0
1790297550,44650,4899,100,0x0
1790297552,48500,4898,100,0x0
1790297554,49050,4890,100,0x0
1790297556,48500,4877,100,0x0
1790297558,49050,6632,150,0x0
1790297560,50700,6863,150,0x0
1790297562,50700,6854,150,0x0
1790297564,49600,6860,150,0x0
1790297567,49600,6868,150,0x0
1790297569,51250,6871,150,0x0
1790297571,51800,6882,150,0x0
1790297573,50700,6885,150,0x0
1790297575,51250,6894,150,0x0
1790297577,51250,6899,150,0x0
1790297579,50700,6907,150,0x0
1790297581,51250,6914,150,0x0
1790297583,47400,6912,150,0x0
1790297585,46300,6920,150,0x0
1790297587,45750,6918,150,0x0
1790297589,46300,6930,150,0x0
1790297591,46300,6928,150,0x0
1790297593,45200,6926,150,0x0
1790297595,44100,5755,100,0x0
1790297597,49050,4956,100,0x0
1790297599,46300,4943,100,0x0
1790297601,45750,4939,100,0x0
1790297603,49050,4930,100,0x0
1790297605,49050,4922,100,0x0
1790297607,49600,5976,150,0x0
1790297609,49600,6898,150,0x0
1790297611,50700,6890,150,0x0
1790297613,50700,6888,150,0x0
1790297615,50150,6890,150,0x0
1790297617,50150,6893,150,0x0
1790297619,51250,6902,150,0x0
1790297621,50700,6907,150,0x0
1790297623,51250,6910,150,0x0
1790297626,50700,6915,150,0x0
1790297628,50700,6920,150,0x0
1790297630,50150,6922,150,0x0
1790297632,47400,6920,150,0x0
1790297634,48500,6926,150,0x0
1790297636,50150,6933,150,0x0
1790297638,49600,6933,150,0x0
1790297640,50700,6936,150,0x0
1790297642,50150,6939,150,0x0
1790297644,49600,6944,150,0x0
1790297646,46850,6939,150,0x0
1790297648,50150,6942,150,0x0
1790297650,49600,6944,150,0x0
1790297652,50150,6942,150,0x0
1790297654,50700,6947,150,0x0
1790297656,50700,6947,150,0x0
1790297658,47400,6944,150,0x0
1790297660,47950,6942,150,0x0
1790297662,49600,6950,150,0x0
1790297664,49600,6949,150,0x0
1790297666,50700,6957,150,0x0
1790297668,50150,6954,150,0x0
1790297670,49050,6954,150,0x0
1790297672,46850,6947,150,0x0
1790297674,47950,6955,150,0x0
1790297676,49600,6952,150,0x0
1790297678,49600,6957,150,0x0
1790297680,50700,6957,150,0x0
1790297682,50700,6957,150,0x0
1790297684,47400,6954,150,0x0
1790297686,47950,6957,150,0x0
1790297688,49600,6957,150,0x0
1790297690,50150,6958,150,0x0
1790297692,50700,6957,150,0x0
1790297694,51250,6955,150,0x0
1790297696,49600,6955,150,0x0
1790297698,46850,6957,150,0x0
1790297700,49050,6957,150,0x0
1790297702,49600,6958,150,0x0
1790297704,50150,6958,150,0x0
1790297706,50700,6958,150,0x0
1790297708,50700,6957,150,0x0
1790297710,47400,6958,150,0x0
1790297712,47400,6957,150,0x0
1790297714,49050,6954,150,0x0
1790297716,49600,6960,150,0x0
1790297718,50150,6962,150,0x0
1790297720,50150,6957,150,0x0
1790297722,48500,6957,150,0x0
1790297724,47400,6957,150,0x0
1790297726,49050,6955,150,0x0
1790297728,49600,6960,150,0x0
1790297730,50150,6958,150,0x0
1790297732,49600,6962,150,0x0
1790297734,50150,6960,150,0x0
1790297736,46850,6955,150,0x0
1790297738,47400,6957,150,0x0
1790297740,48500,6957,150,0x0
1790297742,49600,6958,150,0x0
1790297744,49050,6958,150,0x0
1790297746,50150,6955,150,0x0
1790297748,48500,6952,150,0x0
1790297750,46300,6955,150,0x0
1790297752,47400,6957,150,0x0
1790297754,47950,6958,150,0x0
1790297756,50150,6958,150,0x0
1790297758,49600,6957,150,0x0
1790297760,50700,6955,150,0x0
1790297762,46300,6954,150,0x0
1790297764,48500,6957,150,0x0
1790297767,50150,6957,150,0x0
1790297769,50150,6958,150,0x0
1790297771,51250,6957,150,0x0
1790297773,50700,6960,150,0x0
1790297775,47400,6954,150,0x0
1790297777,45200,6954,150,0x0
1790297779,49050,6958,150,0x0
1790297781,50150,6952,150,0x0
1790297783,49600,6955,150,0x0
1790297785,50700,6954,150,0x0
1790297787,50700,6955,150,0x0
1790297789,46300,6950,150,0x0
1790297791,49050,6957,150,0x0
1790297793,49050,6960,150,0x0
1790297795,50150,6955,150,0x0
1790297797,50700,6955,150,0x0
1790297799,50700,6955,150,0x0
1790297801,47950,6954,150,0x0
1790297803,45750,6954,150,0x0
1790297805,49600,6952,150,0x0
1790297807,50150,6957,150,0x0
1790297809,50150,6955,150,0x0
1790297811,50700,6954,150,0x0
1790297813,50150,6955,150,0x0
1790297815,46850,6952,150,0x0
1790297817,48500,6955,150,0x0
1790297819,49600,6958,150,0x0
1790297821,50700,6954,150,0x0
1790297823,50700,6954,150,0x0
1790297825,50700,6958,150,0x0
1790297827,48500,6950,150,0x0
1790297829,46300,6952,150,0x0
1790297831,49600,6958,150,0x0
1790297833,49600,6958,150,0x0
1790297835,49600,6957,150,0x0
1790297837,50700,6958,150,0x0
1790297839,50700,6957,150,0x0
1790297841,46850,6955,150,0x0
1790297843,48500,6952,150,0x0
1790297845,50150,6954,150,0x0
1790297847,50150,6960,150,0x0
1790297849,50700,6955,150,0x0
1790297851,50700,6957,150,0x0
1790297853,48500,6954,150,0x0
1790297855,46300,6950,150,0x0
1790297857,49600,6954,150,0x0
1790297859,50150,6954,150,0x0
1790297861,50150,6957,150,0x0
1790297863,50150,6957,150,0x0
1790297865,50700,6950,150,0x0
1790297867,46850,6952,150,0x0
1790297869,48500,6954,150,0x0
1790297871,49600,6955,150,0x0
1790297873,50150,6955,150,0x0
1790297875,49600,6957,150,0x0
1790297877,51250,6957,150,0x0
1790297879,47950,6950,150,0x0
1790297881,46300,6954,150,0x0
1790297883,49600,6954,150,0x0
1790297885,50150,6954,150,0x0
1790297887,50150,6954,150,0x0
1790297889,50700,6952,150,0x0
1790297891,50700,6955,150,0x0
1790297893,46300,6955,150,0x0
1790297895,47950,6952,150,0x0
1790297897,49050,6954,150,0x0
1790297899,49600,6954,150,0x0
1790297901,50150,6954,150,0x0
1790297903,48500,6954,150,0x0
1790297905,51250,6954,150,0x0
1790297907,50700,6954,150,0x0
1790297909,49050,6954,150,0x0
1790297911,50700,6954,150,0x0
1790297913,50700,6954,150,0x0
1790297915,50150,6952,150,0x0
1790297917,50700,6954,150,0x0
1790297919,50700,6954,150,0x0
1790297921,51250,6952,150,0x0
1790297923,50700,6952,150,0x0
1790297925,47400,6954,150,0x0
1790297927,47400,6950,150,0x0
1790297929,49050,6954,150,0x0
1790297931,49600,6952,150,0x0
1790297933,49050,6954,150,0x0
1790297935,50700,6954,150,0x0
1790297937,50700,6954,150,0x0
1790297939,51250,6954,150,0x0
1790297941,50700,6952,150,0x0
1790297943,51250,6957,150,0x0
1790297945,50700,6947,150,0x0
1790297947,51250,6957,150,0x0
1790297949,51250,6950,150,0x0
1790297951,51800,6952,150,0x0
1790297953,51250,6950,150,0x0
1790297955,51250,6952,150,0x0
1790297957,49050,6950,150,0x0
1790297959,46300,6955,150,0x0
1790297961,49050,6954,150,0x0
1790297963,50700,6954,150,0x0
1790297965,50700,6957,150,0x0
1790297967,50700,6955,150,0x0
1790297969,51250,6952,150,0x0
1790297972,51250,6954,150,0x0
1790297974,50700,6952,150,0x0
1790297976,50700,6952,150,0x0
1790297978,51800,6954,150,0x0
1790297980,51250,6954,150,0x0
1790297982,50150,6954,150,0x0
1790297984,51250,6952,150,0x0
1790297986,50700,6954,150,0x0
1790297988,50700,6954,150,0x0
1790297990,51250,6954,150,0x0
1790297992,47400,6950,150,0x0
1790297994,48500,6954,150,0x0
1790297996,49050,6955,150,0x0
1790297998,49050,6952,150,0x0
1790298000,49600,6954,150,0x0
1790298002,49600,6952,150,0x0
1790298004,49050,6952,150,0x0
1790298006,45750,6954,150,0x0
1790298008,48500,6952,150,0x0
1790298010,49050,6952,150,0x0
1790298012,48500,6954,150,0x0
1790298014,49600,6954,150,0x0
1790298016,48500,6952,150,0x0
1790298018,46850,6950,150,0x0
1790298020,47400,6952,150,0x0
1790298022,48500,6950,150,0x0
1790298024,48500,6950,150,0x0
1790298026,49050,6955,150,0x0
1790298028,49050,6950,150,0x0
1790298030,47400,6950,150,0x0
1790298032,45200,6697,100,0x0
1790298034,46850,4979,100,0x0
1790298036,46850,4965,100,0x0
1790298038,49050,4952,100,0x0
1790298040,49050,4941,100,0x0
1790298042,49050,4932,100,0x0
1790298044,46300,4918,100,0x0
1790298046,46850,4908,100,0x0
1790298048,47950,4894,100,0x0
1790298050,47950,4889,100,0x0
1790298052,47950,4882,100,0x0
1790298054,49050,4870,100,0x0
1790298056,46850,4862,100,0x0
1790298058,45750,4857,100,0x0
1790298060,47400,4852,100,0x0
1790298062,47950,4839,100,0x0
1790298064,47950,4830,100,0x0
1790298066,49600,4830,100,0x0
1790298068,49050,4828,100,0x0
1790298070,46300,4821,100,0x0
1790298072,47950,4816,100,0x0
1790298074,49050,4803,100,0x0
1790298076,49050,4801,100,0x0
1790298078,49050,4805,100,0x0
1790298080,49050,4804,100,0x0
1790298082,47400,4801,100,0x0
1790298084,46850,4794,100,0x0
1790298086,47950,4787,100,0x0
1790298088,48500,4783,100,0x0
1790298090,49050,4785,100,0x0
1790298092,49600,4789,100,0x0
1790298094,49600,6650,150,0x0
1790298096,46300,6767,150,0x0
1790298098,46850,6773,150,0x0
1790298100,49050,6793,150,0x0
1790298102,49050,6805,150,0x0
1790298104,49050,6810,150,0x0
1790298106,49600,6830,150,0x0
1790298108,47400,6838,150,0x0
1790298110,45750,6850,150,0x0
1790298112,47400,6860,150,0x0
1790298114,47950,6869,150,0x0
1790298116,49050,6880,150,0x0
1790298118,49050,6880,150,0x0
1790298120,48500,6885,150,0x0
1790298122,45750,6891,150,0x0
1790298124,47400,6898,150,0x0
1790298126,48500,6898,150,0x0
1790298128,49050,6906,150,0x0
1790298130,51250,6909,150,0x0
1790298132,50700,6915,150,0x0
1790298134,50700,6918,150,0x0
1790298136,50150,6914,150,0x0
1790298138,50150,6920,150,0x0
1790298140,49600,6923,150,0x0
1790298142,50700,6926,150,0x0
1790298144,51250,6928,150,0x0
1790298146,51800,6930,150,0x0
1790298148,51800,6931,150,0x0
1790298150,50700,6933,150,0x0
1790298152,51250,6936,150,0x0
1790298155,51800,6936,150,0x0
1790298157,51800,6936,150,0x0
1790298159,51250,6939,150,0x0
1790298161,51800,6941,150,0x0
1790298163,52350,6939,150,0x0
1790298165,51250,6939,150,0x0
1790298167,50700,6941,150,0x0
1790298169,51250,6942,150,0x0
1790298171,51800,6946,150,0x0
1790298173,52350,6946,150,0x0
1790298175,51250,6942,150,0x0
1790298177,51800,6942,150,0x0
1790298179,51800,6949,150,0x0
1790298181,52900,6949,150,0x0
1790298183,52350,6947,150,0x0
1790298185,47400,6944,150,0x0
1790298187,49600,6947,150,0x0
1790298189,50150,6947,150,0x0
1790298191,50700,6949,150,0x0
1790298193,51800,6947,150,0x0
1790298195,51800,6952,150,0x0
1790298197,51800,6950,150,0x0
1790298199,51250,6949,150,0x0
1790298201,52350,6954,150,0x0
1790298203,51800,6949,150,0x0
1790298205,52350,6952,150,0x0
1790298207,52350,6952,150,0x0
1790298209,52900,6952,150,0x0
1790298211,52350,6952,150,0x0
1790298213,52350,6950,150,0x0
1790298215,51800,6949,150,0x0
1790298217,52350,6954,150,0x0
1790298219,50700,6949,150,0x0
1790298221,52350,6954,150,0x0
1790298223,52350,6949,150,0x0
1790298225,52350,6952,150,0x0
1790298227,52350,6954,150,0x0
1790298229,52900,6954,150,0x0
1790298231,51800,6954,150,0x0
1790298233,52900,6952,150,0x0
1790298235,52350,6952,150,0x0
1790298237,53450,6954,150,0x0
1790298239,52900,6957,150,0x0
1790298241,52900,6954,150,0x0
1790298243,51250,6954,150,0x0
1790298245,51250,6954,150,0x0
1790298247,49600,6950,150,0x0
1790298249,48500,6952,150,0x0
1790298251,50150,6954,150,0x0
1790298253,50700,6952,150,0x0
1790298255,51800,6952,150,0x0
1790298257,52350,6958,150,0x0
1790298259,52350,6957,150,0x0
1790298261,52350,6957,150,0x0
1790298263,51800,6957,150,0x0
1790298265,52350,6957,150,0x0
1790298267,52900,6957,150,0x0
1790298269,52350,6958,150,0x0
1790298271,52350,6958,150,0x0
1790298273,52350,6957,150,0x0
1790298275,52900,6958,150,0x0
1790298277,52350,6957,150,0x0
1790298279,52900,6957,150,0x0
1790298281,53450,6957,150,0x0
1790298283,52350,6958,150,0x0
1790298285,52350,6955,150,0x0
1790298287,51250,6958,150,0x0
1790298289,51800,6958,150,0x0
1790298291,51800,6962,150,0x0
1790298293,53450,6958,150,0x0
1790298295,52900,6958,150,0x0
1790298297,52900,6962,150,0x0
1790298299,52900,6955,150,0x0
1790298301,52350,6955,150,0x0
1790298303,53450,6958,150,0x0
1790298305,53450,6960,150,0x0
1790298307,52350,6958,150,0x0
1790298309,51800,6960,150,0x0
1790298311,47950,6955,150,0x0
1790298313,50150,6955,150,0x0
1790298315,51800,6958,150,0x0
1790298317,51800,6960,150,0x0
1790298320,52900,6958,150,0x0
1790298322,52350,6958,150,0x0
1790298324,53450,6962,150,0x0
1790298326,52350,6960,150,0x0
1790298328,52350,6960,150,0x0
1790298330,52350,6963,150,0x0
1790298332,53450,6958,150,0x0
1790298334,52900,6960,150,0x0
1790298336,52350,6962,150,0x0
1790298338,52900,6963,150,0x0
1790298340,53450,6960,150,0x0
1790298342,53450,6960,150,0x0
1790298344,52900,6960,150,0x0
1790298346,52900,6962,150,0x0
1790298348,53450,6960,150,0x0
1790298350,52900,6958,150,0x0
1790298352,51250,6960,150,0x0
1790298354,53450,6965,150,0x0
1790298356,52350,6960,150,0x0
1790298358,51800,6962,150,0x0
1790298360,52900,6960,150,0x0
1790298362,52900,6963,150,0x0
1790298364,52900,6960,150,0x0
1790298366,53450,6962,150,0x0
1790298368,52350,6960,150,0x0
1790298370,54000,6960,150,0x0
1790298372,53450,6963,150,0x0
1790298374,49600,6960,150,0x0
1790298376,50150,6957,150,0x0
1790298378,52900,6963,150,0x0
1790298380,52350,6965,150,0x0
1790298382,52350,6968,150,0x0
1790298384,52900,6967,150,0x0
1790298386,52350,6965,150,0x0
1790298388,52900,6962,150,0x0
1790298390,52350,6963,150,0x0
1790298392,52900,6965,150,0x0
1790298394,52900,6963,150,0x0
1790298396,52900,6965,150,0x0
1790298398,53450,6963,150,0x0
1790298400,53450,6963,150,0x0
1790298402,53450,6963,150,0x0
1790298404,52900,6965,150,0x0
1790298406,53450,6968,150,0x0
1790298408,52350,6965,150,0x0
1790298410,53450,6962,150,0x0
1790298412,53450,6965,150,0x0
1790298414,52900,6965,150,0x0
1790298416,53450,6965,150,0x0
1790298418,54000,6963,150,0x0
1790298420,53450,6963,150,0x0
1790298422,54000,6963,150,0x0
1790298424,54000,6965,150,0x0
1790298426,54550,6967,150,0x0
1790298428,53450,6970,150,0x0
1790298430,53450,6970,150,0x0
1790298432,53450,6965,150,0x0
1790298434,53450,6965,150,0x0
1790298436,50700,6960,150,0x0
1790298438,48500,6963,150,0x0
1790298440,51800,6965,150,0x0
1790298442,52900,6965,150,0x0
1790298444,52350,6968,150,0x0
1790298446,53450,6967,150,0x0
1790298448,52900,6965,150,0x0
1790298450,52900,6967,150,0x0
1790298452,53450,6967,150,0x0
1790298455,52900,6963,150,0x0
1790298457,52900,6963,150,0x0
1790298459,53450,6962,150,0x0
1790298461,53450,6965,150,0x0
1790298463,52900,6965,150,0x0
1790298465,52900,6965,150,0x0
1790298467,53450,6965,150,0x0
1790298469,52900,6968,150,0x0
1790298471,52350,6967,150,0x0
1790298473,53450,6968,150,0x0
1790298475,53450,6970,150,0x0
1790298477,52900,6968,150,0x0
1790298479,54000,6968,150,0x0
1790298481,53450,6963,150,0x0
1790298483,52900,6970,150,0x0
1790298485,54000,6967,150,0x0
1790298487,51800,6967,150,0x0
1790298489,53450,6963,150,0x0
1790298491,53450,6967,150,0x0
1790298493,53450,6963,150,0x0
1790298495,52900,6970,150,0x0
1790298497,53450,6967,150,0x0
1790298499,53450,6965,150,0x0
1790298501,49050,6962,150,0x0
1790298503,47950,6960,150,0x0
1790298505,46300,6962,150,0x0
1790298507,45750,6958,150,0x0
1790298509,45750,6957,150,0x0
1790298511,45750,6958,100,0x0
1790298513,44650,4995,100,0x0
1790298515,44100,4970,100,0x0
1790298517,44100,4961,100,0x0
1790298519,44100,4950,100,0x0
1790298521,43000,4945,100,0x0
1790298523,43550,4931,100,0x0
1790298525,44650,4922,100,0x0
1790298527,44650,4906,100,0x0
1790298529,44650,4899,100,0x0
1790298531,43550,4893,100,0x0
1790298533,43550,4877,100,0x0
1790298535,43000,4876,100,0x0
1790298537,41900,4870,100,0x0
1790298539,41900,4861,100,0x0
1790298541,42450,4850,100,0x0
1790298543,42450,4845,100,0x0
1790298545,42450,4843,100,0x0
1790298547,42450,4837,100,0x0
1790298549,41350,4827,100,0x0
1790298551,41350,4822,100,0x0
1790298553,41900,4823,100,0x0
1790298555,41350,4820,100,0x0
1790298557,41350,4808,100,0x0
1790298559,41350,4804,100,0x0
1790298561,41350,4806,100,0x0
1790298578,45750,4950,100,0x0
1790298580,45750,4872,100,0x0
1790298582,43550,4853,100,0x0
1790298584,41900,4836,100,0x0
1790298586,43000,4828,100,0x0
1790298588,43550,4823,100,0x0
1790298590,43000,4809,100,0x0
1790298592,43000,4803,100,0x0
1790298594,43000,4803,100,0x0
1790298596,42450,4803,100,0x0
1790298598,43000,4793,100,0x0
1790298600,43550,4783,100,0x0
1790298602,42450,4786,100,0x0
1790298604,43000,4783,100,0x0
1790298606,42450,4779,100,0x0
1790298608,41900,4773,100,0x0
1790298610,41900,4776,100,0x0
1790298612,42450,4774,100,0x0
1790298614,43000,4771,100,0x0
1790298616,41900,4761,100,0x0
1790298618,40800,4761,100,0x0
1790298620,41900,4764,100,0x0
1790298622,43000,4765,100,0x0
1790298624,41900,4757,100,0x0
1790298626,42450,4755,100,0x0
1790298628,41900,4752,100,0x0
1790298630,41900,4756,100,0x0
1790298632,40800,4750,100,0x0
1790298634,41350,4744,100,0x0
1790298636,40800,4743,100,0x0
1790298638,40800,4746,100,0x0
1790298640,40800,4748,100,0x0
1790298642,40800,4746,100,0x0
1790298644,40250,4743,100,0x0
1790298646,40800,4740,100,0x0
1790298648,40250,4746,100,0x0
1790298650,39700,4747,100,0x0
1790298652,39700,4744,100,0x0
1790298654,40250,4746,100,0x0
1790298656,40250,4740,100,0x0
1790298658,41350,4737,100,0x0
1790298660,40250,4740,100,0x0
1790298662,39700,4740,100,0x0
1790298664,39700,4741,100,0x0
1790298666,39700,4740,100,0x0
1790298668,39150,4732,100,0x0
1790298670,39700,4728,100,0x0
1790298672,39150,4732,100,0x0
1790298674,39700,4737,100,0x0
1790298676,38600,4734,100,0x0
1790298678,39700,4737,100,0x0
1790298680,39700,4735,100,0x0
1790298682,39150,4728,100,0x0
1790298684,38600,4724,100,0x0
1790298686,39150,4725,100,0x0
1790298688,39700,4731,100,0x0
1790298690,38050,4732,100,0x0
1790298692,38600,4731,100,0x0
1790298694,38600,4728,100,0x0
1790298696,39150,4721,100,0x0
1790298698,38600,4722,100,0x0
1790298700,39700,4728,100,0x0
1790298702,39150,4728,100,0x0
1790298704,39150,4725,100,0x0
1790298706,38600,4726,100,0x0
1790298708,38600,4720,100,0x0
1790298710,38600,4716,100,0x0
1790298712,38600,4719,100,0x0
1790298714,38600,4723,100,0x0
1790298716,38600,4722,100,0x0
1790298718,38600,4722,100,0x0
1790298720,38050,4720,100,0x0
1790298722,38050,4714,100,0x0
1790298724,38050,4711,100,0x0
1790298726,38050,4715,100,0x0
1790298728,38600,4717,100,0x0
1790298731,38050,4717,100,0x0
1790298733,38600,4717,100,0x0
1790298735,38600,4714,100,0x0
1790298737,38050,4705,100,0x0
1790298739,38050,4705,100,0x0
1790298741,37500,4705,100,0x0
1790298743,38050,4709,100,0x0
1790298745,38050,4711,100,0x0
1790298747,38050,4711,100,0x0
1790298749,38050,4711,100,0x0
1790298751,36950,4708,100,0x0
1790298753,37500,4700,100,0x0
1790298755,38050,4698,100,0x0
1790298757,37500,4697,100,0x0
1790298759,37500,4703,100,0x0
1790298761,37500,4704,100,0x0
1790298763,37500,4703,100,0x0
1790298765,38050,4704,100,0x0
1790298767,37500,4704,100,0x0
1790298769,37500,4696,100,0x0
1790298771,38050,4690,100,0x0
1790298773,37500,4697,100,0x0
1790298775,37500,4698,100,0x0
1790298777,37500,4699,100,0x0
1790298779,37500,4697,100,0x0
1790298781,36950,4697,100,0x0
1790298783,37500,4691,100,0x0
1790298785,38050,4686,100,0x0
1790298787,36400,4689,100,0x0
1790298789,37500,4694,100,0x0
1790298791,36950,4695,100,0x0
1790298793,36950,4693,100,0x0
1790298795,36950,4694,100,0x0
1790298797,36400,4690,100,0x0
1790298799,36950,4683,100,0x0
1790298801,37500,4682,100,0x0
1790298803,36400,4688,100,0x0
1790298805,36950,4691,100,0x0
1790298807,37500,4692,100,0x0
1790298809,35850,4689,100,0x0
1790298811,37500,4693,100,0x0
1790298813,36950,4688,100,0x0
1790298815,36950,4688,100,0x0
1790298817,37500,4682,100,0x0
1790298819,36400,4682,100,0x0
1790298821,37500,4683,100,0x0
1790298823,35850,4687,100,0x0
1790298825,36400,4686,100,0x0
1790298827,36950,4685,100,0x0
1790298829,36950,4686,100,0x0
1790298831,36950,4687,100,0x0
1790298833,36400,4677,100,0x0
1790298835,36950,4675,100,0x0
1790298837,36950,4675,100,0x0
1790298839,36950,4680,100,0x0
1790298841,36950,4680,100,0x0
1790298843,36950,4682,100,0x0
1790298845,36400,4683,100,0x0
1790298847,36400,4680,100,0x0
1790298849,36400,4677,100,0x0
1790298851,36950,4671,100,0x0
1790298853,36400,4671,100,0x0
1790298855,36400,4675,100,0x0
1790298857,36400,4677,100,0x0
1790298859,35850,4676,100,0x0
1790298861,36950,4677,100,0x0
1790298863,36400,4677,100,0x0
1790298865,35850,4672,100,0x0
1790298867,36400,4667,100,0x0
1790298869,35850,4664,100,0x0
1790298871,36400,4673,100,0x0
1790298873,36400,4675,100,0x0
1790298875,35850,4677,100,0x0
1790298877,36400,4675,100,0x0
1790298879,35850,4674,100,0x0
1790298881,35850,4672,100,0x0
1790298883,36400,4664,100,0x0
1790298885,36950,4665,100,0x0
1790298887,35300,4671,100,0x0
1790298889,36400,4675,100,0x0
1790298891,35850,4671,100,0x0
1790298893,36400,4673,100,0x0
1790298895,36400,4672,100,0x0
1790298897,36400,4672,100,0x0
1790298899,36400,4666,100,0x0
1790298901,36400,4662,100,0x0
1790298903,35850,4663,100,0x0
1790298905,35850,4668,100,0x0
1790298907,36400,4671,100,0x0
1790298909,36400,4672,100,0x0
1790298911,35850,4671,100,0x0
1790298913,36400,4670,100,0x0
1790298915,35850,4671,100,0x0
1790298917,35850,4667,100,0x0
1790298919,35850,0,0,0x0
1790298921,34750,0,0,0x0
1790298923,35300,0,0,0x0
1790298926,35850,0,0,0x0
1790298928,36400,0,0,0x0
1790298930,38050,0,0,0x0
1790298932,36400,0,0,0x0
1790298934,36400,0,0,0x0
1790298936,35850,0,0,0x0
1790298938,36950,0,0,0x0
1790298940,36400,0,0,0x0
1790298942,36950,0,0,0x0
1790298944,36950,0,0,0x0
1790298946,36400,0,0,0x0
1790298948,35850,0,0,0x0
1790298950,37500,0,0,0x0
1790298952,35850,0,0,0x0
1790298954,36400,0,0,0x0
1790298956,36950,0,0,0x0
1790298958,36950,0,0,0x0
1790298960,36950,0,0,0x0
1790298962,37500,0,0,0x0
1790298964,36950,0,0,0x0
1790298966,36950,0,0,0x0
1790298968,37500,0,0,0x0
1790298970,38600,0,0,0x0
1790298972,38050,0,0,0x0
1790298974,37500,0,0,0x0
1790298976,37500,0,0,0x0
1790298978,37500,0,0,0x0
1790298980,36950,0,0,0x0
1790298982,37500,0,0,0x0
1790298984,36950,0,0,0x0
1790298986,37500,0,0,0x0
1790298988,36950,0,0,0x0
1790298990,36400,0,0,0x0
1790298992,37500,0,0,0x0
1790298994,37500,0,0,0x0
1790298996,37500,0,0,0x0
1790298998,38050,0,0,0x0
1790299000,39150,0,0,0x0
1790299002,38050,0,0,0x0
1790299004,38050,0,0,0x0
1790299006,38050,0,0,0x0
1790299008,36950,0,0,0x0
1790299010,37500,0,0,0x0
1790299012,38050,0,0,0x0
1790299014,38050,0,0,0x0
1790299016,38050,0,0,0x0
1790299018,38050,0,0,0x0
1790299020,38050,0,0,0x0
1790299022,38600,0,0,0x0
1790299024,38050,0,0,0x0
1790299026,38600,0,0,0x0
1790299028,38600,0,0,0x0
1790299030,38600,0,0,0x0
1790299032,37500,0,0,0x0
1790299034,38050,0,0,0x0
1790299036,38600,0,0,0x0
1790299038,38600,0,0,0x0
1790299040,38600,0,0,0x0
1790299042,38050,0,0,0x0
1790299044,38600,0,0,0x0
1790299046,38600,0,0,0x0
1790299048,38600,0,0,0x0
1790299050,39150,0,0,0x0
1790299052,39150,0,0,0x0
1790299054,38600,0,0,0x0
1790299056,38600,0,0,0x0
1790299058,38050,0,0,0x0
1790299060,38600,0,0,0x0
1790299062,38600,0,0,0x0
1790299064,38050,0,0,0x0
1790299066,39700,0,0,0x0
1790299068,38600,0,0,0x0
1790299070,39150,0,0,0x0
1790299072,38600,0,0,0x0
1790299074,39700,0,0,0x0
1790299076,39150,0,0,0x0
1790299078,39150,0,0,0x0
1790299080,39150,0,0,0x0
1790299082,39150,0,0,0x0
1790299084,38050,0,0,0x0
1790299086,39150,5,100,0x0
1790299088,38050,3905,100,0x0
1790299090,38600,3898,100,0x0
1790299092,38600,3909,100,0x0
1790299094,39150,3944,100,0x0
1790299096,39150,3985,100,0x0
1790299098,39150,4033,100,0x0
1790299100,38600,4081,100,0x0
1790299102,38600,4128,100,0x0
1790299104,38600,4174,100,0x0
1790299106,39150,4216,100,0x0
1790299108,38050,4255,100,0x0
1790299110,37500,4294,100,0x0
1790299112,38600,4325,100,0x0
1790299114,39150,4354,100,0x0
1790299116,38050,4381,100,0x0
1790299118,38600,4411,100,0x0
1790299120,38050,4435,100,0x0
1790299122,37500,4452,100,0x0
1790299125,38050,4469,100,0x0
1790299127,38050,4486,100,0x0
1790299129,38600,4501,100,0x0
1790299131,37500,4507,100,0x0
1790299133,38050,4516,100,0x0
1790299135,37500,4527,100,0x0
1790299137,37500,4538,100,0x0
1790299139,37500,4551,100,0x0
1790299141,37500,4569,100,0x0
1790299143,38050,4579,100,0x0
1790299145,36950,4586,100,0x0
1790299147,36400,4594,100,0x0
1790299149,37500,4601,100,0x0
1790299151,38050,4610,100,0x0
1790299153,37500,4615,100,0x0
1790299155,38600,4620,100,0x0
1790299157,36950,4624,100,0x0
1790299159,38050,4630,100,0x0
1790299161,37500,4623,100,0x0
1790299163,36950,4625,100,0x0
1790299165,37500,4626,100,0x0
1790299167,37500,4633,100,0x0
1790299169,36950,4641,100,0x0
1790299171,36950,4645,100,0x0
1790299173,35850,4649,100,0x0
1790299175,37500,4649,100,0x0
1790299177,36950,4653,100,0x0
1790299179,35850,4654,100,0x0
1790299181,36400,4658,100,0x0
1790299183,36950,4659,100,0x0
1790299185,35850,4658,100,0x0
1790299187,37500,4658,100,0x0
1790299189,36950,4651,100,0x0
1790299191,36400,4649,100,0x0
1790299193,36950,4649,100,0x0
1790299195,36400,4654,100,0x0
1790299197,36950,4658,100,0x0
1790299199,36400,4661,100,0x0
1790299201,36950,4660,100,0x0
1790299203,36400,4665,100,0x0
1790299205,36400,4666,100,0x0
1790299207,36950,4665,100,0x0
1790299209,36400,4668,100,0x0
1790299211,36950,4668,100,0x0
1790299213,36950,4669,100,0x0
1790299215,36400,4672,100,0x0
1790299217,35850,4673,100,0x0
1790299219,36400,4676,100,0x0
1790299221,36400,4680,100,0x0
1790299223,35850,4683,100,0x0
1790299225,36400,4683,100,0x0
1790299227,36400,4683,100,0x0
1790299229,36950,4683,100,0x0
1790299231,35850,4684,100,0x0
1790299233,35850,4683,100,0x0
1790299235,35300,4683,100,0x0
1790299237,36400,4684,100,0x0
1790299239,36400,4685,100,0x0
1790299241,36400,4684,100,0x0
1790299243,36950,4684,100,0x0
1790299245,36400,4684,100,0x0
1790299247,36400,4684,100,0x0
1790299249,35850,4686,100,0x0
1790299251,36400,0,0,0x0
1790299253,35850,0,0,0x0
1790299255,35850,0,0,0x0
1790299257,36400,0,0,0x0
1790299259,36950,0,0,0x0
1790299261,35850,0,0,0x0
1790299263,35850,0,0,0x0
1790299265,36400,0,0,0x0
1790299267,35850,0,0,0x0
1790299269,35850,0,0,0x0
1790299271,36400,0,0,0x0
1790299273,36400,0,0,0x0
1790299275,36950,0,0,0x0
1790299277,36400,0,0,0x0
1790299279,36950,0,0,0x0
1790299281,36950,0,0,0x0
1790299283,37500,0,0,0x0
1790299285,36400,0,0,0x0
1790299287,36400,0,0,0x0
1790299289,36950,0,0,0x0
1790299291,36400,0,0,0x0
1790299293,36950,0,0,0x0
1790299295,36950,0,0,0x0
1790299297,37500,0,0,0x0
1790299299,36950,0,0,0x0
1790299301,36950,0,0,0x0
1790299303,37500,0,0,0x0
1790299305,36950,0,0,0x0
1790299307,36400,0,0,0x0
1790299309,36400,0,0,0x0
1790299311,36950,0,0,0x0
1790299313,37500,0,0,0x0
1790299316,36950,0,0,0x0
1790299318,37500,0,0,0x0
1790299320,38050,0,0,0x0
1790299322,36950,0,0,0x0
1790299324,37500,0,0,0x0
1790299326,38050,0,0,0x0
1790299328,38050,0,0,0x0
1790299330,37500,0,0,0x0
1790299332,37500,0,0,0x0
1790299334,37500,0,0,0x0
1790299336,38050,0,0,0x0
1790299338,38050,0,0,0x0
1790299340,37500,0,0,0x0
1790299342,37500,0,0,0x0
1790299344,38050,0,0,0x0
1790299346,38050,0,0,0x0
1790299348,37500,0,0,0x0
1790299350,38050,0,0,0x0
1790299352,38050,0,0,0x0
1790299354,38600,0,0,0x0
1790299356,37500,0,0,0x0
1790299358,38050,0,0,0x0
1790299360,37500,0,0,0x0
1790299362,38050,0,0,0x0
1790299364,38050,0,0,0x0
1790299366,38600,0,0,0x0
1790299368,38600,0,0,0x0
1790299370,38600,0,0,0x0
1790299372,38600,0,0,0x0
1790299374,38050,0,0,0x0
1790299376,38050,0,0,0x0
1790299378,38050,0,0,0x0
1790299380,38600,0,0,0x0
1790299382,38600,0,0,0x0
1790299384,38600,0,0,0x0
1790299386,38050,0,0,0x0
1790299388,38050,0,0,0x0
1790299390,38600,0,0,0x0
1790299392,38600,0,0,0x0
1790299394,38050,0,0,0x0
1790299396,39150,0,0,0x0
1790299398,38600,0,0,0x0
1790299400,38600,0,0,0x0
1790299402,38600,0,0,0x0
1790299404,39150,0,0,0x0
1790299406,38600,0,0,0x0
1790299408,38600,0,0,0x0
1790299410,38600,0,0,0x0
1790299412,38600,0,0,0x0
1790299414,37500,0,0,0x0
1790299416,39150,0,0,0x0
1790299418,39700,3907,100,0x0
1790299420,38050,3966,100,0x0
1790299422,39150,3933,100,0x0
1790299424,39150,3956,100,0x0
1790299426,38600,3985,100,0x0
1790299428,38600,4024,100,0x0
1790299430,39150,4067,100,0x0
1790299432,38050,4106,100,0x0
1790299434,38600,4144,100,0x0
1790299436,38050,4183,100,0x0
1790299438,38600,4222,100,0x0
1790299440,38050,4258,100,0x0
1790299442,37500,4289,100,0x0
1790299444,38600,4319,100,0x0
1790299446,38050,4348,100,0x0
1790299448,38600,4371,100,0x0
1790299450,38600,4395,100,0x0
1790299452,38600,4415,100,0x0
1790299454,38600,4433,100,0x0
1790299456,38050,4449,100,0x0
1790299458,37500,4458,100,0x0
1790299460,37500,4471,100,0x0
1790299462,38050,4487,100,0x0
1790299464,37500,4500,100,0x0
1790299466,37500,4518,100,0x0
1790299468,37500,4531,100,0x0
1790299470,38050,4539,100,0x0
1790299472,38600,4547,100,0x0
1790299474,37500,4557,100,0x0
1790299476,38050,4563,100,0x0
1790299478,38600,4570,100,0x0
1790299480,38600,4578,100,0x0
1790299482,38050,4582,100,0x0
1790299484,38050,4579,100,0x0
1790299486,37500,4583,100,0x0
1790299488,38050,4588,100,0x0
1790299490,37500,4599,100,0x0
1790299493,37500,4606,100,0x0
1790299495,36950,4609,100,0x0
1790299497,37500,4613,100,0x0
1790299499,37500,4615,100,0x0
1790299501,36950,4618,100,0x0
1790299503,36950,4622,100,0x0
1790299505,36950,4626,100,0x0
1790299507,35850,4626,100,0x0
1790299509,36950,4631,100,0x0
1790299511,35850,4631,100,0x0
1790299513,35850,4636,100,0x0
1790299515,36400,4636,100,0x0
1790299517,36400,4631,100,0x0
1790299519,36400,4627,100,0x0
1790299521,37500,4627,100,0x0
1790299523,35850,4632,100,0x0
1790299525,36400,4639,100,0x0
1790299527,35850,4641,100,0x0
1790299529,36400,4641,100,0x0
1790299531,35300,4645,100,0x0
1790299533,36400,4645,100,0x0
1790299535,36950,4646,100,0x0
1790299537,36400,4646,100,0x0
1790299539,35850,4652,100,0x0
1790299541,36400,4651,100,0x0
1790299543,36400,4651,100,0x0
1790299545,36950,4652,100,0x0
1790299547,36400,4654,100,0x0
1790299549,36400,4656,100,0x0
1790299551,36400,4656,100,0x0
1790299553,35850,4662,100,0x0
1790299555,35850,4663,100,0x0
1790299557,38050,4667,100,0x0
1790299559,41350,4669,100,0x0
1790299561,40800,4670,100,0x0
1790299563,42450,4664,100,0x0
1790299565,41900,4656,100,0x0
1790299567,41900,4655,100,0x0
1790299569,44100,4653,100,0x0
1790299571,43550,4651,100,0x0
1790299573,43550,4656,100,0x0
1790299575,43550,4658,100,0x0
1790299577,43550,4660,100,0x0
1790299579,44100,4659,100,0x0
1790299582,44650,4662,100,0x0
1790299584,45200,4662,100,0x0
1790299586,45200,4662,100,0x0
1790299588,45200,4665,100,0x0
1790299590,43550,4666,100,0x0
1790299592,44100,4668,100,0x0
1790299594,45750,4667,100,0x0
1790299596,45200,4669,100,0x0
1790299598,45200,4669,100,0x0
1790299600,45200,4673,100,0x0
1790299602,45200,4674,100,0x0
1790299604,46300,4675,100,0x0
1790299606,46300,4677,100,0x0
1790299608,45200,4679,100,0x0
1790299610,47400,4681,100,0x0
1790299612,46850,4682,100,0x0
1790299614,46850,4682,100,0x0
1790299616,45200,4683,100,0x0
1790299618,45750,4685,100,0x0
1790299620,46850,4686,100,0x0
1790299623,46850,4688,100,0x0
1790299625,47400,4686,100,0x0
1790299627,47950,4686,100,0x0
1790299629,48500,4672,100,0x0
1790299631,48500,4671,100,0x0
1790299633,47400,4668,100,0x0
1790299635,49050,4672,100,0x0
1790299637,48500,4675,100,0x0
1790299639,49600,4679,100,0x0
1790299641,49050,4682,100,0x0
1790299643,49050,4684,100,0x0
1790299645,49050,4686,100,0x0
1790299647,49050,4685,100,0x0
1790299649,49600,4687,100,0x0
1790299651,49600,4693,100,0x0
1790299653,49600,4696,100,0x0
1790299655,49600,4697,150,0x0
1790299657,49600,6678,150,0x0
1790299659,50150,6681,150,0x0
1790299661,50150,6694,150,0x0
1790299664,50150,6715,150,0x0
1790299666,50150,6734,150,0x0
1790299668,49600,6749,150,0x0
1790299670,50150,6759,150,0x0
1790299672,49600,6775,150,0x0
1790299674,49600,6788,150,0x0
1790299676,50150,6801,150,0x0
1790299678,50150,6811,150,0x0
1790299680,46300,6818,150,0x0
1790299682,49600,6832,150,0x0
1790299684,51250,6836,150,0x0
1790299686,50700,6841,150,0x0
1790299688,51800,6847,150,0x0
1790299690,51800,6860,150,0x0
1790299692,52350,6861,150,0x0
1790299694,51800,6864,150,0x0
1790299696,49600,6871,150,0x0
1790299698,52350,6874,150,0x0
1790299700,51250,6876,150,0x0
1790299702,51800,6883,150,0x0
1790299704,52350,6887,150,0x0
1790299706,51800,6887,150,0x0
1790299708,52350,6888,150,0x0
1790299710,52350,6891,150,0x0
1790299712,52900,6896,150,0x0
1790299714,52350,6898,150,0x0
1790299716,51800,6894,150,0x0
1790299718,52900,6901,150,0x0
1790299720,52900,6904,150,0x0
1790299722,52350,6906,150,0x0
1790299724,51800,6910,150,0x0
1790299726,52350,6907,150,0x0
1790299728,52350,6914,150,0x0
1790299730,52350,6909,150,0x0
1790299732,52900,6910,150,0x0
1790299734,52900,6910,150,0x0
1790299736,53450,6912,150,0x0
1790299738,52350,6917,150,0x0
1790299740,51800,6917,150,0x0
1790299742,50150,6910,150,0x0
1790299744,50150,6918,150,0x0
1790299746,49600,6914,150,0x0
1790299749,51250,6917,150,0x0
1790299751,51250,6917,150,0x0
1790299753,51250,6923,150,0x0
1790299755,51800,6918,150,0x0
1790299757,50150,6920,150,0x0
1790299759,52900,6918,150,0x0
1790299761,51800,6925,150,0x0
1790299763,51800,6923,150,0x0
1790299765,51800,6922,150,0x0
1790299767,51250,6925,150,0x0
1790299769,50700,6925,150,0x0
1790299771,51800,6923,150,0x0
1790299773,51250,6925,150,0x0
1790299775,51800,6923,150,0x0
1790299778,50700,6926,150,0x0
1790299780,51250,6925,150,0x0
1790299782,50700,6923,150,0x0
1790299784,51800,6930,150,0x0
1790299786,51800,6926,150,0x0
1790299788,50700,6926,150,0x0
1790299790,50700,6926,150,0x0
1790299792,50700,6926,150,0x0
1790299794,51800,6923,150,0x0
1790299796,51800,6926,150,0x0
1790299798,51250,6925,150,0x0
1790299800,51250,6926,150,0x0
1790299802,50700,6930,150,0x0
1790299804,48500,6922,150,0x0
1790299806,48500,6928,150,0x0
1790299808,47950,6930,150,0x0
1790299810,47950,6926,150,0x0
1790299812,47950,6926,150,0x0
1790299814,47400,6925,150,0x0
1790299816,47400,6930,150,0x0
1790299818,46850,6925,150,0x0
1790299820,47950,6928,150,0x0
1790299822,46850,6928,150,0x0
1790299824,46850,6928,150,0x0
1790299826,47950,6930,150,0x0
1790299828,46300,6930,150,0x0
1790299830,46850,6926,150,0x0
1790299832,45750,6928,150,0x0
1790299834,45750,6926,150,0x0
1790299836,46850,6923,150,0x0
1790299838,46300,6928,150,0x0
1790299840,46300,6931,150,0x0
1790299842,45750,6933,150,0x0
1790299844,44650,6926,150,0x0
1790299846,46300,6931,150,0x0
1790299848,46300,6928,150,0x0
1790299850,45750,6933,150,0x0
1790299853,45750,6923,150,0x0
1790299855,44650,6926,150,0x0
1790299857,45750,6930,150,0x0
1790299859,45750,6925,150,0x0
1790299861,45750,6930,150,0x0
1790299863,45750,6928,150,0x0
1790299865,44100,6923,150,0x0
1790299867,44100,5043,100,0x0
1790299869,43000,4953,100,0x0
1790299871,43550,4949,100,0x0
1790299873,42450,4940,100,0x0
1790299875,41900,4932,100,0x0
1790299877,41900,4927,100,0x0
1790299879,41350,4922,100,0x0
1790299881,41900,4916,100,0x0
1790299883,40800,4910,100,0x0
1790299885,40250,4905,100,0x0
1790299887,40800,4901,100,0x0
1790299889,40800,4904,100,0x0
1790299891,40800,4902,100,0x0
1790299893,40800,4901,100,0x0
1790299895,40250,4897,100,0x0
1790299897,40250,4894,100,0x0
1790299899,39700,4893,100,0x0
1790299901,40250,4897,100,0x0
1790299903,40250,4893,100,0x0
1790299905,40250,4891,100,0x0
1790299907,39700,4890,100,0x0
1790299909,39700,4890,100,0x0
1790299911,40250,4891,100,0x0
1790299913,40250,4892,100,0x0
1790299915,40250,4893,100,0x0
1790299917,38600,4893,100,0x0
1790299919,38600,4891,100,0x0
1790299921,41350,4887,100,0x0
1790299923,39700,4885,100,0x0
1790299925,39700,4889,100,0x0
1790299927,39150,4882,100,0x0
1790299929,39150,4882,100,0x0
1790299931,38600,4877,100,0x0
1790299933,38600,4874,100,0x0
1790299935,39150,4876,100,0x0
1790299937,39150,4874,100,0x0
1790299939,39150,4873,100,0x0
1790299941,39150,4874,100,0x0
1790299943,38600,4869,100,0x0
1790299945,39150,4874,100,0x0
1790299947,39150,4876,100,0x0
1790299949,38600,4870,100,0x0
1790299951,38050,4872,100,0x0
1790299953,38600,4869,100,0x0
1790299955,38600,4866,100,0x0
1790299957,38600,4870,100,0x0
1790299959,38050,4870,100,0x0
1790299961,38050,4866,100,0x0
1790299963,38600,4863,100,0x0
1790299965,38050,4865,100,0x0
1790299967,38600,4863,100,0x0
1790299969,38050,4861,100,0x0
1790299971,37500,4862,100,0x0
1790299973,38050,4865,100,0x0
1790299975,37500,4865,100,0x0
1790299977,38050,4864,100,0x0
1790299979,36950,4865,100,0x0
1790299981,38050,4860,100,0x0
1790299983,37500,4856,100,0x0
1790299985,38050,4859,100,0x0
1790299987,38050,4856,100,0x0
1790299989,38050,4859,100,0x0
1790299991,37500,4855,100,0x0
1790299993,36400,4854,100,0x0
1790299995,37500,4856,100,0x0
1790299997,36950,4854,100,0x0
1790299999,38050,4849,100,0x0
1790300001,36950,4849,100,0x0
1790300003,37500,4848,100,0x0
1790300005,36400,4851,100,0x0
1790300007,37500,4849,100,0x0
1790300009,37500,4854,100,0x0
1790300011,37500,4849,100,0x0
1790300013,36950,4845,100,0x0
1790300015,37500,4846,100,0x0
1790300017,37500,4844,100,0x0
1790300019,36950,4842,100,0x0
1790300021,35850,4839,100,0x0
1790300023,36950,4837,100,0x0
1790300025,36950,4836,100,0x0
1790300027,36950,4839,100,0x0
1790300029,36950,4838,100,0x0
1790300031,38050,4835,100,0x0
1790300033,36950,4834,100,0x0
1790300035,37500,4834,100,0x0
1790300037,36950,4834,100,0x0
1790300039,36950,4830,100,0x0
1790300041,36400,4832,100,0x0
1790300043,36950,4834,100,0x0
1790300045,36950,4833,100,0x0
1790300047,37500,4831,100,0x0
1790300049,36400,4827,100,0x0
1790300051,36950,4827,100,0x0
1790300053,36950,4828,100,0x0
1790300055,36400,4824,100,0x0
1790300057,36950,4828,100,0x0
1790300059,36400,4826,100,0x0
1790300061,35850,4820,100,0x0
1790300064,36950,4825,100,0x0
1790300066,36950,4824,100,0x0
1790300068,36950,4827,100,0x0
1790300070,36400,4826,100,0x0
1790300072,36400,4823,100,0x0
1790300074,37500,4825,100,0x0
1790300076,36400,4823,100,0x0
1790300078,36400,4822,100,0x0
1790300080,36400,4825,100,0x0
1790300082,36400,4824,100,0x0
1790300084,36400,4825,100,0x0
1790300086,36400,4822,100,0x0
1790300088,36950,4827,100,0x0
1790300090,35850,4824,100,0x0
1790300092,36950,4824,100,0x0
1790300094,36400,4819,100,0x0
1790300096,35300,4821,100,0x0
1790300098,35300,4818,100,0x0
1790300100,35850,4816,100,0x0
1790300102,35300,4820,100,0x0
1790300104,36950,4815,100,0x0
1790300106,35300,0,0,0x0
1790300108,36400,0,0,0x0
1790300110,36950,0,0,0x0
1790300112,36950,0,0,0x0
1790300114,36400,0,0,0x0
1790300116,36400,0,0,0x0
1790300118,36400,0,0,0x0
1790300120,36400,0,0,0x0
1790300122,35850,0,0,0x0
1790300124,36400,0,0,0x0
1790300126,36400,0,0,0x0
1790300128,36950,0,0,0x0
1790300130,36400,0,0,0x0
1790300132,36950,0,0,0x0
1790300134,36950,0,0,0x0
1790300136,36400,0,0,0x0
1790300138,36400,0,0,0x0
1790300140,37500,0,0,0x0
1790300142,36400,0,0,0x0
1790300144,37500,0,0,0x0
1790300146,36950,0,0,0x0
1790300148,36950,0,0,0x0
1790300150,36950,0,0,0x0
1790300152,36400,0,0,0x0
1790300154,36950,0,0,0x0
1790300156,35850,0,0,0x0
1790300158,37500,0,0,0x0
1790300160,36400,0,0,0x0
1790300162,36950,0,0,0x0
1790300164,37500,0,0,0x0
1790300166,36950,0,0,0x0
1790300168,36950,0,0,0x0
1790300170,37500,0,0,0x0
1790300172,38050,0,0,0x0
1790300174,36950,0,0,0x0
1790300176,37500,0,0,0x0
1790300178,37500,0,0,0x0
1790300180,37500,0,0,0x0
1790300182,36950,0,0,0x0
1790300184,38050,0,0,0x0
1790300186,37500,0,0,0x0
1790300188,37500,0,0,0x0
1790300190,38050,0,0,0x0
1790300192,37500,0,0,0x0
1790300194,37500,0,0,0x0
1790300196,38600,0,0,0x0
1790300198,38600,0,0,0x0
1790300200,38050,0,0,0x0
1790300202,37500,0,0,0x0
1790300204,38050,0,0,0x0
1790300206,38050,0,0,0x0
1790300208,38050,0,0,0x0
1790300210,38600,0,0,0x0
1790300212,38050,0,0,0x0
1790300214,38050,0,0,0x0
1790300216,38050,0,0,0x0
1790300218,39150,0,0,0x0
1790300220,38050,0,0,0x0
1790300222,38050,0,0,0x0
1790300224,38050,0,0,0x0
1790300226,38600,0,0,0x0
1790300228,38600,0,0,0x0
1790300230,39150,0,0,0x0
1790300232,38600,0,0,0x0
1790300234,38600,0,0,0x0
1790300236,38050,0,0,0x0
1790300238,39150,0,0,0x0
1790300240,38600,0,0,0x0
1790300242,38600,0,0,0x0
1790300244,39150,0,0,0x0
1790300246,39150,0,0,0x0
1790300248,38600,0,0,0x0
1790300250,38600,0,0,0x0
1790300252,38600,0,0,0x0
1790300254,39150,0,0,0x0
1790300256,38600,0,0,0x0
1790300258,38600,0,0,0x0
1790300260,38600,0,0,0x0
1790300263,39150,0,0,0x0
1790300265,39150,0,0,0x0
1790300267,39150,0,0,0x0
1790300269,38600,0,0,0x0
1790300271,39150,0,0,0x0
1790300273,38600,0,0,0x0
1790300275,39150,0,0,0x0
1790300277,39700,0,0,0x0
1790300279,39150,0,0,0x0
1790300281,38600,0,0,0x0
1790300283,38600,0,0,0x0
1790300285,38600,0,0,0x0
1790300287,38050,0,0,0x0
1790300289,38600,0,0,0x0
1790300291,38600,0,0,0x0
1790300293,39150,0,0,0x0
1790300295,39150,0,0,0x0
1790300297,38050,0,0,0x0
1790300299,39150,0,0,0x0
1790300301,39150,0,0,0x0
1790300303,39700,0,0,0x0
1790300305,38600,0,0,0x0
1790300307,39150,0,0,0x0
1790300309,39150,0,0,0x0
1790300311,39150,0,0,0x0
1790300313,39150,0,0,0x0
1790300315,39700,0,0,0x0
1790300317,38050,0,0,0x0
1790300319,39150,0,0,0x0
1790300321,39700,0,0,0x0
1790300323,40250,0,0,0x0
1790300325,39150,0,0,0x0
1790300327,39700,0,0,0x0
1790300329,39700,0,0,0x0
1790300331,40250,0,0,0x0
1790300333,39150,0,0,0x0
1790300335,39700,0,0,0x0
1790300337,39700,0,0,0x0
1790300339,39700,0,0,0x0
1790300341,39150,0,0,0x0
1790300343,39150,0,0,0x0
1790300345,39150,0,0,0x0
1790300347,39700,0,0,0x0
1790300349,39700,0,0,0x0
1790300351,39700,0,0,0x0
1790300353,39700,0,0,0x0
1790300355,40250,0,0,0x0
1790300357,39700,4310,100,0x0
1790300359,40250,4685,100,0x0
1790300361,38600,4552,100,0x0
1790300363,39700,4447,100,0x0
1790300365,39700,4347,100,0x0
1790300367,39700,4299,100,0x0
1790300369,39150,4282,100,0x0
1790300371,39150,4285,100,0x0
1790300373,39150,4295,100,0x0
1790300375,39700,4307,100,0x0
1790300377,39150,4315,100,0x0
1790300379,39150,4330,100,0x0
1790300381,39150,4349,100,0x0
1790300383,39150,4371,100,0x0
1790300385,38600,4393,100,0x0
1790300387,39150,4414,100,0x0
1790300389,39150,4435,100,0x0
1790300391,39150,4453,100,0x0
1790300393,38600,4469,100,0x0
1790300395,38600,4487,100,0x0
1790300397,38600,4502,100,0x0
1790300399,38600,4519,100,0x0
1790300401,37500,4533,100,0x0
1790300403,38600,4543,100,0x0
1790300405,38050,4556,100,0x0
1790300407,38600,4566,100,0x0
1790300409,38050,4575,100,0x0
1790300411,38600,4585,100,0x0
1790300413,38600,4596,100,0x0
1790300415,37500,4601,100,0x0
1790300417,38600,4612,100,0x0
1790300419,38050,4616,100,0x0
1790300421,37500,4626,100,0x0
1790300423,38050,4629,100,0x0
1790300425,36950,4637,100,0x0
1790300427,38050,4641,100,0x0
1790300429,37500,4646,100,0x0
1790300431,38050,4649,100,0x0
1790300433,38050,4654,100,0x0
1790300435,38050,4655,100,0x0
1790300437,37500,4659,100,0x0
1790300439,38050,4663,100,0x0
1790300441,38050,4666,100,0x0
1790300443,37500,4668,100,0x0
1790300445,37500,4670,100,0x0
1790300447,37500,4672,100,0x0
1790300449,38050,4675,100,0x0
1790300451,36950,4678,100,0x0
1790300453,37500,4679,100,0x0
1790300455,37500,4683,100,0x0
1790300457,37500,4684,100,0x0
1790300459,37500,4686,100,0x0
1790300461,36950,4684,100,0x0
1790300463,37500,4686,100,0x0
1790300465,36950,4687,100,0x0
1790300467,37500,4688,100,0x0
1790300469,36400,4691,100,0x0
1790300471,36400,4691,100,0x0
1790300473,36950,4691,100,0x0
1790300475,36950,4691,100,0x0
1790300477,36400,4695,100,0x0
1790300479,37500,4692,100,0x0
1790300481,36950,4694,100,0x0
1790300484,37500,4694,100,0x0
1790300486,36950,4693,100,0x0
1790300488,37500,4692,100,0x0
1790300490,36400,4692,100,0x0
1790300492,36950,4692,100,0x0
1790300494,36400,4694,100,0x0
1790300496,36400,4691,100,0x0
1790300498,36400,4695,100,0x0
1790300500,36950,4694,100,0x0
1790300502,36400,4695,100,0x0
1790300504,36400,4695,100,0x0
1790300506,36950,4694,100,0x0
1790300508,36400,4692,100,0x0
1790300510,36950,4694,100,0x0
1790300512,36400,4692,100,0x0
1790300514,36400,4693,100,0x0
1790300516,36400,4694,100,0x0
1790300518,35300,4694,100,0x0
1790300520,36950,4693,100,0x0
1790300522,36950,4691,100,0x0
1790300524,36400,4694,100,0x0
1790300526,36950,4693,100,0x0
1790300528,35300,4693,100,0x0
1790300530,35850,4690,100,0x0
1790300532,36950,4692,100,0x0
1790300534,35850,4691,100,0x0
1790300536,36950,4691,100,0x0
1790300538,36950,4691,100,0x0
1790300540,36400,4690,100,0x0
1790300542,36400,4692,100,0x0
1790300544,36950,0,0,0x0
1790300546,34750,0,0,0x0
1790300548,35300,0,0,0x0
1790300550,35300,0,0,0x0
1790300552,35850,0,0,0x0
1790300554,36400,0,0,0x0
1790300556,35850,0,0,0x0
1790300558,36400,0,0,0x0
1790300560,35850,0,0,0x0
1790300562,36400,0,0,0x0
1790300564,35850,0,0,0x0
1790300566,35850,0,0,0x0
1790300568,36400,0,0,0x0
1790300570,36400,0,0,0x0
1790300572,36400,0,0,0x0
1790300574,37500,0,0,0x0
1790300576,36400,0,0,0x0
1790300578,36950,0,0,0x0
1790300580,36950,0,0,0x0
1790300582,37500,0,0,0x0
1790300584,36400,0,0,0x0
1790300586,36950,0,0,0x0
1790300588,38050,0,0,0x0
1790300590,35850,0,0,0x0
1790300592,35850,0,0,0x0
1790300594,38050,0,0,0x0
1790300596,35850,0,0,0x0
1790300598,37500,0,0,0x0
1790300600,37500,0,0,0x0
1790300602,36950,0,0,0x0
1790300604,36950,0,0,0x0
1790300606,38050,0,0,0x0
1790300608,37500,0,0,0x0
1790300610,36400,0,0,0x0
1790300612,38050,0,0,0x0
1790300614,37500,0,0,0x0
1790300616,37500,0,0,0x0
1790300618,36950,0,0,0x0
1790300620,38050,0,0,0x0
1790300622,38050,0,0,0x0
1790300624,38050,0,0,0x0
1790300626,36950,0,0,0x0
1790300628,38050,0,0,0x0
1790300630,37500,0,0,0x0
1790300632,37500,0,0,0x0
1790300634,38050,0,0,0x0
1790300636,37500,0,0,0x0
1790300638,38050,0,0,0x0
1790300640,38050,0,0,0x0
1790300642,38050,0,0,0x0
1790300644,38050,0,0,0x0
1790300646,38050,0,0,0x0
1790300648,37500,0,0,0x0
1790300650,38050,0,0,0x0
1790300652,38600,0,0,0x0
1790300654,38050,0,0,0x0
1790300656,38600,0,0,0x0
1790300658,38050,0,0,0x0
1790300661,38600,0,0,0x0
1790300663,38600,0,0,0x0
1790300665,38050,0,0,0x0
1790300667,38050,0,0,0x0
1790300669,38600,0,0,0x0
1790300671,37500,0,0,0x0
1790300673,38600,0,0,0x0
1790300675,38050,0,0,0x0
1790300677,38600,0,0,0x0
1790300679,38600,0,0,0x0
1790300681,37500,0,0,0x0
1790300683,38050,0,0,0x0
1790300685,37500,0,0,0x0
1790300687,38600,0,0,0x0
1790300689,38050,0,0,0x0
1790300691,39150,0,0,0x0
1790300693,38600,0,0,0x0
1790300695,38600,0,0,0x0
1790300697,38600,0,0,0x0
1790300699,38600,0,0,0x0
1790300701,39150,0,0,0x0
1790300703,38600,0,0,0x0
1790300705,38600,0,0,0x0
1790300707,39150,0,0,0x0
1790300709,38600,0,0,0x0
1790300711,38600,0,0,0x0
1790300713,39150,0,0,0x0
1790300715,38050,0,0,0x0
1790300717,38050,0,0,0x0
1790300719,39700,0,0,0x0
1790300721,39150,0,0,0x0
1790300723,38050,0,0,0x0
1790300725,39150,0,0,0x0
1790300727,37500,0,0,0x0
1790300729,37500,0,0,0x0
1790300731,39150,0,0,0x0
1790300733,38050,3964,100,0x0
1790300735,39150,4106,100,0x0
1790300737,38600,4071,100,0x0
1790300739,38050,4052,100,0x0
1790300741,38600,4051,100,0x0
1790300743,37500,4068,100,0x0
1790300745,39150,4102,100,0x0
1790300747,39700,4139,100,0x0
1790300749,39150,4178,100,0x0
1790300751,38050,4215,100,0x0
1790300753,38050,4251,100,0x0
1790300755,38600,4288,100,0x0
1790300757,38600,4319,100,0x0
1790300759,38600,4347,100,0x0
1790300761,38050,4375,100,0x0
1790300763,38050,4399,100,0x0
1790300765,38600,4420,100,0x0
1790300767,38600,4445,100,0x0
1790300769,37500,4464,100,0x0
1790300771,38050,4482,100,0x0
1790300773,37500,4500,100,0x0
1790300775,38050,4516,100,0x0
1790300777,37500,4528,100,0x0
1790300779,38600,4540,100,0x0
1790300781,38050,4552,100,0x0
1790300783,37500,4564,100,0x0
1790300785,37500,4578,100,0x0
1790300787,38600,4586,100,0x0
1790300789,37500,4594,100,0x0
1790300791,38050,4604,100,0x0
1790300793,38050,4611,100,0x0
1790300795,37500,4618,100,0x0
1790300797,38050,4626,100,0x0
1790300799,37500,4629,100,0x0
1790300801,36950,4637,100,0x0
1790300803,38600,4641,100,0x0
1790300805,36950,4647,100,0x0
1790300807,36950,4649,100,0x0
1790300809,36950,4653,100,0x0
1790300811,36950,4656,100,0x0
1790300813,38050,4653,100,0x0
1790300815,36400,4655,100,0x0
1790300817,36950,4659,100,0x0
1790300819,37500,4665,100,0x0
1790300821,36950,4668,100,0x0
1790300823,36950,4671,100,0x0
1790300825,36950,4675,100,0x0
1790300827,36950,4675,100,0x0
1790300829,36950,4677,100,0x0
1790300831,36950,4680,100,0x0
1790300833,36400,4683,100,0x0
1790300835,36950,4681,100,0x0
1790300837,36400,4683,100,0x0
1790300839,38050,4682,100,0x0
1790300841,36950,4686,100,0x0
1790300843,36400,4687,100,0x0
1790300845,36950,4688,100,0x0
1790300847,37500,4688,100,0x0
1790300849,36400,4688,100,0x0
1790300851,36950,4690,100,0x0
1790300853,36400,4688,100,0x0
1790300855,36950,4688,100,0x0
1790300857,36400,4688,100,0x0
1790300859,36400,4690,100,0x0
1790300861,36400,4689,100,0x0
1790300863,36400,4690,100,0x0
1790300865,36400,4691,100,0x0
1790300867,35850,4691,100,0x0
1790300869,35850,4690,100,0x0
1790300871,36400,4691,100,0x0
1790300873,36400,4691,100,0x0
1790300875,36400,4692,100,0x0
1790300877,36400,4694,100,0x0
1790300879,35850,4690,100,0x0
1790300882,36400,4691,100,0x0
1790300884,36400,4691,100,0x0
1790300886,36400,4689,100,0x0
1790300888,36400,4691,100,0x0
1790300890,36400,4689,100,0x0
1790300892,36950,4690,100,0x0
1790300894,35850,4689,100,0x0
1790300896,35850,4689,100,0x0
1790300898,36400,4690,100,0x0
1790300900,35850,0,0,0x0
1790300902,35850,0,0,0x0
1790300904,36400,0,0,0x0
1790300906,35300,0,0,0x0
1790300908,35850,0,0,0x0
1790300910,34750,0,0,0x0
1790300912,35850,0,0,0x0
1790300914,36400,0,0,0x0
1790300916,35850,0,0,0x0
1790300918,36400,0,0,0x0
1790300920,36950,0,0,0x0
1790300922,35850,0,0,0x0
1790300924,35850,0,0,0x0
1790300926,36400,0,0,0x0
1790300928,36400,0,0,0x0
1790300930,36950,0,0,0x0
1790300932,36400,0,0,0x0
1790300934,36950,0,0,0x0
1790300936,36400,0,0,0x0
1790300938,35850,0,0,0x0
1790300940,36400,0,0,0x0
1790300942,35850,0,0,0x0
1790300944,36950,0,0,0x0
1790300946,35850,0,0,0x0
1790300948,38050,0,0,0x0
1790300950,35850,0,0,0x0
1790300952,36950,0,0,0x0
1790300954,36400,0,0,0x0
1790300956,36400,0,0,0x0
1790300958,35850,0,0,0x0
1790300960,37500,0,0,0x0
1790300962,37500,0,0,0x0
1790300964,36950,0,0,0x0
1790300966,37500,0,0,0x0
1790300968,37500,0,0,0x0
1790300970,37500,0,0,0x0
1790300972,37500,0,0,0x0
1790300974,37500,0,0,0x0
1790300976,37500,0,0,0x0
1790300978,36950,0,0,0x0
1790300980,37500,0,0,0x0
1790300982,37500,0,0,0x0
1790300984,36950,0,0,0x0
1790300986,37500,0,0,0x0
1790300988,36400,0,0,0x0
1790300990,38050,0,0,0x0
1790300992,37500,0,0,0x0
1790300994,36400,0,0,0x0
1790300996,37500,0,0,0x0
1790300998,36950,0,0,0x0
1790301000,36950,0,0,0x0
1790301002,37500,0,0,0x0
1790301004,37500,0,0,0x0
1790301006,38050,0,0,0x0
1790301008,37500,0,0,0x0
1790301010,37500,0,0,0x0
1790301012,38600,0,0,0x0
1790301014,37500,0,0,0x0
1790301016,38050,0,0,0x0
1790301018,38050,0,0,0x0
1790301020,37500,0,0,0x0
1790301022,37500,0,0,0x0
1790301024,37500,0,0,0x0
1790301026,39150,0,0,0x0
1790301028,37500,0,0,0x0
1790301030,38600,0,0,0x0
1790301032,38600,0,0,0x0
1790301034,38050,0,0,0x0
1790301036,38600,0,0,0x0
1790301038,38050,0,0,0x0
1790301040,38050,0,0,0x0
1790301042,38600,0,0,0x0
1790301044,38600,0,0,0x0
1790301046,38600,0,0,0x0
1790301048,38600,0,0,0x0
1790301050,38600,0,0,0x0
1790301052,38050,0,0,0x0
1790301054,38600,0,0,0x0
1790301056,38050,0,0,0x0
1790301058,38600,0,0,0x0
1790301060,38600,0,0,0x0
1790301062,39150,0,0,0x0
1790301064,39150,0,0,0x0
1790301066,38600,0,100,0x0
1790301068,38050,4172,100,0x0
1790301070,38600,4162,100,0x0
1790301072,36950,4132,100,0x0
1790301074,38050,4119,100,0x0
1790301076,38050,4119,100,0x0
1790301078,39150,4119,100,0x0
1790301080,38050,4139,100,0x0
1790301082,38050,4167,100,0x0
1790301084,38050,4201,100,0x0
1790301086,38050,4235,100,0x0
1790301088,37500,4265,100,0x0
1790301090,37500,4295,100,0x0
1790301092,38050,4325,100,0x0
1790301094,37500,4348,100,0x0
1790301096,39150,4371,100,0x0
1790301098,37500,4397,100,0x0
1790301101,38050,4415,100,0x0
1790301103,38050,4437,100,0x0
1790301105,37500,4456,100,0x0
1790301107,38050,4472,100,0x0
1790301109,37500,4486,100,0x0
1790301111,37500,4501,100,0x0
1790301113,37500,4513,100,0x0
1790301115,37500,4524,100,0x0
1790301117,38050,4537,100,0x0
1790301119,36950,4546,100,0x0
1790301121,37500,4554,100,0x0
1790301123,37500,4564,100,0x0
1790301125,37500,4570,100,0x0
1790301127,38050,4578,100,0x0
1790301129,36400,4585,100,0x0
1790301131,37500,4592,100,0x0
1790301133,36950,4595,100,0x0
1790301135,36950,4600,100,0x0
1790301137,37500,4609,100,0x0
1790301139,36950,4606,100,0x0
1790301141,36950,4604,100,0x0
1790301143,36950,4606,100,0x0
1790301145,36950,4609,100,0x0
1790301147,36400,4618,100,0x0
1790301149,36950,4621,100,0x0
1790301151,36400,4625,100,0x0
1790301153,36400,4628,100,0x0
1790301155,36950,4628,100,0x0
1790301157,35850,4634,100,0x0
1790301159,36400,4636,100,0x0
1790301161,35850,4638,100,0x0
1790301163,36400,4640,100,0x0
1790301165,36400,4640,100,0x0
1790301167,36950,4642,100,0x0
1790301169,36400,4643,100,0x0
1790301171,36950,4643,100,0x0
1790301173,36950,4649,100,0x0
1790301175,36400,4649,100,0x0
1790301177,35850,4650,100,0x0
1790301179,35850,4651,100,0x0
1790301181,36400,4651,100,0x0
1790301183,36400,4651,100,0x0
1790301185,35850,4653,100,0x0
1790301187,36950,4655,100,0x0
1790301189,36400,4653,100,0x0
1790301191,36400,4654,100,0x0
1790301193,36950,4655,100,0x0
1790301195,35850,4656,100,0x0
1790301197,36400,4652,100,0x0
1790301199,35850,4644,100,0x0
1790301201,36400,4643,100,0x0
1790301203,35850,4643,100,0x0
1790301205,35300,4650,100,0x0
1790301207,36400,4650,100,0x0
1790301209,35850,0,0,0x0
1790301211,34750,0,0,0x0
1790301213,36400,0,0,0x0
1790301215,35850,0,0,0x0
1790301217,35850,0,0,0x0
1790301219,35850,0,0,0x0
1790301221,36400,0,0,0x0
1790301223,35850,0,0,0x0
1790301225,35300,0,0,0x0
1790301227,36400,0,0,0x0
1790301229,35850,0,0,0x0
1790301231,36400,0,0,0x0
1790301233,36400,0,0,0x0
1790301235,36950,0,0,0x0
1790301237,36950,0,0,0x0
1790301239,37500,0,0,0x0
1790301241,36400,0,0,0x0
1790301243,36950,0,0,0x0
1790301245,35300,0,0,0x0
1790301247,36950,0,0,0x0
1790301249,36400,0,0,0x0
1790301251,37500,0,0,0x0
1790301253,36950,0,0,0x0
1790301255,36950,0,0,0x0
1790301257,36950,0,0,0x0
1790301259,36950,0,0,0x0
1790301261,36950,0,0,0x0
1790301263,35300,0,0,0x0
1790301265,36950,0,0,0x0
1790301267,37500,0,0,0x0
1790301269,36950,0,0,0x0
1790301271,36950,0,0,0x0
1790301273,36400,0,0,0x0
1790301275,38050,0,0,0x0
1790301277,37500,0,0,0x0
1790301279,36950,0,0,0x0
1790301281,36950,0,0,0x0
1790301283,36950,0,0,0x0
1790301286,36950,0,0,0x0
1790301288,37500,0,0,0x0
1790301290,37500,0,0,0x0
1790301292,37500,0,0,0x0
1790301294,36950,0,0,0x0
1790301296,37500,0,0,0x0
1790301298,36950,0,0,0x0
1790301300,37500,0,0,0x0
1790301302,38050,0,0,0x0
1790301304,37500,0,0,0x0
1790301306,37500,0,0,0x0
1790301308,37500,0,0,0x0
1790301310,36950,0,0,0x0
1790301312,38600,0,0,0x0
1790301314,37500,0,0,0x0
1790301316,38050,0,0,0x0
1790301318,38050,0,0,0x0
1790301320,38600,0,0,0x0
1790301322,38600,0,0,0x0
1790301324,37500,0,0,0x0
1790301326,38600,0,0,0x0
1790301328,38050,0,0,0x0
1790301330,38600,0,0,0x0
1790301332,38050,0,0,0x0
1790301334,38050,0,0,0x0
1790301336,37500,0,0,0x0
1790301338,38600,0,0,0x0
1790301340,38600,0,0,0x0
1790301342,38050,0,0,0x0
1790301344,38050,0,0,0x0
1790301346,38050,0,0,0x0
1790301348,38600,0,0,0x0
1790301350,38050,0,0,0x0
1790301352,38050,0,0,0x0
1790301354,38600,0,0,0x0
1790301356,38600,0,0,0x0
1790301358,38050,0,0,0x0
1790301360,38050,0,0,0x0
1790301362,36950,0,0,0x0
1790301364,38050,0,0,0x0
1790301366,38600,0,0,0x0
1790301368,38600,0,0,0x0
1790301370,38600,0,0,0x0
1790301372,38600,0,0,0x0
1790301374,38050,0,0,0x0
1790301376,38600,0,0,0x0
1790301378,38600,0,0,0x0
1790301380,38600,0,0,0x0
1790301382,39150,0,0,0x0
1790301384,38600,0,0,0x0
1790301386,38600,0,0,0x0
1790301388,38050,0,0,0x0
1790301390,38600,0,0,0x0
1790301392,38600,0,0,0x0
1790301394,39700,0,0,0x0
1790301396,39150,0,0,0x0
1790301398,38600,0,0,0x0
1790301400,38600,0,0,0x0
1790301402,39150,0,0,0x0
1790301404,39150,0,0,0x0
1790301406,39150,0,0,0x0
1790301408,39150,0,0,0x0
1790301410,39150,0,0,0x0
1790301412,38600,0,0,0x0
1790301414,39700,0,0,0x0
1790301416,39150,0,0,0x0
1790301418,39150,0,0,0x0
1790301420,38600,0,0,0x0
1790301422,39150,0,0,0x0
1790301424,38600,0,0,0x0
1790301426,39150,0,0,0x0
1790301428,39700,0,0,0x0
1790301430,39150,0,0,0x0
1790301432,39150,0,0,0x0
1790301434,39150,0,0,0x0
1790301436,38600,0,0,0x0
1790301438,38600,0,0,0x0
1790301440,39150,0,0,0x0
1790301442,38600,0,0,0x0
1790301444,38600,0,0,0x0
1790301446,39150,0,0,0x0
1790301448,38050,3723,100,0x0
1790301450,39700,4534,100,0x0
1790301452,39700,4449,100,0x0
1790301454,39150,4357,100,0x0
1790301456,38600,4288,100,0x0
1790301458,39150,4257,100,0x0
1790301460,38600,4250,100,0x0
1790301462,39150,4259,100,0x0
1790301464,38600,4269,100,0x0
1790301466,38600,4280,100,0x0
1790301468,38600,4288,100,0x0
1790301470,39150,4306,100,0x0
1790301472,39150,4327,100,0x0
1790301474,39150,4351,100,0x0
1790301476,38050,4373,100,0x0
1790301478,39150,4394,100,0x0
1790301480,38600,4415,100,0x0
1790301482,38600,4436,100,0x0
1790301484,38600,4455,100,0x0
1790301486,38050,4470,100,0x0
1790301488,38600,4488,100,0x0
1790301490,38050,4505,100,0x0
1790301492,38600,4518,100,0x0
1790301494,38600,4531,100,0x0
1790301496,39150,4544,100,0x0
1790301498,37500,4553,100,0x0
1790301500,38050,4564,100,0x0
1790301503,38050,4572,100,0x0
1790301505,37500,4580,100,0x0
1790301507,38050,4587,100,0x0
1790301509,37500,4595,100,0x0
1790301511,38050,4604,100,0x0
1790301513,38050,4606,100,0x0
1790301515,37500,4604,100,0x0
1790301517,37500,4607,100,0x0
1790301519,37500,4616,100,0x0
1790301521,37500,4623,100,0x0
1790301523,37500,4626,100,0x0
1790301525,36950,4631,100,0x0
1790301527,36950,4633,100,0x0
1790301529,36400,4638,100,0x0
1790301531,37500,4643,100,0x0
1790301533,37500,4644,100,0x0
1790301535,36950,4649,100,0x0
1790301537,37500,4649,100,0x0
1790301539,36950,4651,100,0x0
1790301541,36950,4654,100,0x0
1790301543,37500,4656,100,0x0
1790301545,36950,4658,100,0x0
1790301547,36950,4659,100,0x0
1790301549,36950,4663,100,0x0
1790301551,37500,4664,100,0x0
1790301553,36950,4663,100,0x0
1790301555,35850,4663,100,0x0
1790301557,36950,4664,100,0x0
1790301559,36950,4666,100,0x0
1790301561,36950,4666,100,0x0
1790301563,36400,4661,100,0x0
1790301565,35850,4656,100,0x0
1790301567,36950,4661,100,0x0
1790301569,36400,4667,100,0x0
1790301571,36400,4669,100,0x0
1790301573,36950,4668,100,0x0
1790301575,36950,4669,100,0x0
1790301577,36400,4671,100,0x0
1790301579,36400,4671,100,0x0
1790301581,36400,4669,100,0x0
1790301583,35300,4669,100,0x0
1790301585,36400,4670,100,0x0
1790301587,36400,4669,100,0x0
1790301589,36400,4668,100,0x0
1790301591,36400,4669,100,0x0
1790301593,36400,4671,100,0x0
1790301595,35850,4671,100,0x0
1790301597,34750,4669,100,0x0
1790301599,36400,4671,100,0x0
1790301601,35850,4671,100,0x0
1790301603,35850,4649,0,0x0
1790301605,36400,0,0,0x0
1790301607,35850,0,0,0x0
1790301609,36950,0,0,0x0
1790301611,36400,0,0,0x0
1790301613,36400,0,0,0x0
1790301615,35850,0,0,0x0
1790301617,36400,0,0,0x0
1790301619,36400,0,0,0x0
1790301621,36950,0,0,0x0
1790301623,35300,0,0,0x0
1790301625,36950,0,0,0x0
1790301627,36400,0,0,0x0
1790301629,36400,0,0,0x0
1790301631,36950,0,0,0x0
1790301633,36400,0,0,0x0
1790301635,36950,0,0,0x0
1790301637,36400,0,0,0x0
1790301639,36400,0,0,0x0
1790301641,36950,0,0,0x0
1790301643,36950,0,0,0x0
1790301645,37500,0,0,0x0
1790301647,38050,0,0,0x0
1790301649,36400,0,0,0x0
1790301651,36950,0,0,0x0
1790301653,37500,0,0,0x0
1790301655,36950,0,0,0x0
1790301657,37500,0,0,0x0
1790301659,36400,0,0,0x0
1790301661,35850,0,0,0x0
1790301663,37500,0,0,0x0
1790301665,36950,0,0,0x0
1790301667,38050,0,0,0x0
1790301669,37500,0,0,0x0
1790301671,36950,0,0,0x0
1790301673,37500,0,0,0x0
1790301675,38050,0,0,0x0
1790301677,37500,0,0,0x0
1790301680,37500,0,0,0x0
1790301682,38050,0,0,0x0
1790301684,37500,0,0,0x0
1790301686,38050,0,0,0x0
1790301688,38050,0,0,0x0
1790301690,37500,0,0,0x0
1790301692,37500,0,0,0x0
1790301694,38600,0,0,0x0
1790301696,37500,0,0,0x0
1790301698,37500,0,0,0x0
1790301700,38600,0,0,0x0
1790301702,38050,0,0,0x0
1790301704,38050,0,0,0x0
1790301706,37500,0,0,0x0
1790301708,36950,0,0,0x0
1790301710,37500,0,0,0x0
1790301712,38600,0,0,0x0
1790301714,38600,0,0,0x0
1790301716,38050,0,0,0x0
1790301718,38050,0,0,0x0
1790301720,37500,0,0,0x0
1790301722,37500,0,0,0x0
1790301724,38050,0,0,0x0
1790301726,38050,0,0,0x0
1790301728,37500,0,0,0x0
1790301730,38600,0,0,0x0
1790301732,38050,0,0,0x0
1790301734,39150,0,0,0x0
1790301736,38600,0,0,0x0
1790301738,38600,0,0,0x0
1790301740,38050,0,0,0x0
1790301742,38050,0,0,0x0
1790301744,38600,0,0,0x0
1790301746,38600,0,0,0x0
1790301748,37500,0,0,0x0
1790301750,38050,0,0,0x0
1790301752,38600,0,0,0x0
1790301754,38600,0,0,0x0
1790301756,38600,0,0,0x0
1790301758,38050,0,0,0x0
1790301760,38600,0,0,0x0
1790301762,38600,0,0,0x0
1790301764,38050,0,0,0x0
1790301766,39150,0,0,0x0
1790301768,38600,0,0,0x0
1790301770,38600,0,0,0x0
1790301772,38050,0,0,0x0
1790301774,39150,0,0,0x0
1790301776,38600,0,0,0x0
1790301778,39700,0,0,0x0
1790301780,37500,0,0,0x0
1790301782,39150,0,0,0x0
1790301784,38600,0,0,0x0
1790301786,38600,0,0,0x0
1790301788,39150,0,0,0x0
1790301790,38600,0,0,0x0
1790301792,39150,0,0,0x0
1790301794,39150,0,0,0x0
1790301796,38600,0,0,0x0
1790301798,40250,0,0,0x0
1790301800,38600,0,0,0x0
1790301802,39700,0,0,0x0
1790301804,39150,0,0,0x0
1790301806,38600,0,0,0x0
1790301808,39150,0,0,0x0
1790301810,38600,4,100,0x0
1790301812,39150,4240,100,0x0
1790301814,39150,4204,100,0x0
1790301816,39150,4171,100,0x0
1790301818,39150,4163,100,0x0
1790301820,39150,4168,100,0x0
1790301822,38600,4178,100,0x0
1790301824,38600,4189,100,0x0
1790301826,38600,4209,100,0x0
1790301828,39150,4234,100,0x0
1790301830,38600,4263,100,0x0
1790301832,38600,4295,100,0x0
1790301835,39150,4321,100,0x0
1790301837,38600,4351,100,0x0
1790301839,38600,4375,100,0x0
1790301841,38600,4398,100,0x0
1790301843,38600,4421,100,0x0
1790301845,38050,4443,100,0x0
1790301847,37500,4462,100,0x0
1790301849,38600,4479,100,0x0
1790301851,37500,4497,100,0x0
1790301853,38050,4509,100,0x0
1790301855,38600,4524,100,0x0
1790301857,38600,4537,100,0x0
1790301859,38600,4548,100,0x0
1790301861,37500,4560,100,0x0
1790301863,38050,4569,100,0x0
1790301865,38050,4578,100,0x0
1790301867,38050,4587,100,0x0
1790301869,37500,4594,100,0x0
1790301871,36950,4601,100,0x0
1790301873,38050,4608,100,0x0
1790301875,37500,4615,100,0x0
1790301877,38050,4611,100,0x0
1790301879,37500,4613,100,0x0
1790301881,38050,4621,100,0x0
1790301883,37500,4629,100,0x0
1790301885,37500,4632,100,0x0
1790301887,37500,4636,100,0x0
1790301889,36950,4643,100,0x0
1790301891,36950,4646,100,0x0
1790301893,36950,4647,100,0x0
1790301895,37500,4651,100,0x0
1790301897,38050,4653,100,0x0
1790301899,38050,4656,100,0x0
1790301901,36950,4656,100,0x0
1790301903,36950,4660,100,0x0
1790301905,36950,4658,100,0x0
1790301907,36950,4655,100,0x0
1790301909,36950,4661,100,0x0
1790301911,36950,4662,100,0x0
1790301913,36950,4666,100,0x0
1790301915,36950,4667,100,0x0
1790301917,36400,4667,100,0x0
1790301919,36950,4669,100,0x0
1790301921,36950,4670,100,0x0
1790301923,36400,4672,100,0x0
1790301925,35850,4672,100,0x0
1790301927,36400,4673,100,0x0
1790301929,36400,4672,100,0x0
1790301931,36950,4672,100,0x0
1790301933,36400,4671,100,0x0
1790301935,35850,4666,100,0x0
1790301937,35850,4672,100,0x0
1790301939,36950,4669,100,0x0
1790301941,36950,4671,100,0x0
1790301943,35850,4672,100,0x0
1790301945,36400,4670,100,0x0
1790301947,36950,4673,100,0x0
1790301949,36400,4675,100,0x0
1790301951,35300,4674,100,0x0
1790301953,35850,4674,100,0x0
1790301955,36400,4668,100,0x0
1790301957,36400,4667,100,0x0
1790301959,35850,4674,100,0x0
1790301961,36400,4675,100,0x0
1790301963,36400,4674,100,0x0
1790301965,35850,4675,100,0x0
1790301967,36400,4674,100,0x0
1790301969,36400,4673,100,0x0
1790301971,36950,4672,100,0x0
1790301973,35850,4672,100,0x0
1790301975,35850,4674,100,0x0
1790301977,36400,4673,100,0x0
1790301979,36400,4672,100,0x0
1790301981,35850,4671,100,0x0
1790301983,35850,4673,100,0x0
1790301985,35850,4672,100,0x0
1790301987,35300,4674,100,0x0
1790301989,35300,0,0,0x0
1790301991,36400,0,0,0x0
1790301993,35300,0,0,0x0
1790301995,35850,0,0,0x0
1790301997,35850,0,0,0x0
1790301999,35300,0,0,0x0
1790302001,35850,0,0,0x0
1790302003,35300,0,0,0x0
1790302005,36400,0,0,0x0
1790302007,35850,0,0,0x0
1790302009,36950,0,0,0x0
1790302011,36400,0,0,0x0
1790302013,36950,0,0,0x0
1790302015,36400,0,0,0x0
1790302017,37500,0,0,0x0
1790302019,36400,0,0,0x0
1790302021,36400,0,0,0x0
1790302023,36950,0,0,0x0
1790302025,36950,0,0,0x0
1790302027,35850,0,0,0x0
1790302029,36400,0,0,0x0
1790302032,36400,0,0,0x0
1790302034,35850,0,0,0x0
1790302036,36950,0,0,0x0
1790302038,36950,0,0,0x0
1790302040,36950,0,0,0x0
1790302042,37500,0,0,0x0
1790302044,36400,0,0,0x0
1790302046,36950,0,0,0x0
1790302048,38050,0,0,0x0
1790302050,36950,0,0,0x0
1790302052,36950,0,0,0x0
1790302054,36950,0,0,0x0
1790302056,36950,0,0,0x0
1790302058,38050,0,0,0x0
1790302060,36950,0,0,0x0
1790302062,36950,0,0,0x0
1790302064,37500,0,0,0x0
1790302066,36950,0,0,0x0
1790302068,37500,0,0,0x0
1790302070,37500,0,0,0x0
1790302072,36950,0,0,0x0
1790302074,39150,0,0,0x0
1790302076,37500,0,0,0x0
1790302078,37500,0,0,0x0
1790302080,37500,0,0,0x0
1790302082,37500,0,0,0x0
1790302084,37500,0,0,0x0
1790302086,38050,0,0,0x0
1790302088,37500,0,0,0x0
1790302090,36950,0,0,0x0
1790302092,38050,0,0,0x0
1790302094,36950,0,0,0x0
1790302096,36950,0,0,0x0
1790302098,38050,0,0,0x0
1790302100,36950,0,0,0x0
1790302102,38050,0,0,0x0
1790302104,38600,0,0,0x0
1790302106,36950,0,0,0x0
1790302108,38050,0,0,0x0
1790302110,38050,0,0,0x0
1790302112,37500,0,0,0x0
1790302114,38050,0,0,0x0
1790302116,38050,0,0,0x0
1790302118,38050,0,0,0x0
1790302120,38050,0,0,0x0
1790302122,37500,0,0,0x0
1790302124,38050,0,0,0x0
1790302126,38050,0,0,0x0
1790302128,38050,0,0,0x0
1790302130,38050,0,0,0x0
1790302132,38050,0,0,0x0
1790302134,38600,0,0,0x0
1790302136,38600,0,0,0x0
1790302138,38050,0,0,0x0
1790302140,38050,0,0,0x0
1790302142,38600,0,0,0x0
1790302144,37500,0,0,0x0
1790302146,38600,0,0,0x0
1790302148,38600,0,0,0x0
1790302150,38600,0,0,0x0
1790302152,37500,0,0,0x0
1790302154,38050,0,0,0x0
1790302156,39150,0,0,0x0
1790302158,38600,0,0,0x0
1790302160,38600,0,0,0x0
1790302162,39150,0,0,0x0
1790302164,38600,0,0,0x0
1790302166,38600,0,0,0x0
1790302168,38600,0,0,0x0
1790302170,38050,0,0,0x0
1790302172,38600,0,0,0x0
1790302174,38600,0,0,0x0
1790302176,39150,0,0,0x0
1790302178,38600,0,0,0x0
1790302180,39150,0,0,0x0
1790302182,39150,0,0,0x0
1790302184,39150,0,0,0x0
1790302186,38600,0,0,0x0
1790302188,39700,0,0,0x0
1790302190,39150,0,0,0x0
1790302192,39150,0,0,0x0
1790302194,38600,0,0,0x0
1790302196,38600,0,0,0x0
1790302198,39150,0,0,0x0
1790302200,38600,0,0,0x0
1790302202,39150,0,0,0x0
1790302204,38050,0,0,0x0
1790302206,38600,0,0,0x0
1790302208,39150,0,0,0x0
1790302210,39150,0,0,0x0
1790302212,39150,0,0,0x0
1790302214,39150,0,0,0x0
1790302216,38600,0,0,0x0
1790302218,38050,0,0,0x0
1790302220,39150,0,0,0x0
1790302222,39150,0,0,0x0
1790302224,39700,0,0,0x0
1790302226,39700,0,0,0x0
1790302229,39150,0,0,0x0
1790302231,40250,0,0,0x0
1790302233,38600,0,0,0x0
1790302235,39150,4223,100,0x0
1790302237,39150,4238,100,0x0
1790302239,39150,4196,100,0x0
1790302241,39150,4177,100,0x0
1790302243,38600,4174,100,0x0
1790302245,39150,4178,100,0x0
1790302247,39150,4186,100,0x0
1790302249,38600,4195,100,0x0
1790302251,38600,4218,100,0x0
1790302253,39150,4247,100,0x0
1790302255,39150,4275,100,0x0
1790302257,37500,4307,100,0x0
1790302259,38600,4334,100,0x0
1790302261,38600,4361,100,0x0
1790302263,38600,4382,100,0x0
1790302265,37500,4407,100,0x0
1790302267,38600,4429,100,0x0
1790302269,38050,4447,100,0x0
1790302271,39150,4467,100,0x0
1790302273,38050,4486,100,0x0
1790302275,37500,4502,100,0x0
1790302277,38600,4515,100,0x0
1790302279,38050,4528,100,0x0
1790302281,38050,4542,100,0x0
1790302283,38600,4549,100,0x0
1790302285,36950,4561,100,0x0
1790302287,37500,4571,100,0x0
1790302289,37500,4582,100,0x0
1790302291,38050,4592,100,0x0
1790302293,37500,4596,100,0x0
1790302295,37500,4601,100,0x0
1790302297,38050,4600,100,0x0
1790302299,37500,4607,100,0x0
1790302301,38050,4616,100,0x0
1790302303,37500,4624,100,0x0
1790302305,37500,4631,100,0x0
1790302307,38050,4633,100,0x0
1790302309,36950,4638,100,0x0
1790302311,37500,4642,100,0x0
1790302313,38050,4646,100,0x0
1790302315,37500,4647,100,0x0
1790302317,36950,4649,100,0x0
1790302319,36950,4651,100,0x0
1790302321,36950,4656,100,0x0
1790302323,36950,4659,100,0x0
1790302325,37500,4661,100,0x0
1790302327,36400,4663,100,0x0
1790302329,36950,4665,100,0x0
1790302331,36950,4669,100,0x0
1790302333,36400,4668,100,0x0
1790302335,37500,4669,100,0x0
1790302337,36950,4664,100,0x0
1790302339,36950,4665,100,0x0
1790302341,37500,4670,100,0x0
1790302343,36950,4672,100,0x0
1790302345,36400,4675,100,0x0
1790302347,36400,4676,100,0x0
1790302349,35850,4676,100,0x0
1790302351,36950,4676,100,0x0
1790302353,36400,4677,100,0x0
1790302355,36950,4680,100,0x0
1790302357,36400,4679,100,0x0
1790302359,36950,4680,100,0x0
1790302361,36400,4682,100,0x0
1790302363,36400,4681,100,0x0
1790302365,36400,4673,100,0x0
1790302367,36400,4671,100,0x0
1790302369,36400,4673,100,0x0
1790302371,36400,4675,100,0x0
1790302373,35850,4673,100,0x0
1790302375,36400,4675,100,0x0
1790302377,35850,4675,100,0x0
1790302379,36950,4675,100,0x0
1790302381,36950,4676,100,0x0
1790302383,36400,4677,100,0x0
1790302385,35850,4675,100,0x0
1790302387,36400,4677,100,0x0
1790302389,35850,4675,100,0x0
1790302391,36950,4676,100,0x0
1790302393,35300,4676,100,0x0
1790302395,36400,4675,100,0x0
1790302397,35850,4677,100,0x0
1790302399,35300,4676,100,0x0
1790302401,35850,4677,100,0x0
1790302403,36400,4675,100,0x0
1790302406,36400,4668,100,0x0
1790302408,36400,4665,100,0x0
1790302410,35850,0,0,0x0
1790302412,36400,0,0,0x0
1790302414,35850,0,0,0x0
1790302416,36400,0,0,0x0
1790302418,36400,0,0,0x0
1790302420,36400,0,0,0x0
1790302422,36950,0,0,0x0
1790302424,36400,0,0,0x0
1790302426,36950,0,0,0x0
1790302428,36400,0,0,0x0
1790302430,36950,0,0,0x0
1790302432,36950,0,0,0x0
1790302434,36400,0,0,0x0
1790302436,36400,0,0,0x0
1790302438,36950,0,0,0x0
1790302440,36950,0,0,0x0
1790302442,36400,0,0,0x0
1790302444,36400,0,0,0x0
1790302446,35850,0,0,0x0
1790302448,35850,0,0,0x0
1790302450,36400,0,0,0x0
1790302452,37500,0,0,0x0
1790302454,36400,0,0,0x0
1790302456,38050,0,0,0x0
1790302458,36400,0,0,0x0
1790302460,38600,0,0,0x0
1790302462,36950,0,0,0x0
1790302464,36400,0,0,0x0
1790302466,36950,0,0,0x0
1790302468,38050,0,0,0x0
1790302470,36950,0,0,0x0
1790302472,37500,0,0,0x0
1790302474,36950,0,0,0x0
1790302476,36950,0,0,0x0
1790302478,36950,0,0,0x0
1790302480,36950,0,0,0x0
1790302482,37500,0,0,0x0
1790302484,37500,0,0,0x0
1790302486,38050,0,0,0x0
1790302488,36400,0,0,0x0
1790302490,37500,0,0,0x0
1790302492,38050,0,0,0x0
1790302494,37500,0,0,0x0
1790302496,38050,0,0,0x0
1790302498,37500,0,0,0x0
1790302500,38050,0,0,0x0
1790302502,38050,0,0,0x0
1790302504,38050,0,0,0x0
1790302506,37500,0,0,0x0
1790302508,38050,0,0,0x0
1790302510,38050,0,0,0x0
1790302512,38050,0,0,0x0
1790302514,37500,0,0,0x0
1790302516,38050,0,0,0x0
1790302518,38600,0,0,0x0
1790302520,38050,0,0,0x0
1790302522,37500,0,0,0x0
1790302524,37500,0,0,0x0
1790302526,38050,0,0,0x0
1790302528,38050,0,0,0x0
1790302530,38050,0,0,0x0
1790302532,38600,0,0,0x0
1790302534,36950,0,0,0x0
1790302536,38600,0,0,0x0
1790302538,37500,0,0,0x0
1790302540,38050,0,0,0x0
1790302542,38600,0,0,0x0
1790302544,38050,0,0,0x0
1790302546,38050,0,0,0x0
1790302548,37500,0,0,0x0
1790302550,38600,0,0,0x0
1790302552,39150,0,0,0x0
1790302554,38050,0,0,0x0
1790302556,36950,0,0,0x0
1790302558,38600,0,0,0x0
1790302560,37500,0,0,0x0
1790302562,38050,0,0,0x0
1790302564,38600,0,0,0x0
1790302566,38600,0,0,0x0
1790302568,39150,0,0,0x0
1790302570,38050,0,0,0x0
1790302572,39150,0,0,0x0
1790302574,38600,0,0,0x0
1790302576,39700,0,0,0x0
1790302578,38600,0,0,0x0
1790302580,39150,0,0,0x0
1790302582,38600,0,0,0x0
1790302584,38600,0,0,0x0
1790302586,38600,0,0,0x0
1790302588,39150,0,0,0x0
1790302590,38600,0,0,0x0
1790302592,37500,0,0,0x0
1790302594,39150,0,0,0x0
1790302596,39150,0,0,0x0
1790302598,38600,0,0,0x0
1790302600,38600,0,0,0x0
1790302602,39150,0,0,0x0
1790302604,38600,0,0,0x0
1790302606,39150,0,0,0x0
1790302608,39150,0,0,0x0
1790302610,38600,0,0,0x0
1790302612,38050,0,0,0x0
1790302614,38050,0,0,0x0
1790302616,39150,0,0,0x0
1790302618,38600,3188,100,0x0
1790302620,39150,4241,100,0x0
1790302623,38600,4207,100,0x0
1790302625,39700,4185,100,0x0
1790302627,38600,4177,100,0x0
1790302629,38600,4182,100,0x0
1790302631,39150,4192,100,0x0
1790302633,38600,4202,100,0x0
1790302635,39150,4217,100,0x0
1790302637,39150,4241,100,0x0
1790302639,38050,4269,100,0x0
1790302641,38600,4298,100,0x0
1790302643,38600,4328,100,0x0
1790302645,38050,4353,100,0x0
1790302647,38600,4376,100,0x0
1790302649,38600,4400,100,0x0
1790302651,36950,4419,100,0x0
1790302653,38600,4439,100,0x0
1790302655,38050,4457,100,0x0
1790302657,38050,4477,100,0x0
1790302659,38050,4489,100,0x0
1790302661,37500,4503,100,0x0
1790302663,38050,4515,100,0x0
1790302665,38050,4526,100,0x0
1790302667,37500,4538,100,0x0
1790302669,37500,4548,100,0x0
1790302671,37500,4559,100,0x0
1790302673,38050,4571,100,0x0
1790302675,36950,4579,100,0x0
1790302677,37500,4587,100,0x0
1790302679,38050,4594,100,0x0
1790302681,37500,4600,100,0x0
1790302683,37500,4606,100,0x0
1790302685,37500,4612,100,0x0
1790302687,36950,4617,100,0x0
1790302689,37500,4621,100,0x0
1790302691,37500,4624,100,0x0
1790302693,36950,4618,100,0x0
1790302695,36950,4621,100,0x0
1790302697,37500,4622,100,0x0
1790302699,36400,4632,100,0x0
1790302701,36400,4633,100,0x0
1790302703,36950,4633,100,0x0
1790302705,35850,4639,100,0x0
1790302707,38050,4639,100,0x0
1790302709,36950,4642,100,0x0
1790302711,36950,4643,100,0x0
1790302713,36950,4645,100,0x0
1790302715,36950,4647,100,0x0
1790302717,36950,4649,100,0x0
1790302719,36400,4650,100,0x0
1790302721,36950,4649,100,0x0
1790302723,36400,4651,100,0x0
1790302725,35850,4652,100,0x0
1790302727,36400,4654,100,0x0
1790302729,36400,4654,100,0x0
1790302731,36400,4656,100,0x0
1790302733,36950,4658,100,0x0
1790302735,36950,4656,100,0x0
1790302737,36400,4649,100,0x0
1790302739,36400,4647,100,0x0
1790302741,36400,4647,100,0x0
1790302743,36400,4651,100,0x0
1790302745,34750,4654,100,0x0
1790302747,36400,4655,100,0x0
1790302749,36950,4654,100,0x0
1790302751,35300,4654,100,0x0
1790302753,35850,4654,100,0x0
1790302755,35850,4654,100,0x0
1790302757,36400,4654,100,0x0
1790302759,36400,4656,100,0x0
1790302761,36400,4655,100,0x0
1790302763,35850,4656,100,0x0
1790302765,36400,4658,100,0x0
1790302767,35850,4656,100,0x0
1790302769,36400,4656,100,0x0
1790302771,36400,4656,100,0x0
1790302773,34750,4657,100,0x0
1790302776,34750,4659,100,0x0
1790302778,35850,4659,100,0x0
1790302780,35850,4660,100,0x0
1790302782,35850,4662,100,0x0
1790302784,36400,4662,100,0x0
1790302786,35850,4662,100,0x0
1790302788,36400,4662,100,0x0
1790302790,35850,4662,100,0x0
1790302792,35850,4662,100,0x0
1790302794,35850,0,0,0x0
1790302796,35850,0,0,0x0
1790302798,35850,0,0,0x0
1790302800,35850,0,0,0x0
1790302802,35850,0,0,0x0
1790302804,35850,0,0,0x0
1790302806,35300,0,0,0x0
1790302808,36400,0,0,0x0
1790302810,36400,0,0,0x0
1790302812,36400,0,0,0x0
1790302814,35850,0,0,0x0
1790302816,36400,0,0,0x0
1790302818,35850,0,0,0x0
1790302820,35850,0,0,0x0
1790302822,36400,0,0,0x0
1790302824,36400,0,0,0x0
1790302826,37500,0,0,0x0
1790302828,36400,0,0,0x0
1790302830,36400,0,0,0x0
1790302832,36950,0,0,0x0
1790302834,36950,0,0,0x0
1790302836,35300,0,0,0x0
1790302838,35850,0,0,0x0
1790302840,36950,0,0,0x0
1790302842,36950,0,0,0x0
1790302844,35300,0,0,0x0
1790302846,37500,0,0,0x0
1790302848,36950,0,0,0x0
1790302850,36950,0,0,0x0
1790302852,36950,0,0,0x0
1790302854,36950,0,0,0x0
1790302856,36400,0,0,0x0
1790302858,35850,0,0,0x0
1790302860,38050,0,0,0x0
1790302862,36950,0,0,0x0
1790302864,37500,0,0,0x0
1790302866,36950,0,0,0x0
1790302868,37500,0,0,0x0
1790302870,36950,0,0,0x0
1790302872,38050,0,0,0x0
1790302874,37500,0,0,0x0
1790302876,36950,0,0,0x0
1790302878,36400,0,0,0x0
1790302880,36950,0,0,0x0
1790302882,37500,0,0,0x0
1790302884,37500,0,0,0x0
1790302886,36950,0,0,0x0
1790302888,37500,0,0,0x0
1790302890,38050,0,0,0x0
1790302892,38050,0,0,0x0
1790302894,37500,0,0,0x0
1790302896,37500,0,0,0x0
1790302898,37500,0,0,0x0
1790302900,38600,0,0,0x0
1790302902,38050,0,0,0x0
1790302904,38050,0,0,0x0
1790302906,36950,0,0,0x0
1790302908,38600,0,0,0x0
1790302910,38050,0,0,0x0
1790302912,38050,0,0,0x0
1790302914,38050,0,0,0x0
1790302916,38050,0,0,0x0
1790302918,38050,0,0,0x0
1790302920,38600,0,0,0x0
1790302922,38600,0,0,0x0
1790302924,37500,0,0,0x0
1790302926,38050,0,0,0x0
1790302928,37500,0,0,0x0
1790302930,37500,0,0,0x0
1790302932,36950,0,0,0x0
1790302934,37500,0,0,0x0
1790302936,38050,0,0,0x0
1790302938,38600,0,0,0x0
1790302940,38600,0,0,0x0
1790302942,38600,0,0,0x0
1790302944,38600,0,0,0x0
1790302946,37500,0,0,0x0
1790302949,38600,0,0,0x0
1790302951,37500,0,0,0x0
1790302953,38600,0,0,0x0
1790302955,38050,0,0,0x0
1790302957,39700,0,0,0x0
1790302959,39150,0,0,0x0
1790302961,38600,0,0,0x0
1790302963,36950,0,0,0x0
1790302965,38050,0,0,0x0
1790302967,38600,0,0,0x0
1790302969,39150,0,0,0x0
1790302971,38600,0,0,0x0
1790302973,39150,0,0,0x0
1790302975,39150,0,0,0x0
1790302977,38600,0,0,0x0
1790302979,40250,0,0,0x0
1790302981,38600,0,0,0x0
1790302983,38600,0,0,0x0
1790302985,38050,0,0,0x0
1790302987,38600,0,0,0x0
1790302989,39150,0,0,0x0
1790302991,38600,0,0,0x0
1790302993,39150,0,0,0x0
1790302995,39150,0,0,0x0
1790302997,38600,0,0,0x0
1790302999,39150,0,0,0x0
1790303001,38600,0,0,0x0
1790303003,39700,0,0,0x0
1790303005,38050,0,0,0x0
1790303007,39150,0,0,0x0
1790303009,39150,0,0,0x0
1790303011,39700,0,0,0x0
1790303013,39700,0,0,0x0
1790303015,38050,0,0,0x0
1790303017,38600,0,0,0x0
1790303019,38600,0,0,0x0
1790303021,39700,0,0,0x0
1790303023,39150,0,0,0x0
1790303025,39700,0,0,0x0
1790303027,38050,0,0,0x0
1790303029,37500,0,0,0x0
1790303031,38600,4217,100,0x0
1790303033,39700,4278,100,0x0
1790303035,38050,4222,100,0x0
1790303037,39150,4189,100,0x0
1790303039,38600,4178,100,0x0
1790303041,39150,4181,100,0x0
1790303043,38600,4196,100,0x0
1790303045,39150,4203,100,0x0
1790303047,39150,4215,100,0x0
1790303049,38050,4236,100,0x0
1790303051,38600,4264,100,0x0
1790303053,38600,4294,100,0x0
1790303055,38600,4319,100,0x0
1790303057,38600,4348,100,0x0
1790303059,38050,4372,100,0x0
1790303061,38600,4398,100,0x0
1790303063,38600,4418,100,0x0
1790303065,38050,4438,100,0x0
1790303067,38600,4458,100,0x0
1790303069,39150,4475,100,0x0
1790303071,38600,4491,100,0x0
1790303073,38050,4504,100,0x0
1790303075,36950,4519,100,0x0
1790303077,37500,4533,100,0x0
1790303079,38050,4544,100,0x0
1790303081,37500,4552,100,0x0
1790303083,38600,4560,100,0x0
1790303085,38050,4572,100,0x0
1790303087,37500,4578,100,0x0
1790303089,38050,4586,100,0x0
1790303091,37500,4594,100,0x0
1790303093,37500,4602,100,0x0
1790303095,37500,4609,100,0x0
1790303097,36400,4615,100,0x0
1790303099,37500,4621,100,0x0
1790303101,38050,4626,100,0x0
1790303103,36400,4628,100,0x0
1790303105,37500,4633,100,0x0
1790303107,36950,4636,100,0x0
1790303109,36950,4638,100,0x0
1790303111,36950,4643,100,0x0
1790303113,36950,4646,100,0x0
1790303115,36950,4651,100,0x0
1790303117,36950,4653,100,0x0
1790303119,36950,4655,100,0x0
1790303121,37500,4659,100,0x0
1790303123,36950,4659,100,0x0
1790303125,36400,4659,100,0x0
1790303127,36400,4660,100,0x0
1790303129,35850,4663,100,0x0
1790303131,36950,4664,100,0x0
1790303133,36400,4667,100,0x0
1790303135,36400,4668,100,0x0
1790303137,36950,4668,100,0x0
1790303139,36400,4669,100,0x0
1790303141,36950,4672,100,0x0
1790303143,36400,4671,100,0x0
1790303145,35850,4672,100,0x0
1790303148,36950,4674,100,0x0
1790303150,36400,4675,100,0x0
1790303152,35850,4674,100,0x0
1790303154,35850,4673,100,0x0
1790303156,36400,4673,100,0x0
1790303158,36400,4672,100,0x0
1790303160,36400,4675,100,0x0
1790303162,36400,4672,100,0x0
1790303164,36400,4673,100,0x0
1790303166,36400,4669,100,0x0
1790303168,36400,4672,100,0x0
1790303170,34750,4672,100,0x0
1790303172,35850,4673,100,0x0
1790303174,36400,4672,100,0x0
1790303176,36400,4669,100,0x0
1790303178,35850,0,0,0x0
1790303180,35850,0,0,0x0
1790303182,36400,0,0,0x0
1790303184,35850,0,0,0x0
1790303186,35850,0,0,0x0
1790303188,36400,0,0,0x0
1790303190,36400,0,0,0x0
1790303192,35850,0,0,0x0
1790303194,36400,0,0,0x0
1790303196,36400,0,0,0x0
1790303198,36400,0,0,0x0
1790303200,36400,0,0,0x0
1790303202,36950,0,0,0x0
1790303204,36400,0,0,0x0
1790303206,36400,0,0,0x0
1790303208,35300,0,0,0x0
1790303210,36950,0,0,0x0
1790303212,36950,0,0,0x0
1790303214,36400,0,0,0x0
1790303216,36950,0,0,0x0
1790303218,36400,0,0,0x0
1790303220,36400,0,0,0x0
1790303222,35300,0,0,0x0
1790303224,35850,0,0,0x0
1790303226,36950,0,0,0x0
1790303228,36950,0,0,0x0
1790303230,38050,0,0,0x0
1790303232,36950,0,0,0x0
1790303234,36950,0,0,0x0
1790303236,38050,0,0,0x0
1790303238,36950,0,0,0x0
1790303240,36950,0,0,0x0
1790303242,37500,0,0,0x0
1790303244,37500,0,0,0x0
1790303246,36950,0,0,0x0
1790303248,36950,0,0,0x0
1790303250,37500,0,0,0x0
1790303252,38050,0,0,0x0
1790303254,36950,0,0,0x0
1790303256,38050,0,0,0x0
1790303258,38600,0,0,0x0
1790303260,38050,0,0,0x0
1790303262,37500,0,0,0x0
1790303264,38050,0,0,0x0
1790303266,39150,0,0,0x0
1790303268,37500,0,0,0x0
1790303270,36950,0,0,0x0
1790303272,38050,0,0,0x0
1790303274,38050,0,0,0x0
1790303276,36950,0,0,0x0
1790303278,39150,0,0,0x0
1790303280,39150,0,0,0x0
1790303282,38050,0,0,0x0
1790303284,38050,0,0,0x0
1790303286,38050,0,0,0x0
1790303288,38050,0,0,0x0
1790303290,38050,0,0,0x0
1790303292,38050,0,0,0x0
1790303294,38600,0,0,0x0
1790303296,38050,0,0,0x0
1790303298,37500,0,0,0x0
1790303300,38600,0,0,0x0
1790303302,37500,0,0,0x0
1790303304,38050,0,0,0x0
1790303306,38050,0,0,0x0
1790303308,38600,0,0,0x0
1790303310,38050,0,0,0x0
1790303312,37500,0,0,0x0
1790303314,38050,0,0,0x0
1790303316,38050,0,0,0x0
1790303318,38050,0,0,0x0
1790303320,38050,0,0,0x0
1790303322,38050,0,0,0x0
1790303324,38600,0,0,0x0
1790303326,38050,0,0,0x0
1790303328,38050,0,0,0x0
1790303330,39150,0,0,0x0
1790303332,38600,0,0,0x0
1790303334,39150,0,0,0x0
1790303336,39150,0,0,0x0
1790303338,38050,0,0,0x0
1790303340,39150,0,0,0x0
1790303342,38600,0,0,0x0
1790303345,38600,0,0,0x0
1790303347,38600,0,0,0x0
1790303349,38600,0,0,0x0
1790303351,38600,0,0,0x0
1790303353,38600,0,0,0x0
1790303355,39150,0,0,0x0
1790303357,38050,0,0,0x0
1790303359,38600,0,0,0x0
1790303361,38600,0,0,0x0
1790303363,39700,0,0,0x0
1790303365,38600,0,0,0x0
1790303367,38600,0,0,0x0
1790303369,38600,0,0,0x0
1790303371,39150,0,0,0x0
1790303373,38600,0,0,0x0
1790303375,39700,0,0,0x0
1790303377,38600,0,0,0x0
1790303379,39150,0,0,0x0
1790303381,39700,0,0,0x0
1790303383,39150,0,0,0x0
1790303385,39700,0,0,0x0
1790303387,38600,0,0,0x0
1790303389,39150,0,0,0x0
1790303391,39150,0,0,0x0
1790303393,38600,0,0,0x0
1790303395,39150,0,0,0x0
1790303397,39700,0,0,0x0
1790303399,39150,0,0,0x0
1790303401,39150,0,0,0x0
1790303403,39150,0,0,0x0
1790303405,39150,0,0,0x0
1790303407,40250,0,0,0x0
1790303409,39150,0,0,0x0
1790303411,39150,0,0,0x0
1790303413,39700,0,0,0x0
1790303415,39700,4025,100,0x0
1790303417,39150,4091,100,0x0
1790303419,39150,4058,100,0x0
1790303421,38600,4043,100,0x0
1790303423,39150,4043,100,0x0
1790303425,39150,4064,100,0x0
1790303427,38600,4102,100,0x0
1790303429,38600,4143,100,0x0
1790303431,39150,4181,100,0x0
1790303433,39150,4219,100,0x0
1790303435,38600,4256,100,0x0
1790303437,39150,4290,100,0x0
1790303439,38600,4319,100,0x0
1790303441,38600,4348,100,0x0
1790303443,38600,4377,100,0x0
1790303445,38600,4405,100,0x0
1790303447,38600,4429,100,0x0
1790303449,37500,4449,100,0x0
1790303451,38050,4470,100,0x0
1790303453,38600,4491,100,0x0
1790303455,37500,4507,100,0x0
1790303457,38600,4521,100,0x0
1790303459,37500,4533,100,0x0
1790303461,37500,4546,100,0x0
1790303463,38050,4555,100,0x0
1790303465,38600,4565,100,0x0
1790303467,38050,4575,100,0x0
1790303469,38600,4582,100,0x0
1790303471,37500,4591,100,0x0
1790303473,38600,4589,100,0x0
1790303475,38050,4591,100,0x0
1790303477,38050,4597,100,0x0
1790303479,36950,4601,100,0x0
1790303481,38050,4611,100,0x0
1790303483,36950,4620,100,0x0
1790303485,37500,4624,100,0x0
1790303487,37500,4629,100,0x0
1790303489,38050,4633,100,0x0
1790303491,37500,4635,100,0x0
1790303493,37500,4638,100,0x0
1790303495,37500,4641,100,0x0
1790303497,37500,4645,100,0x0
1790303499,36950,4647,100,0x0
1790303501,36400,4649,100,0x0
1790303503,37500,4651,100,0x0
1790303505,37500,4653,100,0x0
1790303507,36950,4655,100,0x0
1790303509,36950,4657,100,0x0
1790303511,36400,4658,100,0x0
1790303514,36400,4657,100,0x0
1790303516,36400,4659,100,0x0
1790303518,36950,4653,100,0x0
1790303520,38050,4649,100,0x0
1790303522,36400,4651,100,0x0
1790303524,36950,4656,100,0x0
1790303526,36950,4659,100,0x0
1790303528,36400,4659,100,0x0
1790303530,35300,4658,100,0x0
1790303532,36950,4659,100,0x0
1790303534,35850,4659,100,0x0
1790303536,36400,4662,100,0x0
1790303538,35850,4659,100,0x0
1790303540,36400,4660,100,0x0
1790303542,36950,4663,100,0x0
1790303544,36950,4659,100,0x0
1790303546,36400,4663,100,0x0
1790303548,36400,4662,100,0x0
1790303550,34750,4662,100,0x0
1790303552,35850,4664,100,0x0
1790303554,36400,4662,100,0x0
1790303556,36400,4663,100,0x0
1790303558,36400,4662,100,0x0
1790303560,36400,4664,100,0x0
1790303562,36400,4662,100,0x0
1790303564,35850,4661,100,0x0
1790303566,36950,4660,100,0x0
1790303568,35300,4660,100,0x0
1790303570,36400,4660,100,0x0
1790303572,36400,4661,100,0x0
1790303574,36950,0,0,0x0
1790303576,35850,0,0,0x0
1790303578,36400,0,0,0x0
1790303580,36400,0,0,0x0
1790303582,35850,0,0,0x0
1790303584,35850,0,0,0x0
1790303586,36400,0,0,0x0
1790303588,36950,0,0,0x0
1790303590,35850,0,0,0x0
1790303592,35850,0,0,0x0
1790303594,36950,0,0,0x0
1790303596,36400,0,0,0x0
1790303598,36400,0,0,0x0
1790303600,36950,0,0,0x0
1790303602,36950,0,0,0x0
1790303604,36400,0,0,0x0
1790303606,36400,0,0,0x0
1790303608,36950,0,0,0x0
1790303610,36950,0,0,0x0
1790303612,36950,0,0,0x0
1790303614,36950,0,0,0x0
1790303616,37500,0,0,0x0
1790303618,38050,0,0,0x0
1790303620,37500,0,0,0x0
1790303622,37500,0,0,0x0
1790303624,36950,0,0,0x0
1790303626,35850,0,0,0x0
1790303628,37500,0,0,0x0
1790303630,37500,0,0,0x0
1790303632,36950,0,0,0x0
1790303634,37500,0,0,0x0
1790303636,37500,0,0,0x0
1790303638,37500,0,0,0x0
1790303640,37500,0,0,0x0
1790303642,37500,0,0,0x0
1790303644,38050,0,0,0x0
1790303646,36950,0,0,0x0
1790303648,38600,0,0,0x0
1790303650,38050,0,0,0x0
1790303652,37500,0,0,0x0
1790303654,37500,0,0,0x0
1790303656,38050,0,0,0x0
1790303658,36400,0,0,0x0
1790303660,38050,0,0,0x0
1790303662,38600,0,0,0x0
1790303664,37500,0,0,0x0
1790303666,38050,0,0,0x0
1790303668,38600,0,0,0x0
1790303670,38600,0,0,0x0
1790303672,37500,0,0,0x0
1790303674,37500,0,0,0x0
1790303677,38050,0,0,0x0
1790303679,38050,0,0,0x0
1790303681,37500,0,0,0x0
1790303683,38600,0,0,0x0
1790303685,38050,0,0,0x0
1790303687,36400,0,0,0x0
1790303689,38600,0,0,0x0
1790303691,38600,0,0,0x0
1790303693,37500,0,0,0x0
1790303695,39150,0,0,0x0
1790303697,38600,0,0,0x0
1790303699,38600,0,0,0x0
1790303701,38600,0,0,0x0
1790303703,38600,0,0,0x0
1790303705,38600,0,0,0x0
1790303707,38600,0,0,0x0
1790303709,38600,0,0,0x0
1790303711,38600,0,0,0x0
1790303713,38050,0,0,0x0
1790303715,38050,0,0,0x0
1790303717,38600,0,0,0x0
1790303719,38050,0,0,0x0
1790303721,38600,0,0,0x0
1790303723,38600,0,0,0x0
1790303725,38600,0,0,0x0
1790303727,38600,0,0,0x0
1790303729,38600,0,0,0x0
1790303731,39150,0,0,0x0
1790303733,38600,0,0,0x0
1790303735,39700,0,0,0x0
1790303737,40250,0,0,0x0
1790303739,39150,0,0,0x0
1790303741,39150,0,0,0x0
1790303743,38600,0,0,0x0
1790303745,38600,0,0,0x0
1790303747,38600,0,0,0x0
1790303749,39150,0,0,0x0
1790303751,38600,0,0,0x0
1790303753,39700,0,0,0x0
1790303755,39150,0,0,0x0
1790303757,39150,0,0,0x0
1790303759,39150,0,0,0x0
1790303761,39150,0,0,0x0
1790303763,39150,0,0,0x0
1790303765,39700,0,0,0x0
1790303767,39150,0,0,0x0
1790303769,39150,0,0,0x0
1790303771,39150,0,0,0x0
1790303773,38600,0,0,0x0
1790303775,39150,0,0,0x0
1790303777,39150,0,0,0x0
1790303779,39700,0,0,0x0
1790303781,39150,0,0,0x0
1790303783,39700,0,0,0x0
1790303785,39150,0,0,0x0
1790303787,38600,0,0,0x0
1790303789,39150,0,0,0x0
1790303791,39150,0,0,0x0
1790303793,39700,0,0,0x0
1790303795,39700,0,0,0x0
1790303797,39150,0,0,0x0
1790303799,39700,0,0,0x0
1790303801,39150,0,0,0x0
1790303803,39150,0,0,0x0
1790303805,39700,0,0,0x0
1790303807,39700,0,0,0x0
1790303809,39150,0,0,0x0
1790303811,39700,0,0,0x0
1790303813,39150,3,100,0x0
1790303815,38600,4227,100,0x0
1790303817,40250,4200,100,0x0
1790303819,39150,4174,100,0x0
1790303821,39150,4164,100,0x0
1790303823,39700,4171,100,0x0
1790303825,39150,4181,100,0x0
1790303827,38600,4192,100,0x0
1790303829,38600,4204,100,0x0
1790303831,39700,4225,100,0x0
1790303833,39700,4254,100,0x0
1790303835,39150,4282,100,0x0
1790303837,38600,4314,100,0x0
1790303839,39150,4340,100,0x0
1790303841,39150,4364,100,0x0
1790303843,38050,4390,100,0x0
1790303845,38600,4413,100,0x0
1790303847,39150,4433,100,0x0
1790303849,38050,4451,100,0x0
1790303851,39150,4470,100,0x0
1790303853,38050,4487,100,0x0
1790303855,38600,4503,100,0x0
1790303857,38050,4518,100,0x0
1790303859,38600,4529,100,0x0
1790303861,37500,4539,100,0x0
1790303863,38600,4551,100,0x0
1790303865,38050,4562,100,0x0
1790303867,38050,4569,100,0x0
1790303869,38050,4578,100,0x0
1790303871,37500,4587,100,0x0
1790303873,38050,4594,100,0x0
1790303875,38600,4600,100,0x0
1790303877,36400,4606,100,0x0
1790303879,38050,4610,100,0x0
1790303881,38050,4613,100,0x0
1790303883,37500,4618,100,0x0
1790303885,37500,4626,100,0x0
1790303887,36400,4629,100,0x0
1790303889,37500,4634,100,0x0
1790303891,38050,4636,100,0x0
1790303893,37500,4638,100,0x0
1790303896,37500,4640,100,0x0
1790303898,37500,4635,100,0x0
1790303900,37500,4636,100,0x0
1790303902,36950,4636,100,0x0
1790303904,36950,4645,100,0x0
1790303906,37500,4648,100,0x0
1790303908,36400,4649,100,0x0
1790303910,36400,4652,100,0x0
1790303912,38050,4654,100,0x0
1790303914,36950,4656,100,0x0
1790303916,36950,4658,100,0x0
1790303918,36950,4658,100,0x0
1790303920,35850,4659,100,0x0
1790303922,36950,4661,100,0x0
1790303924,36400,4659,100,0x0
1790303926,36950,4662,100,0x0
1790303928,36400,4664,100,0x0
1790303930,36400,4666,100,0x0
1790303932,36950,4667,100,0x0
1790303934,36400,4669,100,0x0
1790303936,36950,4671,100,0x0
1790303938,36950,4671,100,0x0
1790303940,36400,4672,100,0x0
1790303942,36400,4674,100,0x0
1790303944,36400,4672,100,0x0
1790303946,36400,4675,100,0x0
1790303948,36400,4674,100,0x0
1790303950,36400,4675,100,0x0
1790303952,36950,0,0,0x0
1790303954,36400,0,0,0x0
1790303956,35850,0,0,0x0
1790303958,36400,0,0,0x0
1790303960,36400,0,0,0x0
1790303962,36400,0,0,0x0
1790303964,36400,0,0,0x0
1790303966,36400,0,0,0x0
1790303968,36950,0,0,0x0
1790303970,35850,0,0,0x0
1790303972,35850,0,0,0x0
1790303974,36950,0,0,0x0
1790303976,36950,0,0,0x0
1790303978,36400,0,0,0x0
1790303980,36400,0,0,0x0
1790303982,36400,0,0,0x0
1790303984,38050,0,0,0x0
1790303986,37500,0,0,0x0
1790303988,37500,0,0,0x0
1790303990,36950,0,0,0x0
1790303992,37500,0,0,0x0
1790303994,37500,0,0,0x0
1790303996,36950,0,0,0x0
1790303998,37500,0,0,0x0
1790304000,36400,0,0,0x0
1790304002,36950,0,0,0x0
1790304004,36400,0,0,0x0
1790304006,37500,0,0,0x0
1790304008,36950,0,0,0x0
1790304010,37500,0,0,0x0
1790304012,37500,0,0,0x0
1790304014,38050,0,0,0x0
1790304016,37500,0,0,0x0
1790304018,37500,0,0,0x0
1790304020,37500,0,0,0x0
1790304022,38050,0,0,0x0
1790304024,38050,0,0,0x0
1790304026,37500,0,0,0x0
1790304028,38050,0,0,0x0
1790304030,37500,0,0,0x0
1790304032,36400,0,0,0x0
1790304034,38050,0,0,0x0
1790304036,38050,0,0,0x0
1790304038,37500,0,0,0x0
1790304040,36950,0,0,0x0
1790304042,38050,0,0,0x0
1790304044,38050,0,0,0x0
1790304046,37500,0,0,0x0
1790304048,37500,0,0,0x0
1790304050,38600,0,0,0x0
1790304052,38600,0,0,0x0
1790304054,38600,0,0,0x0
1790304056,38600,0,0,0x0
1790304058,38600,0,0,0x0
1790304060,38050,0,0,0x0
1790304062,38050,0,0,0x0
1790304064,38600,0,0,0x0
1790304066,38050,0,0,0x0
1790304068,37500,0,0,0x0
1790304070,38050,0,0,0x0
1790304072,37500,0,0,0x0
1790304074,38050,0,0,0x0
1790304076,39150,0,0,0x0
1790304078,39150,0,0,0x0
1790304080,38600,0,0,0x0
1790304082,38600,0,0,0x0
1790304084,39150,0,0,0x0
1790304086,38600,0,0,0x0
1790304088,38050,0,0,0x0
1790304090,38600,0,0,0x0
1790304092,39150,0,0,0x0
1790304094,37500,0,0,0x0
1790304096,38600,0,0,0x0
1790304098,39700,0,0,0x0
1790304100,39150,0,0,0x0
1790304102,39150,0,0,0x0
1790304104,39150,0,0,0x0
1790304106,38600,0,0,0x0
1790304108,38600,0,0,0x0
1790304110,39150,0,0,0x0
1790304112,39150,0,0,0x0
1790304114,38050,0,0,0x0
1790304117,38600,0,0,0x0
1790304119,39150,0,0,0x0
1790304121,39150,0,0,0x0
1790304123,38600,0,0,0x0
1790304125,38050,0,0,0x0
1790304127,39150,0,0,0x0
1790304129,38600,0,0,0x0
1790304131,39150,0,0,0x0
1790304133,39700,0,0,0x0
1790304135,38600,0,0,0x0
1790304137,39150,0,0,0x0
1790304139,38600,0,0,0x0
1790304141,39700,0,0,0x0
1790304143,39150,0,0,0x0
1790304145,39150,0,0,0x0
1790304147,39700,0,0,0x0
1790304149,38600,0,0,0x0
1790304151,38600,0,0,0x0
1790304153,39700,0,0,0x0
1790304155,38600,0,0,0x0
1790304157,39700,0,0,0x0
1790304159,39700,0,0,0x0
1790304161,39150,0,0,0x0
1790304163,39150,0,0,0x0
1790304165,39150,0,0,0x0
1790304167,39700,0,0,0x0
1790304169,39700,2962,100,0x0
1790304171,39150,4191,100,0x0
1790304173,39150,4159,100,0x0
1790304175,39150,4145,100,0x0
1790304177,39700,4140,100,0x0
1790304179,39150,4148,100,0x0
1790304181,39150,4167,100,0x0
1790304183,39700,4189,100,0x0
1790304185,38600,4214,100,0x0
1790304187,39150,4244,100,0x0
1790304189,38600,4273,100,0x0
1790304191,38600,4306,100,0x0
1790304193,38600,4330,100,0x0
1790304195,36950,4357,100,0x0
1790304197,39150,4385,100,0x0
1790304199,39150,4407,100,0x0
1790304201,38600,4430,100,0x0
1790304203,38600,4450,100,0x0
1790304205,38600,4468,100,0x0
1790304207,38050,4486,100,0x0
1790304209,38050,4501,100,0x0
1790304211,38600,4516,100,0x0
1790304213,39150,4528,100,0x0
1790304215,36950,4538,100,0x0
1790304217,38050,4545,100,0x0
1790304219,38600,4555,100,0x0
1790304221,37500,4562,100,0x0
1790304223,38600,4568,100,0x0
1790304225,38050,4575,100,0x0
1790304227,38050,4585,100,0x0
1790304229,38050,4592,100,0x0
1790304231,38050,4599,100,0x0
1790304233,37500,4605,100,0x0
1790304235,37500,4606,100,0x0
1790304237,37500,4604,100,0x0
1790304239,37500,4606,100,0x0
1790304241,38050,4609,100,0x0
1790304243,36950,4611,100,0x0
1790304245,38050,4621,100,0x0
1790304247,37500,4624,100,0x0
1790304249,37500,4628,100,0x0
1790304251,36950,4634,100,0x0
1790304253,37500,4636,100,0x0
1790304255,37500,4640,100,0x0
1790304257,35850,4643,100,0x0
1790304259,38050,4643,100,0x0
1790304261,37500,4646,100,0x0
1790304263,37500,4649,100,0x0
1790304265,36950,4649,100,0x0
1790304267,36950,4650,100,0x0
1790304270,36950,4651,100,0x0
1790304272,36950,4651,100,0x0
1790304274,36400,4654,100,0x0
1790304276,37500,4656,100,0x0
1790304278,36950,4656,100,0x0
1790304280,36950,4656,100,0x0
1790304282,37500,4657,100,0x0
1790304284,36400,4655,100,0x0
1790304286,35850,4649,100,0x0
1790304288,35300,4646,100,0x0
1790304290,36400,4646,100,0x0
1790304292,35850,4654,100,0x0
1790304294,36400,4654,100,0x0
1790304296,36950,4654,100,0x0
1790304298,36400,4651,100,0x0
1790304300,36400,4653,100,0x0
1790304302,36400,4653,100,0x0
1790304304,35850,4653,100,0x0
1790304306,36400,4654,100,0x0
1790304308,35850,4654,100,0x0
1790304310,36400,4655,100,0x0
1790304312,36400,4655,100,0x0
1790304314,36400,4653,100,0x0
1790304316,35850,4636,0,0x0
1790304318,36950,0,0,0x0
1790304320,35850,0,0,0x0
1790304322,36400,0,0,0x0
1790304324,36950,0,0,0x0
1790304326,35300,0,0,0x0
1790304328,35850,0,0,0x0
1790304330,35850,0,0,0x0
1790304332,36400,0,0,0x0
1790304334,36400,0,0,0x0
1790304336,36950,0,0,0x0
1790304338,36400,0,0,0x0
1790304340,36400,0,0,0x0
1790304342,35850,0,0,0x0
1790304344,36950,0,0,0x0
1790304346,35850,0,0,0x0
1790304348,37500,0,0,0x0
1790304350,36400,0,0,0x0
1790304352,36950,0,0,0x0
1790304354,36400,0,0,0x0
1790304356,35850,0,0,0x0
1790304358,36950,0,0,0x0
1790304360,36950,0,0,0x0
1790304362,37500,0,0,0x0
1790304364,37500,0,0,0x0
1790304366,37500,0,0,0x0
1790304368,36400,0,0,0x0
1790304370,36950,0,0,0x0
1790304372,36400,0,0,0x0
1790304374,37500,0,0,0x0
1790304376,36950,0,0,0x0
1790304378,36950,0,0,0x0
1790304380,37500,0,0,0x0
1790304382,38050,0,0,0x0
1790304384,36950,0,0,0x0
1790304386,38600,0,0,0x0
1790304388,36950,0,0,0x0
1790304390,36950,0,0,0x0
1790304392,37500,0,0,0x0
1790304394,37500,0,0,0x0
1790304396,38050,0,0,0x0
1790304398,37500,0,0,0x0
1790304400,37500,0,0,0x0
1790304402,37500,0,0,0x0
1790304404,37500,0,0,0x0
1790304406,37500,0,0,0x0
1790304408,39150,0,0,0x0
1790304410,38050,0,0,0x0
1790304412,38050,0,0,0x0
1790304414,37500,0,0,0x0
1790304416,39150,0,0,0x0
1790304418,38050,0,0,0x0
1790304420,38050,0,0,0x0
1790304422,38050,0,0,0x0
1790304424,39150,0,0,0x0
1790304426,38050,0,0,0x0
1790304428,38050,0,0,0x0
1790304430,38600,0,0,0x0
1790304432,38600,0,0,0x0
1790304434,37500,0,0,0x0
1790304436,38600,0,0,0x0
1790304438,38600,0,0,0x0
1790304440,36950,0,0,0x0
1790304442,39150,0,0,0x0
1790304444,38600,0,0,0x0
1790304446,38600,0,0,0x0
1790304448,38600,0,0,0x0
1790304450,37500,0,0,0x0
1790304452,38600,0,0,0x0
1790304454,39150,0,0,0x0
1790304456,38050,0,0,0x0
1790304458,38050,0,0,0x0
1790304460,37500,0,0,0x0
1790304462,38600,0,0,0x0
1790304464,39150,0,0,0x0
1790304466,38050,0,0,0x0
1790304469,38600,0,0,0x0
1790304471,38600,0,0,0x0
1790304473,38600,0,0,0x0
1790304475,38600,0,0,0x0
1790304477,39150,0,0,0x0
1790304479,38600,0,0,0x0
1790304481,38600,5,100,0x0
1790304483,38600,4327,100,0x0
1790304485,38600,4299,100,0x0
1790304487,39150,4243,100,0x0
1790304489,38600,4214,100,0x0
1790304491,38600,4201,100,0x0
1790304493,38600,4203,100,0x0
1790304495,39150,4220,100,0x0
1790304497,38600,4228,100,0x0
1790304499,38050,4240,100,0x0
1790304501,38050,4256,100,0x0
1790304503,38600,4278,100,0x0
1790304505,38600,4303,100,0x0
1790304507,38050,4329,100,0x0
1790304509,38600,4355,100,0x0
1790304511,38600,4376,100,0x0
1790304513,38050,4395,100,0x0
1790304515,38050,4418,100,0x0
1790304517,36950,4437,100,0x0
1790304519,38600,4454,100,0x0
1790304521,36950,4472,100,0x0
1790304523,38050,4484,100,0x0
1790304525,38050,4498,100,0x0
1790304527,37500,4511,100,0x0
1790304529,38050,4523,100,0x0
1790304531,37500,4533,100,0x0
1790304533,36950,4544,100,0x0
1790304535,38050,4552,100,0x0
1790304537,37500,4561,100,0x0
1790304539,37500,4570,100,0x0
1790304541,36950,4575,100,0x0
1790304543,36950,4582,100,0x0
1790304545,37500,4589,100,0x0
1790304547,37500,4599,100,0x0
1790304549,37500,4599,100,0x0
1790304551,36950,4607,100,0x0
1790304553,37500,4612,100,0x0
1790304555,36950,4617,100,0x0
1790304557,36400,4621,100,0x0
1790304559,36950,4623,100,0x0
1790304561,36950,4627,100,0x0
1790304563,36950,4628,100,0x0
1790304565,36950,4633,100,0x0
1790304567,36400,4636,100,0x0
1790304569,36950,4638,100,0x0
1790304571,36400,4638,100,0x0
1790304573,35850,4641,100,0x0
1790304575,36400,4643,100,0x0
1790304577,36950,4643,100,0x0
1790304579,36400,4646,100,0x0
1790304581,34750,4646,100,0x0
1790304583,36400,4649,100,0x0
1790304585,37500,4642,100,0x0
1790304587,36950,4637,100,0x0
1790304589,36400,4638,100,0x0
1790304591,36950,4643,100,0x0
1790304593,36400,4647,100,0x0
1790304595,35850,4649,100,0x0
1790304597,35300,4647,100,0x0
1790304599,35300,4649,100,0x0
1790304601,36950,4646,100,0x0
1790304603,36950,4649,100,0x0
1790304605,35850,4649,100,0x0
1790304607,35850,4649,100,0x0
1790304609,35300,4650,100,0x0
1790304611,35850,4649,100,0x0
1790304613,35850,4648,100,0x0
1790304615,35850,4651,100,0x0
1790304617,36400,4650,100,0x0
1790304619,36400,4653,100,0x0
1790304621,35300,4650,100,0x0
1790304623,35850,4650,100,0x0
1790304625,35300,4650,100,0x0
1790304627,35850,4651,100,0x0
1790304629,34750,4649,100,0x0
1790304631,35850,4649,100,0x0
1790304633,35850,0,0,0x0
1790304635,35850,0,0,0x0
1790304637,35300,0,0,0x0
1790304639,36400,0,0,0x0
1790304641,35850,0,0,0x0
1790304643,36950,0,0,0x0
1790304645,35850,0,0,0x0
1790304647,35300,0,0,0x0
1790304649,36400,0,0,0x0
1790304651,36950,0,0,0x0
1790304653,36400,0,0,0x0
1790304655,36950,0,0,0x0
1790304657,36400,0,0,0x0
1790304659,36400,0,0,0x0
1790304662,36400,0,0,0x0
1790304664,36950,0,0,0x0
1790304666,36400,0,0,0x0
1790304668,35850,0,0,0x0
1790304670,36950,0,0,0x0
1790304672,36950,0,0,0x0
1790304674,36400,0,0,0x0
1790304676,36400,0,0,0x0
1790304678,36950,0,0,0x0
1790304680,37500,0,0,0x0
1790304682,36400,0,0,0x0
1790304684,36950,0,0,0x0
1790304686,36400,0,0,0x0
1790304688,36950,0,0,0x0
1790304690,36950,0,0,0x0
1790304692,36950,0,0,0x0
1790304694,36950,0,0,0x0
1790304696,37500,0,0,0x0
1790304698,36950,0,0,0x0
1790304700,37500,0,0,0x0
1790304702,36950,0,0,0x0
1790304704,37500,0,0,0x0
1790304706,37500,0,0,0x0
1790304708,37500,0,0,0x0
1790304710,37500,0,0,0x0
1790304712,36950,0,0,0x0
1790304714,36950,0,0,0x0
1790304716,36950,0,0,0x0
1790304718,37500,0,0,0x0
1790304720,37500,0,0,0x0
1790304722,37500,0,0,0x0
1790304724,37500,0,0,0x0
1790304726,36950,0,0,0x0
1790304728,38050,0,0,0x0
1790304730,37500,0,0,0x0
1790304732,38050,0,0,0x0
1790304734,36950,0,0,0x0
1790304736,37500,0,0,0x0
1790304738,38050,0,0,0x0
1790304740,38600,0,0,0x0
1790304742,38050,0,0,0x0
1790304744,38050,0,0,0x0
1790304746,38050,0,0,0x0
1790304748,38050,0,0,0x0
1790304750,38600,0,0,0x0
1790304752,38050,0,0,0x0
1790304754,37500,0,0,0x0
1790304756,39700,0,0,0x0
1790304758,38050,0,0,0x0
1790304760,36950,0,0,0x0
1790304762,38050,0,0,0x0
1790304764,39150,0,0,0x0
1790304766,38600,0,0,0x0
1790304768,37500,0,0,0x0
1790304770,38600,0,0,0x0
1790304772,38050,0,0,0x0
1790304774,39150,0,0,0x0
1790304776,38050,0,0,0x0
1790304778,37500,0,0,0x0
1790304780,38050,0,0,0x0
1790304782,38050,0,0,0x0
1790304784,38600,0,0,0x0
1790304786,38600,0,0,0x0
1790304788,38600,0,0,0x0
1790304790,38600,0,0,0x0
1790304792,38050,0,0,0x0
1790304794,38600,0,0,0x0
1790304796,39150,0,0,0x0
1790304798,38050,0,0,0x0
1790304800,38600,0,0,0x0
1790304802,38050,0,0,0x0
1790304804,38050,0,0,0x0
1790304806,39150,0,0,0x0
1790304808,38600,0,0,0x0
1790304810,38600,0,0,0x0
1790304812,38600,0,0,0x0
1790304814,38600,0,0,0x0
1790304816,38600,3746,100,0x0
1790304818,38600,4422,100,0x0
1790304820,38600,4352,100,0x0
1790304822,37500,4291,100,0x0
1790304824,38600,4245,100,0x0
1790304826,38050,4228,100,0x0
1790304828,38600,4225,100,0x0
1790304830,38600,4239,100,0x0
1790304832,37500,4254,100,0x0
1790304834,38050,4263,100,0x0
1790304836,38600,4277,100,0x0
1790304838,38050,4295,100,0x0
1790304840,38050,4315,100,0x0
1790304842,38050,4338,100,0x0
1790304844,37500,4360,100,0x0
1790304846,38600,4385,100,0x0
1790304848,37500,4406,100,0x0
1790304850,37500,4422,100,0x0
1790304852,36950,4442,100,0x0
1790304854,38050,4458,100,0x0
1790304856,37500,4475,100,0x0
1790304858,38050,4488,100,0x0
1790304861,38050,4504,100,0x0
1790304863,37500,4514,100,0x0
1790304865,37500,4525,100,0x0
1790304867,37500,4535,100,0x0
1790304869,37500,4548,100,0x0
1790304871,38050,4555,100,0x0
1790304873,36950,4564,100,0x0
1790304875,38050,4571,100,0x0
1790304877,37500,4578,100,0x0
1790304879,37500,4582,100,0x0
1790304881,37500,4589,100,0x0
1790304883,37500,4597,100,0x0
1790304885,36950,4600,100,0x0
1790304887,36950,4607,100,0x0
1790304889,37500,4611,100,0x0
1790304891,36400,4613,100,0x0
1790304893,36950,4618,100,0x0
1790304895,36400,4618,100,0x0
1790304897,36950,4623,100,0x0
1790304899,36950,4626,100,0x0
1790304901,36400,4627,100,0x0
1790304903,36400,4631,100,0x0
1790304905,36950,4631,100,0x0
1790304907,36400,4633,100,0x0
1790304909,36400,4635,100,0x0
1790304911,36950,4636,100,0x0
1790304913,36400,4635,100,0x0
1790304915,35850,4628,100,0x0
1790304917,36950,4627,100,0x0
1790304919,36950,4631,100,0x0
1790304921,36400,4635,100,0x0
1790304923,36400,4637,100,0x0
1790304925,35850,4638,100,0x0
1790304927,35850,4640,100,0x0
1790304929,36400,4641,100,0x0
1790304931,36950,4640,100,0x0
1790304933,35300,4642,100,0x0
1790304935,36400,4643,100,0x0
1790304937,36400,4641,100,0x0
1790304939,36950,4643,100,0x0
1790304941,35850,4643,100,0x0
1790304943,35300,4643,100,0x0
1790304945,35850,4644,100,0x0
1790304947,35850,4643,100,0x0
1790304949,35850,4644,100,0x0
1790304951,35300,4645,100,0x0
1790304953,35850,4643,100,0x0
1790304955,35850,4643,100,0x0
1790304957,35850,4646,100,0x0
1790304959,35300,4646,100,0x0
1790304961,35850,4646,100,0x0
1790304963,35850,0,0,0x0
1790304965,35300,0,0,0x0
1790304967,35850,0,0,0x0
1790304969,35850,0,0,0x0
1790304971,35300,0,0,0x0
1790304973,35300,0,0,0x0
1790304975,36400,0,0,0x0
1790304977,35850,0,0,0x0
1790304979,36400,0,0,0x0
1790304981,36400,0,0,0x0
1790304983,35850,0,0,0x0
1790304985,35850,0,0,0x0
1790304987,36950,0,0,0x0
1790304989,36400,0,0,0x0
1790304991,35300,0,0,0x0
1790304993,36400,0,0,0x0
1790304995,36400,0,0,0x0
1790304997,36400,0,0,0x0
1790304999,36400,0,0,0x0
1790305001,36400,0,0,0x0
1790305003,37500,0,0,0x0
1790305005,36950,0,0,0x0
1790305007,36950,0,0,0x0
1790305009,36400,0,0,0x0
1790305011,35300,0,0,0x0
1790305013,36400,0,0,0x0
1790305015,37500,0,0,0x0
1790305017,36950,0,0,0x0
1790305019,36400,0,0,0x0
1790305021,36950,0,0,0x0
1790305023,37500,0,0,0x0
1790305025,37500,0,0,0x0
1790305027,35850,0,0,0x0
1790305029,37500,0,0,0x0
1790305031,36950,0,0,0x0
1790305033,38050,0,0,0x0
1790305035,36950,0,0,0x0
1790305037,37500,0,0,0x0
1790305039,36950,0,0,0x0
1790305041,36950,0,0,0x0
1790305043,38050,0,0,0x0
1790305045,35850,0,0,0x0
1790305047,37500,0,0,0x0
1790305049,37500,0,0,0x0
1790305051,37500,0,0,0x0
1790305053,37500,0,0,0x0
1790305055,36400,0,0,0x0
1790305057,38050,0,0,0x0
1790305059,38050,0,0,0x0
1790305062,38050,0,0,0x0
1790305064,38050,0,0,0x0
1790305066,38050,0,0,0x0
1790305068,37500,0,0,0x0
1790305070,37500,0,0,0x0
1790305072,37500,0,0,0x0
1790305074,36950,0,0,0x0
1790305076,36400,0,0,0x0
1790305078,37500,0,0,0x0
1790305080,38050,0,0,0x0
1790305082,38050,0,0,0x0
1790305084,36950,0,0,0x0
1790305086,38600,0,0,0x0
1790305088,38600,0,0,0x0
1790305090,38050,0,0,0x0
1790305092,38050,0,0,0x0
1790305094,38050,0,0,0x0
1790305096,38050,0,0,0x0
1790305098,38600,0,0,0x0
1790305100,38050,0,0,0x0
1790305102,38050,0,0,0x0
1790305104,38050,0,0,0x0
1790305106,37500,0,0,0x0
1790305108,38050,0,0,0x0
1790305110,38050,0,0,0x0
1790305112,39150,0,0,0x0
1790305114,38600,0,0,0x0
1790305116,38600,0,0,0x0
1790305118,37500,0,0,0x0
1790305120,38050,0,0,0x0
1790305122,37500,0,0,0x0
1790305124,38600,0,0,0x0
1790305126,38050,0,0,0x0
1790305128,38600,0,0,0x0
1790305130,38600,0,0,0x0
1790305132,38600,0,0,0x0
1790305134,38600,0,0,0x0
1790305136,38600,0,0,0x0
1790305138,38050,0,0,0x0
1790305140,38600,0,0,0x0
1790305142,38600,0,0,0x0
1790305144,38600,0,0,0x0
1790305146,38600,0,0,0x0
1790305148,38600,0,0,0x0
1790305150,38050,0,0,0x0
1790305152,39150,0,0,0x0
1790305154,39150,0,0,0x0
1790305156,38600,0,0,0x0
1790305158,39150,0,0,0x0
1790305160,39150,0,0,0x0
1790305162,38600,0,0,0x0
1790305164,38600,0,0,0x0
1790305166,39150,0,0,0x0
1790305168,39150,0,0,0x0
1790305170,40250,0,0,0x0
1790305172,39150,0,0,0x0
1790305174,39150,0,0,0x0
1790305176,38600,0,0,0x0
1790305178,39150,0,0,0x0
1790305180,39700,0,0,0x0
1790305182,39150,0,0,0x0
1790305184,38600,0,0,0x0
1790305186,38600,0,0,0x0
1790305188,38600,0,0,0x0
1790305190,39150,0,0,0x0
1790305192,38050,0,0,0x0
1790305194,38050,0,0,0x0
1790305196,39150,0,0,0x0
1790305198,39150,0,0,0x0
1790305200,39700,0,0,0x0
1790305202,39700,0,0,0x0
1790305204,39700,0,0,0x0
1790305206,39150,0,0,0x0
1790305208,39150,0,0,0x0
1790305210,39700,0,0,0x0
1790305212,39700,0,0,0x0
1790305214,39700,0,0,0x0
1790305216,39150,0,0,0x0
1790305218,39150,0,0,0x0
1790305220,39150,0,0,0x0
1790305222,38600,3,100,0x0
1790305224,39700,4220,100,0x0
1790305226,38600,4189,100,0x0
1790305228,39150,4156,100,0x0
1790305230,39150,4146,100,0x0
1790305232,39150,4155,100,0x0
1790305234,39700,4170,100,0x0
1790305236,39150,4180,100,0x0
1790305238,39150,4195,100,0x0
1790305240,38600,4219,100,0x0
1790305242,38600,4248,100,0x0
1790305244,38600,4281,100,0x0
1790305246,38600,4306,100,0x0
1790305248,38600,4334,100,0x0
1790305250,38600,4359,100,0x0
1790305252,38600,4385,100,0x0
1790305254,38050,4408,100,0x0
1790305256,38600,4427,100,0x0
1790305258,38600,4445,100,0x0
1790305260,40250,4468,100,0x0
1790305262,38600,4484,100,0x0
1790305264,38600,4501,100,0x0
1790305266,38050,4516,100,0x0
1790305268,38600,4528,100,0x0
1790305270,38050,4542,100,0x0
1790305272,38050,4553,100,0x0
1790305274,38050,4565,100,0x0
1790305276,38050,4574,100,0x0
1790305278,38050,4584,100,0x0
1790305281,37500,4594,100,0x0
1790305283,38050,4596,100,0x0
1790305285,37500,4604,100,0x0
1790305287,37500,4608,100,0x0
1790305289,38050,4613,100,0x0
1790305291,37500,4618,100,0x0
1790305293,36950,4622,100,0x0
1790305295,37500,4626,100,0x0
1790305297,36950,4628,100,0x0
1790305299,37500,4631,100,0x0
1790305301,38050,4634,100,0x0
1790305303,36950,4634,100,0x0
1790305305,37500,4625,100,0x0
1790305307,36950,4624,100,0x0
1790305309,35850,4627,100,0x0
1790305311,35850,4628,100,0x0
1790305313,37500,4637,100,0x0
1790305315,36400,4637,100,0x0
1790305317,36400,4638,100,0x0
1790305319,36950,4640,100,0x0
1790305321,36950,4643,100,0x0
1790305323,36400,4643,100,0x0
1790305325,36400,4645,100,0x0
1790305327,36400,4645,100,0x0
1790305329,37500,4648,100,0x0
1790305331,36400,4648,100,0x0
1790305333,36950,4651,100,0x0
1790305335,36950,4652,100,0x0
1790305337,35850,4651,100,0x0
1790305339,36400,4654,100,0x0
1790305341,36400,4653,100,0x0
1790305343,36950,4653,100,0x0
1790305345,36400,4654,100,0x0
1790305347,35850,4653,100,0x0
1790305349,36950,4653,100,0x0
1790305351,35300,4654,100,0x0
1790305353,36400,4654,100,0x0
1790305355,36400,4655,100,0x0
1790305357,36400,4657,100,0x0
1790305359,36400,4658,100,0x0
1790305361,35300,4656,100,0x0
1790305363,36400,4658,100,0x0
1790305365,35300,4659,100,0x0
1790305367,35300,4659,100,0x0
1790305369,36400,4659,100,0x0
1790305371,36400,4662,100,0x0
1790305373,36400,4659,100,0x0
1790305375,35850,0,0,0x0
1790305377,36400,0,0,0x0
1790305379,35850,0,0,0x0
1790305381,36400,0,0,0x0
1790305383,35300,0,0,0x0
1790305385,36400,0,0,0x0
1790305387,36400,0,0,0x0
1790305389,35850,0,0,0x0
1790305391,36950,0,0,0x0
1790305393,36400,0,0,0x0
1790305395,36400,0,0,0x0
1790305397,36400,0,0,0x0
1790305399,36400,0,0,0x0
1790305401,37500,0,0,0x0
1790305403,36950,0,0,0x0
1790305405,35850,0,0,0x0
1790305407,36950,0,0,0x0
1790305409,36950,0,0,0x0
1790305411,36950,0,0,0x0
1790305413,36400,0,0,0x0
1790305415,36950,0,0,0x0
1790305417,37500,0,0,0x0
1790305419,36950,0,0,0x0
1790305421,36950,0,0,0x0
1790305423,36950,0,0,0x0
1790305425,37500,0,0,0x0
1790305427,36400,0,0,0x0
1790305429,36950,0,0,0x0
1790305431,37500,0,0,0x0
1790305433,38050,0,0,0x0
1790305435,38050,0,0,0x0
1790305437,37500,0,0,0x0
1790305439,37500,0,0,0x0
1790305441,38600,0,0,0x0
1790305443,36950,0,0,0x0
1790305445,38600,0,0,0x0
1790305447,36950,0,0,0x0
1790305449,36400,0,0,0x0
1790305451,37500,0,0,0x0
1790305453,37500,0,0,0x0
1790305455,37500,0,0,0x0
1790305458,37500,0,0,0x0
1790305460,38050,0,0,0x0
1790305462,38050,0,0,0x0
1790305464,39150,0,0,0x0
1790305466,38050,0,0,0x0
1790305468,37500,0,0,0x0
1790305470,37500,0,0,0x0
1790305472,37500,0,0,0x0
1790305474,38050,0,0,0x0
1790305476,36950,0,0,0x0
1790305478,38050,0,0,0x0
1790305480,38050,0,0,0x0
1790305482,38050,0,0,0x0
1790305484,38050,0,0,0x0
1790305486,38050,0,0,0x0
1790305488,38050,0,0,0x0
1790305490,38600,0,0,0x0
1790305492,38600,0,0,0x0
1790305494,38600,0,0,0x0
1790305496,37500,0,0,0x0
1790305498,37500,0,0,0x0
1790305500,39150,0,0,0x0
1790305502,38050,0,0,0x0
1790305504,39150,0,0,0x0
1790305506,38600,0,0,0x0
1790305508,38600,0,0,0x0
1790305510,37500,0,0,0x0
1790305512,38050,0,0,0x0
1790305514,38600,0,0,0x0
1790305516,38600,0,0,0x0
1790305518,38600,0,0,0x0
1790305520,38600,0,0,0x0
1790305522,38600,0,0,0x0
1790305524,38600,0,0,0x0
1790305526,38050,0,0,0x0
1790305528,38050,0,0,0x0
1790305530,38600,0,0,0x0
1790305532,38600,0,0,0x0
1790305534,38600,0,0,0x0
1790305536,39150,0,0,0x0
1790305538,38050,0,0,0x0
1790305540,37500,0,0,0x0
1790305542,38600,0,0,0x0
1790305544,38600,0,0,0x0
1790305546,38050,0,0,0x0
1790305548,38600,0,0,0x0
1790305550,38600,0,0,0x0
1790305552,39150,0,0,0x0
1790305554,38600,0,0,0x0
1790305556,39150,0,0,0x0
1790305558,38600,0,0,0x0
1790305560,40250,0,0,0x0
1790305562,39150,0,0,0x0
1790305564,39150,0,0,0x0
1790305566,37500,0,0,0x0
1790305568,38600,0,0,0x0
1790305570,38050,3871,100,0x0
1790305572,38600,4224,100,0x0
1790305574,38600,4180,100,0x0
1790305576,38600,4160,100,0x0
1790305578,38050,4154,100,0x0
1790305580,38600,4160,100,0x0
1790305582,38050,4174,100,0x0
1790305584,38050,4185,100,0x0
1790305586,38600,4199,100,0x0
1790305588,38050,4227,100,0x0
1790305590,38600,4258,100,0x0
1790305592,38600,4287,100,0x0
1790305594,38600,4314,100,0x0
1790305596,38600,4340,100,0x0
1790305598,38050,4364,100,0x0
1790305600,38600,4387,100,0x0
1790305602,36950,4409,100,0x0
1790305604,38050,4429,100,0x0
1790305606,38050,4448,100,0x0
1790305608,38050,4466,100,0x0
1790305610,38600,4483,100,0x0
1790305612,36950,4499,100,0x0
1790305614,38050,4511,100,0x0
1790305616,38050,4524,100,0x0
1790305618,37500,4538,100,0x0
1790305620,37500,4547,100,0x0
1790305622,36400,4555,100,0x0
1790305624,36400,4564,100,0x0
1790305626,37500,4571,100,0x0
1790305628,37500,4580,100,0x0
1790305630,37500,4587,100,0x0
1790305632,38050,4593,100,0x0
1790305634,37500,4600,100,0x0
1790305636,37500,4609,100,0x0
1790305638,37500,4612,100,0x0
1790305640,36950,4618,100,0x0
1790305642,38050,4622,100,0x0
1790305644,37500,4626,100,0x0
1790305646,36950,4628,100,0x0
1790305648,36950,4631,100,0x0
1790305650,37500,4636,100,0x0
1790305652,36950,4638,100,0x0
1790305654,36950,4639,100,0x0
1790305656,37500,4643,100,0x0
1790305658,36950,4643,100,0x0
1790305660,36950,4647,100,0x0
1790305662,36950,4647,100,0x0
1790305664,36400,4652,100,0x0
1790305666,37500,4651,100,0x0
1790305668,36950,4652,100,0x0
1790305670,36950,4649,100,0x0
1790305672,36400,4646,100,0x0
1790305674,37500,4646,100,0x0
1790305677,36950,4654,100,0x0
1790305679,35850,4654,100,0x0
1790305681,36400,4656,100,0x0
1790305683,36400,4655,100,0x0
1790305685,36400,4656,100,0x0
1790305687,36950,4659,100,0x0
1790305689,36400,4656,100,0x0
1790305691,35300,4661,100,0x0
1790305693,35850,4660,100,0x0
1790305695,35300,4664,100,0x0
1790305697,36400,4663,100,0x0
1790305699,35850,4663,100,0x0
1790305701,35300,4663,100,0x0
1790305703,36400,4665,100,0x0
1790305705,35850,4663,100,0x0
1790305707,36400,4664,100,0x0
1790305709,36400,4667,100,0x0
1790305711,36400,4663,100,0x0
1790305713,35850,4665,100,0x0
1790305715,35850,4664,100,0x0
1790305717,35850,4666,100,0x0
1790305719,35850,4667,100,0x0
1790305721,36400,4667,100,0x0
1790305723,36400,4669,100,0x0
1790305725,34750,4652,0,0x0
1790305727,35850,0,0,0x0
1790305729,35300,0,0,0x0
1790305731,35300,0,0,0x0
1790305733,36400,0,0,0x0
1790305735,36950,0,0,0x0
1790305737,35850,0,0,0x0
1790305739,35300,0,0,0x0
1790305741,36400,0,0,0x0
1790305743,36400,0,0,0x0
1790305745,35850,0,0,0x0
1790305747,36400,0,0,0x0
1790305749,37500,0,0,0x0
1790305751,36400,0,0,0x0
1790305753,36950,0,0,0x0
1790305755,36950,0,0,0x0
1790305757,36400,0,0,0x0
1790305759,36950,0,0,0x0
1790305761,35300,0,0,0x0
1790305763,36950,0,0,0x0
1790305765,36950,0,0,0x0
1790305767,36400,0,0,0x0
1790305769,35300,0,0,0x0
1790305771,36950,0,0,0x0
1790305773,36950,0,0,0x0
1790305775,37500,0,0,0x0
1790305777,36950,0,0,0x0
1790305779,36950,0,0,0x0
1790305781,37500,0,0,0x0
1790305783,37500,0,0,0x0
1790305785,36950,0,0,0x0
1790305787,37500,0,0,0x0
1790305789,36950,0,0,0x0
1790305791,37500,0,0,0x0
1790305793,37500,0,0,0x0
1790305795,37500,0,0,0x0
1790305797,36950,0,0,0x0
1790305799,37500,0,0,0x0
1790305801,37500,0,0,0x0
1790305803,37500,0,0,0x0
1790305805,38050,0,0,0x0
1790305807,38050,0,0,0x0
1790305809,38600,0,0,0x0
1790305811,37500,0,0,0x0
1790305813,36950,0,0,0x0
1790305815,38050,0,0,0x0
1790305817,37500,0,0,0x0
1790305819,38050,0,0,0x0
1790305821,38050,0,0,0x0
1790305823,37500,0,0,0x0
1790305825,38050,0,0,0x0
1790305827,37500,0,0,0x0
1790305829,38050,0,0,0x0
1790305831,37500,0,0,0x0
1790305833,38050,0,0,0x0
1790305835,37500,0,0,0x0
1790305837,37500,0,0,0x0
1790305839,38050,0,0,0x0
1790305841,38050,0,0,0x0
1790305843,38050,0,0,0x0
1790305845,38050,0,0,0x0
1790305847,38050,0,0,0x0
1790305849,38050,0,0,0x0
1790305851,38600,0,0,0x0
1790305854,38050,0,0,0x0
1790305856,38050,0,0,0x0
1790305858,38600,0,0,0x0
1790305860,38050,0,0,0x0
1790305862,38050,0,0,0x0
1790305864,39150,0,0,0x0
1790305866,39150,0,0,0x0
1790305868,38050,0,0,0x0
1790305870,38050,0,0,0x0
1790305872,37500,0,0,0x0
1790305874,38600,0,0,0x0
1790305876,38600,0,0,0x0
1790305878,38600,0,0,0x0
1790305880,38600,0,0,0x0
1790305882,38600,0,0,0x0
1790305884,38600,0,0,0x0
1790305886,39150,0,0,0x0
1790305888,38600,0,0,0x0
1790305890,39700,0,0,0x0
1790305892,38600,0,0,0x0
1790305894,38600,0,0,0x0
1790305896,38600,0,0,0x0
1790305898,38600,0,0,0x0
1790305900,37500,0,0,0x0
1790305902,38600,0,0,0x0
1790305904,38600,0,0,0x0
1790305906,38600,0,0,0x0
1790305908,39150,0,0,0x0
1790305910,39150,4242,100,0x0
1790305912,38600,4244,100,0x0
1790305914,39150,4198,100,0x0
1790305916,38050,4179,100,0x0
1790305918,39150,4174,100,0x0
1790305920,38600,4181,100,0x0
1790305922,40250,4192,100,0x0
1790305924,38600,4201,100,0x0
1790305926,38600,4217,100,0x0
1790305928,37500,4243,100,0x0
1790305930,38600,4271,100,0x0
1790305932,38600,4298,100,0x0
1790305934,37500,4327,100,0x0
1790305936,38050,4352,100,0x0
1790305938,38600,4377,100,0x0
1790305940,38050,4396,100,0x0
1790305942,38050,4419,100,0x0
1790305944,38050,4439,100,0x0
1790305946,37500,4456,100,0x0
1790305948,37500,4474,100,0x0
1790305950,37500,4489,100,0x0
1790305952,37500,4501,100,0x0
1790305954,37500,4514,100,0x0
1790305956,38050,4526,100,0x0
1790305958,36950,4539,100,0x0
1790305960,38050,4547,100,0x0
1790305962,36950,4557,100,0x0
1790305964,38050,4567,100,0x0
1790305966,36950,4574,100,0x0
1790305968,38050,4580,100,0x0
1790305970,36950,4587,100,0x0
1790305972,37500,4594,100,0x0
1790305974,36400,4601,100,0x0
1790305976,37500,4607,100,0x0
1790305978,37500,4611,100,0x0
1790305980,38600,4616,100,0x0
1790305982,36400,4620,100,0x0
1790305984,36950,4625,100,0x0
1790305986,36950,4632,100,0x0
1790305988,38050,4632,100,0x0
1790305990,36950,4635,100,0x0
1790305992,35850,4636,100,0x0
1790305994,36400,4641,100,0x0
1790305996,36950,4643,100,0x0
1790305998,36950,4646,100,0x0
1790306000,37500,4647,100,0x0
1790306002,38050,4651,100,0x0
1790306004,35850,4649,100,0x0
1790306006,37500,4651,100,0x0
1790306008,36950,4653,100,0x0
1790306010,37500,4655,100,0x0
1790306012,36400,4656,100,0x0
1790306014,36950,4659,100,0x0
1790306016,36950,4661,100,0x0
1790306018,36950,4661,100,0x0
1790306020,36950,4662,100,0x0
1790306022,36400,4662,100,0x0
1790306024,36950,4661,100,0x0
1790306026,36400,4661,100,0x0
1790306029,36400,4663,100,0x0
1790306031,36950,4662,100,0x0
1790306033,36400,4654,100,0x0
1790306035,35850,4651,100,0x0
1790306037,35850,4655,100,0x0
1790306039,35300,4659,100,0x0
1790306041,36950,4660,100,0x0
1790306043,35850,4662,100,0x0
1790306045,36400,4659,100,0x0
1790306047,35850,4660,100,0x0
1790306049,36400,4661,100,0x0
1790306051,35850,4662,100,0x0
1790306053,35850,4662,100,0x0
1790306055,36400,4662,100,0x0
1790306057,35850,4660,100,0x0
1790306059,36400,4662,100,0x0
1790306061,35850,4662,100,0x0
1790306063,36400,4662,100,0x0
1790306065,35850,4661,100,0x0
1790306067,35850,4663,100,0x0
1790306069,35300,4661,100,0x0
1790306071,36950,4661,100,0x0
1790306073,35300,4660,100,0x0
1790306075,35300,4660,100,0x0
1790306077,34750,4661,100,0x0
1790306079,36400,4659,100,0x0
1790306081,35850,0,0,0x0
1790306083,35850,0,0,0x0
1790306085,35300,0,0,0x0
1790306087,36400,0,0,0x0
1790306089,35850,0,0,0x0
1790306091,35300,0,0,0x0
1790306093,35300,0,0,0x0
1790306095,36950,0,0,0x0
1790306097,35850,0,0,0x0
1790306099,35850,0,0,0x0
1790306101,36400,0,0,0x0
1790306103,35300,0,0,0x0
1790306105,36400,0,0,0x0
1790306107,35850,0,0,0x0
1790306109,36400,0,0,0x0
1790306111,36400,0,0,0x0
1790306113,35850,0,0,0x0
1790306115,36950,0,0,0x0
1790306117,35850,0,0,0x0
1790306119,36400,0,0,0x0
1790306121,36400,0,0,0x0
1790306123,35300,0,0,0x0
1790306125,36400,0,0,0x0
1790306127,37500,0,0,0x0
1790306129,36400,0,0,0x0
1790306131,36400,0,0,0x0
1790306133,36400,0,0,0x0
1790306135,35850,0,0,0x0
1790306137,36400,0,0,0x0
1790306139,36950,0,0,0x0
1790306141,36950,0,0,0x0
1790306143,37500,0,0,0x0
1790306145,36400,0,0,0x0
1790306147,36950,0,0,0x0
1790306149,36950,0,0,0x0
1790306151,36950,0,0,0x0
1790306153,37500,0,0,0x0
1790306155,36950,0,0,0x0
1790306157,36950,0,0,0x0
1790306159,36400,0,0,0x0
1790306161,38050,0,0,0x0
1790306163,36950,0,0,0x0
1790306165,38050,0,0,0x0
1790306167,37500,0,0,0x0
1790306169,37500,0,0,0x0
1790306171,37500,0,0,0x0
1790306173,37500,0,0,0x0
1790306175,38050,0,0,0x0
1790306177,37500,0,0,0x0
1790306179,38050,0,0,0x0
1790306181,37500,0,0,0x0
1790306183,37500,0,0,0x0
1790306185,38050,0,0,0x0
1790306187,38050,0,0,0x0
1790306189,36400,0,0,0x0
1790306191,38050,0,0,0x0
1790306193,38050,0,0,0x0
1790306195,38050,0,0,0x0
1790306197,36950,0,0,0x0
1790306199,38050,0,0,0x0
1790306201,38050,0,0,0x0
1790306204,36400,0,0,0x0
1790306206,37500,0,0,0x0
1790306208,38050,0,0,0x0
1790306210,38050,0,0,0x0
1790306212,37500,0,0,0x0
1790306214,38050,0,0,0x0
1790306216,38600,0,0,0x0
1790306218,38050,0,0,0x0
1790306220,38050,0,0,0x0
1790306222,38600,0,0,0x0
1790306224,38050,0,0,0x0
1790306226,38600,0,0,0x0
1790306228,38600,0,0,0x0
1790306230,38600,0,0,0x0
1790306232,38600,0,0,0x0
1790306234,38050,0,0,0x0
1790306236,38050,0,0,0x0
1790306238,38600,0,0,0x0
1790306240,38050,0,0,0x0
1790306242,39150,0,0,0x0
1790306244,38600,0,0,0x0
1790306246,38050,0,0,0x0
1790306248,38600,0,0,0x0
1790306250,38600,0,0,0x0
1790306252,38600,0,0,0x0
1790306254,38600,0,0,0x0
1790306256,38600,0,0,0x0
1790306258,38050,0,0,0x0
1790306260,38600,0,0,0x0
1790306262,38600,0,0,0x0
1790306264,38600,0,0,0x0
1790306266,38600,0,0,0x0
1790306268,37500,0,0,0x0
1790306270,38600,0,0,0x0
1790306272,38600,0,0,0x0
1790306274,38600,0,0,0x0
1790306276,39150,0,0,0x0
1790306278,38600,0,0,0x0
1790306280,38600,0,0,0x0
1790306282,38600,0,0,0x0
1790306284,38050,0,0,0x0
1790306286,38600,0,0,0x0
1790306288,39150,0,0,0x0
1790306290,39150,3921,100,0x0
1790306292,38600,4318,100,0x0
1790306294,38600,4258,100,0x0
1790306296,38600,4215,100,0x0
1790306298,39150,4189,100,0x0
1790306300,38600,4184,100,0x0
1790306302,38600,4199,100,0x0
1790306304,38050,4212,100,0x0
1790306306,38600,4222,100,0x0
1790306308,38600,4239,100,0x0
1790306310,38600,4260,100,0x0
1790306312,38050,4284,100,0x0
1790306314,38600,4312,100,0x0
1790306316,39150,4335,100,0x0
1790306318,38050,4359,100,0x0
1790306320,38050,4383,100,0x0
1790306322,38600,4403,100,0x0
1790306324,38050,4426,100,0x0
1790306326,38050,4443,100,0x0
1790306328,38050,4460,100,0x0
1790306330,37500,4477,100,0x0
1790306332,38050,4489,100,0x0
1790306334,38050,4503,100,0x0
1790306336,38050,4516,100,0x0
1790306338,38050,4528,100,0x0
1790306340,36950,4537,100,0x0
1790306342,37500,4548,100,0x0
1790306344,38050,4555,100,0x0
1790306346,38050,4564,100,0x0
1790306348,37500,4571,100,0x0
1790306350,38600,4577,100,0x0
1790306352,38050,4583,100,0x0
1790306354,37500,4594,100,0x0
1790306356,37500,4596,100,0x0
1790306358,36950,4603,100,0x0
1790306360,36400,4608,100,0x0
1790306362,37500,4611,100,0x0
1790306364,36950,4616,100,0x0
1790306366,37500,4620,100,0x0
1790306368,36950,4625,100,0x0
1790306370,36950,4630,100,0x0
1790306372,36400,4631,100,0x0
1790306374,36400,4634,100,0x0
1790306376,35300,4637,100,0x0
1790306378,36950,4637,100,0x0
1790306380,36950,4643,100,0x0
1790306382,36400,4643,100,0x0
1790306384,36400,4643,100,0x0
1790306386,36950,4644,100,0x0
1790306388,36400,4646,100,0x0
1790306390,36400,4647,100,0x0
1790306392,36950,4648,100,0x0
1790306394,36950,4649,100,0x0
1790306396,36400,4649,100,0x0
1790306398,36950,4651,100,0x0
1790306400,35850,4651,100,0x0
1790306402,35850,4650,100,0x0
1790306404,36950,4650,100,0x0
1790306406,36400,4640,100,0x0
1790306408,36400,4637,100,0x0
1790306410,36400,4638,100,0x0
1790306412,36400,0,0,0x0
1790306414,36400,0,0,0x0
1790306416,36400,0,0,0x0
1790306418,36400,0,0,0x0
1790306420,35850,0,0,0x0
1790306422,36400,0,0,0x0
1790306424,36400,0,0,0x0
1790306427,36400,0,0,0x0
1790306429,36950,0,0,0x0
1790306431,36950,0,0,0x0
1790306433,36950,0,0,0x0
1790306435,36950,0,0,0x0
1790306437,36950,0,0,0x0
1790306439,36400,0,0,0x0
1790306441,36950,0,0,0x0
1790306443,36950,0,0,0x0
1790306445,36950,0,0,0x0
1790306447,36950,0,0,0x0
1790306449,35850,0,0,0x0
1790306451,36950,0,0,0x0
1790306453,36950,0,0,0x0
1790306455,36400,0,0,0x0
1790306457,36400,0,0,0x0
1790306459,38050,0,0,0x0
1790306461,37500,0,0,0x0
1790306463,36400,0,0,0x0
1790306465,37500,0,0,0x0
1790306467,36950,0,0,0x0
1790306469,38050,0,0,0x0
1790306471,36400,0,0,0x0
1790306473,36400,0,0,0x0
1790306475,38050,0,0,0x0
1790306477,36950,0,0,0x0
1790306479,38050,0,0,0x0
1790306481,37500,0,0,0x0
1790306483,38050,0,0,0x0
1790306485,37500,0,0,0x0
1790306487,36950,0,0,0x0
1790306489,38050,0,0,0x0
1790306491,37500,0,0,0x0
1790306493,36400,0,0,0x0
1790306495,38050,0,0,0x0
1790306497,38050,0,0,0x0
1790306499,36950,0,0,0x0
1790306501,38600,0,0,0x0
1790306503,37500,0,0,0x0
1790306505,36400,0,0,0x0
1790306507,38050,0,0,0x0
1790306509,38050,0,0,0x0
1790306511,38050,0,0,0x0
1790306513,38050,0,0,0x0
1790306515,38600,0,0,0x0
1790306517,38050,0,0,0x0
1790306519,38050,0,0,0x0
1790306521,37500,0,0,0x0
1790306523,38050,0,0,0x0
1790306525,38600,0,0,0x0
1790306527,39150,0,0,0x0
1790306529,38050,0,0,0x0
1790306531,39150,0,0,0x0
1790306533,38050,0,0,0x0
1790306535,38050,0,0,0x0
1790306537,38050,0,0,0x0
1790306539,38600,0,0,0x0
1790306541,38600,0,0,0x0
1790306543,38600,0,0,0x0
1790306545,38050,0,0,0x0
1790306547,38050,0,0,0x0
1790306549,38050,0,0,0x0
1790306551,38050,0,0,0x0
1790306553,38050,0,0,0x0
1790306555,37500,0,0,0x0
1790306557,38600,0,0,0x0
1790306559,38600,0,0,0x0
1790306561,38600,0,0,0x0
1790306563,38600,0,0,0x0
1790306565,38600,0,0,0x0
1790306567,39150,0,0,0x0
1790306569,38600,0,0,0x0
1790306571,38050,0,0,0x0
1790306573,38600,0,0,0x0
1790306575,38600,0,0,0x0
1790306577,39150,0,0,0x0
1790306579,39150,0,0,0x0
1790306581,38600,0,0,0x0
1790306583,38600,0,0,0x0
1790306585,39700,0,0,0x0
1790306587,38600,0,0,0x0
1790306589,38600,0,0,0x0
1790306591,38050,0,0,0x0
1790306593,39150,0,0,0x0
1790306595,38600,0,0,0x0
1790306597,38600,0,0,0x0
1790306599,38600,0,0,0x0
1790306601,39150,0,0,0x0
1790306603,39150,0,0,0x0
1790306605,39150,0,0,0x0
1790306607,39150,0,0,0x0
1790306609,39150,0,0,0x0
1790306611,39150,0,0,0x0
1790306613,39700,3985,100,0x0
1790306615,39150,4371,100,0x0
1790306618,39150,4301,100,0x0
1790306620,38600,4246,100,0x0
1790306622,38600,4216,100,0x0
1790306624,38600,4204,100,0x0
1790306626,38050,4214,100,0x0
1790306628,38600,4228,100,0x0
1790306630,38050,4240,100,0x0
1790306632,38600,4254,100,0x0
1790306634,37500,4273,100,0x0
1790306636,38600,4294,100,0x0
1790306638,38050,4317,100,0x0
1790306640,38050,4340,100,0x0
1790306642,37500,4367,100,0x0
1790306644,38050,4388,100,0x0
1790306646,38050,4408,100,0x0
1790306648,38600,4427,100,0x0
1790306650,38600,4446,100,0x0
1790306652,38050,4459,100,0x0
1790306654,37500,4478,100,0x0
1790306656,37500,4495,100,0x0
1790306658,38050,4503,100,0x0
1790306660,38050,4519,100,0x0
1790306662,38050,4528,100,0x0
1790306664,37500,4537,100,0x0
1790306666,37500,4549,100,0x0
1790306668,38050,4557,100,0x0
1790306670,37500,4564,100,0x0
1790306672,38050,4571,100,0x0
1790306674,38050,4578,100,0x0
1790306676,38050,4583,100,0x0
1790306678,37500,4589,100,0x0
1790306680,36950,4596,100,0x0
1790306682,36950,4599,100,0x0
1790306684,37500,4604,100,0x0
1790306686,36950,4609,100,0x0
1790306688,36950,4609,100,0x0
1790306690,36950,4605,100,0x0
1790306692,37500,4606,100,0x0
1790306694,36400,4613,100,0x0
1790306696,36400,4618,100,0x0
1790306698,36950,4622,100,0x0
1790306700,38050,4623,100,0x0
1790306702,36950,4628,100,0x0
1790306704,36400,4628,100,0x0
1790306706,36400,4633,100,0x0
1790306708,36950,4634,100,0x0
1790306710,36950,4635,100,0x0
1790306712,36400,4638,100,0x0
1790306714,36950,4638,100,0x0
1790306716,36950,4641,100,0x0
1790306718,36400,4639,100,0x0
1790306720,36950,4643,100,0x0
1790306722,36400,4643,100,0x0
1790306724,36950,4649,100,0x0
1790306726,36400,4650,100,0x0
1790306728,36400,4649,100,0x0
1790306730,35850,4651,100,0x0
1790306732,35850,4650,100,0x0
1790306734,36400,4652,100,0x0
1790306736,36400,4655,100,0x0
1790306738,35850,4645,100,0x0
1790306740,36400,4643,100,0x0
1790306742,35850,4646,100,0x0
1790306744,36400,4651,100,0x0
1790306746,36400,4653,100,0x0
1790306748,36400,4653,100,0x0
1790306750,35850,4654,100,0x0
1790306752,36400,4651,100,0x0
1790306754,35300,4651,100,0x0
1790306756,35850,4653,100,0x0
1790306758,35850,0,0,0x0
1790306760,37500,0,0,0x0
1790306762,35850,0,0,0x0
1790306764,35300,0,0,0x0
1790306766,35850,0,0,0x0
1790306768,35850,0,0,0x0
1790306770,36400,0,0,0x0
1790306772,35850,0,0,0x0
1790306774,36400,0,0,0x0
1790306776,36400,0,0,0x0
1790306778,36400,0,0,0x0
1790306780,36400,0,0,0x0
1790306782,36950,0,0,0x0
1790306784,36400,0,0,0x0
1790306786,36950,0,0,0x0
1790306788,36400,0,0,0x0
1790306790,36400,0,0,0x0
1790306792,36400,0,0,0x0
1790306794,36950,0,0,0x0
1790306796,36950,0,0,0x0
1790306798,36950,0,0,0x0
1790306800,36950,0,0,0x0
1790306802,36950,0,0,0x0
1790306804,36950,0,0,0x0
1790306806,36950,0,0,0x0
1790306808,36950,0,0,0x0
1790306810,36950,0,0,0x0
1790306812,38050,0,0,0x0
1790306814,36950,0,0,0x0
1790306817,36950,0,0,0x0
1790306819,37500,0,0,0x0
1790306821,35850,0,0,0x0
1790306823,36950,0,0,0x0
1790306825,37500,0,0,0x0
1790306827,38050,0,0,0x0
1790306829,37500,0,0,0x0
1790306831,37500,0,0,0x0
1790306833,38600,0,0,0x0
1790306835,37500,0,0,0x0
1790306837,38600,0,0,0x0
1790306839,37500,0,0,0x0
1790306841,38050,0,0,0x0
1790306843,36950,0,0,0x0
1790306845,37500,0,0,0x0
1790306847,37500,0,0,0x0
1790306849,37500,0,0,0x0
1790306851,38050,0,0,0x0
1790306853,36950,0,0,0x0
1790306855,38050,0,0,0x0
1790306857,37500,0,0,0x0
1790306859,38050,0,0,0x0
1790306861,38050,0,0,0x0
1790306863,38050,0,0,0x0
1790306865,36950,0,0,0x0
1790306867,38050,0,0,0x0
1790306869,38050,0,0,0x0
1790306871,37500,0,0,0x0
1790306873,36950,0,0,0x0
1790306875,36950,0,0,0x0
1790306877,37500,0,0,0x0
1790306879,38050,0,0,0x0
1790306881,38050,0,0,0x0
1790306883,38600,0,0,0x0
1790306885,38050,0,0,0x0
1790306887,38600,0,0,0x0
1790306889,38050,0,0,0x0
1790306891,38050,0,0,0x0
1790306893,38050,0,0,0x0
1790306895,38050,0,0,0x0
1790306897,37500,0,0,0x0
1790306899,38600,0,0,0x0
1790306901,38050,0,0,0x0
1790306903,38050,0,0,0x0
1790306905,38600,0,0,0x0
1790306907,39150,0,0,0x0
1790306909,38600,0,0,0x0
1790306911,38050,0,0,0x0
1790306913,38600,0,0,0x0
1790306915,38600,0,0,0x0
1790306917,38600,0,0,0x0
1790306919,38050,0,0,0x0
1790306921,39150,0,0,0x0
1790306923,38600,0,0,0x0
1790306925,38050,0,0,0x0
1790306927,39150,0,0,0x0
1790306929,38600,0,0,0x0
1790306931,38600,0,0,0x0
1790306933,38600,0,0,0x0
1790306935,38050,0,0,0x0
1790306937,38600,0,0,0x0
1790306939,38600,0,0,0x0
1790306941,38050,0,0,0x0
1790306943,39150,0,0,0x0
1790306945,39150,5,100,0x0
1790306947,39150,4242,100,0x0
1790306949,40250,4235,100,0x0
1790306951,38600,4205,100,0x0
1790306953,40250,4187,100,0x0
1790306955,38050,4181,100,0x0
1790306957,38600,4196,100,0x0
1790306959,38050,4214,100,0x0
1790306961,38050,4223,100,0x0
1790306963,38600,4234,100,0x0
1790306965,39150,4255,100,0x0
1790306967,38600,4283,100,0x0
1790306969,38600,4311,100,0x0
1790306971,38600,4337,100,0x0
1790306973,37500,4361,100,0x0
1790306975,39150,4383,100,0x0
1790306977,38600,4405,100,0x0
1790306979,38050,4426,100,0x0
1790306981,38050,4446,100,0x0
1790306983,38050,4464,100,0x0
1790306985,38050,4479,100,0x0
1790306987,38050,4494,100,0x0
1790306989,38050,4509,100,0x0
1790306991,38050,4521,100,0x0
1790306993,38050,4533,100,0x0
1790306995,36400,4546,100,0x0
1790306997,37500,4553,100,0x0
1790306999,38050,4564,100,0x0
1790307001,37500,4569,100,0x0
1790307003,38050,4580,100,0x0
1790307005,37500,4588,100,0x0
1790307007,36950,4594,100,0x0
1790307009,37500,4602,100,0x0
1790307011,37500,4606,100,0x0
1790307013,37500,4611,100,0x0
1790307016,37500,4618,100,0x0
1790307018,37500,4619,100,0x0
1790307020,37500,4626,100,0x0
1790307022,36950,4631,100,0x0
1790307024,36950,4633,100,0x0
1790307026,37500,4634,100,0x0
1790307028,37500,4637,100,0x0
1790307030,36950,4638,100,0x0
1790307032,36950,4641,100,0x0
1790307034,36950,4643,100,0x0
1790307036,37500,4643,100,0x0
1790307038,36400,4643,100,0x0
1790307040,35850,4647,100,0x0
1790307042,35850,4649,100,0x0
1790307044,36950,4651,100,0x0
1790307046,36400,4653,100,0x0
1790307048,36400,4652,100,0x0
1790307050,36400,4654,100,0x0
1790307052,36400,4647,100,0x0
1790307054,36400,4646,100,0x0
1790307056,36950,4643,100,0x0
1790307058,36400,4652,100,0x0
1790307060,35300,4654,100,0x0
1790307062,36950,4654,100,0x0
1790307064,36400,4656,100,0x0
1790307066,36400,4657,100,0x0
1790307068,36400,4656,100,0x0
1790307070,34750,4657,100,0x0
1790307072,36400,4657,100,0x0
1790307074,36400,4656,100,0x0
1790307076,35850,4658,100,0x0
1790307078,37500,4656,100,0x0
1790307080,35850,4656,100,0x0
1790307082,36400,4656,100,0x0
1790307084,35850,4658,100,0x0
1790307086,37500,4636,0,0x0
1790307088,36400,0,0,0x0
1790307090,35850,0,0,0x0
1790307092,36400,0,0,0x0
1790307094,38050,0,0,0x0
1790307096,36400,0,0,0x0
1790307098,36950,0,0,0x0
1790307100,35850,0,0,0x0
1790307102,35850,0,0,0x0
1790307104,36400,0,0,0x0
1790307106,36950,0,0,0x0
1790307108,36950,0,0,0x0
1790307110,36400,0,0,0x0
1790307112,36400,0,0,0x0
1790307114,35300,0,0,0x0
1790307116,36950,0,0,0x0
1790307118,36400,0,0,0x0
1790307120,37500,0,0,0x0
1790307122,36950,0,0,0x0
1790307124,35850,0,0,0x0
1790307126,36950,0,0,0x0
1790307128,36950,0,0,0x0
1790307130,35300,0,0,0x0
1790307132,37500,0,0,0x0
1790307134,36950,0,0,0x0
1790307136,36950,0,0,0x0
1790307138,36400,0,0,0x0
1790307140,36950,0,0,0x0
1790307142,37500,0,0,0x0
1790307144,36950,0,0,0x0
1790307146,36950,0,0,0x0
1790307148,37500,0,0,0x0
1790307150,36950,0,0,0x0
1790307152,37500,0,0,0x0
1790307154,37500,0,0,0x0
1790307156,37500,0,0,0x0
1790307158,38600,0,0,0x0
1790307160,37500,0,0,0x0
1790307162,37500,0,0,0x0
1790307164,37500,0,0,0x0
1790307166,36950,0,0,0x0
1790307168,38050,0,0,0x0
1790307170,37500,0,0,0x0
1790307172,38050,0,0,0x0
1790307174,38600,0,0,0x0
1790307176,37500,0,0,0x0
1790307178,36950,0,0,0x0
1790307180,38050,0,0,0x0
1790307182,38050,0,0,0x0
1790307184,37500,0,0,0x0
1790307186,38050,0,0,0x0
1790307188,38050,0,0,0x0
1790307190,37500,0,0,0x0
1790307192,38050,0,0,0x0
1790307194,38050,0,0,0x0
1790307196,38050,0,0,0x0
1790307198,38050,0,0,0x0
1790307200,38050,0,0,0x0
1790307202,38050,0,0,0x0
1790307204,37500,0,0,0x0
1790307206,38050,0,0,0x0
1790307208,38050,0,0,0x0
1790307210,38600,0,0,0x0
1790307213,38050,0,0,0x0
1790307215,38050,0,0,0x0
1790307217,38050,0,0,0x0
1790307219,38050,0,0,0x0
1790307221,38600,0,0,0x0
1790307223,38600,0,0,0x0
1790307225,38600,0,0,0x0
1790307227,38050,0,0,0x0
1790307229,38050,0,0,0x0
1790307231,38050,0,0,0x0
1790307233,38050,0,0,0x0
1790307235,38050,0,0,0x0
1790307237,38600,0,0,0x0
1790307239,37500,0,0,0x0
1790307241,39700,0,0,0x0
1790307243,38600,0,0,0x0
1790307245,38600,0,0,0x0
1790307247,39700,0,0,0x0
1790307249,38050,0,0,0x0
1790307251,38600,0,0,0x0
1790307253,39150,0,0,0x0
1790307255,39150,0,0,0x0
1790307257,39150,0,0,0x0
1790307259,39150,0,0,0x0
1790307261,39150,0,0,0x0
1790307263,38600,5,100,0x0
1790307265,38600,4275,100,0x0
1790307267,39150,4256,100,0x0
1790307269,38050,4224,100,0x0
1790307271,38600,4207,100,0x0
1790307273,38050,4202,100,0x0
1790307275,38600,4208,100,0x0
1790307277,39150,4219,100,0x0
1790307279,38600,4236,100,0x0
1790307281,38600,4245,100,0x0
1790307283,36400,4257,100,0x0
1790307285,38600,4280,100,0x0
1790307287,38600,4304,100,0x0
1790307289,38050,4330,100,0x0
1790307291,36950,4353,100,0x0
1790307293,38050,4371,100,0x0
1790307295,38050,4394,100,0x0
1790307297,38050,4413,100,0x0
1790307299,38050,4433,100,0x0
1790307301,37500,4451,100,0x0
1790307303,38050,4468,100,0x0
1790307305,37500,4481,100,0x0
1790307307,38050,4495,100,0x0
1790307309,37500,4509,100,0x0
1790307311,38600,4520,100,0x0
1790307313,36950,4531,100,0x0
1790307315,37500,4537,100,0x0
1790307317,37500,4550,100,0x0
1790307319,36950,4559,100,0x0
1790307321,37500,4567,100,0x0
1790307323,36950,4576,100,0x0
1790307325,37500,4582,100,0x0
1790307327,36950,4588,100,0x0
1790307329,36950,4593,100,0x0
1790307331,36400,4603,100,0x0
1790307333,36950,4607,100,0x0
1790307335,36400,4610,100,0x0
1790307337,36950,4613,100,0x0
1790307339,36950,4616,100,0x0
1790307341,37500,4621,100,0x0
1790307343,36950,4625,100,0x0
1790307345,37500,4631,100,0x0
1790307347,36950,4631,100,0x0
1790307349,36400,4631,100,0x0
1790307351,36950,4636,100,0x0
1790307353,35300,4636,100,0x0
1790307355,37500,4638,100,0x0
1790307357,35850,4638,100,0x0
1790307359,36950,4641,100,0x0
1790307361,36400,4644,100,0x0
1790307363,36400,4645,100,0x0
1790307365,36400,4647,100,0x0
1790307367,36400,4648,100,0x0
1790307369,36400,4645,100,0x0
1790307371,36400,4645,100,0x0
1790307373,35850,4648,100,0x0
1790307375,35850,4649,100,0x0
1790307377,36400,4650,100,0x0
1790307379,36400,4651,100,0x0
1790307381,36400,4651,100,0x0
1790307383,35300,4641,100,0x0
1790307385,35300,4640,100,0x0
1790307387,36400,4637,100,0x0
1790307389,36950,4644,100,0x0
1790307391,36400,4646,100,0x0
1790307393,36950,4647,100,0x0
1790307395,35850,4647,100,0x0
1790307397,35300,4646,100,0x0
1790307399,35850,4646,100,0x0
1790307401,35850,4645,100,0x0
1790307403,35850,4647,100,0x0
1790307405,35850,4647,100,0x0
1790307407,35300,4649,100,0x0
1790307409,35850,4648,100,0x0
1790307412,36400,4648,100,0x0
1790307414,35300,4647,100,0x0
1790307416,35850,4647,100,0x0
1790307418,35850,4650,100,0x0
1790307420,35850,4650,100,0x0
1790307422,35850,4649,100,0x0
1790307424,36400,4649,100,0x0
1790307426,35850,4647,100,0x0
1790307428,35850,4648,100,0x0
1790307430,35850,4648,100,0x0
1790307432,34750,4647,100,0x0
1790307434,35300,4648,100,0x0
1790307436,35300,4645,100,0x0
1790307438,35300,4646,100,0x0
1790307440,35300,4647,100,0x0
1790307442,35850,0,0,0x0
1790307444,35300,0,0,0x0
1790307446,35850,0,0,0x0
1790307448,36400,0,0,0x0
1790307450,35850,0,0,0x0
1790307452,35850,0,0,0x0
1790307454,34750,0,0,0x0
1790307456,35300,0,0,0x0
1790307458,35850,0,0,0x0
1790307460,36400,0,0,0x0
1790307462,36400,0,0,0x0
1790307464,36400,0,0,0x0
1790307466,36400,0,0,0x0
1790307468,36400,0,0,0x0
1790307470,36400,0,0,0x0
1790307472,36400,0,0,0x0
1790307474,36400,0,0,0x0
1790307476,36400,0,0,0x0
1790307478,35850,0,0,0x0
1790307480,36950,0,0,0x0
1790307482,36400,0,0,0x0
1790307484,36400,0,0,0x0
1790307486,36400,0,0,0x0
1790307488,36950,0,0,0x0
1790307490,38050,0,0,0x0
1790307492,36950,0,0,0x0
1790307494,36950,0,0,0x0
1790307496,37500,0,0,0x0
1790307498,36400,0,0,0x0
1790307500,36950,0,0,0x0
1790307502,36950,0,0,0x0
1790307504,37500,0,0,0x0
1790307506,36950,0,0,0x0
1790307508,36950,0,0,0x0
1790307510,37500,0,0,0x0
1790307512,36950,0,0,0x0
1790307514,36950,0,0,0x0
1790307516,36950,0,0,0x0
1790307518,36950,0,0,0x0
1790307520,37500,0,0,0x0
1790307522,36950,0,0,0x0
1790307524,36950,0,0,0x0
1790307526,37500,0,0,0x0
1790307528,37500,0,0,0x0
1790307530,37500,0,0,0x0
1790307532,36950,0,0,0x0
1790307534,37500,0,0,0x0
1790307536,37500,0,0,0x0
1790307538,38050,0,0,0x0
1790307540,37500,0,0,0x0
1790307542,38050,0,0,0x0
1790307544,37500,0,0,0x0
1790307546,36950,0,0,0x0
1790307548,38050,0,0,0x0
1790307550,37500,0,0,0x0
1790307552,37500,0,0,0x0
1790307554,37500,0,0,0x0
1790307556,38050,0,0,0x0
1790307558,38600,0,0,0x0
1790307560,38050,0,0,0x0
1790307562,37500,0,0,0x0
1790307564,37500,0,0,0x0
1790307566,37500,0,0,0x0
1790307568,38050,0,0,0x0
1790307570,37500,0,0,0x0
1790307572,37500,0,0,0x0
1790307574,38050,0,0,0x0
1790307576,38600,0,0,0x0
1790307578,38600,0,0,0x0
1790307580,37500,0,0,0x0
1790307582,38050,0,0,0x0
1790307584,38050,0,0,0x0
1790307586,37500,0,0,0x0
1790307588,38600,0,0,0x0
1790307590,38050,0,0,0x0
1790307592,38600,0,0,0x0
1790307594,38050,0,0,0x0
1790307596,38050,0,0,0x0
1790307598,38050,0,0,0x0
1790307600,39150,0,0,0x0
1790307602,37500,0,0,0x0
1790307604,38600,0,0,0x0
1790307606,37500,0,0,0x0
1790307608,38050,0,0,0x0
1790307610,38600,0,0,0x0
1790307612,38600,0,0,0x0
1790307614,38600,0,0,0x0
1790307617,37500,0,0,0x0
1790307619,38600,0,0,0x0
1790307621,38050,0,0,0x0
1790307623,38050,0,0,0x0
1790307625,38600,0,0,0x0
1790307627,38050,0,0,0x0
1790307629,38050,0,0,0x0
1790307631,38600,0,0,0x0
1790307633,38600,0,0,0x0
1790307635,39150,0,0,0x0
1790307637,39150,0,0,0x0
1790307639,39150,0,0,0x0
1790307641,38600,0,0,0x0
1790307643,38600,0,0,0x0
1790307645,39150,0,0,0x0
1790307647,38600,0,0,0x0
1790307649,38600,0,0,0x0
1790307651,39150,0,0,0x0
1790307653,39150,0,0,0x0
1790307655,37500,0,0,0x0
1790307657,39150,0,0,0x0
1790307659,39150,0,0,0x0
1790307661,39150,0,0,0x0
1790307663,38600,0,0,0x0
1790307665,39150,0,0,0x0
1790307667,39700,0,0,0x0
1790307669,39150,0,0,0x0
1790307671,39150,0,0,0x0
1790307673,38600,0,0,0x0
1790307675,39700,0,0,0x0
1790307677,39150,0,0,0x0
1790307679,38600,0,0,0x0
1790307681,38600,0,0,0x0
1790307683,39150,0,0,0x0
1790307685,38050,0,0,0x0
1790307687,39150,0,0,0x0
1790307689,39150,0,0,0x0
1790307691,39700,0,0,0x0
1790307693,39700,0,0,0x0
1790307695,39150,0,0,0x0
1790307697,39700,0,0,0x0
1790307699,39150,0,0,0x0
1790307701,40250,0,0,0x0
1790307703,39150,0,0,0x0
1790307705,39150,0,0,0x0
1790307707,39700,0,0,0x0
1790307709,39700,0,0,0x0
1790307711,40250,0,0,0x0
1790307713,38600,0,0,0x0
1790307715,39700,0,0,0x0
1790307717,39150,0,0,0x0
1790307719,40250,0,0,0x0
1790307721,40250,4260,100,0x0
1790307723,39700,4265,100,0x0
1790307725,39150,4222,100,0x0
1790307727,39700,4189,100,0x0
1790307729,39150,4178,100,0x0
1790307731,39150,4183,100,0x0
1790307733,39150,4194,100,0x0
1790307735,38600,4203,100,0x0
1790307737,39150,4216,100,0x0
1790307739,38600,4240,100,0x0
1790307741,39150,4265,100,0x0
1790307743,38600,4291,100,0x0
1790307745,37500,4316,100,0x0
1790307747,38050,4340,100,0x0
1790307749,38600,4364,100,0x0
1790307751,39150,4386,100,0x0
1790307753,38600,4409,100,0x0
1790307755,38600,4429,100,0x0
1790307757,38050,4447,100,0x0
1790307759,38050,4461,100,0x0
1790307761,38050,4478,100,0x0
1790307763,38600,4491,100,0x0
1790307765,37500,4503,100,0x0
1790307767,38050,4513,100,0x0
1790307770,37500,4526,100,0x0
1790307772,38050,4538,100,0x0
1790307774,37500,4547,100,0x0
1790307776,36950,4557,100,0x0
1790307778,38050,4564,100,0x0
1790307780,38050,4575,100,0x0
1790307782,37500,4582,100,0x0
1790307784,36400,4587,100,0x0
1790307786,38050,4596,100,0x0
1790307788,38050,4600,100,0x0
1790307790,37500,4605,100,0x0
1790307792,36950,4612,100,0x0
1790307794,38050,4616,100,0x0
1790307796,36950,4619,100,0x0
1790307798,38050,4622,100,0x0
1790307800,36950,4627,100,0x0
1790307802,37500,4630,100,0x0
1790307804,36950,4631,100,0x0
1790307806,36400,4634,100,0x0
1790307808,37500,4637,100,0x0
1790307810,36950,4636,100,0x0
1790307812,38050,4641,100,0x0
1790307814,36400,4642,100,0x0
1790307816,37500,4645,100,0x0
1790307818,37500,4645,100,0x0
1790307820,37500,4646,100,0x0
1790307822,36400,4645,100,0x0
1790307824,36950,4649,100,0x0
1790307826,36400,4648,100,0x0
1790307828,36400,4648,100,0x0
1790307830,36950,4648,100,0x0
1790307832,37500,4652,100,0x0
1790307834,36400,4646,100,0x0
1790307836,36400,4639,100,0x0
1790307838,36400,4638,100,0x0
1790307840,36400,4643,100,0x0
1790307842,36400,4646,100,0x0
1790307844,36400,4649,100,0x0
1790307846,36400,4648,100,0x0
1790307848,36400,4647,100,0x0
1790307850,36400,4645,100,0x0
1790307852,36400,4646,100,0x0
1790307854,36400,4646,100,0x0
1790307856,35300,4646,100,0x0
1790307858,36400,4646,100,0x0
1790307860,36400,4643,100,0x0
1790307862,36400,4645,100,0x0
1790307864,36400,4648,100,0x0
1790307866,35850,4647,100,0x0
1790307868,36950,4646,100,0x0
1790307870,35850,4646,100,0x0
1790307872,36400,4644,100,0x0
1790307874,35850,4646,100,0x0
1790307876,35850,4645,100,0x0
1790307878,35850,4644,100,0x0
1790307880,35850,4643,100,0x0
1790307882,35300,4646,100,0x0
1790307884,35300,4644,100,0x0
1790307886,35850,4641,100,0x0
1790307888,35850,4641,100,0x0
1790307890,36400,4641,100,0x0
1790307892,35850,4643,100,0x0
1790307894,36950,4645,100,0x0
1790307896,35850,4643,100,0x0
1790307898,35850,4643,100,0x0
1790307900,35300,4641,100,0x0
1790307902,34200,4644,100,0x0
1790307904,35850,4645,100,0x0
1790307906,35850,4646,100,0x0
1790307908,35850,0,0,0x0
1790307910,35850,0,0,0x0
1790307912,35850,0,0,0x0
1790307914,35300,0,0,0x0
1790307916,35300,0,0,0x0
1790307918,35850,0,0,0x0
1790307920,34750,0,0,0x0
1790307922,35850,0,0,0x0
1790307924,35850,0,0,0x0
1790307926,35850,0,0,0x0
1790307928,35850,0,0,0x0
1790307930,36400,0,0,0x0
1790307932,36950,0,0,0x0
1790307934,35850,0,0,0x0
1790307936,36400,0,0,0x0
1790307938,35850,0,0,0x0
1790307940,35300,0,0,0x0
1790307942,36400,0,0,0x0
1790307944,36950,0,0,0x0
1790307946,36400,0,0,0x0
1790307948,36400,0,0,0x0
1790307950,36950,0,0,0x0
1790307952,36400,0,0,0x0
1790307954,36400,0,0,0x0
1790307956,36400,0,0,0x0
1790307958,36400,0,0,0x0
1790307960,36950,0,0,0x0
1790307962,36950,0,0,0x0
1790307964,36950,0,0,0x0
1790307966,36950,0,0,0x0
1790307968,36950,0,0,0x0
1790307970,35850,0,0,0x0
1790307972,37500,0,0,0x0
1790307974,36950,0,0,0x0
1790307976,36400,0,0,0x0
1790307978,37500,0,0,0x0
1790307980,37500,0,0,0x0
1790307982,37500,0,0,0x0
1790307984,37500,0,0,0x0
1790307986,36950,0,0,0x0
1790307988,37500,0,0,0x0
1790307991,37500,0,0,0x0
1790307993,35850,0,0,0x0
1790307995,37500,0,0,0x0
1790307997,37500,0,0,0x0
1790307999,37500,0,0,0x0
1790308001,37500,0,0,0x0
1790308003,37500,0,0,0x0
1790308005,36950,0,0,0x0
1790308007,37500,0,0,0x0
1790308009,38050,0,0,0x0
1790308011,37500,0,0,0x0
1790308013,37500,0,0,0x0
1790308015,37500,0,0,0x0
1790308017,37500,0,0,0x0
1790308019,36950,0,0,0x0
1790308021,38050,0,0,0x0
1790308023,37500,0,0,0x0
1790308025,36950,0,0,0x0
1790308027,36950,0,0,0x0
1790308029,38600,0,0,0x0
1790308031,38050,0,0,0x0
1790308033,37500,0,0,0x0
1790308035,37500,0,0,0x0
1790308037,38050,0,0,0x0
1790308039,38050,0,0,0x0
1790308041,38600,0,0,0x0
1790308043,38050,0,0,0x0
1790308045,39150,0,0,0x0
1790308047,38600,0,0,0x0
1790308049,38050,0,0,0x0
1790308051,38050,0,0,0x0
1790308053,39150,0,0,0x0
1790308055,37500,0,0,0x0
1790308057,37500,0,0,0x0
1790308059,38600,0,0,0x0
1790308061,38050,0,0,0x0
1790308063,38600,0,0,0x0
1790308065,38050,0,0,0x0
1790308067,38600,0,0,0x0
1790308069,38050,0,0,0x0
1790308071,38600,0,0,0x0
1790308073,37500,0,0,0x0
1790308075,38600,0,0,0x0
1790308077,38050,0,0,0x0
1790308079,38600,0,0,0x0
1790308081,38600,0,0,0x0
1790308083,39150,0,0,0x0
1790308085,38600,0,0,0x0
1790308087,38600,0,0,0x0
1790308089,38600,0,0,0x0
1790308091,39150,0,0,0x0
1790308093,39150,0,0,0x0
1790308095,38600,0,0,0x0
1790308097,37500,0,0,0x0
1790308099,39150,0,0,0x0
1790308101,39150,0,0,0x0
1790308103,39150,0,0,0x0
1790308105,39150,0,0,0x0
1790308107,38600,0,0,0x0
1790308109,39150,0,0,0x0
1790308111,39150,0,0,0x0
1790308113,39150,0,0,0x0
1790308115,39150,0,0,0x0
1790308117,38600,0,0,0x0
1790308119,39150,0,0,0x0
1790308121,37500,0,0,0x0
1790308123,39150,0,0,0x0
1790308125,39150,0,0,0x0
1790308127,37500,0,0,0x0
1790308129,39150,0,0,0x0
1790308131,38600,0,0,0x0
1790308133,38600,0,0,0x0
1790308135,38600,0,0,0x0
1790308137,39150,0,0,0x0
1790308139,39700,0,0,0x0
1790308141,39150,0,0,0x0
1790308143,39150,0,0,0x0
1790308145,38600,0,0,0x0
1790308147,38600,0,0,0x0
1790308149,38600,0,0,0x0
1790308151,38600,0,0,0x0
1790308153,38600,0,0,0x0
1790308155,39150,0,0,0x0
1790308157,39700,0,0,0x0
1790308159,39700,0,0,0x0
1790308161,39700,0,0,0x0
1790308163,39150,0,0,0x0
1790308165,39150,0,0,0x0
1790308167,39700,0,0,0x0
1790308169,39150,0,0,0x0
1790308171,39150,0,0,0x0
1790308173,39700,0,0,0x0
1790308175,39150,0,0,0x0
1790308177,39150,0,0,0x0
1790308179,39700,0,0,0x0
1790308181,39700,0,0,0x0
1790308183,39700,0,0,0x0
1790308185,39150,0,0,0x0
1790308187,39700,3,100,0x0
1790308189,39700,4444,100,0x0
1790308191,40250,4382,100,0x0
1790308193,39150,4298,100,0x0
1790308195,39150,4243,100,0x0
1790308197,39150,4222,100,0x0
1790308199,38600,4213,100,0x0
1790308201,39150,4227,100,0x0
1790308203,39150,4236,100,0x0
1790308205,38600,4245,100,0x0
1790308207,38050,4258,100,0x0
1790308209,38600,4275,100,0x0
1790308212,39150,4300,100,0x0
1790308214,39150,4325,100,0x0
1790308216,38600,4350,100,0x0
1790308218,38600,4372,100,0x0
1790308220,39150,4396,100,0x0
1790308222,38600,4416,100,0x0
1790308224,38600,4435,100,0x0
1790308226,38600,4455,100,0x0
1790308228,39150,4472,100,0x0
1790308230,39150,4487,100,0x0
1790308232,38600,4501,100,0x0
1790308234,38050,4514,100,0x0
1790308236,38050,4524,100,0x0
1790308238,38050,4537,100,0x0
1790308240,38050,4545,100,0x0
1790308242,38050,4555,100,0x0
1790308244,38050,4564,100,0x0
1790308246,38050,4572,100,0x0
1790308248,38600,4581,100,0x0
1790308250,37500,4587,100,0x0
1790308252,38050,4593,100,0x0
1790308254,38600,4599,100,0x0
1790308256,37500,4604,100,0x0
1790308258,38600,4609,100,0x0
1790308260,36950,4611,100,0x0
1790308262,36950,4616,100,0x0
1790308264,38050,4623,100,0x0
1790308266,38050,4627,100,0x0
1790308268,37500,4631,100,0x0
1790308270,37500,4632,100,0x0
1790308272,36950,4631,100,0x0
1790308274,37500,4628,100,0x0
1790308276,37500,4628,100,0x0
1790308278,36400,4634,100,0x0
1790308280,37500,4638,100,0x0
1790308282,36950,4641,100,0x0
1790308284,36950,4647,100,0x0
1790308286,36400,4646,100,0x0
1790308288,36950,4646,100,0x0
1790308290,36950,4649,100,0x0
1790308292,37500,4650,100,0x0
1790308294,36950,4649,100,0x0
1790308296,36950,4650,100,0x0
1790308298,36950,4652,100,0x0
1790308300,37500,4653,100,0x0
1790308302,36400,4653,100,0x0
1790308304,36400,4654,100,0x0
1790308306,35850,4654,100,0x0
1790308308,36400,4654,100,0x0
1790308310,36400,4653,100,0x0
1790308312,36400,4655,100,0x0
1790308314,36400,4654,100,0x0
1790308316,36400,4654,100,0x0
1790308318,36400,4653,100,0x0
1790308320,36400,4651,100,0x0
1790308322,36400,4653,100,0x0
1790308324,36400,4656,100,0x0
1790308326,35300,4654,100,0x0
1790308328,35300,4654,100,0x0
1790308330,36400,4646,100,0x0
1790308332,36400,4643,100,0x0
1790308334,36400,4643,100,0x0
1790308336,36400,4644,100,0x0
1790308338,36400,4646,100,0x0
1790308340,35850,4646,100,0x0
1790308342,35850,4645,100,0x0
1790308344,35850,0,0,0x0
1790308346,36950,0,0,0x0
1790308348,35850,0,0,0x0
1790308350,36400,0,0,0x0
1790308352,35850,0,0,0x0
1790308354,36400,0,0,0x0
1790308356,36400,0,0,0x0
1790308358,35850,0,0,0x0
1790308360,35850,0,0,0x0
1790308362,36400,0,0,0x0
1790308364,35850,0,0,0x0
1790308366,36950,0,0,0x0
1790308368,36400,0,0,0x0
1790308370,35850,0,0,0x0
1790308372,36400,0,0,0x0
1790308374,36950,0,0,0x0
1790308376,35850,0,0,0x0
1790308378,36950,0,0,0x0
1790308380,35850,0,0,0x0
1790308382,36950,0,0,0x0
1790308384,36950,0,0,0x0
1790308386,36950,0,0,0x0
1790308388,36950,0,0,0x0
1790308390,36950,0,0,0x0
1790308392,36950,0,0,0x0
1790308394,36950,0,0,0x0
1790308396,36950,0,0,0x0
1790308398,37500,0,0,0x0
1790308400,38050,0,0,0x0
1790308402,37500,0,0,0x0
1790308404,37500,0,0,0x0
1790308406,36950,0,0,0x0
1790308409,36950,0,0,0x0
1790308411,36950,0,0,0x0
1790308413,36950,0,0,0x0
1790308415,37500,0,0,0x0
1790308417,36950,0,0,0x0
1790308419,37500,0,0,0x0
1790308421,37500,0,0,0x0
1790308423,38050,0,0,0x0
1790308425,38050,0,0,0x0
1790308427,36950,0,0,0x0
1790308429,38050,0,0,0x0
1790308431,37500,0,0,0x0
1790308433,38050,0,0,0x0
1790308435,36950,0,0,0x0
1790308437,38050,0,0,0x0
1790308439,37500,0,0,0x0
1790308441,37500,0,0,0x0
1790308443,37500,0,0,0x0
1790308445,37500,0,0,0x0
1790308447,38050,0,0,0x0
1790308449,38050,0,0,0x0
1790308451,38050,0,0,0x0
1790308453,38050,0,0,0x0
1790308455,39150,0,0,0x0
1790308457,38050,0,0,0x0
1790308459,38050,0,0,0x0
1790308461,38050,0,0,0x0
1790308463,38600,0,0,0x0
1790308465,38600,0,0,0x0
1790308467,37500,0,0,0x0
1790308469,38050,0,0,0x0
1790308471,38050,0,0,0x0
1790308473,38050,0,0,0x0
1790308475,37500,0,0,0x0
1790308477,37500,0,0,0x0
1790308479,39150,0,0,0x0
1790308481,38050,0,0,0x0
1790308483,38600,0,0,0x0
1790308485,38600,0,0,0x0
1790308487,38600,0,0,0x0
1790308489,38050,0,0,0x0
1790308491,38600,0,0,0x0
1790308493,37500,0,0,0x0
1790308495,38600,0,0,0x0
1790308497,38600,0,0,0x0
1790308499,39150,0,0,0x0
1790308501,38600,0,0,0x0
1790308503,38600,0,0,0x0
1790308505,38600,0,0,0x0
1790308507,38600,0,0,0x0
1790308509,38050,0,0,0x0
1790308511,38050,0,0,0x0
1790308513,39150,0,0,0x0
1790308515,39150,0,0,0x0
1790308517,39150,0,0,0x0
1790308519,38600,0,0,0x0
1790308521,39150,0,0,0x0
1790308523,38600,0,0,0x0
1790308525,39150,0,0,0x0
1790308527,38600,0,0,0x0
1790308529,38600,0,0,0x0
1790308531,39150,0,0,0x0
1790308533,38600,0,0,0x0
1790308535,39150,0,0,0x0
1790308537,39150,0,0,0x0
1790308539,39150,0,0,0x0
1790308541,39150,0,0,0x0
1790308543,38600,0,0,0x0
1790308545,37500,0,0,0x0
1790308547,39150,0,0,0x0
1790308549,38600,0,0,0x0
1790308551,39700,0,0,0x0
1790308553,39150,0,0,0x0
1790308555,39150,0,0,0x0
1790308557,39150,0,0,0x0
1790308559,37500,0,0,0x0
1790308561,38600,0,0,0x0
1790308563,39150,0,0,0x0
1790308565,39150,4141,100,0x0
1790308567,39150,4474,100,0x0
1790308569,39150,4388,100,0x0
1790308571,40250,4310,100,0x0
1790308573,39150,4257,100,0x0
1790308575,39150,4241,100,0x0
1790308577,39150,4236,100,0x0
1790308579,38050,4244,100,0x0
1790308581,38600,4252,100,0x0
1790308583,39150,4260,100,0x0
1790308585,39150,4271,100,0x0
1790308587,39150,4290,100,0x0
1790308589,39150,4312,100,0x0
1790308591,39150,4337,100,0x0
1790308593,38050,4359,100,0x0
1790308595,38050,4380,100,0x0
1790308597,37500,4402,100,0x0
1790308599,38600,4424,100,0x0
1790308601,38050,4440,100,0x0
1790308603,38600,4458,100,0x0
1790308605,38050,4472,100,0x0
1790308608,39150,4486,100,0x0
1790308610,38050,4500,100,0x0
1790308612,38050,4512,100,0x0
1790308614,38600,4522,100,0x0
1790308616,38050,4534,100,0x0
1790308618,37500,4542,100,0x0
1790308620,37500,4552,100,0x0
1790308622,36950,4560,100,0x0
1790308624,38600,4568,100,0x0
1790308626,38050,4576,100,0x0
1790308628,37500,4582,100,0x0
1790308630,38600,4591,100,0x0
1790308632,35850,4594,100,0x0
1790308634,37500,4597,100,0x0
1790308636,36950,4602,100,0x0
1790308638,37500,4607,100,0x0
1790308640,37500,4611,100,0x0
1790308642,36950,4614,100,0x0
1790308644,37500,4617,100,0x0
1790308646,37500,4622,100,0x0
1790308648,36950,4621,100,0x0
1790308650,37500,4628,100,0x0
1790308652,36400,4631,100,0x0
1790308654,36950,4633,100,0x0
1790308656,38050,4629,100,0x0
1790308658,36400,4627,100,0x0
1790308660,36950,4626,100,0x0
1790308662,36950,4633,100,0x0
1790308664,36950,4636,100,0x0
1790308666,37500,4638,100,0x0
1790308668,36950,4641,100,0x0
1790308670,36950,4638,100,0x0
1790308672,36400,4640,100,0x0
1790308674,36400,4641,100,0x0
1790308676,36400,4643,100,0x0
1790308678,36400,4644,100,0x0
1790308680,36400,4646,100,0x0
1790308682,36400,4646,100,0x0
1790308684,36950,4646,100,0x0
1790308686,36400,4647,100,0x0
1790308688,36400,4645,100,0x0
1790308690,36950,4649,100,0x0
1790308692,36400,4647,100,0x0
1790308694,35850,4650,100,0x0
1790308696,36950,4649,100,0x0
1790308698,35300,4651,100,0x0
1790308700,35850,4650,100,0x0
1790308702,38050,4649,100,0x0
1790308704,36400,4651,100,0x0
1790308706,37500,4651,100,0x0
1790308708,36400,4650,100,0x0
1790308710,34750,4650,100,0x0
1790308712,36400,4651,100,0x0
1790308714,36400,4649,100,0x0
1790308716,36400,4652,100,0x0
1790308718,36400,4653,100,0x0
1790308720,36950,4653,100,0x0
1790308722,35850,4654,100,0x0
1790308724,35850,4654,100,0x0
1790308726,35300,4639,0,0x0
1790308728,36400,0,0,0x0
1790308730,36400,0,0,0x0
1790308732,35850,0,0,0x0
1790308734,36400,0,0,0x0
1790308736,35850,0,0,0x0
1790308738,36400,0,0,0x0
1790308740,36400,0,0,0x0
1790308742,35850,0,0,0x0
1790308744,37500,0,0,0x0
1790308746,36950,0,0,0x0
1790308748,36400,0,0,0x0
1790308750,36400,0,0,0x0
1790308752,36950,0,0,0x0
1790308754,36400,0,0,0x0
1790308756,36400,0,0,0x0
1790308758,36950,0,0,0x0
1790308760,35850,0,0,0x0
1790308763,37500,0,0,0x0
1790308765,36950,0,0,0x0
1790308767,36400,0,0,0x0
1790308769,36950,0,0,0x0
1790308771,36950,0,0,0x0
1790308773,37500,0,0,0x0
1790308775,36400,0,0,0x0
1790308777,36950,0,0,0x0
1790308779,36950,0,0,0x0
1790308781,36950,0,0,0x0
1790308783,37500,0,0,0x0
1790308785,37500,0,0,0x0
1790308787,37500,0,0,0x0
1790308789,37500,0,0,0x0
1790308791,37500,0,0,0x0
1790308793,36950,0,0,0x0
1790308795,37500,0,0,0x0
1790308797,36950,0,0,0x0
1790308799,37500,0,0,0x0
1790308801,35300,0,0,0x0
1790308803,38050,0,0,0x0
1790308805,38050,0,0,0x0
1790308807,36950,0,0,0x0
1790308809,38050,0,0,0x0
1790308811,37500,0,0,0x0
1790308813,37500,0,0,0x0
1790308815,38050,0,0,0x0
1790308817,37500,0,0,0x0
1790308819,38600,0,0,0x0
1790308821,38050,0,0,0x0
1790308823,38050,0,0,0x0
1790308825,38050,0,0,0x0
1790308827,38050,0,0,0x0
1790308829,37500,0,0,0x0
1790308831,38050,0,0,0x0
1790308833,38050,0,0,0x0
1790308835,38050,0,0,0x0
1790308837,38050,0,0,0x0
1790308839,37500,0,0,0x0
1790308841,38600,0,0,0x0
1790308843,38600,0,0,0x0
1790308845,38600,0,0,0x0
1790308847,38050,0,0,0x0
1790308849,38050,0,0,0x0
1790308851,38600,0,0,0x0
1790308853,39150,0,0,0x0
1790308855,38050,0,0,0x0
1790308857,38600,0,0,0x0
1790308859,38600,0,0,0x0
1790308861,39700,0,0,0x0
1790308863,39700,0,0,0x0
1790308865,38600,0,0,0x0
1790308867,38050,0,0,0x0
1790308869,38050,0,0,0x0
1790308871,38050,0,0,0x0
1790308873,38050,0,0,0x0
1790308875,38600,0,0,0x0
1790308877,39150,0,0,0x0
1790308879,38050,0,0,0x0
1790308881,38050,0,0,0x0
1790308883,38600,0,0,0x0
1790308885,38600,0,0,0x0
1790308887,37500,0,0,0x0
1790308889,38600,0,0,0x0
1790308891,39150,0,0,0x0
1790308893,38600,0,0,0x0
1790308895,38600,0,0,0x0
1790308897,38600,0,0,0x0
1790308899,39150,0,0,0x0
1790308901,38600,0,0,0x0
1790308903,38600,0,0,0x0
1790308905,38050,0,0,0x0
1790308907,38600,0,0,0x0
1790308909,38050,0,0,0x0
1790308911,39150,0,0,0x0
1790308913,38050,0,0,0x0
1790308915,38600,0,0,0x0
1790308917,38600,0,0,0x0
1790308919,38050,0,0,0x0
1790308921,39700,0,0,0x0
1790308923,38600,0,0,0x0
1790308925,38600,4188,100,0x0
1790308927,39150,4228,100,0x0
1790308929,39700,4190,100,0x0
1790308931,39700,4170,100,0x0
1790308933,38600,4164,100,0x0
1790308935,39150,4171,100,0x0
1790308937,39150,4180,100,0x0
1790308939,38600,4192,100,0x0
1790308941,38050,4208,100,0x0
1790308943,38600,4227,100,0x0
1790308945,38600,4254,100,0x0
1790308947,38600,4281,100,0x0
1790308949,38050,4309,100,0x0
1790308951,37500,4336,100,0x0
1790308953,37500,4360,100,0x0
1790308955,39150,4382,100,0x0
1790308957,38050,4403,100,0x0
1790308959,39150,4424,100,0x0
1790308961,38050,4441,100,0x0
1790308963,38600,4459,100,0x0
1790308965,37500,4476,100,0x0
1790308967,37500,4489,100,0x0
1790308969,37500,4500,100,0x0
1790308971,38600,4511,100,0x0
1790308973,37500,4524,100,0x0
1790308975,37500,4535,100,0x0
1790308977,38050,4543,100,0x0
1790308980,38050,4553,100,0x0
1790308982,36950,4561,100,0x0
1790308984,38050,4567,100,0x0
1790308986,37500,4575,100,0x0
1790308988,38050,4582,100,0x0
1790308990,37500,4589,100,0x0
1790308992,37500,4594,100,0x0
1790308994,37500,4600,100,0x0
1790308996,37500,4605,100,0x0
1790308998,38050,4609,100,0x0
1790309000,37500,4616,100,0x0
1790309002,35850,4619,100,0x0
1790309004,37500,4624,100,0x0
1790309006,36950,4624,100,0x0
1790309008,37500,4618,100,0x0
1790309010,37500,4616,100,0x0
1790309012,37500,4626,100,0x0
1790309014,36400,4630,100,0x0
1790309016,36400,4633,100,0x0
1790309018,36950,4636,100,0x0
1790309020,35850,4639,100,0x0
1790309022,36950,4640,100,0x0
1790309024,36400,4639,100,0x0
1790309026,35850,4645,100,0x0
1790309028,36400,4645,100,0x0
1790309030,36950,4645,100,0x0
1790309032,35300,4646,100,0x0
1790309034,36400,4647,100,0x0
1790309036,36950,4649,100,0x0
1790309038,36400,4647,100,0x0
1790309040,36400,4648,100,0x0
1790309042,36400,4649,100,0x0
1790309044,36400,4649,100,0x0
1790309046,36950,4650,100,0x0
1790309048,35300,4649,100,0x0
1790309050,35300,4648,100,0x0
1790309052,36950,4649,100,0x0
1790309054,36400,4650,100,0x0
1790309056,36400,4650,100,0x0
1790309058,36400,4652,100,0x0
1790309060,36400,4650,100,0x0
1790309062,36400,0,0,0x0
1790309064,36400,0,0,0x0
1790309066,35850,0,0,0x0
1790309068,35850,0,0,0x0
1790309070,36400,0,0,0x0
1790309072,35300,0,0,0x0
1790309074,36950,0,0,0x0
1790309076,35850,0,0,0x0
1790309078,36400,0,0,0x0
1790309080,36400,0,0,0x0
1790309082,36950,0,0,0x0
1790309084,36400,0,0,0x0
1790309086,36400,0,0,0x0
1790309088,36950,0,0,0x0
1790309090,38050,0,0,0x0
1790309092,36400,0,0,0x0
1790309094,36950,0,0,0x0
1790309096,37500,0,0,0x0
1790309098,36950,0,0,0x0
1790309100,38050,0,0,0x0
1790309102,36950,0,0,0x0
1790309104,36400,0,0,0x0
1790309106,36950,0,0,0x0
1790309108,36950,0,0,0x0
1790309110,36400,0,0,0x0
1790309112,36400,0,0,0x0
1790309114,36950,0,0,0x0
1790309116,37500,0,0,0x0
1790309118,35850,0,0,0x0
1790309120,36950,0,0,0x0
1790309122,37500,0,0,0x0
1790309124,36950,0,0,0x0
1790309126,37500,0,0,0x0
1790309128,37500,0,0,0x0
1790309130,37500,0,0,0x0
1790309132,37500,0,0,0x0
1790309134,36950,0,0,0x0
1790309136,37500,0,0,0x0
1790309138,38600,0,0,0x0
1790309140,37500,0,0,0x0
1790309142,37500,0,0,0x0
1790309144,37500,0,0,0x0
1790309146,35850,0,0,0x0
1790309148,38050,0,0,0x0
1790309150,38050,0,0,0x0
1790309152,38050,0,0,0x0
1790309154,38600,0,0,0x0
1790309157,38050,0,0,0x0
1790309159,37500,0,0,0x0
1790309161,38050,0,0,0x0
1790309163,38600,0,0,0x0
1790309165,38050,0,0,0x0
1790309167,38050,0,0,0x0
1790309169,38600,0,0,0x0
1790309171,37500,0,0,0x0
1790309173,38050,0,0,0x0
1790309175,38050,0,0,0x0
1790309177,38050,0,0,0x0
1790309179,38600,0,0,0x0
1790309181,38600,0,0,0x0
1790309183,38600,0,0,0x0
1790309185,37500,0,0,0x0
1790309187,38600,0,0,0x0
1790309189,38600,0,0,0x0
1790309191,38050,0,0,0x0
1790309193,38050,0,0,0x0
1790309195,38050,0,0,0x0
1790309197,38600,0,0,0x0
1790309199,38600,0,0,0x0
1790309201,38600,0,0,0x0
1790309203,39700,0,0,0x0
1790309205,38050,0,0,0x0
1790309207,38600,0,0,0x0
1790309209,38600,0,0,0x0
1790309211,39150,0,0,0x0
1790309213,38600,0,0,0x0
1790309215,38600,0,0,0x0
1790309217,38600,0,0,0x0
1790309219,38050,0,0,0x0
1790309221,39150,0,0,0x0
1790309223,38600,0,0,0x0
1790309225,39150,0,0,0x0
1790309227,39150,0,0,0x0
1790309229,38600,0,0,0x0
1790309231,39700,0,0,0x0
1790309233,39150,0,0,0x0
1790309235,38600,0,0,0x0
1790309237,38600,0,0,0x0
1790309239,38050,0,0,0x0
1790309241,39150,0,0,0x0
1790309243,39150,0,0,0x0
1790309245,37500,0,0,0x0
1790309247,39150,0,0,0x0
1790309249,39150,0,0,0x0
1790309251,39150,0,0,0x0
1790309253,39150,0,0,0x0
1790309255,39700,0,0,0x0
1790309257,38600,0,0,0x0
1790309259,39150,0,0,0x0
1790309261,39150,0,0,0x0
1790309263,39150,0,0,0x0
1790309265,39150,0,0,0x0
1790309267,39150,0,0,0x0
1790309269,38600,0,0,0x0
1790309271,39150,0,0,0x0
1790309273,40250,0,0,0x0
1790309275,40250,0,0,0x0
1790309277,39150,0,0,0x0
1790309279,39150,0,0,0x0
1790309281,39700,0,0,0x0
1790309283,39150,0,0,0x0
1790309285,39700,0,0,0x0
1790309287,39700,0,0,0x0
1790309289,39150,0,0,0x0
1790309291,39150,0,0,0x0
1790309293,39150,0,0,0x0
1790309295,39150,0,0,0x0
1790309297,39700,0,0,0x0
1790309299,39150,0,0,0x0
1790309301,39150,3616,100,0x0
1790309303,39150,4380,100,0x0
1790309305,39150,4307,100,0x0
1790309307,39150,4243,100,0x0
1790309309,40250,4214,100,0x0
1790309311,39150,4209,100,0x0
1790309313,39150,4214,100,0x0
1790309315,39150,4225,100,0x0
1790309317,40250,4236,100,0x0
1790309319,39700,4249,100,0x0
1790309321,38600,4268,100,0x0
1790309323,39150,4293,100,0x0
1790309325,39150,4317,100,0x0
1790309327,38600,4344,100,0x0
1790309329,39150,4369,100,0x0
1790309331,39150,4388,100,0x0
1790309333,39150,4409,100,0x0
1790309335,38600,4429,100,0x0
1790309337,38600,4449,100,0x0
1790309339,38600,4464,100,0x0
1790309341,39150,4482,100,0x0
1790309343,37500,4495,100,0x0
1790309345,38050,4509,100,0x0
1790309347,38600,4520,100,0x0
1790309349,37500,4533,100,0x0
1790309351,38050,4540,100,0x0
1790309353,38600,4553,100,0x0
1790309355,38050,4560,100,0x0
1790309357,38600,4568,100,0x0
1790309359,37500,4574,100,0x0
1790309361,38600,4580,100,0x0
1790309364,38050,4587,100,0x0
1790309366,37500,4594,100,0x0
1790309368,37500,4599,100,0x0
1790309370,38050,4603,100,0x0
1790309372,36950,4608,100,0x0
1790309374,37500,4614,100,0x0
1790309376,36400,4616,100,0x0
1790309378,36950,4621,100,0x0
1790309380,36950,4623,100,0x0
1790309382,36950,4623,100,0x0
1790309384,38050,4628,100,0x0
1790309386,36950,4631,100,0x0
1790309388,36950,4633,100,0x0
1790309390,36950,4635,100,0x0
1790309392,36400,4637,100,0x0
1790309394,36950,4638,100,0x0
1790309396,36950,4641,100,0x0
1790309398,38050,4636,100,0x0
1790309400,36950,4633,100,0x0
1790309402,36400,4633,100,0x0
1790309404,36950,4642,100,0x0
1790309406,36950,4643,100,0x0
1790309408,36400,4646,100,0x0
1790309410,36400,4646,100,0x0
1790309412,36400,4647,100,0x0
1790309414,36400,4647,100,0x0
1790309416,36400,4646,100,0x0
1790309418,35300,4649,100,0x0
1790309420,36400,4651,100,0x0
1790309422,36950,4649,100,0x0
1790309424,35300,4649,100,0x0
1790309426,36950,4652,100,0x0
1790309428,36400,4650,100,0x0
1790309430,36400,4649,100,0x0
1790309432,35850,4651,100,0x0
1790309434,35850,4651,100,0x0
1790309436,36400,4653,100,0x0
1790309438,36400,4654,100,0x0
1790309440,35850,4654,100,0x0
1790309442,36400,4654,100,0x0
1790309444,35850,4655,100,0x0
1790309446,36400,4656,100,0x0
1790309448,35850,4655,100,0x0
1790309450,36400,4656,100,0x0
1790309452,35850,4657,100,0x0
1790309454,36400,4659,100,0x0
1790309456,35850,4659,100,0x0
1790309458,35850,4656,100,0x0
1790309460,35850,4657,100,0x0
1790309462,36950,4657,100,0x0
1790309464,36400,4659,100,0x0
1790309466,35850,4659,100,0x0
1790309468,35850,4659,100,0x0
1790309470,35850,0,0,0x0
1790309472,35300,0,0,0x0
1790309474,34750,0,0,0x0
1790309476,35850,0,0,0x0
1790309478,36400,0,0,0x0
1790309480,35850,0,0,0x0
1790309482,36400,0,0,0x0
1790309484,36400,0,0,0x0
1790309486,35850,0,0,0x0
1790309488,36400,0,0,0x0
1790309490,36400,0,0,0x0
1790309492,36400,0,0,0x0
1790309494,35850,0,0,0x0
1790309496,35300,0,0,0x0
1790309498,36950,0,0,0x0
1790309500,36950,0,0,0x0
1790309502,36400,0,0,0x0
1790309504,36950,0,0,0x0
1790309506,36400,0,0,0x0
1790309508,36400,0,0,0x0
1790309510,36950,0,0,0x0
1790309512,36950,0,0,0x0
1790309514,36400,0,0,0x0
1790309516,36950,0,0,0x0
1790309518,36950,0,0,0x0
1790309520,36950,0,0,0x0
1790309522,36400,0,0,0x0
1790309524,36950,0,0,0x0
1790309526,36950,0,0,0x0
1790309528,36950,0,0,0x0
1790309530,37500,0,0,0x0
1790309532,36950,0,0,0x0
1790309534,37500,0,0,0x0
1790309536,37500,0,0,0x0
1790309538,37500,0,0,0x0
1790309540,37500,0,0,0x0
1790309542,36950,0,0,0x0
1790309544,38050,0,0,0x0
1790309546,36400,0,0,0x0
1790309548,38050,0,0,0x0
1790309550,38050,0,0,0x0
1790309552,37500,0,0,0x0
1790309554,37500,0,0,0x0
1790309556,37500,0,0,0x0
1790309558,36400,0,0,0x0
1790309560,38050,0,0,0x0
1790309563,37500,0,0,0x0
1790309565,38050,0,0,0x0
1790309567,38050,0,0,0x0
1790309569,38050,0,0,0x0
1790309571,38050,0,0,0x0
1790309573,38050,0,0,0x0
1790309575,38050,0,0,0x0
1790309577,38050,0,0,0x0
1790309579,38050,0,0,0x0
1790309581,37500,0,0,0x0
1790309583,38050,0,0,0x0
1790309585,38600,0,0,0x0
1790309587,37500,0,0,0x0
1790309589,38600,0,0,0x0
1790309591,38050,0,0,0x0
1790309593,38050,0,0,0x0
1790309595,37500,0,0,0x0
1790309597,36950,0,0,0x0
1790309599,37500,0,0,0x0
1790309601,39150,0,0,0x0
1790309603,40250,0,0,0x0
1790309605,38050,0,0,0x0
1790309607,37500,0,0,0x0
1790309609,38600,0,0,0x0
1790309611,38600,0,0,0x0
1790309613,39150,0,0,0x0
1790309615,38050,0,0,0x0
1790309617,38050,0,0,0x0
1790309619,38600,0,0,0x0
1790309621,38600,0,0,0x0
1790309623,38600,0,0,0x0
1790309625,38600,0,0,0x0
1790309627,38600,0,0,0x0
1790309629,38050,0,0,0x0
1790309631,38600,0,0,0x0
1790309633,37500,0,0,0x0
1790309635,38600,0,0,0x0
1790309637,38050,0,0,0x0
1790309639,38600,0,0,0x0
1790309641,38600,0,0,0x0
1790309643,39150,0,0,0x0
1790309645,38600,0,0,0x0
1790309647,38600,0,0,0x0
1790309649,37500,0,0,0x0
1790309651,38600,0,0,0x0
1790309653,39150,0,0,0x0
1790309655,38050,0,0,0x0
1790309657,39150,0,0,0x0
1790309659,38600,0,0,0x0
1790309661,39150,0,0,0x0
1790309663,38600,0,0,0x0
1790309665,38050,0,0,0x0
1790309667,38600,0,0,0x0
1790309669,38600,0,0,0x0
1790309671,39700,0,0,0x0
1790309673,38600,3625,100,0x0
1790309675,39150,4376,100,0x0
1790309677,38600,4299,100,0x0
1790309679,38600,4236,100,0x0
1790309681,37500,4203,100,0x0
1790309683,38600,4192,100,0x0
1790309685,39700,4192,100,0x0
1790309687,37500,4198,100,0x0
1790309689,38600,4208,100,0x0
1790309691,38600,4214,100,0x0
1790309693,38050,4234,100,0x0
1790309695,39150,4258,100,0x0
1790309697,38050,4288,100,0x0
1790309699,38600,4312,100,0x0
1790309701,38600,4339,100,0x0
1790309703,38050,4362,100,0x0
1790309705,38050,4384,100,0x0
1790309707,38050,4402,100,0x0
1790309709,38050,4420,100,0x0
1790309711,38600,4440,100,0x0
1790309713,37500,4456,100,0x0
1790309715,38600,4472,100,0x0
1790309717,38050,4486,100,0x0
1790309719,38050,4497,100,0x0
1790309721,37500,4507,100,0x0
1790309723,37500,4520,100,0x0
1790309725,38050,4530,100,0x0
1790309727,37500,4537,100,0x0
1790309729,37500,4548,100,0x0
1790309731,38050,4555,100,0x0
1790309733,36950,4561,100,0x0
1790309735,39150,4568,100,0x0
1790309737,38600,4573,100,0x0
1790309739,36950,4581,100,0x0
1790309741,36400,4585,100,0x0
1790309743,36400,4590,100,0x0
1790309745,36950,4595,100,0x0
1790309747,36950,4597,100,0x0
1790309749,36950,4603,100,0x0
1790309751,36950,4605,100,0x0
1790309753,36950,4607,100,0x0
1790309755,36950,4612,100,0x0
1790309757,38050,4612,100,0x0
1790309760,36950,4617,100,0x0
1790309762,38050,4618,100,0x0
1790309764,36950,4620,100,0x0
1790309766,36950,4621,100,0x0
1790309768,36950,4624,100,0x0
1790309770,36400,4623,100,0x0
1790309772,36400,4625,100,0x0
1790309774,36400,4628,100,0x0
1790309776,36400,4628,100,0x0
1790309778,36950,4630,100,0x0
1790309780,36400,4630,100,0x0
1790309782,36400,4631,100,0x0
1790309784,37500,4630,100,0x0
1790309786,36400,4634,100,0x0
1790309788,36950,4634,100,0x0
1790309790,36400,4633,100,0x0
1790309792,35850,4633,100,0x0
1790309794,35850,4636,100,0x0
1790309796,35300,4638,100,0x0
1790309798,36950,4636,100,0x0
1790309800,36400,4636,100,0x0
1790309802,36400,0,0,0x0
1790309804,36400,0,0,0x0
1790309806,36400,0,0,0x0
1790309808,35850,0,0,0x0
1790309810,35850,0,0,0x0
1790309812,35300,0,0,0x0
1790309814,36400,0,0,0x0
1790309816,36400,0,0,0x0
1790309818,36400,0,0,0x0
1790309820,36400,0,0,0x0
1790309822,37500,0,0,0x0
1790309824,36400,0,0,0x0
1790309826,36950,0,0,0x0
1790309828,36950,0,0,0x0
1790309830,36400,0,0,0x0
1790309832,36950,0,0,0x0
1790309834,36400,0,0,0x0
1790309836,36400,0,0,0x0
1790309838,36400,0,0,0x0
1790309840,36400,0,0,0x0
1790309842,36400,0,0,0x0
1790309844,36950,0,0,0x0
1790309846,36950,0,0,0x0
1790309848,36400,0,0,0x0
1790309850,36950,0,0,0x0
1790309852,36950,0,0,0x0
1790309854,36950,0,0,0x0
1790309856,36950,0,0,0x0
1790309858,36950,0,0,0x0
1790309860,36400,0,0,0x0
1790309862,36950,0,0,0x0
1790309864,36950,0,0,0x0
1790309866,37500,0,0,0x0
1790309868,37500,0,0,0x0
1790309870,37500,0,0,0x0
1790309872,37500,0,0,0x0
1790309874,37500,0,0,0x0
1790309876,37500,0,0,0x0
1790309878,38050,0,0,0x0
1790309880,37500,0,0,0x0
1790309882,37500,0,0,0x0
1790309884,36950,0,0,0x0
1790309886,38050,0,0,0x0
1790309888,38050,0,0,0x0
1790309890,37500,0,0,0x0
1790309892,38050,0,0,0x0
1790309894,36400,0,0,0x0
1790309896,38050,0,0,0x0
1790309898,36950,0,0,0x0
1790309900,38050,0,0,0x0
1790309902,37500,0,0,0x0
1790309904,38050,0,0,0x0
1790309906,38050,0,0,0x0
1790309908,38050,0,0,0x0
1790309910,36950,0,0,0x0
1790309912,38050,0,0,0x0
1790309914,38050,0,0,0x0
1790309917,38600,0,0,0x0
1790309919,36950,0,0,0x0
1790309921,39150,0,0,0x0
1790309923,38600,0,0,0x0
1790309925,38600,0,0,0x0
1790309927,37500,0,0,0x0
1790309929,38050,0,0,0x0
1790309931,38600,0,0,0x0
1790309933,38050,0,0,0x0
1790309935,38600,0,0,0x0
1790309937,39150,0,0,0x0
1790309939,38600,0,0,0x0
1790309941,38600,0,0,0x0
1790309943,38600,0,0,0x0
1790309945,38600,0,0,0x0
1790309947,38600,0,0,0x0
1790309949,38600,0,0,0x0
1790309951,38600,0,0,0x0
1790309953,38050,0,0,0x0
1790309955,38600,0,0,0x0
1790309957,38600,0,0,0x0
1790309959,39150,0,0,0x0
1790309961,37500,0,0,0x0
1790309963,37500,0,0,0x0
1790309965,38600,0,0,0x0
1790309967,38600,0,0,0x0
1790309969,38600,0,0,0x0
1790309971,39150,0,0,0x0
1790309973,38600,0,0,0x0
1790309975,39150,0,0,0x0
1790309977,39150,0,0,0x0
1790309979,38050,0,0,0x0
1790309981,38600,0,0,0x0
1790309983,40250,0,0,0x0
1790309985,38600,0,0,0x0
1790309987,39150,0,0,0x0
1790309989,38600,0,0,0x0
1790309991,37500,0,0,0x0
1790309993,39150,0,0,0x0
1790309995,40250,4,100,0x0
1790309997,39700,4287,100,0x0
1790309999,39150,4233,100,0x0
1790310001,39150,4196,100,0x0
1790310003,39150,4177,100,0x0
1790310005,38600,4168,100,0x0
1790310007,38600,4171,100,0x0
1790310009,38600,4179,100,0x0
1790310011,38600,4188,100,0x0
1790310013,38600,4205,100,0x0
1790310015,38600,4231,100,0x0
1790310017,39150,4261,100,0x0
1790310019,38600,4292,100,0x0
1790310021,38600,4319,100,0x0
1790310023,39150,4344,100,0x0
1790310025,38600,4365,100,0x0
1790310027,38050,4389,100,0x0
1790310029,38050,4410,100,0x0
1790310031,38600,4430,100,0x0
1790310033,37500,4446,100,0x0
1790310035,38050,4464,100,0x0
1790310037,39150,4478,100,0x0
1790310039,38050,4491,100,0x0
1790310041,38050,4504,100,0x0
1790310043,36950,4513,100,0x0
1790310045,37500,4526,100,0x0
1790310047,38050,4534,100,0x0
1790310049,36950,4544,100,0x0
1790310051,38050,4552,100,0x0
1790310053,36950,4560,100,0x0
1790310055,36950,4568,100,0x0
1790310057,36950,4573,100,0x0
1790310059,37500,4581,100,0x0
1790310061,37500,4585,100,0x0
1790310063,37500,4592,100,0x0
1790310065,36950,4597,100,0x0
1790310067,37500,4601,100,0x0
1790310069,36400,4604,100,0x0
1790310071,36950,4609,100,0x0
1790310073,36400,4612,100,0x0
1790310075,36950,4613,100,0x0
1790310077,36950,4616,100,0x0
1790310079,37500,4618,100,0x0
1790310081,36950,4621,100,0x0
1790310084,36950,4627,100,0x0
1790310086,36950,4626,100,0x0
1790310088,36950,4628,100,0x0
1790310090,35850,4626,100,0x0
1790310092,36950,4631,100,0x0
1790310094,36950,4628,100,0x0
1790310096,36400,4633,100,0x0
1790310098,36400,4633,100,0x0
1790310100,36400,4634,100,0x0
1790310102,36400,4633,100,0x0
1790310104,36400,4636,100,0x0
1790310106,36400,4633,100,0x0
1790310108,36400,4636,100,0x0
1790310110,36400,4635,100,0x0
1790310112,36950,4635,100,0x0
1790310114,36950,4638,100,0x0
1790310116,35300,4636,100,0x0
1790310118,35850,4638,100,0x0
1790310120,35850,4638,100,0x0
1790310122,36400,4638,100,0x0
1790310124,36950,4638,100,0x0
1790310126,35850,4638,100,0x0
1790310128,35850,4641,100,0x0
1790310130,36400,4641,100,0x0
1790310132,35300,4641,100,0x0
1790310134,35850,0,0,0x0
1790310136,36400,0,0,0x0
1790310138,35850,0,0,0x0
1790310140,35850,0,0,0x0
1790310142,35850,0,0,0x0
1790310144,37500,0,0,0x0
1790310146,35850,0,0,0x0
1790310148,36950,0,0,0x0
1790310150,36950,0,0,0x0
1790310152,36400,0,0,0x0
1790310154,36400,0,0,0x0
1790310156,36400,0,0,0x0
1790310158,35850,0,0,0x0
1790310160,36400,0,0,0x0
1790310162,36950,0,0,0x0
1790310164,36400,0,0,0x0
1790310166,36950,0,0,0x0
1790310168,36950,0,0,0x0
1790310170,36950,0,0,0x0
1790310172,36950,0,0,0x0
1790310174,38050,0,0,0x0
1790310176,36950,0,0,0x0
1790310178,36400,0,0,0x0
1790310180,36950,0,0,0x0
1790310182,36400,0,0,0x0
1790310184,36400,0,0,0x0
1790310186,37500,0,0,0x0
1790310188,36950,0,0,0x0
1790310190,36950,0,0,0x0
1790310192,35850,0,0,0x0
1790310194,36400,0,0,0x0
1790310196,37500,0,0,0x0
1790310198,36950,0,0,0x0
1790310200,37500,0,0,0x0
1790310202,36400,0,0,0x0
1790310204,37500,0,0,0x0
1790310206,37500,0,0,0x0
1790310208,38050,0,0,0x0
1790310210,38050,0,0,0x0
1790310212,36400,0,0,0x0
1790310214,37500,0,0,0x0
1790310216,37500,0,0,0x0
1790310218,38050,0,0,0x0
1790310220,37500,0,0,0x0
1790310222,37500,0,0,0x0
1790310224,38050,0,0,0x0
1790310226,38050,0,0,0x0
1790310228,38050,0,0,0x0
1790310230,37500,0,0,0x0
1790310232,38050,0,0,0x0
1790310234,37500,0,0,0x0
1790310236,37500,0,0,0x0
1790310238,38600,0,0,0x0
1790310240,37500,0,0,0x0
1790310242,38600,0,0,0x0
1790310244,38050,0,0,0x0
1790310246,39150,0,0,0x0
1790310248,38600,0,0,0x0
1790310250,38050,0,0,0x0
1790310252,38050,0,0,0x0
1790310254,37500,0,0,0x0
1790310256,37500,0,0,0x0
1790310258,37500,0,0,0x0
1790310260,38050,0,0,0x0
1790310262,38050,0,0,0x0
1790310264,38600,0,0,0x0
1790310266,38600,0,0,0x0
1790310268,38600,0,0,0x0
1790310270,38600,0,0,0x0
1790310272,39150,0,0,0x0
1790310274,38600,0,0,0x0
1790310276,38600,0,0,0x0
1790310278,38600,0,0,0x0
1790310280,39150,0,0,0x0
1790310283,38600,0,0,0x0
1790310285,38050,0,0,0x0
1790310287,39150,0,0,0x0
1790310289,39150,0,0,0x0
1790310291,38600,0,0,0x0
1790310293,38600,0,0,0x0
1790310295,39150,0,0,0x0
1790310297,38600,0,0,0x0
1790310299,39150,0,0,0x0
1790310301,39150,0,0,0x0
1790310303,39700,0,0,0x0
1790310305,39150,0,0,0x0
1790310307,37500,0,0,0x0
1790310309,38600,0,0,0x0
1790310311,37500,0,0,0x0
1790310313,39150,0,0,0x0
1790310315,39150,5,100,0x0
1790310317,38600,4145,100,0x0
1790310319,39150,4112,100,0x0
1790310321,38600,4077,100,0x0
1790310323,38600,4063,100,0x0
1790310325,39150,4062,100,0x0
1790310327,38600,4076,100,0x0
1790310329,39150,4103,100,0x0
1790310331,39150,4138,100,0x0
1790310333,38600,4176,100,0x0
1790310335,38600,4210,100,0x0
1790310337,38600,4245,100,0x0
1790310339,39150,4277,100,0x0
1790310341,38600,4306,100,0x0
1790310343,38050,4335,100,0x0
1790310345,38050,4359,100,0x0
1790310347,38050,4383,100,0x0
1790310349,38050,4405,100,0x0
1790310351,38600,4424,100,0x0
1790310353,38050,4443,100,0x0
1790310355,37500,4458,100,0x0
1790310357,38050,4474,100,0x0
1790310359,38050,4489,100,0x0
1790310361,39150,4503,100,0x0
1790310363,37500,4513,100,0x0
1790310365,37500,4527,100,0x0
1790310367,38050,4536,100,0x0
1790310369,38050,4546,100,0x0
1790310371,37500,4553,100,0x0
1790310373,36950,4562,100,0x0
1790310375,38050,4568,100,0x0
1790310377,36950,4575,100,0x0
1790310379,37500,4582,100,0x0
1790310381,37500,4587,100,0x0
1790310383,36950,4595,100,0x0
1790310385,37500,4598,100,0x0
1790310387,36950,4602,100,0x0
1790310389,36950,4607,100,0x0
1790310391,36950,4611,100,0x0
1790310393,36950,4615,100,0x0
1790310395,36950,4616,100,0x0
1790310397,36400,4618,100,0x0
1790310399,36950,4619,100,0x0
1790310401,36950,4621,100,0x0
1790310403,36400,4624,100,0x0
1790310405,36950,4628,100,0x0
1790310407,36400,4629,100,0x0
1790310409,36950,4631,100,0x0
1790310411,36400,4634,100,0x0
1790310413,36400,4636,100,0x0
1790310415,36950,4636,100,0x0
1790310417,37500,4638,100,0x0
1790310419,36400,4638,100,0x0
1790310421,36400,4639,100,0x0
1790310423,36400,4638,100,0x0
1790310425,36400,4639,100,0x0
1790310427,36400,4642,100,0x0
1790310429,36400,4643,100,0x0
1790310431,36400,4643,100,0x0
1790310433,36400,4646,100,0x0
1790310435,36400,4646,100,0x0
1790310437,36400,4647,100,0x0
1790310439,36950,4649,100,0x0
1790310441,36400,4648,100,0x0
1790310443,35850,4649,100,0x0
1790310445,36400,4649,100,0x0
1790310447,36400,4651,100,0x0
1790310449,35850,4651,100,0x0
1790310451,36400,4649,100,0x0
1790310453,35850,4649,100,0x0
1790310455,35850,4652,100,0x0
1790310457,35850,4651,100,0x0
1790310459,35850,4650,100,0x0
1790310461,34200,4649,100,0x0
1790310463,36400,4650,100,0x0
1790310465,35850,0,0,0x0
1790310467,36400,0,0,0x0
1790310469,36400,0,0,0x0
1790310471,35300,0,0,0x0
1790310473,36400,0,0,0x0
1790310475,36400,0,0,0x0
1790310477,36400,0,0,0x0
1790310479,36400,0,0,0x0
1790310482,35850,0,0,0x0
1790310484,36950,0,0,0x0
1790310486,36400,0,0,0x0
1790310488,36400,0,0,0x0
1790310490,35300,0,0,0x0
1790310492,36400,0,0,0x0
1790310494,36950,0,0,0x0
1790310496,35850,0,0,0x0
1790310498,36950,0,0,0x0
1790310500,36950,0,0,0x0
1790310502,36400,0,0,0x0
1790310504,36950,0,0,0x0
1790310506,36950,0,0,0x0
1790310508,36400,0,0,0x0
1790310510,36950,0,0,0x0
1790310512,36950,0,0,0x0
1790310514,36950,0,0,0x0
1790310516,36950,0,0,0x0
1790310518,36400,0,0,0x0
1790310520,36950,0,0,0x0
1790310522,37500,0,0,0x0
1790310524,36950,0,0,0x0
1790310526,37500,0,0,0x0
1790310528,38050,0,0,0x0
1790310530,38050,0,0,0x0
1790310532,36950,0,0,0x0
1790310534,36950,0,0,0x0
1790310536,37500,0,0,0x0
1790310538,37500,0,0,0x0
1790310540,38050,0,0,0x0
1790310542,38050,0,0,0x0
1790310544,36950,0,0,0x0
1790310546,36400,0,0,0x0
1790310548,37500,0,0,0x0
1790310550,37500,0,0,0x0
1790310552,37500,0,0,0x0
1790310554,37500,0,0,0x0
1790310556,36950,0,0,0x0
1790310558,37500,0,0,0x0
1790310560,38050,0,0,0x0
1790310562,37500,0,0,0x0
1790310564,38050,0,0,0x0
1790310566,36950,0,0,0x0
1790310568,36950,0,0,0x0
1790310570,37500,0,0,0x0
1790310572,38050,0,0,0x0
1790310574,36400,0,0,0x0
1790310576,39150,0,0,0x0
1790310578,38050,0,0,0x0
1790310580,37500,0,0,0x0
1790310582,38050,0,0,0x0
1790310584,38050,0,0,0x0
1790310586,38050,0,0,0x0
1790310588,38050,0,0,0x0
1790310590,37500,0,0,0x0
1790310592,38050,0,0,0x0
1790310594,38050,0,0,0x0
1790310596,37500,0,0,0x0
1790310598,38600,0,0,0x0
1790310600,38600,0,0,0x0
1790310602,38600,0,0,0x0
1790310604,38050,0,0,0x0
1790310606,38600,0,0,0x0
1790310608,38600,0,0,0x0
1790310610,38050,0,0,0x0
1790310612,39150,0,0,0x0
1790310614,38600,0,0,0x0
1790310616,38050,0,0,0x0
1790310618,38600,0,0,0x0
1790310620,38050,0,0,0x0
1790310622,38050,0,0,0x0
1790310624,38600,0,0,0x0
1790310626,38600,0,0,0x0
1790310628,38600,0,0,0x0
1790310630,38600,0,0,0x0
1790310632,38600,0,0,0x0
1790310634,38600,0,0,0x0
1790310636,38600,0,0,0x0
1790310638,39150,0,0,0x0
1790310640,38600,0,0,0x0
1790310642,38600,0,0,0x0
1790310644,38600,0,0,0x0
1790310646,39150,0,0,0x0
1790310648,38600,0,0,0x0
1790310650,39150,0,0,0x0
1790310652,39150,0,0,0x0
1790310654,38050,0,0,0x0
1790310656,38600,0,0,0x0
1790310658,39150,0,0,0x0
1790310660,39150,0,0,0x0
1790310662,38600,0,0,0x0
1790310664,38050,0,0,0x0
1790310666,39150,0,0,0x0
1790310668,39700,0,0,0x0
1790310670,38600,0,0,0x0
1790310672,39150,0,0,0x0
1790310674,39150,0,0,0x0
1790310676,39150,0,0,0x0
1790310678,39700,0,0,0x0
1790310681,39150,0,0,0x0
1790310683,38600,0,0,0x0
1790310685,39150,0,0,0x0
1790310687,38600,0,0,0x0
1790310689,40250,0,0,0x0
1790310691,39150,0,0,0x0
1790310693,38600,2047,100,0x0
1790310695,39700,4211,100,0x0
1790310697,39150,4173,100,0x0
1790310699,39150,4148,100,0x0
1790310701,40250,4133,100,0x0
1790310703,39150,4129,100,0x0
1790310705,39700,4137,100,0x0
1790310707,39150,4143,100,0x0
1790310709,39150,4167,100,0x0
1790310711,38600,4197,100,0x0
1790310713,39150,4231,100,0x0
1790310715,38050,4263,100,0x0
1790310717,38600,4293,100,0x0
1790310719,39700,4320,100,0x0
1790310721,38600,4347,100,0x0
1790310723,38050,4371,100,0x0
1790310725,38600,4394,100,0x0
1790310727,38050,4415,100,0x0
1790310729,37500,4435,100,0x0
1790310731,38050,4452,100,0x0
1790310733,38600,4467,100,0x0
1790310735,38600,4481,100,0x0
1790310737,38050,4495,100,0x0
1790310739,38050,4507,100,0x0
1790310741,38050,4521,100,0x0
1790310743,38600,4531,100,0x0
1790310745,37500,4542,100,0x0
1790310747,38050,4552,100,0x0
1790310749,37500,4558,100,0x0
1790310751,38050,4569,100,0x0
1790310753,38050,4575,100,0x0
1790310755,38050,4580,100,0x0
1790310757,38050,4587,100,0x0
1790310759,37500,4593,100,0x0
1790310761,37500,4599,100,0x0
1790310763,37500,4602,100,0x0
1790310765,38600,4608,100,0x0
1790310767,38050,4613,100,0x0
1790310769,36950,4618,100,0x0
1790310771,36950,4621,100,0x0
1790310773,37500,4624,100,0x0
1790310775,37500,4624,100,0x0
1790310777,36950,4632,100,0x0
1790310779,37500,4631,100,0x0
1790310781,36950,4634,100,0x0
1790310783,36950,4636,100,0x0
1790310785,36400,4638,100,0x0
1790310787,37500,4639,100,0x0
1790310789,36950,4638,100,0x0
1790310791,36400,4641,100,0x0
1790310793,36950,4644,100,0x0
1790310795,36950,4643,100,0x0
1790310797,36950,4643,100,0x0
1790310799,36950,4646,100,0x0
1790310801,36400,4645,100,0x0
1790310803,36950,4645,100,0x0
1790310805,36950,4646,100,0x0
1790310807,37500,4646,100,0x0
1790310809,36950,4649,100,0x0
1790310811,36400,4648,100,0x0
1790310813,36400,4648,100,0x0
1790310815,36950,4649,100,0x0
1790310817,36400,4650,100,0x0
1790310819,36950,4652,100,0x0
1790310821,36400,4651,100,0x0
1790310823,36400,4651,100,0x0
1790310825,35850,4650,100,0x0
1790310827,36400,4652,100,0x0
1790310829,36950,4653,100,0x0
1790310831,35300,4651,100,0x0
1790310833,35850,4651,100,0x0
1790310835,36950,4654,100,0x0
1790310837,36400,4653,100,0x0
1790310839,36400,4653,100,0x0
1790310841,36400,0,0,0x0
1790310843,36400,0,0,0x0
1790310845,35850,0,0,0x0
1790310847,36400,0,0,0x0
1790310849,36400,0,0,0x0
1790310851,36400,0,0,0x0
1790310853,36400,0,0,0x0
1790310855,36400,0,0,0x0
1790310857,36400,0,0,0x0
1790310859,36400,0,0,0x0
1790310861,36950,0,0,0x0
1790310863,36400,0,0,0x0
1790310865,36950,0,0,0x0
1790310867,37500,0,0,0x0
1790310869,36950,0,0,0x0
1790310871,35850,0,0,0x0
1790310873,36950,0,0,0x0
1790310875,35850,0,0,0x0
1790310878,36950,0,0,0x0
1790310880,38050,0,0,0x0
1790310882,38050,0,0,0x0
1790310884,36950,0,0,0x0
1790310886,37500,0,0,0x0
1790310888,37500,0,0,0x0
1790310890,38050,0,0,0x0
1790310892,38050,0,0,0x0
1790310894,37500,0,0,0x0
1790310896,36950,0,0,0x0
1790310898,36950,0,0,0x0
1790310900,38050,0,0,0x0
1790310902,37500,0,0,0x0
1790310904,37500,0,0,0x0
1790310906,37500,0,0,0x0
1790310908,37500,0,0,0x0
1790310910,37500,0,0,0x0
1790310912,37500,0,0,0x0
1790310914,37500,0,0,0x0
1790310916,37500,0,0,0x0
1790310918,38050,0,0,0x0
1790310920,38600,0,0,0x0
1790310922,38050,0,0,0x0
1790310924,38050,0,0,0x0
1790310926,39150,0,0,0x0
1790310928,38050,0,0,0x0
1790310930,38050,0,0,0x0
1790310932,38050,0,0,0x0
1790310934,37500,0,0,0x0
1790310936,38600,0,0,0x0
1790310938,38050,0,0,0x0
1790310940,38050,0,0,0x0
1790310942,38050,0,0,0x0
1790310944,38600,0,0,0x0
1790310946,38600,0,0,0x0
1790310948,38600,0,0,0x0
1790310950,38600,0,0,0x0
1790310952,37500,0,0,0x0
1790310954,37500,0,0,0x0
1790310956,38050,0,0,0x0
1790310958,39150,0,0,0x0
1790310960,38600,0,0,0x0
1790310962,38050,0,0,0x0
1790310964,38600,0,0,0x0
1790310966,38600,0,0,0x0
1790310968,36950,0,0,0x0
1790310970,38600,0,0,0x0
1790310972,38050,0,0,0x0
1790310974,38050,0,0,0x0
1790310976,38600,0,0,0x0
1790310978,38050,0,0,0x0
1790310980,38050,0,0,0x0
1790310982,38600,0,0,0x0
1790310984,39150,0,0,0x0
1790310986,38600,0,0,0x0
1790310988,38600,0,0,0x0
1790310990,39150,0,0,0x0
1790310992,38600,0,0,0x0
1790310994,39150,0,0,0x0
1790310996,40250,0,0,0x0
1790310998,38050,0,0,0x0
1790311000,38600,0,0,0x0
1790311002,39150,0,0,0x0
1790311004,38600,0,0,0x0
1790311006,39150,0,0,0x0
1790311008,39700,0,0,0x0
1790311010,39150,0,0,0x0
1790311012,39700,0,0,0x0
1790311014,39150,0,0,0x0
1790311016,39150,0,0,0x0
1790311018,39150,0,0,0x0
1790311020,39150,0,0,0x0
1790311022,39150,0,0,0x0
1790311024,39150,0,0,0x0
1790311026,39150,0,0,0x0
1790311028,39150,0,0,0x0
1790311030,38600,0,0,0x0
1790311032,39150,0,0,0x0
1790311034,38600,0,0,0x0
1790311036,37500,0,0,0x0
1790311038,38600,0,0,0x0
1790311040,39150,0,0,0x0
1790311042,39700,0,0,0x0
1790311044,39150,0,0,0x0
1790311046,39700,0,0,0x0
1790311048,39700,0,0,0x0
1790311050,39150,0,0,0x0
1790311052,39700,0,0,0x0
1790311054,39700,0,0,0x0
1790311056,39700,0,0,0x0
1790311058,38600,0,0,0x0
1790311060,39150,0,0,0x0
1790311062,39150,0,0,0x0
1790311064,39700,4155,100,0x0
1790311066,39700,4173,100,0x0
1790311068,38600,4143,100,0x0
1790311070,39150,4120,100,0x0
1790311072,39150,4116,100,0x0
1790311075,39700,4116,100,0x0
1790311077,39150,4129,100,0x0
1790311079,39700,4159,100,0x0
1790311081,38600,4191,100,0x0
1790311083,38600,4224,100,0x0
1790311085,39150,4257,100,0x0
1790311087,39150,4290,100,0x0
1790311089,39150,4317,100,0x0
1790311091,38600,4344,100,0x0
1790311093,39150,4367,100,0x0
1790311095,39150,4393,100,0x0
1790311097,39150,4413,100,0x0
1790311099,38600,4433,100,0x0
1790311101,39150,4455,100,0x0
1790311103,38600,4471,100,0x0
1790311105,38600,4487,100,0x0
1790311107,39150,4501,100,0x0
1790311109,38050,4513,100,0x0
1790311111,38600,4527,100,0x0
1790311113,38600,4537,100,0x0
1790311115,38050,4546,100,0x0
1790311117,38600,4554,100,0x0
1790311119,37500,4563,100,0x0
1790311121,38600,4571,100,0x0
1790311123,37500,4578,100,0x0
1790311125,36950,4587,100,0x0
1790311127,36950,4591,100,0x0
1790311129,36950,4599,100,0x0
1790311131,37500,4603,100,0x0
1790311133,38050,4609,100,0x0
1790311135,37500,4614,100,0x0
1790311137,37500,4618,100,0x0
1790311139,38050,4620,100,0x0
1790311141,37500,4621,100,0x0
1790311143,37500,4626,100,0x0
1790311145,37500,4628,100,0x0
1790311147,37500,4629,100,0x0
1790311149,37500,4632,100,0x0
1790311151,37500,4633,100,0x0
1790311153,37500,4638,100,0x0
1790311155,37500,4638,100,0x0
1790311157,38050,4638,100,0x0
1790311159,38050,4642,100,0x0
1790311161,36950,4643,100,0x0
1790311163,37500,4641,100,0x0
1790311165,36950,4643,100,0x0
1790311167,36950,4645,100,0x0
1790311169,35850,4647,100,0x0
1790311171,36950,4648,100,0x0
1790311173,35850,4649,100,0x0
1790311175,36400,4650,100,0x0
1790311177,36400,4649,100,0x0
1790311179,36950,4641,100,0x0
1790311181,36950,4637,100,0x0
1790311183,36400,4641,100,0x0
1790311185,36400,4646,100,0x0
1790311187,36950,4650,100,0x0
1790311189,36950,4649,100,0x0
1790311191,36950,4649,100,0x0
1790311193,35850,4653,100,0x0
1790311195,36400,4651,100,0x0
1790311197,36950,4653,100,0x0
1790311199,35850,4653,100,0x0
1790311201,36950,4651,100,0x0
1790311203,37500,4655,100,0x0
1790311205,36400,4653,100,0x0
1790311207,36400,4651,100,0x0
1790311209,35850,4653,100,0x0
1790311211,36400,4653,100,0x0
1790311213,36400,4653,100,0x0
1790311215,36950,4654,100,0x0
1790311217,36400,4654,100,0x0
1790311219,35850,4651,100,0x0
1790311221,35850,4653,100,0x0
1790311223,35850,4651,100,0x0
1790311225,36400,4653,100,0x0
1790311227,36400,4648,100,0x0
1790311229,36400,4650,100,0x0
1790311231,35850,4651,100,0x0
1790311233,35850,4652,100,0x0
1790311235,35850,4649,100,0x0
1790311237,35850,4650,100,0x0
1790311239,35850,4652,100,0x0
1790311241,36400,4649,100,0x0
1790311243,35300,4637,0,0x0
1790311245,35850,0,0,0x0
1790311247,35850,0,0,0x0
1790311249,35850,0,0,0x0
1790311251,36400,0,0,0x0
1790311253,36400,0,0,0x0
1790311255,36400,0,0,0x0
1790311257,35850,0,0,0x0
1790311259,36400,0,0,0x0
1790311261,36400,0,0,0x0
1790311263,35850,0,0,0x0
1790311265,36400,0,0,0x0
1790311267,36400,0,0,0x0
1790311269,37500,0,0,0x0
1790311271,38050,0,0,0x0
1790311274,36950,0,0,0x0
1790311276,36950,0,0,0x0
1790311278,36950,0,0,0x0
1790311280,36400,0,0,0x0
1790311282,37500,0,0,0x0
1790311284,36400,0,0,0x0
1790311286,36950,0,0,0x0
1790311288,36950,0,0,0x0
1790311290,36400,0,0,0x0
1790311292,36400,0,0,0x0
1790311294,36400,0,0,0x0
1790311296,36950,0,0,0x0
1790311298,37500,0,0,0x0
1790311300,37500,0,0,0x0
1790311302,36950,0,0,0x0
1790311304,36950,0,0,0x0
1790311306,36950,0,0,0x0
1790311308,37500,0,0,0x0
1790311310,37500,0,0,0x0
1790311312,36950,0,0,0x0
1790311314,36950,0,0,0x0
1790311316,37500,0,0,0x0
1790311318,37500,0,0,0x0
1790311320,37500,0,0,0x0
1790311322,38050,0,0,0x0
1790311324,38050,0,0,0x0
1790311326,36950,0,0,0x0
1790311328,37500,0,0,0x0
1790311330,37500,0,0,0x0
1790311332,38050,0,0,0x0
1790311334,38050,0,0,0x0
1790311336,38050,0,0,0x0
1790311338,38050,0,0,0x0
1790311340,38050,0,0,0x0
1790311342,38050,0,0,0x0
1790311344,37500,0,0,0x0
1790311346,37500,0,0,0x0
1790311348,37500,0,0,0x0
1790311350,37500,0,0,0x0
1790311352,38050,0,0,0x0
1790311354,38600,0,0,0x0
1790311356,38050,0,0,0x0
1790311358,37500,0,0,0x0
1790311360,38050,0,0,0x0
1790311362,39150,0,0,0x0
1790311364,38050,0,0,0x0
1790311366,38050,0,0,0x0
1790311368,37500,0,0,0x0
1790311370,36950,0,0,0x0
1790311372,38050,0,0,0x0
1790311374,37500,0,0,0x0
1790311376,38050,0,0,0x0
1790311378,36950,0,0,0x0
1790311380,38600,0,0,0x0
1790311382,39150,0,0,0x0
1790311384,38600,0,0,0x0
1790311386,38600,0,0,0x0
1790311388,39150,0,0,0x0
1790311390,38600,0,0,0x0
1790311392,38050,0,0,0x0
1790311394,39150,0,0,0x0
1790311396,38600,0,0,0x0
1790311398,39150,0,0,0x0
1790311400,38600,0,0,0x0
1790311402,39700,0,0,0x0
1790311404,39150,0,0,0x0
1790311406,39150,0,0,0x0
1790311408,38600,0,0,0x0
1790311410,38600,0,0,0x0
1790311412,39700,0,0,0x0
1790311414,39150,0,0,0x0
1790311416,38050,0,0,0x0
1790311418,39150,0,0,0x0
1790311420,39150,0,0,0x0
1790311422,38600,0,0,0x0
1790311424,39150,0,0,0x0
1790311426,39150,0,0,0x0
1790311428,39150,0,0,0x0
1790311430,38600,0,0,0x0
1790311432,38600,0,0,0x0
1790311434,39150,0,0,0x0
1790311436,39150,0,0,0x0
1790311438,39150,0,0,0x0
1790311440,39700,0,0,0x0
1790311442,39150,0,0,0x0
1790311444,39700,0,0,0x0
1790311446,38050,0,0,0x0
1790311448,39150,2982,100,0x0
1790311450,39700,4302,100,0x0
1790311452,39700,4257,100,0x0
1790311454,39150,4211,100,0x0
1790311456,38600,4193,100,0x0
1790311459,38600,4193,100,0x0
1790311461,39150,4195,100,0x0
1790311463,38600,4205,100,0x0
1790311465,38600,4214,100,0x0
1790311467,38600,4227,100,0x0
1790311469,38600,4247,100,0x0
1790311471,38600,4272,100,0x0
1790311473,38600,4302,100,0x0
1790311475,38600,4327,100,0x0
1790311477,39150,4349,100,0x0
1790311479,39700,4373,100,0x0
1790311481,38600,4395,100,0x0
1790311483,38050,4414,100,0x0
1790311485,39150,4432,100,0x0
1790311487,37500,4450,100,0x0
1790311489,38050,4467,100,0x0
1790311491,38600,4481,100,0x0
1790311493,38050,4496,100,0x0
1790311495,38050,4509,100,0x0
1790311497,36950,4519,100,0x0
1790311499,38600,4533,100,0x0
1790311501,38050,4542,100,0x0
1790311503,37500,4553,100,0x0
1790311505,38050,4557,100,0x0
1790311507,37500,4567,100,0x0
1790311509,37500,4575,100,0x0
1790311511,37500,4583,100,0x0
1790311513,37500,4588,100,0x0
1790311515,36400,4596,100,0x0
1790311517,37500,4600,100,0x0
1790311519,38050,4606,100,0x0
1790311521,37500,4610,100,0x0
1790311523,35850,4611,100,0x0
1790311525,37500,4618,100,0x0
1790311527,36950,4619,100,0x0
1790311529,38050,4621,100,0x0
1790311531,37500,4626,100,0x0
1790311533,37500,4629,100,0x0
1790311535,36950,4631,100,0x0
1790311537,37500,4633,100,0x0
1790311539,36400,4636,100,0x0
1790311541,36950,4634,100,0x0
1790311543,36400,4640,100,0x0
1790311545,36950,4638,100,0x0
1790311547,36400,4641,100,0x0
1790311549,36950,4643,100,0x0
1790311551,36400,4644,100,0x0
1790311553,36950,4645,100,0x0
1790311555,36950,4641,100,0x0
1790311557,36400,4638,100,0x0
1790311559,36950,0,0,0x0
1790311561,36950,0,0,0x0
1790311563,36950,0,0,0x0
1790311565,36950,0,0,0x0
1790311567,36950,0,0,0x0
1790311569,37500,0,0,0x0
1790311571,36950,0,0,0x0
1790311573,35850,0,0,0x0
1790311575,36400,0,0,0x0
1790311577,36400,0,0,0x0
1790311579,36950,0,0,0x0
1790311581,36950,0,0,0x0
1790311583,37500,0,0,0x0
1790311585,36950,0,0,0x0
1790311587,36950,0,0,0x0
1790311589,37500,0,0,0x0
1790311591,37500,0,0,0x0
1790311593,37500,0,0,0x0
1790311595,37500,0,0,0x0
1790311597,36950,0,0,0x0
1790311599,37500,0,0,0x0
1790311601,39150,0,0,0x0
1790311603,37500,0,0,0x0
1790311605,38050,0,0,0x0
1790311607,37500,0,0,0x0
1790311609,38050,0,0,0x0
1790311611,38600,0,0,0x0
1790311613,38050,0,0,0x0
1790311615,36400,0,0,0x0
1790311617,38050,0,0,0x0
1790311619,38050,0,0,0x0
1790311621,38050,0,0,0x0
1790311623,38050,0,0,0x0
1790311625,38050,0,0,0x0
1790311627,38050,0,0,0x0
1790311629,38050,0,0,0x0
1790311631,38050,0,0,0x0
1790311633,37500,0,0,0x0
1790311635,37500,0,0,0x0
1790311637,38600,0,0,0x0
1790311639,38050,0,0,0x0
1790311641,38600,0,0,0x0
1790311644,37500,0,0,0x0
1790311646,38600,0,0,0x0
1790311648,38600,0,0,0x0
1790311650,38600,0,0,0x0
1790311652,38050,0,0,0x0
1790311654,38600,0,0,0x0
1790311656,37500,0,0,0x0
1790311658,39150,0,0,0x0
1790311660,38600,0,0,0x0
1790311662,38600,0,0,0x0
1790311664,39700,0,0,0x0
1790311666,39150,0,0,0x0
1790311668,38050,0,0,0x0
1790311670,38600,0,0,0x0
1790311672,38600,0,0,0x0
1790311674,37500,0,0,0x0
1790311676,38600,0,0,0x0
1790311678,39150,0,0,0x0
1790311680,38050,0,0,0x0
1790311682,38600,0,0,0x0
1790311684,38600,0,0,0x0
1790311686,38600,0,0,0x0
1790311688,39150,0,0,0x0
1790311690,38600,0,0,0x0
1790311692,38600,0,0,0x0
1790311694,39150,0,0,0x0
1790311696,39150,0,0,0x0
1790311698,38600,0,0,0x0
1790311700,39700,0,0,0x0
1790311702,38600,0,0,0x0
1790311704,39150,0,0,0x0
1790311706,39700,3896,100,0x0
1790311708,39150,4323,100,0x0
1790311710,39150,4268,100,0x0
1790311712,39150,4234,100,0x0
1790311714,39150,4219,100,0x0
1790311716,39150,4213,100,0x0
1790311718,39150,4217,100,0x0
1790311720,39150,4226,100,0x0
1790311722,38600,4234,100,0x0
1790311724,38600,4252,100,0x0
1790311726,38600,4276,100,0x0
1790311728,38600,4304,100,0x0
1790311730,38600,4328,100,0x0
1790311732,38600,4356,100,0x0
1790311734,38050,4377,100,0x0
1790311736,38050,4396,100,0x0
1790311738,38050,4418,100,0x0
1790311740,38600,4437,100,0x0
1790311742,38600,4456,100,0x0
1790311744,38050,4471,100,0x0
1790311746,38050,4486,100,0x0
1790311748,38050,4501,100,0x0
1790311750,38050,4513,100,0x0
1790311752,38050,4524,100,0x0
1790311754,38050,4537,100,0x0
1790311756,38050,4544,100,0x0
1790311758,37500,4555,100,0x0
1790311760,38050,4562,100,0x0
1790311762,39150,4571,100,0x0
1790311764,38050,4576,100,0x0
1790311766,37500,4582,100,0x0
1790311768,37500,4588,100,0x0
1790311770,37500,4594,100,0x0
1790311772,38050,4601,100,0x0
1790311774,36950,4605,100,0x0
1790311776,37500,4609,100,0x0
1790311778,36950,4613,100,0x0
1790311780,36400,4617,100,0x0
1790311782,37500,4621,100,0x0
1790311784,36950,4622,100,0x0
1790311786,38050,4627,100,0x0
1790311788,36950,4628,100,0x0
1790311790,36950,4631,100,0x0
1790311792,37500,4631,100,0x0
1790311794,36950,4636,100,0x0
1790311796,38050,4637,100,0x0
1790311798,36400,4638,100,0x0
1790311800,36950,4638,100,0x0
1790311802,36950,4638,100,0x0
1790311804,36950,4641,100,0x0
1790311806,35850,4645,100,0x0
1790311808,36400,4646,100,0x0
1790311810,36950,4645,100,0x0
1790311812,37500,4636,100,0x0
1790311814,36400,4634,100,0x0
1790311816,36950,4638,100,0x0
1790311818,36950,4644,100,0x0
1790311820,36400,4644,100,0x0
1790311822,36400,4643,100,0x0
1790311824,36950,4645,100,0x0
1790311826,36400,4646,100,0x0
1790311828,36400,4649,100,0x0
1790311830,36400,4648,100,0x0
1790311832,36400,4649,100,0x0
1790311834,36400,4649,100,0x0
1790311836,36950,4648,100,0x0
1790311838,35850,4650,100,0x0
1790311841,36950,4650,100,0x0
1790311843,36400,4649,100,0x0
1790311845,36400,4650,100,0x0
1790311847,36400,4649,100,0x0
1790311849,36950,4649,100,0x0
1790311851,36400,4649,100,0x0
1790311853,36400,4649,100,0x0
1790311855,36400,4649,100,0x0
1790311857,36400,4649,100,0x0
1790311859,35850,4651,100,0x0
1790311861,35850,4649,100,0x0
1790311863,35850,4648,100,0x0
1790311865,36950,4651,100,0x0
1790311867,35300,4651,100,0x0
1790311869,35850,4650,100,0x0
1790311871,35850,4650,100,0x0
1790311873,35300,4651,100,0x0
1790311875,35850,4652,100,0x0
1790311877,35850,4653,100,0x0
1790311879,36400,4654,100,0x0
1790311881,36400,4654,100,0x0
1790311883,36400,4654,100,0x0
1790311885,35850,4654,100,0x0
1790311887,35300,4656,100,0x0
1790311889,34750,4655,100,0x0
1790311891,35300,4656,100,0x0
1790311893,36950,0,0,0x0
1790311895,35850,0,0,0x0
1790311897,36400,0,0,0x0
1790311899,35850,0,0,0x0
1790311901,35850,0,0,0x0
1790311903,35850,0,0,0x0
1790311905,36400,0,0,0x0
1790311907,36400,0,0,0x0
1790311909,36400,0,0,0x0
1790311911,35850,0,0,0x0
1790311913,35850,0,0,0x0
1790311915,36950,0,0,0x0
1790311917,35300,0,0,0x0
1790311919,36950,0,0,0x0
1790311921,36950,0,0,0x0
1790311923,36950,0,0,0x0
1790311925,35850,0,0,0x0
1790311927,36400,0,0,0x0
1790311929,36400,0,0,0x0
1790311931,36950,0,0,0x0
1790311933,36950,0,0,0x0
1790311935,36950,0,0,0x0
1790311937,36400,0,0,0x0
1790311939,36400,0,0,0x0
1790311941,37500,0,0,0x0
1790311943,36950,0,0,0x0
1790311945,36400,0,0,0x0
1790311947,36950,0,0,0x0
1790311949,37500,0,0,0x0
1790311951,37500,0,0,0x0
1790311953,36950,0,0,0x0
1790311955,36950,0,0,0x0
1790311957,36950,0,0,0x0
1790311959,37500,0,0,0x0
1790311961,36400,0,0,0x0
1790311963,36950,0,0,0x0
1790311965,37500,0,0,0x0
1790311967,37500,0,0,0x0
1790311969,37500,0,0,0x0
1790311971,37500,0,0,0x0
1790311973,37500,0,0,0x0
1790311975,37500,0,0,0x0
1790311977,38050,0,0,0x0
1790311979,37500,0,0,0x0
1790311981,37500,0,0,0x0
1790311983,37500,0,0,0x0
1790311985,38050,0,0,0x0
1790311987,38050,0,0,0x0
1790311989,38050,0,0,0x0
1790311991,38050,0,0,0x0
1790311993,38050,0,0,0x0
1790311995,38600,0,0,0x0
1790311997,38050,0,0,0x0
1790311999,37500,0,0,0x0
1790312001,38050,0,0,0x0
1790312003,38050,0,0,0x0
1790312005,37500,0,0,0x0
1790312007,37500,0,0,0x0
1790312009,39150,0,0,0x0
1790312011,38050,0,0,0x0
1790312013,38050,0,0,0x0
1790312015,38050,0,0,0x0
1790312017,38050,0,0,0x0
1790312019,36950,0,0,0x0
1790312021,38600,0,0,0x0
1790312023,38600,0,0,0x0
1790312025,38600,0,0,0x0
1790312027,38600,0,0,0x0
1790312029,38600,0,0,0x0
1790312031,38600,0,0,0x0
1790312033,38600,0,0,0x0
1790312035,38050,0,0,0x0
1790312037,38050,0,0,0x0
1790312039,37500,0,0,0x0
1790312041,38600,0,0,0x0
1790312043,38600,0,0,0x0
1790312045,38050,0,0,0x0
1790312047,38600,0,0,0x0
1790312049,39700,0,0,0x0
1790312051,38600,0,0,0x0
1790312053,38600,0,0,0x0
1790312056,40250,0,0,0x0
1790312058,38600,0,0,0x0
1790312060,38600,0,0,0x0
1790312062,39150,0,0,0x0
1790312064,38050,0,0,0x0
1790312066,38600,0,0,0x0
1790312068,38600,0,0,0x0
1790312070,38600,0,0,0x0
1790312072,38600,0,0,0x0
1790312074,39150,0,0,0x0
1790312076,39150,0,0,0x0
1790312078,39150,0,0,0x0
1790312080,39150,0,0,0x0
1790312082,38600,0,0,0x0
1790312084,38050,0,0,0x0
1790312086,40250,0,0,0x0
1790312088,38600,0,0,0x0
1790312090,38600,0,0,0x0
1790312092,39150,0,0,0x0
1790312094,39700,0,0,0x0
1790312096,39150,0,0,0x0
1790312098,39150,0,0,0x0
1790312100,39150,0,0,0x0
1790312102,39150,0,0,0x0
1790312104,39150,0,0,0x0
1790312106,39150,0,0,0x0
1790312108,39150,0,0,0x0
1790312110,39150,0,0,0x0
1790312112,39700,0,0,0x0
1790312114,38600,0,0,0x0
1790312116,39150,0,0,0x0
1790312118,39700,0,0,0x0
1790312120,40250,0,0,0x0
1790312122,40250,0,0,0x0
1790312124,39150,4202,100,0x0
1790312126,39150,4441,100,0x0
1790312128,39150,4345,100,0x0
1790312130,39700,4274,100,0x0
1790312132,39150,4231,100,0x0
1790312134,39700,4221,100,0x0
1790312136,39150,4219,100,0x0
1790312138,38050,4221,100,0x0
1790312140,39700,4230,100,0x0
1790312142,39150,4240,100,0x0
1790312144,39150,4259,100,0x0
1790312146,37500,4284,100,0x0
1790312148,39700,4309,100,0x0
1790312150,38600,4335,100,0x0
1790312152,39700,4358,100,0x0
1790312154,38050,4380,100,0x0
1790312156,38600,4401,100,0x0
1790312158,39150,4423,100,0x0
1790312160,38600,4442,100,0x0
1790312162,38050,4460,100,0x0
1790312164,38600,4478,100,0x0
1790312166,38050,4490,100,0x0
1790312168,38050,4504,100,0x0
1790312170,38050,4519,100,0x0
1790312172,38600,4528,100,0x0
1790312174,38050,4541,100,0x0
1790312176,36950,4552,100,0x0
1790312178,38050,4560,100,0x0
1790312180,38050,4567,100,0x0
1790312182,37500,4575,100,0x0
1790312184,38050,4582,100,0x0
1790312186,38050,4589,100,0x0
1790312188,38600,4593,100,0x0
1790312190,37500,4601,100,0x0
1790312192,38050,4603,100,0x0
1790312194,38050,4608,100,0x0
1790312196,36400,4614,100,0x0
1790312198,38050,4616,100,0x0
1790312200,37500,4618,100,0x0
1790312202,38050,4621,100,0x0
1790312204,37500,4625,100,0x0
1790312206,38050,4628,100,0x0
1790312208,36950,4631,100,0x0
1790312210,36950,4636,100,0x0
1790312212,38050,4637,100,0x0
1790312214,36950,4638,100,0x0
1790312216,36950,4641,100,0x0
1790312218,37500,4643,100,0x0
1790312220,35850,4644,100,0x0
1790312222,36950,4645,100,0x0
1790312224,37500,4646,100,0x0
1790312226,36400,4647,100,0x0
1790312228,36400,4649,100,0x0
1790312230,36950,4652,100,0x0
1790312232,36400,4650,100,0x0
1790312234,36400,4652,100,0x0
1790312236,36400,4651,100,0x0
1790312238,37500,4653,100,0x0
1790312240,36950,4656,100,0x0
1790312242,36950,4655,100,0x0
1790312244,35850,4653,100,0x0
1790312246,36950,4651,100,0x0
1790312248,36950,4655,100,0x0
1790312250,36950,4656,100,0x0
1790312252,36400,4655,100,0x0
1790312254,36400,4655,100,0x0
1790312256,36950,4657,100,0x0
1790312258,36950,4656,100,0x0
1790312260,36400,4655,100,0x0
1790312262,36400,4658,100,0x0
1790312264,36950,4659,100,0x0
1790312266,36400,4659,100,0x0
1790312269,36400,4657,100,0x0
1790312271,36400,4657,100,0x0
1790312273,36400,4644,100,0x0
1790312275,36400,4643,100,0x0
1790312277,35850,4648,100,0x0
1790312279,35850,4650,100,0x0
1790312281,35850,4653,100,0x0
1790312283,36400,4652,100,0x0
1790312285,36950,4654,100,0x0
1790312287,35300,4651,100,0x0
1790312289,36400,4652,100,0x0
1790312291,36400,4651,100,0x0
1790312293,36400,4653,100,0x0
1790312295,36400,4651,100,0x0
1790312297,35850,4652,100,0x0
1790312299,35300,4651,100,0x0
1790312301,36400,4651,100,0x0
1790312303,35300,4651,100,0x0
1790312305,36950,4652,100,0x0
1790312307,35300,4651,100,0x0
1790312309,35850,4652,100,0x0
1790312311,35850,4648,100,0x0
1790312313,34750,4648,100,0x0
1790312315,35850,4650,100,0x0
1790312317,35850,4650,100,0x0
1790312319,35850,4650,100,0x0
1790312321,35850,0,0,0x0
1790312323,36400,0,0,0x0
1790312325,35850,0,0,0x0
1790312327,36400,0,0,0x0
1790312329,35850,0,0,0x0
1790312331,35850,0,0,0x0
1790312333,35850,0,0,0x0
1790312335,36400,0,0,0x0
1790312337,36400,0,0,0x0
1790312339,35850,0,0,0x0
1790312341,36400,0,0,0x0
1790312343,35850,0,0,0x0
1790312345,36950,0,0,0x0
1790312347,36400,0,0,0x0
1790312349,38050,0,0,0x0
1790312351,35850,0,0,0x0
1790312353,35850,0,0,0x0
1790312355,36950,0,0,0x0
1790312357,36950,0,0,0x0
1790312359,36950,0,0,0x0
1790312361,36400,0,0,0x0
1790312363,35850,0,0,0x0
1790312365,36950,0,0,0x0
1790312367,36400,0,0,0x0
1790312369,36400,0,0,0x0
1790312371,37500,0,0,0x0
1790312373,37500,0,0,0x0
1790312375,38050,0,0,0x0
1790312377,36400,0,0,0x0
1790312379,36950,0,0,0x0
1790312381,36950,0,0,0x0
1790312383,37500,0,0,0x0
1790312385,36400,0,0,0x0
1790312387,37500,0,0,0x0
1790312389,36400,0,0,0x0
1790312391,38050,0,0,0x0
1790312393,37500,0,0,0x0
1790312395,36950,0,0,0x0
1790312397,37500,0,0,0x0
1790312399,38050,0,0,0x0
1790312401,38600,0,0,0x0
1790312403,37500,0,0,0x0
1790312405,37500,0,0,0x0
1790312407,37500,0,0,0x0
1790312409,38050,0,0,0x0
1790312411,37500,0,0,0x0
1790312413,38050,0,0,0x0
1790312415,37500,0,0,0x0
1790312417,38050,0,0,0x0
1790312419,37500,0,0,0x0
1790312421,38050,0,0,0x0
1790312423,37500,0,0,0x0
1790312425,38600,0,0,0x0
1790312427,38050,0,0,0x0
1790312429,38600,0,0,0x0
1790312431,38600,0,0,0x0
1790312433,37500,0,0,0x0
1790312435,38050,0,0,0x0
1790312437,38600,0,0,0x0
1790312439,37500,0,0,0x0
1790312441,38050,0,0,0x0
1790312443,38050,0,0,0x0
1790312445,38600,0,0,0x0
1790312447,39150,0,0,0x0
1790312449,37500,0,0,0x0
1790312452,38050,0,0,0x0
1790312454,38600,0,0,0x0
1790312456,38600,0,0,0x0
1790312458,38600,0,0,0x0
1790312460,38050,0,0,0x0
1790312462,38600,0,0,0x0
1790312464,38600,0,0,0x0
1790312466,38600,0,0,0x0
1790312468,38600,0,0,0x0
1790312470,38600,0,0,0x0
1790312472,38050,0,0,0x0
1790312474,38600,0,0,0x0
1790312476,38050,0,0,0x0
1790312478,38600,0,0,0x0
1790312480,38600,0,0,0x0
1790312482,38600,0,0,0x0
1790312484,39150,0,0,0x0
1790312486,39150,0,0,0x0
1790312488,39150,0,0,0x0
1790312490,38600,0,0,0x0
1790312492,38600,0,0,0x0
1790312494,38600,0,0,0x0
1790312496,39150,4349,100,0x0
1790312498,38050,4473,100,0x0
1790312500,39700,4403,100,0x0
1790312502,38600,4334,100,0x0
1790312504,39150,4285,100,0x0
1790312506,38600,4264,100,0x0
1790312508,38600,4259,100,0x0
1790312510,38050,4260,100,0x0
1790312512,39150,4264,100,0x0
1790312514,38600,4272,100,0x0
1790312516,38600,4282,100,0x0
1790312518,38050,4298,100,0x0
1790312520,39150,4320,100,0x0
1790312522,38050,4342,100,0x0
1790312524,38050,4366,100,0x0
1790312526,38600,4387,100,0x0
1790312528,38050,4408,100,0x0
1790312530,38050,4425,100,0x0
1790312532,38050,4443,100,0x0
1790312534,37500,4458,100,0x0
1790312536,38050,4475,100,0x0
1790312538,38050,4490,100,0x0
1790312540,38050,4503,100,0x0
1790312542,37500,4516,100,0x0
1790312544,39700,4526,100,0x0
1790312546,38050,4535,100,0x0
1790312548,38050,4547,100,0x0
1790312550,36950,4556,100,0x0
1790312552,37500,4564,100,0x0
1790312554,38600,4572,100,0x0
1790312556,37500,4578,100,0x0
1790312558,36950,4582,100,0x0
1790312560,38600,4587,100,0x0
1790312562,37500,4595,100,0x0
1790312564,37500,4598,100,0x0
1790312566,37500,4604,100,0x0
1790312568,37500,4607,100,0x0
1790312570,37500,4611,100,0x0
1790312572,37500,4613,100,0x0
1790312574,36950,4618,100,0x0
1790312576,37500,4621,100,0x0
1790312578,38050,4626,100,0x0
1790312580,36400,4630,100,0x0
1790312582,36950,4633,100,0x0
1790312584,36950,4636,100,0x0
1790312586,37500,4638,100,0x0
1790312588,37500,4641,100,0x0
1790312590,36950,4642,100,0x0
1790312592,37500,4645,100,0x0
1790312594,36950,4644,100,0x0
1790312596,36400,4646,100,0x0
1790312598,37500,4647,100,0x0
1790312600,36400,4649,100,0x0
1790312602,36400,4648,100,0x0
1790312604,36950,4650,100,0x0
1790312606,36950,4653,100,0x0
1790312608,37500,4650,100,0x0
1790312610,36400,4651,100,0x0
1790312612,36400,4652,100,0x0
1790312614,36950,4654,100,0x0
1790312616,35300,4655,100,0x0
1790312618,36950,4656,100,0x0
1790312620,36400,4655,100,0x0
1790312622,36950,4656,100,0x0
1790312624,35300,4659,100,0x0
1790312626,35850,4659,100,0x0
1790312628,35850,4655,100,0x0
1790312630,36950,4656,100,0x0
1790312632,36400,4656,100,0x0
1790312634,36400,4646,100,0x0
1790312636,35850,4643,100,0x0
1790312638,36400,4640,100,0x0
1790312640,36400,4648,100,0x0
1790312642,35850,4648,100,0x0
1790312644,35850,4649,100,0x0
1790312646,35850,4649,100,0x0
1790312648,35850,4649,100,0x0
1790312650,35300,4648,100,0x0
1790312652,35850,4649,100,0x0
1790312654,36400,4651,100,0x0
1790312656,36950,4633,0,0x0
1790312658,36400,0,0,0x0
1790312660,36400,0,0,0x0
1790312662,36400,0,0,0x0
1790312664,35850,0,0,0x0
1790312667,36400,0,0,0x0
1790312669,36400,0,0,0x0
1790312671,36400,0,0,0x0
1790312673,36400,0,0,0x0
1790312675,35850,0,0,0x0
1790312677,36400,0,0,0x0
1790312679,36400,0,0,0x0
1790312681,36400,0,0,0x0
1790312683,36950,0,0,0x0
1790312685,36400,0,0,0x0
1790312687,36950,0,0,0x0
1790312689,36950,0,0,0x0
1790312691,36950,0,0,0x0
1790312693,37500,0,0,0x0
1790312695,36950,0,0,0x0
1790312697,36950,0,0,0x0
1790312699,36950,0,0,0x0
1790312701,37500,0,0,0x0
1790312703,36950,0,0,0x0
1790312705,36950,0,0,0x0
1790312707,36400,0,0,0x0
1790312709,36950,0,0,0x0
1790312711,36950,0,0,0x0
1790312713,36950,0,0,0x0
1790312715,36950,0,0,0x0
1790312717,36400,0,0,0x0
1790312719,36950,0,0,0x0
1790312721,37500,0,0,0x0
1790312723,38050,0,0,0x0
1790312725,37500,0,0,0x0
1790312727,36400,0,0,0x0
1790312729,37500,0,0,0x0
1790312731,37500,0,0,0x0
1790312733,37500,0,0,0x0
1790312735,38600,0,0,0x0
1790312737,38600,0,0,0x0
1790312739,37500,0,0,0x0
1790312741,37500,0,0,0x0
1790312743,37500,0,0,0x0
1790312745,38050,0,0,0x0
1790312747,38050,0,0,0x0
1790312749,37500,0,0,0x0
1790312751,36950,0,0,0x0
1790312753,36950,0,0,0x0
1790312755,37500,0,0,0x0
1790312757,36400,0,0,0x0
1790312759,38050,0,0,0x0
1790312761,38050,0,0,0x0
1790312763,38050,0,0,0x0
1790312765,36950,0,0,0x0
1790312767,37500,0,0,0x0
1790312769,38050,0,0,0x0
1790312771,37500,0,0,0x0
1790312773,38050,0,0,0x0
1790312775,37500,0,0,0x0
1790312777,38600,0,0,0x0
1790312779,38600,0,0,0x0
1790312781,38050,0,0,0x0
1790312783,38050,0,0,0x0
1790312785,38600,0,0,0x0
1790312787,38600,0,0,0x0
1790312789,38600,0,0,0x0
1790312791,38600,0,0,0x0
1790312793,38600,0,0,0x0
1790312795,38050,0,0,0x0
1790312797,38600,0,0,0x0
1790312799,37500,0,0,0x0
1790312801,38600,0,0,0x0
1790312803,37500,0,0,0x0
1790312805,38050,0,0,0x0
1790312807,38600,0,0,0x0
1790312809,39150,0,0,0x0
1790312811,39150,0,0,0x0
1790312813,38600,0,0,0x0
1790312815,38600,0,0,0x0
1790312817,39150,0,0,0x0
1790312819,39150,0,0,0x0
1790312821,38600,0,0,0x0
1790312823,39150,0,0,0x0
1790312825,38600,0,0,0x0
1790312827,38600,0,0,0x0
1790312829,39150,0,0,0x0
1790312831,39150,0,0,0x0
1790312833,40250,0,0,0x0
1790312835,38600,0,0,0x0
1790312837,38600,0,0,0x0
1790312839,38600,0,0,0x0
1790312841,38050,0,0,0x0
1790312844,38050,0,0,0x0
1790312846,39700,0,0,0x0
1790312848,39150,0,0,0x0
1790312850,38600,0,0,0x0
1790312852,39700,0,0,0x0
1790312854,39150,4340,100,0x0
1790312856,39700,4337,100,0x0
1790312858,39150,4272,100,0x0
1790312860,39700,4240,100,0x0
1790312862,39150,4224,100,0x0
1790312864,38600,4225,100,0x0
1790312866,39150,4234,100,0x0
1790312868,38050,4241,100,0x0
1790312870,38600,4252,100,0x0
1790312872,38600,4266,100,0x0
1790312874,38050,4282,100,0x0
1790312876,38600,4305,100,0x0
1790312878,38050,4330,100,0x0
1790312880,38600,4350,100,0x0
1790312882,38600,4375,100,0x0
1790312884,38600,4397,100,0x0
1790312886,38050,4416,100,0x0
1790312888,38050,4435,100,0x0
1790312890,38600,4452,100,0x0
1790312892,38050,4467,100,0x0
1790312894,38600,4480,100,0x0
1790312896,38600,4497,100,0x0
1790312898,38050,4508,100,0x0
1790312900,38050,4520,100,0x0
1790312902,36950,4529,100,0x0
1790312904,38600,4542,100,0x0
1790312906,37500,4550,100,0x0
1790312908,37500,4559,100,0x0
1790312910,38600,4568,100,0x0
1790312912,38050,4575,100,0x0
1790312914,38050,4583,100,0x0
1790312916,38050,4592,100,0x0
1790312918,36950,4594,100,0x0
1790312920,37500,4600,100,0x0
1790312922,38600,4604,100,0x0
1790312924,36950,4609,100,0x0
1790312926,36950,4612,100,0x0
1790312928,37500,4616,100,0x0
1790312930,36950,4620,100,0x0
1790312932,35850,4623,100,0x0
1790312934,37500,4628,100,0x0
1790312936,37500,4631,100,0x0
1790312938,37500,4632,100,0x0
1790312940,37500,4634,100,0x0
1790312942,38050,4638,100,0x0
1790312944,36950,4639,100,0x0
1790312946,36400,4641,100,0x0
1790312948,36950,4642,100,0x0
1790312950,36950,4643,100,0x0
1790312952,36400,4646,100,0x0
1790312954,36400,4647,100,0x0
1790312956,36950,4649,100,0x0
1790312958,36950,4651,100,0x0
1790312960,36400,4649,100,0x0
1790312962,35850,4653,100,0x0
1790312964,36950,4651,100,0x0
1790312966,36400,4653,100,0x0
1790312968,36400,4653,100,0x0
1790312970,37500,4654,100,0x0
1790312972,36950,4655,100,0x0
1790312974,36950,4646,100,0x0
1790312976,36400,4643,100,0x0
1790312978,36950,4642,100,0x0
1790312980,36950,4651,100,0x0
1790312982,35300,4650,100,0x0
1790312984,36400,4653,100,0x0
1790312986,36950,4652,100,0x0
1790312988,36400,4654,100,0x0
1790312990,36400,4653,100,0x0
1790312992,36400,4654,100,0x0
1790312994,36950,4655,100,0x0
1790312996,36950,4654,100,0x0
1790312998,36400,4651,100,0x0
1790313000,36400,4649,100,0x0
1790313002,36400,4653,100,0x0
1790313004,36400,4652,100,0x0
1790313006,36400,4653,100,0x0
1790313008,35850,4654,100,0x0
1790313010,36950,4651,100,0x0
1790313012,36400,4651,100,0x0
1790313014,36950,4652,100,0x0
1790313016,36400,4654,100,0x0
1790313018,34750,4654,100,0x0
1790313020,35850,4653,100,0x0
1790313022,36400,4651,100,0x0
1790313024,35850,4652,100,0x0
1790313026,35850,4650,100,0x0
1790313028,35850,4654,100,0x0
1790313030,36400,4654,100,0x0
1790313032,35300,4654,100,0x0
1790313035,35850,4653,100,0x0
1790313037,36400,4654,100,0x0
1790313039,34750,4652,100,0x0
1790313041,35850,4654,100,0x0
1790313043,35850,0,0,0x0
1790313045,35300,0,0,0x0
1790313047,35850,0,0,0x0
1790313049,35300,0,0,0x0
1790313051,36400,0,0,0x0
1790313053,35850,0,0,0x0
1790313055,35300,0,0,0x0
1790313057,36400,0,0,0x0
1790313059,36400,0,0,0x0
1790313061,36950,0,0,0x0
1790313063,35850,0,0,0x0
1790313065,36400,0,0,0x0
1790313067,36400,0,0,0x0
1790313069,36400,0,0,0x0
1790313071,36950,0,0,0x0
1790313073,35850,0,0,0x0
1790313075,36400,0,0,0x0
1790313077,36950,0,0,0x0
1790313079,35850,0,0,0x0
1790313081,36950,0,0,0x0
1790313083,36400,0,0,0x0
1790313085,36950,0,0,0x0
1790313087,36950,0,0,0x0
1790313089,36950,0,0,0x0
1790313091,36950,0,0,0x0
1790313093,36950,0,0,0x0
1790313095,36950,0,0,0x0
1790313097,36950,0,0,0x0
1790313099,37500,0,0,0x0
1790313101,36950,0,0,0x0
1790313103,36950,0,0,0x0
1790313105,37500,0,0,0x0
1790313107,36950,0,0,0x0
1790313109,38050,0,0,0x0
1790313111,38050,0,0,0x0
1790313113,36950,0,0,0x0
1790313115,36950,0,0,0x0
1790313117,36950,0,0,0x0
1790313119,37500,0,0,0x0
1790313121,38050,0,0,0x0
1790313123,37500,0,0,0x0
1790313125,37500,0,0,0x0
1790313127,37500,0,0,0x0
1790313129,36950,0,0,0x0
1790313131,38050,0,0,0x0
1790313133,37500,0,0,0x0
1790313135,38050,0,0,0x0
1790313137,38050,0,0,0x0
1790313139,38050,0,0,0x0
1790313141,37500,0,0,0x0
1790313143,38050,0,0,0x0
1790313145,38050,0,0,0x0
1790313147,38050,0,0,0x0
1790313149,38600,0,0,0x0
1790313151,38600,0,0,0x0
1790313153,38050,0,0,0x0
1790313155,38050,0,0,0x0
1790313157,38600,0,0,0x0
1790313159,38050,0,0,0x0
1790313161,38600,0,0,0x0
1790313163,38050,0,0,0x0
1790313165,38050,0,0,0x0
1790313167,38600,0,0,0x0
1790313169,38600,0,0,0x0
1790313171,39150,0,0,0x0
1790313173,38050,0,0,0x0
1790313175,38050,0,0,0x0
1790313177,38050,0,0,0x0
1790313179,38600,0,0,0x0
1790313181,37500,0,0,0x0
1790313183,38600,0,0,0x0
1790313185,38050,0,0,0x0
1790313187,38600,0,0,0x0
1790313189,38050,0,0,0x0
1790313191,39150,0,0,0x0
1790313193,39150,0,0,0x0
1790313195,38600,0,0,0x0
1790313197,39700,0,0,0x0
1790313199,38600,0,0,0x0
1790313201,38600,0,0,0x0
1790313203,38050,0,0,0x0
1790313205,38600,0,0,0x0
1790313207,38600,0,0,0x0
1790313209,39150,0,0,0x0
1790313211,38050,0,0,0x0
1790313213,39150,0,0,0x0
1790313215,39150,0,0,0x0
1790313217,38600,0,0,0x0
1790313219,39700,0,0,0x0
1790313221,39150,0,0,0x0
1790313223,38600,0,0,0x0
1790313225,38600,0,0,0x0
1790313227,39150,0,0,0x0
1790313229,38600,0,0,0x0
1790313231,39150,0,0,0x0
1790313233,39150,0,0,0x0
1790313235,38600,0,0,0x0
1790313237,39150,3270,100,0x0
1790313239,39150,4348,100,0x0
1790313241,39150,4300,100,0x0
1790313243,38600,4248,100,0x0
1790313245,39150,4227,100,0x0
1790313247,38600,4218,100,0x0
1790313249,38600,4222,100,0x0
1790313251,38600,4231,100,0x0
1790313254,38050,4239,100,0x0
1790313256,38050,4248,100,0x0
1790313258,38050,4262,100,0x0
1790313260,38050,4283,100,0x0
1790313262,38600,4314,100,0x0
1790313264,38600,4338,100,0x0
1790313266,38050,4363,100,0x0
1790313268,38600,4385,100,0x0
1790313270,38050,4405,100,0x0
1790313272,38600,4425,100,0x0
1790313274,38600,4443,100,0x0
1790313276,37500,4463,100,0x0
1790313278,38050,4479,100,0x0
1790313280,38600,4494,100,0x0
1790313282,38600,4507,100,0x0
1790313284,38050,4521,100,0x0
1790313286,38050,4533,100,0x0
1790313288,37500,4546,100,0x0
1790313290,38050,4557,100,0x0
1790313292,37500,4565,100,0x0
1790313294,38050,4577,100,0x0
1790313296,37500,4585,100,0x0
1790313298,37500,4593,100,0x0
1790313300,37500,4597,100,0x0
1790313302,37500,4605,100,0x0
1790313304,37500,4610,100,0x0
1790313306,38050,4617,100,0x0
1790313308,37500,4621,100,0x0
1790313310,36950,4623,100,0x0
1790313312,38050,4631,100,0x0
1790313314,38050,4635,100,0x0
1790313316,36950,4638,100,0x0
1790313318,37500,4643,100,0x0
1790313320,36950,4646,100,0x0
1790313322,37500,4648,100,0x0
1790313324,38050,4650,100,0x0
1790313326,37500,4652,100,0x0
1790313328,36950,4656,100,0x0
1790313330,36950,4659,100,0x0
1790313332,36950,4662,100,0x0
1790313334,36950,4664,100,0x0
1790313336,37500,4666,100,0x0
1790313338,36400,4667,100,0x0
1790313340,36400,4668,100,0x0
1790313342,36950,4674,100,0x0
1790313344,36950,4673,100,0x0
1790313346,36950,4664,100,0x0
1790313348,37500,4664,100,0x0
1790313350,38050,4672,100,0x0
1790313352,36950,4675,100,0x0
1790313354,36950,4678,100,0x0
1790313356,35850,4677,100,0x0
1790313358,36950,4679,100,0x0
1790313360,36950,4680,100,0x0
1790313362,36950,4682,100,0x0
1790313364,36950,4681,100,0x0
1790313366,36950,4683,100,0x0
1790313368,36950,4682,100,0x0
1790313370,36400,4685,100,0x0
1790313372,36950,4685,100,0x0
1790313374,36950,4683,100,0x0
1790313376,36400,4683,100,0x0
1790313378,35850,4684,100,0x0
1790313380,36950,4683,100,0x0
1790313382,36950,4685,100,0x0
1790313384,35850,4685,100,0x0
1790313386,36400,4684,100,0x0
1790313388,36400,4686,100,0x0
1790313390,36950,4687,100,0x0
1790313392,36950,4686,100,0x0
1790313394,36950,4688,100,0x0
1790313396,36400,4688,100,0x0
1790313398,36400,4687,100,0x0
1790313400,37500,4688,100,0x0
1790313402,36950,4690,100,0x0
1790313404,36950,4688,100,0x0
1790313406,34750,4692,100,0x0
1790313408,36950,4688,100,0x0
1790313410,36400,4692,100,0x0
1790313412,36400,4690,100,0x0
1790313414,36400,4691,100,0x0
1790313416,37500,4691,100,0x0
1790313418,35850,4691,100,0x0
1790313420,36400,4694,100,0x0
1790313422,37500,4691,100,0x0
1790313424,37500,4692,100,0x0
1790313426,36950,4693,100,0x0
1790313428,35300,4694,100,0x0
1790313430,36950,4692,100,0x0
1790313432,36400,4693,100,0x0
1790313434,36950,4694,100,0x0
1790313436,35850,4694,100,0x0
1790313438,35850,4694,100,0x0
1790313440,36400,4691,100,0x0
1790313442,36950,4694,100,0x0
1790313444,35850,4694,100,0x0
1790313446,36400,4694,100,0x0
1790313448,36400,4691,100,0x0
1790313450,35850,4692,100,0x0
1790313453,36400,4692,100,0x0
1790313455,36400,4691,100,0x0
1790313457,35850,4692,100,0x0
1790313459,36400,4693,100,0x0
1790313461,36400,4692,100,0x0
1790313463,35300,4693,100,0x0
1790313465,36400,4694,100,0x0
1790313467,35850,4692,100,0x0
1790313469,36400,4693,100,0x0
1790313471,35850,4693,100,0x0
1790313473,36950,4694,100,0x0
1790313475,35300,4694,100,0x0
1790313477,35850,4691,100,0x0
1790313479,35850,4697,100,0x0
1790313481,35850,4695,100,0x0
1790313483,35850,4694,100,0x0
1790313485,35850,0,0,0x0
1790313487,35850,0,0,0x0
1790313489,36400,0,0,0x0
1790313491,35850,0,0,0x0
1790313493,35850,0,0,0x0
1790313495,34750,0,0,0x0
1790313497,35850,0,0,0x0
1790313499,35850,0,0,0x0
1790313501,38050,0,0,0x0
1790313503,36400,0,0,0x0
1790313505,36950,0,0,0x0
1790313507,36950,0,0,0x0
1790313509,36400,0,0,0x0
1790313511,36400,0,0,0x0
1790313513,35850,0,0,0x0
1790313515,36950,0,0,0x0
1790313517,36950,0,0,0x0
1790313519,36400,0,0,0x0
1790313521,35850,0,0,0x0
1790313523,36950,0,0,0x0
1790313525,36950,0,0,0x0
1790313527,36950,0,0,0x0
1790313529,36400,0,0,0x0
1790313531,36950,0,0,0x0
1790313533,37500,0,0,0x0
1790313535,36950,0,0,0x0
1790313537,36950,0,0,0x0
1790313539,36950,0,0,0x0
1790313541,38050,0,0,0x0
1790313543,37500,0,0,0x0
1790313545,37500,0,0,0x0
1790313547,36950,0,0,0x0
1790313549,37500,0,0,0x0
1790313551,36950,0,0,0x0
1790313553,38050,0,0,0x0
1790313555,38050,0,0,0x0
1790313557,36950,0,0,0x0
1790313559,37500,0,0,0x0
1790313561,37500,0,0,0x0
1790313563,38050,0,0,0x0
1790313565,37500,0,0,0x0
1790313567,38050,0,0,0x0
1790313569,37500,0,0,0x0
1790313571,38050,0,0,0x0
1790313573,38600,0,0,0x0
1790313575,38050,0,0,0x0
1790313577,38050,0,0,0x0
1790313579,38050,0,0,0x0
1790313581,37500,0,0,0x0
1790313583,37500,0,0,0x0
1790313585,38050,0,0,0x0
1790313587,38600,0,0,0x0
1790313589,38050,0,0,0x0
1790313591,38050,0,0,0x0
1790313593,38050,0,0,0x0
1790313595,38050,0,0,0x0
1790313597,37500,0,0,0x0
1790313599,38600,0,0,0x0
1790313601,38600,0,0,0x0
1790313603,38600,0,0,0x0
1790313605,38600,0,0,0x0
1790313607,37500,0,0,0x0
1790313609,38600,0,0,0x0
1790313611,38050,0,0,0x0
1790313613,38050,0,0,0x0
1790313615,37500,0,0,0x0
1790313617,38600,0,0,0x0
1790313619,38600,0,0,0x0
1790313621,39150,0,0,0x0
1790313623,38050,0,0,0x0
1790313625,38050,0,0,0x0
1790313627,39700,0,0,0x0
1790313629,38600,0,0,0x0
1790313631,39150,0,0,0x0
1790313633,39150,0,0,0x0
1790313635,39150,0,0,0x0
1790313637,39150,0,0,0x0
1790313639,38600,0,0,0x0
1790313641,39150,0,0,0x0
1790313643,38050,0,0,0x0
1790313645,38600,0,0,0x0
1790313647,39150,0,0,0x0
1790313650,39150,0,0,0x0
1790313652,38600,0,0,0x0
1790313654,39150,0,0,0x0
1790313656,38600,0,0,0x0
1790313658,39150,0,0,0x0
1790313660,39150,0,0,0x0
1790313662,38600,0,0,0x0
1790313664,39150,0,0,0x0
1790313666,39150,0,0,0x0
1790313668,39150,0,0,0x0
1790313670,39700,0,0,0x0
1790313672,39150,0,0,0x0
1790313674,39150,0,0,0x0
1790313676,39150,0,0,0x0
1790313678,39150,0,0,0x0
1790313680,39700,0,0,0x0
1790313682,39700,4204,100,0x0
1790313684,38600,4272,100,0x0
1790313686,40250,4218,100,0x0
1790313688,38600,4191,100,0x0
1790313690,39700,4183,100,0x0
1790313692,39150,4181,100,0x0
1790313694,38600,4188,100,0x0
1790313696,39150,4195,100,0x0
1790313698,39150,4213,100,0x0
1790313700,38600,4239,100,0x0
1790313702,39150,4268,100,0x0
1790313704,39700,4297,100,0x0
1790313706,38600,4324,100,0x0
1790313708,39150,4351,100,0x0
1790313710,37500,4377,100,0x0
1790313712,38600,4399,100,0x0
1790313714,38600,4420,100,0x0
1790313716,38050,4438,100,0x0
1790313718,39150,4456,100,0x0
1790313720,38600,4472,100,0x0
1790313722,38600,4490,100,0x0
1790313724,38050,4503,100,0x0
1790313726,38600,4518,100,0x0
1790313728,38600,4528,100,0x0
1790313730,37500,4542,100,0x0
1790313732,37500,4550,100,0x0
1790313734,38050,4560,100,0x0
1790313736,38050,4570,100,0x0
1790313738,38050,4576,100,0x0
1790313740,38050,4584,100,0x0
1790313742,37500,4592,100,0x0
1790313744,37500,4601,100,0x0
1790313746,37500,4606,100,0x0
1790313748,37500,4611,100,0x0
1790313750,38050,4616,100,0x0
1790313752,37500,4622,100,0x0
1790313754,38050,4625,100,0x0
1790313756,37500,4631,100,0x0
1790313758,37500,4635,100,0x0
1790313760,36950,4638,100,0x0
1790313762,38050,4643,100,0x0
1790313764,38600,4646,100,0x0
1790313766,36950,4648,100,0x0
1790313768,36950,4652,100,0x0
1790313770,38050,4656,100,0x0
1790313772,38050,4657,100,0x0
1790313774,37500,4659,100,0x0
1790313776,37500,4662,100,0x0
1790313778,37500,4663,100,0x0
1790313780,37500,4664,100,0x0
1790313782,37500,4669,100,0x0
1790313784,37500,4672,100,0x0
1790313786,36950,4671,100,0x0
1790313788,37500,4671,100,0x0
1790313790,36400,4672,100,0x0
1790313792,36400,4672,100,0x0
1790313794,36950,4673,100,0x0
1790313796,38050,4675,100,0x0
1790313798,37500,4671,100,0x0
1790313800,36950,4664,100,0x0
1790313802,36950,4665,100,0x0
1790313804,36400,4673,100,0x0
1790313806,36950,4676,100,0x0
1790313808,36950,4676,100,0x0
1790313810,37500,4679,100,0x0
1790313812,36950,4678,100,0x0
1790313814,36400,4679,100,0x0
1790313816,36950,4680,100,0x0
1790313818,36950,4678,100,0x0
1790313820,36400,4681,100,0x0
1790313822,35850,4680,100,0x0
1790313824,35850,4680,100,0x0
1790313826,36400,4680,100,0x0
1790313828,36400,4680,100,0x0
1790313830,36950,4678,100,0x0
1790313832,36950,4678,100,0x0
1790313834,36950,4680,100,0x0
1790313836,36400,4680,100,0x0
1790313838,36950,4681,100,0x0
1790313840,36950,4681,100,0x0
1790313842,36950,4682,100,0x0
1790313844,36950,4682,100,0x0
1790313846,35850,4679,100,0x0
1790313848,35850,4681,100,0x0
1790313850,36950,4680,100,0x0
1790313852,35850,4683,100,0x0
1790313854,36950,4682,100,0x0
1790313856,35850,4683,100,0x0
1790313858,35850,4684,100,0x0
1790313860,35850,4683,100,0x0
1790313862,36400,4685,100,0x0
1790313864,35850,4684,100,0x0
1790313866,36400,0,0,0x0
1790313869,35850,0,0,0x0
1790313871,35300,0,0,0x0
1790313873,36400,0,0,0x0
1790313875,36950,0,0,0x0
1790313877,36950,0,0,0x0
1790313879,36400,0,0,0x0
1790313881,36400,0,0,0x0
1790313883,38050,0,0,0x0
1790313885,36400,0,0,0x0
1790313887,36950,0,0,0x0
1790313889,35850,0,0,0x0
1790313891,36950,0,0,0x0
1790313893,36950,0,0,0x0
1790313895,35850,0,0,0x0
1790313897,36400,0,0,0x0
1790313899,36400,0,0,0x0
1790313901,37500,0,0,0x0
1790313903,36950,0,0,0x0
1790313905,36950,0,0,0x0
1790313907,36950,0,0,0x0
1790313909,36400,0,0,0x0
1790313911,37500,0,0,0x0
1790313913,37500,0,0,0x0
1790313915,38050,0,0,0x0
1790313917,38050,0,0,0x0
1790313919,37500,0,0,0x0
1790313921,37500,0,0,0x0
1790313923,37500,0,0,0x0
1790313925,38050,0,0,0x0
1790313927,38050,0,0,0x0
1790313929,38050,0,0,0x0
1790313931,37500,0,0,0x0
1790313933,37500,0,0,0x0
1790313935,38050,0,0,0x0
1790313937,37500,0,0,0x0
1790313939,38050,0,0,0x0
1790313941,38050,0,0,0x0
1790313943,38050,0,0,0x0
1790313945,36400,0,0,0x0
1790313947,38600,0,0,0x0
1790313949,36950,0,0,0x0
1790313951,38050,0,0,0x0
1790313953,38600,0,0,0x0
1790313955,37500,0,0,0x0
1790313957,38050,0,0,0x0
1790313959,38600,0,0,0x0
1790313961,39150,0,0,0x0
1790313963,38600,0,0,0x0
1790313965,38600,0,0,0x0
1790313967,38050,0,0,0x0
1790313969,39150,0,0,0x0
1790313971,38050,0,0,0x0
1790313973,38600,0,0,0x0
1790313975,37500,0,0,0x0
1790313977,37500,0,0,0x0
1790313979,38600,0,0,0x0
1790313981,37500,0,0,0x0
1790313983,38600,0,0,0x0
1790313985,38600,0,0,0x0
1790313987,38600,0,0,0x0
1790313989,38050,0,0,0x0
1790313991,39150,0,0,0x0
1790313993,38600,0,0,0x0
1790313995,39150,0,0,0x0
1790313997,38600,0,0,0x0
1790313999,37500,0,0,0x0
1790314001,38600,0,0,0x0
1790314003,39150,0,0,0x0
1790314005,38600,0,0,0x0
1790314007,38600,0,0,0x0
1790314009,38600,0,0,0x0
1790314011,39150,0,0,0x0
1790314013,39700,0,0,0x0
1790314015,38050,0,0,0x0
1790314017,39700,0,0,0x0
1790314019,39150,0,0,0x0
1790314021,38600,0,0,0x0
1790314023,39150,0,0,0x0
1790314025,39700,0,0,0x0
1790314027,39150,0,0,0x0
1790314029,39150,0,0,0x0
1790314031,38600,0,0,0x0
1790314033,39700,0,0,0x0
1790314035,39150,0,0,0x0
1790314037,38600,0,0,0x0
1790314039,38600,0,0,0x0
1790314041,39150,0,0,0x0
1790314043,39150,0,0,0x0
1790314045,39150,0,0,0x0
1790314047,39700,0,0,0x0
1790314049,38600,0,0,0x0
1790314051,39150,0,0,0x0
1790314053,39150,0,0,0x0
1790314055,39150,1824,100,0x0
1790314057,39150,4384,100,0x0
1790314059,38600,4343,100,0x0
1790314061,39700,4292,100,0x0
1790314063,38600,4260,100,0x0
1790314065,39150,4255,100,0x0
1790314067,39150,4254,100,0x0
1790314069,38600,4260,100,0x0
1790314071,39150,4267,100,0x0
1790314073,38600,4276,100,0x0
1790314075,38600,4290,100,0x0
1790314077,39150,4312,100,0x0
1790314079,38600,4332,100,0x0
1790314081,38600,4361,100,0x0
1790314083,39150,4384,100,0x0
1790314085,38050,4408,100,0x0
1790314087,39150,4430,100,0x0
1790314090,39150,4447,100,0x0
1790314092,38050,4467,100,0x0
1790314094,38600,4486,100,0x0
1790314096,38050,4500,100,0x0
1790314098,38600,4513,100,0x0
1790314100,38050,4526,100,0x0
1790314102,38050,4543,100,0x0
1790314104,38050,4557,100,0x0
1790314106,38050,4565,100,0x0
1790314108,37500,4575,100,0x0
1790314110,38050,4582,100,0x0
1790314112,38050,4591,100,0x0
1790314114,38600,4601,100,0x0
1790314116,38600,4609,100,0x0
1790314118,38050,4615,100,0x0
1790314120,38050,4621,100,0x0
1790314122,37500,4628,100,0x0
1790314124,38600,4631,100,0x0
1790314126,38050,4638,100,0x0
1790314128,38600,4641,100,0x0
1790314130,36950,4646,100,0x0
1790314132,38050,4647,100,0x0
1790314134,37500,4652,100,0x0
1790314136,36950,4656,100,0x0
1790314138,38050,4659,100,0x0
1790314140,37500,4664,100,0x0
1790314142,37500,4667,100,0x0
1790314144,38050,4667,100,0x0
1790314146,36950,4671,100,0x0
1790314148,37500,4675,100,0x0
1790314150,37500,4677,100,0x0
1790314152,37500,4679,100,0x0
1790314154,38050,4680,100,0x0
1790314156,37500,4683,100,0x0
1790314158,36950,4675,100,0x0
1790314160,37500,4675,100,0x0
1790314162,36950,4675,100,0x0
1790314164,38600,4682,100,0x0
1790314166,36950,4686,100,0x0
1790314168,37500,4684,100,0x0
1790314170,37500,4686,100,0x0
1790314172,36950,4691,100,0x0
1790314174,36950,4690,100,0x0
1790314176,37500,4692,100,0x0
1790314178,36950,4691,100,0x0
1790314180,37500,4691,100,0x0
1790314182,36950,4694,100,0x0
1790314184,35850,4691,100,0x0
1790314186,36400,4694,100,0x0
1790314188,37500,4696,100,0x0
1790314190,36400,4693,100,0x0
1790314192,36950,4694,100,0x0
1790314194,37500,4694,100,0x0
1790314196,36400,4693,100,0x0
1790314198,37500,4695,100,0x0
1790314200,37500,4696,100,0x0
1790314202,38050,4697,100,0x0
1790314204,36950,4697,100,0x0
1790314206,37500,4697,100,0x0
1790314208,36400,4695,100,0x0
1790314210,36400,4695,100,0x0
1790314212,36400,4695,100,0x0
1790314214,35850,4696,100,0x0
1790314216,37500,4697,100,0x0
1790314218,36950,4697,100,0x0
1790314220,36950,4697,100,0x0
1790314222,36950,4696,100,0x0
1790314224,36400,4700,100,0x0
1790314226,36400,4697,100,0x0
1790314228,36400,4697,100,0x0
1790314230,36400,4699,100,0x0
1790314232,36950,4697,100,0x0
1790314234,36400,4697,100,0x0
1790314236,35300,4697,100,0x0
1790314238,36400,4697,100,0x0
1790314240,36400,4698,100,0x0
1790314242,36400,4699,100,0x0
1790314244,36400,4700,100,0x0
1790314246,35850,4699,100,0x0
1790314248,35850,4699,100,0x0
1790314250,36400,4699,100,0x0
1790314252,36400,0,0,0x0
1790314254,36950,0,0,0x0
1790314256,36400,0,0,0x0
1790314258,36400,0,0,0x0
1790314260,36400,0,0,0x0
1790314262,36950,0,0,0x0
1790314264,36950,0,0,0x0
1790314266,35300,0,0,0x0
1790314268,36400,0,0,0x0
1790314270,36400,0,0,0x0
1790314272,36950,0,0,0x0
1790314274,36400,0,0,0x0
1790314276,36400,0,0,0x0
1790314278,36950,0,0,0x0
1790314280,36950,0,0,0x0
1790314282,36950,0,0,0x0
1790314284,37500,0,0,0x0
1790314287,37500,0,0,0x0
1790314289,37500,0,0,0x0
1790314291,36950,0,0,0x0
1790314293,36950,0,0,0x0
1790314295,37500,0,0,0x0
1790314297,37500,0,0,0x0
1790314299,38050,0,0,0x0
1790314301,37500,0,0,0x0
1790314303,37500,0,0,0x0
1790314305,37500,0,0,0x0
1790314307,37500,0,0,0x0
1790314309,37500,0,0,0x0
1790314311,37500,0,0,0x0
1790314313,38050,0,0,0x0
1790314315,36950,0,0,0x0
1790314317,38050,0,0,0x0
1790314319,38050,0,0,0x0
1790314321,37500,0,0,0x0
1790314323,38050,0,0,0x0
1790314325,38050,0,0,0x0
1790314327,36950,0,0,0x0
1790314329,37500,0,0,0x0
1790314331,37500,0,0,0x0
1790314333,38050,0,0,0x0
1790314335,38600,0,0,0x0
1790314337,38600,0,0,0x0
1790314339,38050,0,0,0x0
1790314341,38050,0,0,0x0
1790314343,37500,0,0,0x0
1790314345,36400,0,0,0x0
1790314347,38050,0,0,0x0
1790314349,38600,0,0,0x0
1790314351,38600,0,0,0x0
1790314353,37500,0,0,0x0
1790314355,38050,0,0,0x0
1790314357,38600,0,0,0x0
1790314359,39150,0,0,0x0
1790314361,38050,0,0,0x0
1790314363,38050,0,0,0x0
1790314365,38600,0,0,0x0
1790314367,38050,0,0,0x0
1790314369,38600,0,0,0x0
1790314371,38050,0,0,0x0
1790314373,38600,0,0,0x0
1790314375,39150,0,0,0x0
1790314377,38600,0,0,0x0
1790314379,38050,0,0,0x0
1790314381,38600,0,0,0x0
1790314383,38600,0,0,0x0
1790314385,38600,0,0,0x0
1790314387,39150,0,0,0x0
1790314389,38600,0,0,0x0
1790314391,38600,0,0,0x0
1790314393,38050,0,0,0x0
1790314395,39150,0,0,0x0
1790314397,39150,6,100,0x0
1790314399,38600,4319,100,0x0
1790314401,38600,4285,100,0x0
1790314403,38600,4254,100,0x0
1790314405,39150,4239,100,0x0
1790314407,38600,4241,100,0x0
1790314409,38600,4252,100,0x0
1790314411,39150,4262,100,0x0
1790314413,38050,4266,100,0x0
1790314415,38600,4275,100,0x0
1790314417,38600,4290,100,0x0
1790314419,39150,4311,100,0x0
1790314421,38050,4334,100,0x0
1790314423,39150,4358,100,0x0
1790314425,38600,4380,100,0x0
1790314427,37500,4401,100,0x0
1790314429,38050,4424,100,0x0
1790314431,38050,4441,100,0x0
1790314433,37500,4461,100,0x0
1790314435,38050,4474,100,0x0
1790314437,37500,4493,100,0x0
1790314439,38600,4508,100,0x0
1790314441,36950,4521,100,0x0
1790314443,37500,4533,100,0x0
1790314445,37500,4544,100,0x0
1790314447,39150,4555,100,0x0
1790314449,37500,4564,100,0x0
1790314451,37500,4572,100,0x0
1790314453,37500,4582,100,0x0
1790314455,37500,4588,100,0x0
1790314457,36950,4599,100,0x0
1790314459,38050,4604,100,0x0
1790314461,37500,4611,100,0x0
1790314463,38050,4616,100,0x0
1790314465,36950,4618,100,0x0
1790314467,37500,4625,100,0x0
1790314469,36950,4627,100,0x0
1790314471,37500,4634,100,0x0
1790314473,37500,4636,100,0x0
1790314475,37500,4641,100,0x0
1790314477,38050,4643,100,0x0
1790314479,37500,4646,100,0x0
1790314481,36950,4649,100,0x0
1790314484,37500,4654,100,0x0
1790314486,36950,4659,100,0x0
1790314488,37500,4660,100,0x0
1790314490,36950,4660,100,0x0
1790314492,36950,4664,100,0x0
1790314494,37500,4666,100,0x0
1790314496,36950,4667,100,0x0
1790314498,37500,4670,100,0x0
1790314500,37500,4671,100,0x0
1790314502,36950,4672,100,0x0
1790314504,37500,4673,100,0x0
1790314506,36400,4667,100,0x0
1790314508,36950,4659,100,0x0
1790314510,36950,4662,100,0x0
1790314512,36950,4669,100,0x0
1790314514,36950,4668,100,0x0
1790314516,36950,4671,100,0x0
1790314518,36950,4670,100,0x0
1790314520,36400,4675,100,0x0
1790314522,36400,4675,100,0x0
1790314524,36400,4675,100,0x0
1790314526,36950,4675,100,0x0
1790314528,36950,4677,100,0x0
1790314530,36950,4676,100,0x0
1790314532,36950,4675,100,0x0
1790314534,36400,4678,100,0x0
1790314536,35300,4677,100,0x0
1790314538,36400,4675,100,0x0
1790314540,36400,4677,100,0x0
1790314542,36400,4677,100,0x0
1790314544,36400,4675,100,0x0
1790314546,36400,4678,100,0x0
1790314548,35300,4675,100,0x0
1790314550,36400,4675,100,0x0
1790314552,36950,4676,100,0x0
1790314554,35850,4677,100,0x0
1790314556,35850,4677,100,0x0
1790314558,36950,4677,100,0x0
1790314560,36950,4680,100,0x0
1790314562,35850,4680,100,0x0
1790314564,36400,4683,100,0x0
1790314566,36400,4680,100,0x0
1790314568,35850,4682,100,0x0
1790314570,35850,4681,100,0x0
1790314572,36400,4682,100,0x0
1790314574,36400,4683,100,0x0
1790314576,35300,4685,100,0x0
1790314578,35850,4683,100,0x0
1790314580,36400,4682,100,0x0
1790314582,35300,4681,100,0x0
1790314584,36400,4682,100,0x0
1790314586,35850,4685,100,0x0
1790314588,35850,4688,100,0x0
1790314590,36400,4684,100,0x0
1790314592,35850,4686,100,0x0
1790314594,36400,4687,100,0x0
1790314596,35300,4685,100,0x0
1790314598,35850,4685,100,0x0
1790314600,35850,4688,100,0x0
1790314602,35850,4688,100,0x0
1790314604,35850,4686,100,0x0
1790314606,35850,4689,100,0x0
1790314608,35300,0,0,0x0
1790314610,35300,0,0,0x0
1790314612,36400,0,0,0x0
1790314614,35850,0,0,0x0
1790314616,35850,0,0,0x0
1790314618,35850,0,0,0x0
1790314620,36400,0,0,0x0
1790314622,36400,0,0,0x0
1790314624,36400,0,0,0x0
1790314626,36400,0,0,0x0
1790314628,36400,0,0,0x0
1790314630,36400,0,0,0x0
1790314632,35850,0,0,0x0
1790314634,36400,0,0,0x0
1790314636,36400,0,0,0x0
1790314638,36950,0,0,0x0
1790314640,36400,0,0,0x0
1790314642,36950,0,0,0x0
1790314644,36950,0,0,0x0
1790314646,36400,0,0,0x0
1790314648,36950,0,0,0x0
1790314650,36950,0,0,0x0
1790314652,36400,0,0,0x0
1790314654,37500,0,0,0x0
1790314656,36950,0,0,0x0
1790314658,36950,0,0,0x0
1790314661,37500,0,0,0x0
1790314663,38050,0,0,0x0
1790314665,36950,0,0,0x0
1790314667,36950,0,0,0x0
1790314669,38600,0,0,0x0
1790314671,36950,0,0,0x0
1790314673,36950,0,0,0x0
1790314675,38050,0,0,0x0
1790314677,37500,0,0,0x0
1790314679,37500,0,0,0x0
1790314681,35850,0,0,0x0
1790314683,38050,0,0,0x0
1790314685,37500,0,0,0x0
1790314687,37500,0,0,0x0
1790314689,37500,0,0,0x0
1790314691,37500,0,0,0x0
1790314693,38050,0,0,0x0
1790314695,36950,0,0,0x0
1790314697,38050,0,0,0x0
1790314699,37500,0,0,0x0
1790314701,37500,0,0,0x0
1790314703,36950,0,0,0x0
1790314705,37500,0,0,0x0
1790314707,37500,0,0,0x0
1790314709,38050,0,0,0x0
1790314711,38050,0,0,0x0
1790314713,36950,0,0,0x0
1790314715,38600,0,0,0x0
1790314717,38600,0,0,0x0
1790314719,36950,0,0,0x0
1790314721,38050,0,0,0x0
1790314723,38600,0,0,0x0
1790314725,38600,0,0,0x0
1790314727,37500,0,0,0x0
1790314729,38600,0,0,0x0
1790314731,38600,0,0,0x0
1790314733,39700,0,0,0x0
1790314735,38600,0,0,0x0
1790314737,38600,0,0,0x0
1790314739,38600,0,0,0x0
1790314741,38600,0,0,0x0
1790314743,38050,0,0,0x0
1790314745,38600,0,0,0x0
1790314747,38600,0,0,0x0
1790314749,38050,0,0,0x0
1790314751,38600,0,0,0x0
1790314753,38600,0,0,0x0
1790314755,38050,0,0,0x0
1790314757,38600,0,0,0x0
1790314759,38600,0,0,0x0
1790314761,38600,0,0,0x0
1790314763,38600,0,0,0x0
1790314765,38600,0,0,0x0
1790314767,38600,0,0,0x0
1790314769,38600,0,0,0x0
1790314771,39700,0,0,0x0
1790314773,38600,0,0,0x0
1790314775,38600,0,0,0x0
1790314777,39150,0,0,0x0
1790314779,39150,0,0,0x0
1790314781,38600,0,0,0x0
1790314783,38600,0,0,0x0
1790314785,39150,0,0,0x0
1790314787,38050,0,0,0x0
1790314789,39700,0,0,0x0
1790314791,38600,0,0,0x0
1790314793,38050,0,0,0x0
1790314795,39150,0,0,0x0
1790314797,39150,0,0,0x0
1790314799,38600,0,0,0x0
1790314801,38600,0,0,0x0
1790314803,39150,0,0,0x0
1790314805,39700,0,0,0x0
1790314807,39150,0,0,0x0
1790314809,38600,0,0,0x0
1790314811,39700,0,0,0x0
1790314813,39150,0,0,0x0
1790314815,39150,0,0,0x0
1790314817,39700,0,0,0x0
1790314819,39150,0,0,0x0
1790314821,39700,0,0,0x0
1790314823,39700,0,0,0x0
1790314825,38600,4,100,0x0
1790314827,39700,4302,100,0x0
1790314829,39150,4263,100,0x0
1790314831,39150,4226,100,0x0
1790314833,39150,4212,100,0x0
1790314835,40250,4211,100,0x0
1790314837,39150,4215,100,0x0
1790314839,39700,4224,100,0x0
1790314841,38600,4231,100,0x0
1790314843,38600,4247,100,0x0
1790314845,40250,4271,100,0x0
1790314847,39150,4297,100,0x0
1790314849,38600,4327,100,0x0
1790314851,38600,4353,100,0x0
1790314853,38600,4377,100,0x0
1790314855,38600,4402,100,0x0
1790314857,39150,4425,100,0x0
1790314859,38600,4443,100,0x0
1790314861,38050,4465,100,0x0
1790314863,39700,4481,100,0x0
1790314865,38600,4499,100,0x0
1790314867,38600,4513,100,0x0
1790314869,39150,4527,100,0x0
1790314871,38050,4539,100,0x0
1790314873,40250,4550,100,0x0
1790314875,38600,4563,100,0x0
1790314877,38600,4572,100,0x0
1790314879,36950,4582,100,0x0
1790314882,38600,4591,100,0x0
1790314884,37500,4598,100,0x0
1790314886,37500,4606,100,0x0
1790314888,38050,4613,100,0x0
1790314890,38050,4617,100,0x0
1790314892,38050,4626,100,0x0
1790314894,38050,4630,100,0x0
1790314896,38600,4635,100,0x0
1790314898,38050,4638,100,0x0
1790314900,38600,4645,100,0x0
1790314902,37500,4648,100,0x0
1790314904,38050,4655,100,0x0
1790314906,36950,4659,100,0x0
1790314908,37500,4664,100,0x0
1790314910,36950,4664,100,0x0
1790314912,36950,4665,100,0x0
1790314914,38050,4669,100,0x0
1790314916,37500,4671,100,0x0
1790314918,38050,4674,100,0x0
1790314920,38050,4675,100,0x0
1790314922,38050,4676,100,0x0
1790314924,38050,4677,100,0x0
1790314926,37500,4680,100,0x0
1790314928,36400,4681,100,0x0
1790314930,36950,4678,100,0x0
1790314932,36950,4672,100,0x0
1790314934,36400,4669,100,0x0
1790314936,36950,4676,100,0x0
1790314938,36950,4680,100,0x0
1790314940,36950,4683,100,0x0
1790314942,36950,4684,100,0x0
1790314944,36950,4684,100,0x0
1790314946,36400,4685,100,0x0
1790314948,36400,4686,100,0x0
1790314950,36950,4687,100,0x0
1790314952,36400,4686,100,0x0
1790314954,37500,4686,100,0x0
1790314956,36400,4686,100,0x0
1790314958,36950,4684,100,0x0
1790314960,36400,4684,100,0x0
1790314962,35850,4684,100,0x0
1790314964,36950,4686,100,0x0
1790314966,37500,4684,100,0x0
1790314968,36400,4681,100,0x0
1790314970,37500,4683,100,0x0
1790314972,36950,4683,100,0x0
1790314974,36950,4684,100,0x0
1790314976,37500,4683,100,0x0
1790314978,35850,4683,100,0x0
1790314980,36400,4682,100,0x0
1790314982,36400,4680,100,0x0
1790314984,36400,4680,100,0x0
1790314986,36400,4680,100,0x0
1790314988,36400,4684,100,0x0
1790314990,36400,4683,100,0x0
1790314992,36400,4682,100,0x0
1790314994,36400,4681,100,0x0
1790314996,36400,4683,100,0x0
1790314998,36950,4683,100,0x0
1790315000,35850,4682,100,0x0
1790315002,36400,4682,100,0x0
1790315004,35850,4683,100,0x0
1790315006,36400,4684,100,0x0
1790315008,36400,4679,100,0x0
1790315010,36950,4680,100,0x0
1790315012,36400,4681,100,0x0
1790315014,35850,4680,100,0x0
1790315016,36400,4681,100,0x0
1790315018,36400,4680,100,0x0
1790315020,36950,4680,100,0x0
1790315022,36400,4682,100,0x0
1790315024,36400,4682,100,0x0
1790315026,35850,4680,100,0x0
1790315028,36400,4678,100,0x0
1790315030,36400,4678,100,0x0
1790315032,36400,4676,100,0x0
1790315034,35850,4677,100,0x0
1790315036,35300,4677,100,0x0
1790315038,35850,4661,0,0x0
1790315040,35850,0,0,0x0
1790315042,36400,0,0,0x0
1790315044,35300,0,0,0x0
1790315046,35850,0,0,0x0
1790315048,35850,0,0,0x0
1790315050,36400,0,0,0x0
1790315052,36400,0,0,0x0
1790315054,35850,0,0,0x0
1790315056,35850,0,0,0x0
1790315058,35850,0,0,0x0
1790315060,36400,0,0,0x0
1790315062,36400,0,0,0x0
1790315064,36950,0,0,0x0
1790315066,36950,0,0,0x0
1790315068,36950,0,0,0x0
1790315070,36950,0,0,0x0
1790315072,36950,0,0,0x0
1790315074,36400,0,0,0x0
1790315076,36950,0,0,0x0
1790315078,38600,0,0,0x0
1790315080,36950,0,0,0x0
1790315082,37500,0,0,0x0
1790315084,37500,0,0,0x0
1790315086,36950,0,0,0x0
1790315088,37500,0,0,0x0
1790315090,38050,0,0,0x0
1790315092,37500,0,0,0x0
1790315094,38600,0,0,0x0
1790315096,37500,0,0,0x0
1790315098,37500,0,0,0x0
1790315101,36950,0,0,0x0
1790315103,36950,0,0,0x0
1790315105,37500,0,0,0x0
1790315107,39150,0,0,0x0
1790315109,38050,0,0,0x0
1790315111,37500,0,0,0x0
1790315113,39150,0,0,0x0
1790315115,38050,0,0,0x0
1790315117,37500,0,0,0x0
1790315119,38050,0,0,0x0
1790315121,37500,0,0,0x0
1790315123,38050,0,0,0x0
1790315125,38050,0,0,0x0
1790315127,38050,0,0,0x0
1790315129,38050,0,0,0x0
1790315131,38050,0,0,0x0
1790315133,37500,0,0,0x0
1790315135,38050,0,0,0x0
1790315137,37500,0,0,0x0
1790315139,38050,0,0,0x0
1790315141,38600,0,0,0x0
1790315143,38050,0,0,0x0
1790315145,37500,0,0,0x0
1790315147,38050,0,0,0x0
1790315149,38600,0,0,0x0
1790315151,37500,0,0,0x0
1790315153,38050,0,0,0x0
1790315155,38050,0,0,0x0
1790315157,38050,0,0,0x0
1790315159,38050,0,0,0x0
1790315161,38600,0,0,0x0
1790315163,38050,0,0,0x0
1790315165,38600,0,0,0x0
1790315167,38600,0,0,0x0
1790315169,38600,0,0,0x0
1790315171,38600,0,0,0x0
1790315173,39150,0,0,0x0
1790315175,38050,0,0,0x0
1790315177,39150,0,0,0x0
1790315179,37500,0,0,0x0
1790315181,38050,0,0,0x0
1790315183,38600,0,0,0x0
1790315185,39150,0,0,0x0
1790315187,39150,0,0,0x0
1790315189,38600,0,0,0x0
1790315191,38600,0,0,0x0
1790315193,39150,0,0,0x0
1790315195,39150,0,0,0x0
1790315197,39700,0,0,0x0
1790315199,38600,0,0,0x0
1790315201,39150,0,0,0x0
1790315203,40250,0,0,0x0
1790315205,39150,0,0,0x0
1790315207,38600,0,0,0x0
1790315209,40250,0,0,0x0
1790315211,39150,0,0,0x0
1790315213,40250,0,0,0x0
1790315215,39150,0,0,0x0
1790315217,39150,0,0,0x0
1790315219,39150,0,0,0x0
1790315221,39150,0,0,0x0
1790315223,39700,0,0,0x0
1790315225,39700,0,0,0x0
1790315227,39150,0,0,0x0
1790315229,40250,0,0,0x0
1790315231,39700,0,0,0x0
1790315233,39700,0,0,0x0
1790315235,38050,0,0,0x0
1790315237,39150,4260,100,0x0
1790315239,39150,4294,100,0x0
1790315241,38600,4247,100,0x0
1790315243,39150,4224,100,0x0
1790315245,39150,4216,100,0x0
1790315247,39700,4220,100,0x0
1790315249,39150,4228,100,0x0
1790315251,38050,4236,100,0x0
1790315253,38050,4243,100,0x0
1790315255,39150,4262,100,0x0
1790315257,39150,4286,100,0x0
1790315259,40250,4313,100,0x0
1790315261,39150,4339,100,0x0
1790315263,39150,4364,100,0x0
1790315265,38600,4387,100,0x0
1790315267,38600,4411,100,0x0
1790315269,38600,4431,100,0x0
1790315271,38600,4455,100,0x0
1790315273,38600,4472,100,0x0
1790315275,39150,4487,100,0x0
1790315278,38600,4503,100,0x0
1790315280,38050,4517,100,0x0
1790315282,37500,4530,100,0x0
1790315284,38050,4543,100,0x0
1790315286,38600,4557,100,0x0
1790315288,38600,4566,100,0x0
1790315290,38050,4575,100,0x0
1790315292,38050,4584,100,0x0
1790315294,37500,4594,100,0x0
1790315296,38050,4600,100,0x0
1790315298,38050,4609,100,0x0
1790315300,38050,4616,100,0x0
1790315302,38600,4621,100,0x0
1790315304,38050,4625,100,0x0
1790315306,38050,4631,100,0x0
1790315308,36950,4634,100,0x0
1790315310,36400,4641,100,0x0
1790315312,37500,4643,100,0x0
1790315314,37500,4648,100,0x0
1790315316,37500,4649,100,0x0
1790315318,37500,4652,100,0x0
1790315320,37500,4655,100,0x0
1790315322,37500,4656,100,0x0
1790315324,38050,4657,100,0x0
1790315326,38050,4661,100,0x0
1790315328,36950,4663,100,0x0
1790315330,37500,4664,100,0x0
1790315332,37500,4667,100,0x0
1790315334,37500,4667,100,0x0
1790315336,35850,4669,100,0x0
1790315338,37500,4670,100,0x0
1790315340,38050,4671,100,0x0
1790315342,36950,4673,100,0x0
1790315344,36950,4672,100,0x0
1790315346,36950,4675,100,0x0
1790315348,36950,4675,100,0x0
1790315350,37500,4675,100,0x0
1790315352,37500,4677,100,0x0
1790315354,36950,4675,100,0x0
1790315356,37500,4667,100,0x0
1790315358,36950,4663,100,0x0
1790315360,37500,4669,100,0x0
1790315362,36400,4675,100,0x0
1790315364,36950,4675,100,0x0
1790315366,36950,4675,100,0x0
1790315368,38050,4677,100,0x0
1790315370,37500,4675,100,0x0
1790315372,36400,4676,100,0x0
1790315374,36950,4677,100,0x0
1790315376,35850,4676,100,0x0
1790315378,37500,4679,100,0x0
1790315380,36400,4679,100,0x0
1790315382,35300,4677,100,0x0
1790315384,36400,4676,100,0x0
1790315386,36400,4677,100,0x0
1790315388,36400,4675,100,0x0
1790315390,36950,4677,100,0x0
1790315392,35850,4677,100,0x0
1790315394,36950,4675,100,0x0
1790315396,36950,4677,100,0x0
1790315398,36400,4676,100,0x0
1790315400,36400,4676,100,0x0
1790315402,35300,4676,100,0x0
1790315404,36400,4677,100,0x0
1790315406,36400,4675,100,0x0
1790315408,35850,4677,100,0x0
1790315410,36400,4676,100,0x0
1790315412,35300,4677,100,0x0
1790315414,36400,4677,100,0x0
1790315416,36400,4677,100,0x0
1790315418,36400,0,0,0x0
1790315420,35300,0,0,0x0
1790315422,35300,0,0,0x0
1790315424,36400,0,0,0x0
1790315426,36400,0,0,0x0
1790315428,36400,0,0,0x0
1790315430,36400,0,0,0x0
1790315432,35850,0,0,0x0
1790315434,36950,0,0,0x0
1790315436,36400,0,0,0x0
1790315438,36400,0,0,0x0
1790315440,36400,0,0,0x0
1790315442,36950,0,0,0x0
1790315444,36950,0,0,0x0
1790315446,36400,0,0,0x0
1790315448,36950,0,0,0x0
1790315450,35850,0,0,0x0
1790315453,37500,0,0,0x0
1790315455,37500,0,0,0x0
1790315457,36950,0,0,0x0
1790315459,37500,0,0,0x0
1790315461,36950,0,0,0x0
1790315463,37500,0,0,0x0
1790315465,37500,0,0,0x0
1790315467,37500,0,0,0x0
1790315469,37500,0,0,0x0
1790315471,37500,0,0,0x0
1790315473,36950,0,0,0x0
1790315475,37500,0,0,0x0
1790315477,37500,0,0,0x0
1790315479,38050,0,0,0x0
1790315481,38050,0,0,0x0
1790315483,38050,0,0,0x0
1790315485,38050,0,0,0x0
1790315487,37500,0,0,0x0
1790315489,38050,0,0,0x0
1790315491,38050,0,0,0x0
1790315493,38050,0,0,0x0
1790315495,37500,0,0,0x0
1790315497,38050,0,0,0x0
1790315499,38050,0,0,0x0
1790315501,36400,0,0,0x0
1790315503,38050,0,0,0x0
1790315505,38050,0,0,0x0
1790315507,37500,0,0,0x0
1790315509,38050,0,0,0x0
1790315511,38600,0,0,0x0
1790315513,38050,0,0,0x0
1790315515,38050,0,0,0x0
1790315517,38600,0,0,0x0
1790315519,38600,0,0,0x0
1790315521,38600,0,0,0x0
1790315523,38050,0,0,0x0
1790315525,38050,0,0,0x0
1790315527,38600,0,0,0x0
1790315529,38600,0,0,0x0
1790315531,38050,0,0,0x0
1790315533,39150,0,0,0x0
1790315535,38050,0,0,0x0
1790315537,38600,0,0,0x0
1790315539,38050,0,0,0x0
1790315541,38600,0,0,0x0
1790315543,38600,0,0,0x0
1790315545,38050,0,0,0x0
1790315547,39700,0,0,0x0
1790315549,38600,0,0,0x0
1790315551,38600,0,0,0x0
1790315553,39150,0,0,0x0
1790315555,39150,0,0,0x0
1790315557,38600,0,0,0x0
1790315559,39150,0,0,0x0
1790315561,38600,0,0,0x0
1790315563,38600,0,0,0x0
1790315565,39150,0,0,0x0
1790315567,39150,0,0,0x0
1790315569,38050,0,0,0x0
1790315571,38600,0,0,0x0
1790315573,39700,0,0,0x0
1790315575,38600,0,0,0x0
1790315577,39150,0,0,0x0
1790315579,38600,0,0,0x0
1790315581,38600,0,0,0x0
1790315583,39700,0,0,0x0
1790315585,39700,0,0,0x0
1790315587,39150,0,0,0x0
1790315589,39700,0,0,0x0
1790315591,39700,0,0,0x0
1790315593,39700,5,100,0x0
1790315595,39150,4382,100,0x0
1790315597,39150,4351,100,0x0
1790315599,39150,4299,100,0x0
1790315601,39700,4258,100,0x0
1790315603,39700,4244,100,0x0
1790315605,39150,4250,100,0x0
1790315607,39150,4264,100,0x0
1790315609,38600,4275,100,0x0
1790315611,38600,4287,100,0x0
1790315613,38600,4293,100,0x0
1790315615,38600,4309,100,0x0
1790315617,38600,4332,100,0x0
1790315619,37500,4352,100,0x0
1790315621,38600,4378,100,0x0
1790315623,38600,4400,100,0x0
1790315625,38600,4420,100,0x0
1790315627,38600,4437,100,0x0
1790315629,38600,4458,100,0x0
1790315631,39150,4478,100,0x0
1790315633,38600,4492,100,0x0
1790315635,38050,4508,100,0x0
1790315637,38600,4520,100,0x0
1790315639,38600,4533,100,0x0
1790315641,38600,4543,100,0x0
1790315643,38050,4552,100,0x0
1790315645,38050,4562,100,0x0
1790315647,38050,4573,100,0x0
1790315649,37500,4580,100,0x0
1790315651,38050,4587,100,0x0
1790315653,37500,4594,100,0x0
1790315656,37500,4601,100,0x0
1790315658,38050,4608,100,0x0
1790315660,37500,4611,100,0x0
1790315662,37500,4615,100,0x0
1790315664,38050,4621,100,0x0
1790315666,38050,4626,100,0x0
1790315668,36400,4628,100,0x0
1790315670,36400,4632,100,0x0
1790315672,37500,4637,100,0x0
1790315674,38050,4641,100,0x0
1790315676,36400,4643,100,0x0
1790315678,36950,4645,100,0x0
1790315680,38050,4648,100,0x0
1790315682,37500,4651,100,0x0
1790315684,37500,4652,100,0x0
1790315686,37500,4654,100,0x0
1790315688,36950,4656,100,0x0
1790315690,36950,4657,100,0x0
1790315692,36950,4659,100,0x0
1790315694,36400,4659,100,0x0
1790315696,36950,4659,100,0x0
1790315698,36950,4664,100,0x0
1790315700,36950,4665,100,0x0
1790315702,36950,4663,100,0x0
1790315704,36950,4666,100,0x0
1790315706,36950,4668,100,0x0
1790315708,36950,4667,100,0x0
1790315710,37500,4671,100,0x0
1790315712,36950,4672,100,0x0
1790315714,35850,4675,100,0x0
1790315716,36400,4676,100,0x0
1790315718,36400,4675,100,0x0
1790315720,36950,4675,100,0x0
1790315722,36400,4675,100,0x0
1790315724,37500,4675,100,0x0
1790315726,36950,4675,100,0x0
1790315728,36950,4676,100,0x0
1790315730,36950,4675,100,0x0
1790315732,36950,4677,100,0x0
1790315734,36400,4675,100,0x0
1790315736,36400,4675,100,0x0
1790315738,36950,4676,100,0x0
1790315740,36400,4677,100,0x0
1790315742,36400,4676,100,0x0
1790315744,36400,4676,100,0x0
1790315746,36400,4675,100,0x0
1790315748,36950,4677,100,0x0
1790315750,36950,4675,100,0x0
1790315752,36400,4674,100,0x0
1790315754,36400,4659,100,0x0
1790315756,36400,4658,100,0x0
1790315758,36400,4656,100,0x0
1790315760,35850,4661,100,0x0
1790315762,35850,4664,100,0x0
1790315764,36950,4665,100,0x0
1790315766,37500,4667,100,0x0
1790315768,36400,4668,100,0x0
1790315770,36400,4667,100,0x0
1790315772,36400,4667,100,0x0
1790315774,36400,0,0,0x0
1790315776,35850,0,0,0x0
1790315778,36400,0,0,0x0
1790315780,35850,0,0,0x0
1790315782,35850,0,0,0x0
1790315784,36400,0,0,0x0
1790315786,36950,0,0,0x0
1790315788,35300,0,0,0x0
1790315790,36950,0,0,0x0
1790315792,36950,0,0,0x0
1790315794,36400,0,0,0x0
1790315796,36950,0,0,0x0
1790315798,36950,0,0,0x0
1790315800,36400,0,0,0x0
1790315802,36400,0,0,0x0
1790315804,38050,0,0,0x0
1790315806,36950,0,0,0x0
1790315808,38050,0,0,0x0
1790315810,36950,0,0,0x0
1790315812,36950,0,0,0x0
1790315814,36950,0,0,0x0
1790315816,36950,0,0,0x0
1790315818,36400,0,0,0x0
1790315820,36950,0,0,0x0
1790315822,38050,0,0,0x0
1790315824,37500,0,0,0x0
1790315826,37500,0,0,0x0
1790315828,37500,0,0,0x0
1790315830,37500,0,0,0x0
1790315832,37500,0,0,0x0
1790315834,37500,0,0,0x0
1790315836,37500,0,0,0x0
1790315838,37500,0,0,0x0
1790315840,37500,0,0,0x0
1790315842,38050,0,0,0x0
1790315844,37500,0,0,0x0
1790315846,38050,0,0,0x0
1790315848,37500,0,0,0x0
1790315850,36950,0,0,0x0
1790315852,38050,0,0,0x0
1790315855,38050,0,0,0x0
1790315857,38600,0,0,0x0
1790315859,38050,0,0,0x0
1790315861,38050,0,0,0x0
1790315863,38050,0,0,0x0
1790315865,38050,0,0,0x0
1790315867,38050,0,0,0x0
1790315869,38600,0,0,0x0
1790315871,38050,0,0,0x0
1790315873,39150,0,0,0x0
1790315875,38050,0,0,0x0
1790315877,37500,0,0,0x0
1790315879,38600,0,0,0x0
1790315881,38600,0,0,0x0
1790315883,38050,0,0,0x0
1790315885,38050,0,0,0x0
1790315887,38600,0,0,0x0
1790315889,38600,0,0,0x0
1790315891,38600,0,0,0x0
1790315893,38600,0,0,0x0
1790315895,38050,0,0,0x0
1790315897,38050,0,0,0x0
1790315899,38600,0,0,0x0
1790315901,38600,0,0,0x0
1790315903,38600,0,0,0x0
1790315905,38600,0,0,0x0
1790315907,38600,0,0,0x0
1790315909,38600,0,0,0x0
1790315911,38600,0,0,0x0
1790315913,38600,0,0,0x0
1790315915,39150,0,0,0x0
1790315917,38600,0,0,0x0
1790315919,39150,0,0,0x0
1790315921,39150,0,0,0x0
1790315923,39150,0,0,0x0
1790315925,38600,0,0,0x0
1790315927,39150,0,0,0x0
1790315929,39150,0,0,0x0
1790315931,39700,0,0,0x0
1790315933,39150,0,0,0x0
1790315935,38600,0,0,0x0
1790315937,38600,0,0,0x0
1790315939,39150,0,0,0x0
1790315941,39150,0,0,0x0
1790315943,39150,0,0,0x0
1790315945,39150,0,0,0x0
1790315947,39150,4716,100,0x0
1790315949,39150,4748,100,0x0
1790315951,39700,4638,100,0x0
1790315953,39150,4539,100,0x0
1790315955,38600,4449,100,0x0
1790315957,39150,4378,100,0x0
1790315959,38050,4340,100,0x0
1790315961,39700,4340,100,0x0
1790315963,39150,4344,100,0x0
1790315965,39700,4358,100,0x0
1790315967,38600,4361,100,0x0
1790315969,38600,4365,100,0x0
1790315971,39150,4373,100,0x0
1790315973,38600,4387,100,0x0
1790315975,38600,4402,100,0x0
1790315977,38600,4424,100,0x0
1790315979,38050,4441,100,0x0
1790315981,38600,4457,100,0x0
1790315983,39700,4474,100,0x0
1790315985,38050,4489,100,0x0
1790315987,38050,4506,100,0x0
1790315989,38600,4519,100,0x0
1790315991,38600,4531,100,0x0
1790315993,38050,4541,100,0x0
1790315995,39150,4554,100,0x0
1790315997,38600,4561,100,0x0
1790315999,38600,4573,100,0x0
1790316001,38050,4581,100,0x0
1790316003,36950,4588,100,0x0
1790316005,37500,4596,100,0x0
1790316007,38050,4604,100,0x0
1790316009,37500,4610,100,0x0
1790316011,38050,4616,100,0x0
1790316013,36950,4620,100,0x0
1790316015,37500,4625,100,0x0
1790316017,37500,4629,100,0x0
1790316019,37500,4635,100,0x0
1790316021,38050,4640,100,0x0
1790316023,38050,4643,100,0x0
1790316025,36950,4646,100,0x0
1790316027,38050,4648,100,0x0
1790316030,36950,4649,100,0x0
1790316032,37500,4651,100,0x0
1790316034,35850,4654,100,0x0
1790316036,37500,4659,100,0x0
1790316038,37500,4657,100,0x0
1790316040,36400,4662,100,0x0
1790316042,37500,4662,100,0x0
1790316044,36950,4664,100,0x0
1790316046,37500,4664,100,0x0
1790316048,36400,4668,100,0x0
1790316050,38050,4669,100,0x0
1790316052,37500,4672,100,0x0
1790316054,36950,4672,100,0x0
1790316056,36950,4675,100,0x0
1790316058,36950,4674,100,0x0
1790316060,36950,4660,100,0x0
1790316062,36400,4660,100,0x0
1790316064,36400,4665,100,0x0
1790316066,36950,4670,100,0x0
1790316068,36950,4672,100,0x0
1790316070,36950,4672,100,0x0
1790316072,36950,4672,100,0x0
1790316074,36400,4673,100,0x0
1790316076,36950,4671,100,0x0
1790316078,37500,4674,100,0x0
1790316080,36950,4672,100,0x0
1790316082,36950,4672,100,0x0
1790316084,36400,4672,100,0x0
1790316086,35850,4675,100,0x0
1790316088,37500,4675,100,0x0
1790316090,36400,4675,100,0x0
1790316092,36400,4678,100,0x0
1790316094,37500,4677,100,0x0
1790316096,36950,4675,100,0x0
1790316098,36400,4675,100,0x0
1790316100,36950,4676,100,0x0
1790316102,36950,4676,100,0x0
1790316104,35850,4678,100,0x0
1790316106,36950,4677,100,0x0
1790316108,36400,4677,100,0x0
1790316110,36950,4680,100,0x0
1790316112,36400,4680,100,0x0
1790316114,36400,4679,100,0x0
1790316116,36400,4680,100,0x0
1790316118,36400,4682,100,0x0
1790316120,36400,4683,100,0x0
1790316122,36400,4680,100,0x0
1790316124,36950,4680,100,0x0
1790316126,36400,4680,100,0x0
1790316128,35850,4680,100,0x0
1790316130,36400,4683,100,0x0
1790316132,36400,4683,100,0x0
1790316134,36400,4683,100,0x0
1790316136,36400,4683,100,0x0
1790316138,36400,4686,100,0x0
1790316140,36950,4683,100,0x0
1790316142,35850,4683,100,0x0
1790316144,35300,4684,100,0x0
1790316146,35850,4686,100,0x0
1790316148,36950,4686,100,0x0
1790316150,35300,4683,100,0x0
1790316152,35300,4686,100,0x0
1790316154,36400,4688,100,0x0
1790316156,35850,4686,100,0x0
1790316158,35850,4684,100,0x0
1790316160,35850,4686,100,0x0
1790316162,35850,4686,100,0x0
1790316164,34200,4686,100,0x0
1790316166,35300,4684,100,0x0
1790316168,36400,4683,0,0x0
1790316170,36950,0,0,0x0
1790316172,36400,0,0,0x0
1790316174,36400,0,0,0x0
1790316176,35300,0,0,0x0
1790316178,35850,0,0,0x0
1790316180,36950,0,0,0x0
1790316182,35850,0,0,0x0
1790316184,36400,0,0,0x0
1790316186,36400,0,0,0x0
1790316188,36400,0,0,0x0
1790316190,36400,0,0,0x0
1790316192,36950,0,0,0x0
1790316194,36950,0,0,0x0
1790316196,37500,0,0,0x0
1790316198,36400,0,0,0x0
1790316200,36400,0,0,0x0
1790316203,37500,0,0,0x0
1790316205,37500,0,0,0x0
1790316207,36950,0,0,0x0
1790316209,36400,0,0,0x0
1790316211,36950,0,0,0x0
1790316213,38050,0,0,0x0
1790316215,37500,0,0,0x0
1790316217,36950,0,0,0x0
1790316219,37500,0,0,0x0
1790316221,35850,0,0,0x0
1790316223,37500,0,0,0x0
1790316225,38600,0,0,0x0
1790316227,38050,0,0,0x0
1790316229,37500,0,0,0x0
1790316231,36950,0,0,0x0
1790316233,37500,0,0,0x0
1790316235,37500,0,0,0x0
1790316237,38050,0,0,0x0
1790316239,36950,0,0,0x0
1790316241,37500,0,0,0x0
1790316243,38050,0,0,0x0
1790316245,37500,0,0,0x0
1790316247,36950,0,0,0x0
1790316249,37500,0,0,0x0
1790316251,38050,0,0,0x0
1790316253,38050,0,0,0x0
1790316255,38050,0,0,0x0
1790316257,37500,0,0,0x0
1790316259,38050,0,0,0x0
1790316261,38050,0,0,0x0
1790316263,38600,0,0,0x0
1790316265,38600,0,0,0x0
1790316267,38600,0,0,0x0
1790316269,38600,0,0,0x0
1790316271,38050,0,0,0x0
1790316273,38050,0,0,0x0
1790316275,38050,0,0,0x0
1790316277,37500,0,0,0x0
1790316279,38050,0,0,0x0
1790316281,37500,0,0,0x0
1790316283,38050,0,0,0x0
1790316285,38600,0,0,0x0
1790316287,38050,0,0,0x0
1790316289,39150,0,0,0x0
1790316291,38600,0,0,0x0
1790316293,38600,0,0,0x0
1790316295,38050,0,0,0x0
1790316297,38600,0,0,0x0
1790316299,38050,0,0,0x0
1790316301,40250,0,0,0x0
1790316303,38600,0,0,0x0
1790316305,39150,0,0,0x0
1790316307,38600,0,0,0x0
1790316309,38050,0,0,0x0
1790316311,38600,0,0,0x0
1790316313,37500,0,0,0x0
1790316315,39150,0,0,0x0
1790316317,38600,0,0,0x0
1790316319,39150,0,0,0x0
1790316321,38600,0,0,0x0
1790316323,39700,0,0,0x0
1790316325,39150,0,0,0x0
1790316327,39150,0,0,0x0
1790316329,39150,0,0,0x0
1790316331,38600,0,0,0x0
1790316333,39150,0,0,0x0
1790316335,39150,0,0,0x0
1790316337,38600,0,0,0x0
1790316339,39150,0,0,0x0
1790316341,39150,0,0,0x0
1790316343,39150,0,0,0x0
1790316345,39700,0,0,0x0
1790316347,39150,0,0,0x0
1790316349,39150,0,0,0x0
1790316351,38600,0,0,0x0
1790316353,39150,0,0,0x0
1790316355,39700,0,0,0x0
1790316357,39700,0,0,0x0
1790316359,39700,0,0,0x0
1790316361,38600,0,0,0x0
1790316363,39150,0,0,0x0
1790316365,39700,0,0,0x0
1790316367,40250,0,0,0x0
1790316369,39150,0,0,0x0
1790316371,38600,4088,100,0x0
1790316373,39150,4295,100,0x0
1790316375,39150,4250,100,0x0
1790316377,38050,4221,100,0x0
1790316379,40250,4213,100,0x0
1790316381,39700,4225,100,0x0
1790316383,38600,4240,100,0x0
1790316385,38600,4252,100,0x0
1790316387,39150,4265,100,0x0
1790316389,38600,4282,100,0x0
1790316391,38600,4309,100,0x0
1790316393,39150,4332,100,0x0
1790316395,38600,4358,100,0x0
1790316397,39150,4383,100,0x0
1790316399,39150,4405,100,0x0
1790316402,39150,4426,100,0x0
1790316404,39150,4446,100,0x0
1790316406,39150,4465,100,0x0
1790316408,39700,4482,100,0x0
1790316410,38050,4500,100,0x0
1790316412,38600,4515,100,0x0
1790316414,38600,4527,100,0x0
1790316416,38600,4543,100,0x0
1790316418,38600,4555,100,0x0
1790316420,38600,4564,100,0x0
1790316422,38050,4574,100,0x0
1790316424,37500,4583,100,0x0
1790316426,38600,4592,100,0x0
1790316428,38600,4603,100,0x0
1790316430,38600,4609,100,0x0
1790316432,38600,4617,100,0x0
1790316434,39150,4623,100,0x0
1790316436,37500,4631,100,0x0
1790316438,37500,4636,100,0x0
1790316440,38050,4643,100,0x0
1790316442,37500,4647,100,0x0
1790316444,37500,4652,100,0x0
1790316446,38050,4655,100,0x0
1790316448,38050,4658,100,0x0
1790316450,38050,4661,100,0x0
1790316452,36950,4665,100,0x0
1790316454,37500,4670,100,0x0
1790316456,38050,4673,100,0x0
1790316458,38050,4667,100,0x0
1790316460,37500,4667,100,0x0
1790316462,38050,4669,100,0x0
1790316464,37500,4677,100,0x0
1790316466,38050,4681,100,0x0
1790316468,37500,4682,100,0x0
1790316470,37500,4683,100,0x0
1790316472,37500,4683,100,0x0
1790316474,38050,4687,100,0x0
1790316476,36400,4688,100,0x0
1790316478,38050,4688,100,0x0
1790316480,37500,4691,100,0x0
1790316482,38050,4690,100,0x0
1790316484,37500,4695,100,0x0
1790316486,37500,4694,100,0x0
1790316488,36950,4694,100,0x0
1790316490,38050,4695,100,0x0
1790316492,36950,4696,100,0x0
1790316494,37500,4697,100,0x0
1790316496,36950,4698,100,0x0
1790316498,36950,4699,100,0x0
1790316500,36950,4699,100,0x0
1790316502,36950,4699,100,0x0
1790316504,36400,4698,100,0x0
1790316506,36950,4700,100,0x0
1790316508,36950,4701,100,0x0
1790316510,36950,4699,100,0x0
1790316512,36400,4690,100,0x0
1790316514,37500,4690,100,0x0
1790316516,37500,4689,100,0x0
1790316518,36950,4694,100,0x0
1790316520,36950,4697,100,0x0
1790316522,37500,4698,100,0x0
1790316524,36950,4697,100,0x0
1790316526,35850,4697,100,0x0
1790316528,36400,4697,100,0x0
1790316530,36950,4699,100,0x0
1790316532,37500,4699,100,0x0
1790316534,35300,4698,100,0x0
1790316536,37500,4697,100,0x0
1790316538,35300,4699,100,0x0
1790316540,36950,4699,100,0x0
1790316542,36950,4700,100,0x0
1790316544,37500,4699,100,0x0
1790316546,36950,4700,100,0x0
1790316548,36400,4698,100,0x0
1790316550,36950,4698,100,0x0
1790316552,37500,4698,100,0x0
1790316554,37500,4701,100,0x0
1790316556,36400,4699,100,0x0
1790316558,36400,4699,100,0x0
1790316560,36950,4700,100,0x0
1790316562,36950,4698,100,0x0
1790316564,36950,4700,100,0x0
1790316566,36400,4702,100,0x0
1790316568,36950,4701,100,0x0
1790316570,36950,4701,100,0x0
1790316572,36400,4699,100,0x0
1790316574,35850,4703,100,0x0
1790316577,36950,4702,100,0x0
1790316579,36950,4703,100,0x0
1790316581,36950,4704,100,0x0
1790316583,36400,4704,100,0x0
1790316585,36950,4703,100,0x0
1790316587,36950,4704,100,0x0
1790316589,36400,4704,100,0x0
1790316591,36400,4705,100,0x0
1790316593,36400,4702,100,0x0
1790316595,36400,4704,100,0x0
1790316597,36400,4705,100,0x0
1790316599,35850,4704,100,0x0
1790316601,36400,4705,100,0x0
1790316603,35300,4705,100,0x0
1790316605,37500,4706,100,0x0
1790316607,36950,4706,100,0x0
1790316609,36950,4707,100,0x0
1790316611,35850,4705,100,0x0
1790316613,35850,4705,100,0x0
1790316615,35850,4703,100,0x0
1790316617,36400,4702,100,0x0
1790316619,36400,4702,100,0x0
1790316621,36400,4700,100,0x0
1790316623,36400,4702,100,0x0
1790316625,36400,4702,100,0x0
1790316627,34750,0,0,0x0
1790316629,36950,0,0,0x0
1790316631,35850,0,0,0x0
1790316633,35850,0,0,0x0
1790316635,36400,0,0,0x0
1790316637,37500,0,0,0x0
1790316639,35850,0,0,0x0
1790316641,36950,0,0,0x0
1790316643,36950,0,0,0x0
1790316645,37500,0,0,0x0
1790316647,38050,0,0,0x0
1790316649,36950,0,0,0x0
1790316651,36950,0,0,0x0
1790316653,37500,0,0,0x0
1790316655,37500,0,0,0x0
1790316657,37500,0,0,0x0
1790316659,36950,0,0,0x0
1790316661,36950,0,0,0x0
1790316663,37500,0,0,0x0
1790316665,37500,0,0,0x0
1790316667,37500,0,0,0x0
1790316669,37500,0,0,0x0
1790316671,37500,0,0,0x0
1790316673,37500,0,0,0x0
1790316675,36950,0,0,0x0
1790316677,36400,0,0,0x0
1790316679,36950,0,0,0x0
1790316681,37500,0,0,0x0
1790316683,37500,0,0,0x0
1790316685,37500,0,0,0x0
1790316687,38050,0,0,0x0
1790316689,38050,0,0,0x0
1790316691,37500,0,0,0x0
1790316693,37500,0,0,0x0
1790316695,38050,0,0,0x0
1790316697,37500,0,0,0x0
1790316699,38600,0,0,0x0
1790316701,37500,0,0,0x0
1790316703,38600,0,0,0x0
1790316705,37500,0,0,0x0
1790316707,38050,0,0,0x0
1790316709,38050,0,0,0x0
1790316711,38050,0,0,0x0
1790316713,38050,0,0,0x0
1790316715,36950,0,0,0x0
1790316717,38600,0,0,0x0
1790316719,38600,0,0,0x0
1790316721,38050,0,0,0x0
1790316723,38050,0,0,0x0
1790316725,38600,0,0,0x0
1790316727,38050,0,0,0x0
1790316729,38050,0,0,0x0
1790316731,38600,0,0,0x0
1790316733,38600,0,0,0x0
1790316735,38600,0,0,0x0
1790316737,38050,0,0,0x0
1790316739,38600,0,0,0x0
1790316741,38600,0,0,0x0
1790316743,38600,0,0,0x0
1790316745,38600,0,0,0x0
1790316747,38600,7,100,0x0
1790316749,38600,4330,100,0x0
1790316751,39150,4294,100,0x0
1790316753,38600,4261,100,0x0
1790316755,38600,4242,100,0x0
1790316757,38600,4246,100,0x0
1790316759,39150,4257,100,0x0
1790316761,38600,4263,100,0x0
1790316764,38050,4271,100,0x0
1790316766,38600,4286,100,0x0
1790316768,38050,4307,100,0x0
1790316770,39150,4328,100,0x0
1790316772,38050,4354,100,0x0
1790316774,38050,4377,100,0x0
1790316776,38050,4398,100,0x0
1790316778,38050,4420,100,0x0
1790316780,38050,4441,100,0x0
1790316782,38600,4460,100,0x0
1790316784,38050,4475,100,0x0
1790316786,37500,4491,100,0x0
1790316788,37500,4506,100,0x0
1790316790,38050,4518,100,0x0
1790316792,38050,4531,100,0x0
1790316794,38600,4545,100,0x0
1790316796,38050,4554,100,0x0
1790316798,38050,4564,100,0x0
1790316800,37500,4575,100,0x0
1790316802,37500,4584,100,0x0
1790316804,37500,4592,100,0x0
1790316806,38050,4596,100,0x0
1790316808,38600,4606,100,0x0
1790316810,38050,4612,100,0x0
1790316812,38050,4616,100,0x0
1790316814,37500,4621,100,0x0
1790316816,36950,4626,100,0x0
1790316818,38050,4633,100,0x0
1790316820,36950,4636,100,0x0
1790316822,37500,4638,100,0x0
1790316824,37500,4645,100,0x0
1790316826,36950,4646,100,0x0
1790316828,36400,4650,100,0x0
1790316830,36950,4653,100,0x0
1790316832,37500,4654,100,0x0
1790316834,36950,4659,100,0x0
1790316836,36400,4660,100,0x0
1790316838,36400,4660,100,0x0
1790316840,36950,4662,100,0x0
1790316842,36950,4667,100,0x0
1790316844,36950,4670,100,0x0
1790316846,36950,4668,100,0x0
1790316848,36400,4669,100,0x0
1790316850,36400,4667,100,0x0
1790316852,36950,4657,100,0x0
1790316854,36950,4656,100,0x0
1790316856,36950,4662,100,0x0
1790316858,36400,4663,100,0x0
1790316860,35850,4664,100,0x0
1790316862,38050,4664,100,0x0
1790316864,35850,4667,100,0x0
1790316866,36400,4665,100,0x0
1790316868,36400,4667,100,0x0
1790316870,36950,4667,100,0x0
1790316872,36950,4667,100,0x0
1790316874,35850,4667,100,0x0
1790316876,36400,4668,100,0x0
1790316878,38050,4670,100,0x0
1790316880,36400,4670,100,0x0
1790316882,36400,4672,100,0x0
1790316884,36400,4669,100,0x0
1790316886,35850,4669,100,0x0
1790316888,35300,4670,100,0x0
1790316890,36400,0,0,0x0
1790316892,36400,0,0,0x0
1790316894,36400,0,0,0x0
1790316896,36950,0,0,0x0
1790316898,36400,0,0,0x0
1790316900,36400,0,0,0x0
1790316902,36950,0,0,0x0
1790316904,37500,0,0,0x0
1790316906,36950,0,0,0x0
1790316908,36950,0,0,0x0
1790316910,36400,0,0,0x0
1790316912,36950,0,0,0x0
1790316914,36950,0,0,0x0
1790316916,36950,0,0,0x0
1790316918,37500,0,0,0x0
1790316920,36950,0,0,0x0
1790316922,37500,0,0,0x0
1790316924,36950,0,0,0x0
1790316926,36400,0,0,0x0
1790316928,36950,0,0,0x0
1790316930,36950,0,0,0x0
1790316932,36950,0,0,0x0
1790316934,36400,0,0,0x0
1790316936,38050,0,0,0x0
1790316938,36950,0,0,0x0
1790316940,38050,0,0,0x0
1790316942,36950,0,0,0x0
1790316944,38050,0,0,0x0
1790316946,36950,0,0,0x0
1790316948,37500,0,0,0x0
1790316950,36950,0,0,0x0
1790316952,38050,0,0,0x0
1790316954,36950,0,0,0x0
1790316956,37500,0,0,0x0
1790316958,38050,0,0,0x0
1790316960,38050,0,0,0x0
1790316962,38050,0,0,0x0
1790316964,38050,0,0,0x0
1790316966,38050,0,0,0x0
1790316968,38600,0,0,0x0
1790316970,37500,0,0,0x0
1790316973,38050,0,0,0x0
1790316975,38050,0,0,0x0
1790316977,37500,0,0,0x0
1790316979,38050,0,0,0x0
1790316981,38050,0,0,0x0
1790316983,38050,0,0,0x0
1790316985,38600,0,0,0x0
1790316987,37500,0,0,0x0
1790316989,38600,0,0,0x0
1790316991,38600,0,0,0x0
1790316993,38600,0,0,0x0
1790316995,38600,0,0,0x0
1790316997,38050,0,0,0x0
1790316999,38600,0,0,0x0
1790317001,38050,0,0,0x0
1790317003,39150,0,0,0x0
1790317005,38600,0,0,0x0
1790317007,38050,0,0,0x0
1790317009,38050,0,0,0x0
1790317011,39150,0,0,0x0
1790317013,38600,0,0,0x0
1790317015,38600,0,0,0x0
1790317017,39700,0,0,0x0
1790317019,38600,0,0,0x0
1790317021,39150,4156,100,0x0
1790317023,38600,4296,100,0x0
1790317025,39150,4264,100,0x0
1790317027,39150,4245,100,0x0
1790317029,38600,4241,100,0x0
1790317031,38600,4246,100,0x0
1790317033,38600,4258,100,0x0
1790317035,39150,4266,100,0x0
1790317037,38600,4274,100,0x0
1790317039,38600,4293,100,0x0
1790317041,38600,4312,100,0x0
1790317043,37500,4336,100,0x0
1790317045,38600,4360,100,0x0
1790317047,37500,4384,100,0x0
1790317049,38050,4403,100,0x0
1790317051,38050,4426,100,0x0
1790317053,38050,4445,100,0x0
1790317055,38050,4464,100,0x0
1790317057,38050,4482,100,0x0
1790317059,36950,4497,100,0x0
1790317061,37500,4511,100,0x0
1790317063,38050,4524,100,0x0
1790317065,37500,4531,100,0x0
1790317067,38050,4543,100,0x0
1790317069,38050,4554,100,0x0
1790317071,38050,4564,100,0x0
1790317073,38050,4573,100,0x0
1790317075,37500,4581,100,0x0
1790317077,37500,4588,100,0x0
1790317079,37500,4596,100,0x0
1790317081,36950,4601,100,0x0
1790317083,38050,4606,100,0x0
1790317085,38050,4613,100,0x0
1790317087,37500,4619,100,0x0
1790317089,37500,4624,100,0x0
1790317091,36950,4626,100,0x0
1790317093,36950,4631,100,0x0
1790317095,36950,4637,100,0x0
1790317097,37500,4639,100,0x0
1790317099,36950,4643,100,0x0
1790317101,37500,4645,100,0x0
1790317103,37500,4645,100,0x0
1790317105,37500,4648,100,0x0
1790317107,37500,4649,100,0x0
1790317109,36950,4651,100,0x0
1790317111,37500,4654,100,0x0
1790317113,36950,4655,100,0x0
1790317115,36950,4657,100,0x0
1790317117,36950,4659,100,0x0
1790317119,36400,4652,100,0x0
1790317121,37500,4651,100,0x0
1790317123,35850,4652,100,0x0
1790317125,36950,4656,100,0x0
1790317127,36950,4659,100,0x0
1790317129,36400,4662,100,0x0
1790317131,36400,4663,100,0x0
1790317133,36400,4662,100,0x0
1790317135,36400,4666,100,0x0
1790317137,36950,4664,100,0x0
1790317139,35850,4667,100,0x0
1790317141,36400,4666,100,0x0
1790317143,36400,4668,100,0x0
1790317145,36400,4669,100,0x0
1790317147,36950,4668,100,0x0
1790317149,34750,4667,100,0x0
1790317151,36400,4665,100,0x0
1790317153,36400,4667,100,0x0
1790317155,37500,4667,100,0x0
1790317157,36950,4667,100,0x0
1790317159,36400,4669,100,0x0
1790317161,36400,0,0,0x0
1790317163,36950,0,0,0x0
1790317165,36950,0,0,0x0
1790317167,36950,0,0,0x0
1790317169,36400,0,0,0x0
1790317172,36400,0,0,0x0
1790317174,36950,0,0,0x0
1790317176,36400,0,0,0x0
1790317178,36950,0,0,0x0
1790317180,35850,0,0,0x0
1790317182,36950,0,0,0x0
1790317184,36950,0,0,0x0
1790317186,36950,0,0,0x0
1790317188,36400,0,0,0x0
1790317190,36950,0,0,0x0
1790317192,38050,0,0,0x0
1790317194,36950,0,0,0x0
1790317196,37500,0,0,0x0
1790317198,38050,0,0,0x0
1790317200,37500,0,0,0x0
1790317202,36950,0,0,0x0
1790317204,36950,0,0,0x0
1790317206,36950,0,0,0x0
1790317208,36400,0,0,0x0
1790317210,36950,0,0,0x0
1790317212,36950,0,0,0x0
1790317214,37500,0,0,0x0
1790317216,37500,0,0,0x0
1790317218,38600,0,0,0x0
1790317220,38050,0,0,0x0
1790317222,38050,0,0,0x0
1790317224,36400,0,0,0x0
1790317226,37500,0,0,0x0
1790317228,38050,0,0,0x0
1790317230,38050,0,0,0x0
1790317232,38050,0,0,0x0
1790317234,38050,0,0,0x0
1790317236,38600,0,0,0x0
1790317238,38050,0,0,0x0
1790317240,38050,0,0,0x0
1790317242,37500,0,0,0x0
1790317244,37500,0,0,0x0
1790317246,38050,0,0,0x0
1790317248,36950,0,0,0x0
1790317250,38050,0,0,0x0
1790317252,38600,0,0,0x0
1790317254,38050,0,0,0x0
1790317256,38600,0,0,0x0
1790317258,38050,0,0,0x0
1790317260,38050,0,0,0x0
1790317262,37500,0,0,0x0
1790317264,38600,0,0,0x0
1790317266,38600,0,0,0x0
1790317268,38600,0,0,0x0
1790317270,37500,0,0,0x0
1790317272,38050,0,0,0x0
1790317274,38050,0,0,0x0
1790317276,39150,0,0,0x0
1790317278,38600,0,0,0x0
1790317280,38050,0,0,0x0
1790317282,38600,0,0,0x0
1790317284,38600,4351,100,0x0
1790317286,38050,4446,100,0x0
1790317288,39150,4382,100,0x0
1790317290,38600,4324,100,0x0
1790317292,38600,4292,100,0x0
1790317294,38600,4289,100,0x0
1790317296,37500,4292,100,0x0
1790317298,38600,4302,100,0x0
1790317300,38050,4314,100,0x0
1790317302,39150,4322,100,0x0
1790317304,38050,4335,100,0x0
1790317306,37500,4350,100,0x0
1790317308,38600,4369,100,0x0
1790317310,38600,4391,100,0x0
1790317312,38600,4411,100,0x0
1790317314,38050,4431,100,0x0
1790317316,38050,4447,100,0x0
1790317318,37500,4462,100,0x0
1790317320,38600,4481,100,0x0
1790317322,38050,4495,100,0x0
1790317324,37500,4506,100,0x0
1790317326,37500,4519,100,0x0
1790317328,37500,4533,100,0x0
1790317330,36950,4544,100,0x0
1790317332,38600,4556,100,0x0
1790317334,37500,4564,100,0x0
1790317336,38050,4574,100,0x0
1790317338,37500,4582,100,0x0
1790317340,37500,4589,100,0x0
1790317342,38050,4596,100,0x0
1790317344,37500,4604,100,0x0
1790317346,38050,4610,100,0x0
1790317348,37500,4611,100,0x0
1790317350,37500,4617,100,0x0
1790317352,37500,4624,100,0x0
1790317354,36950,4628,100,0x0
1790317356,37500,4633,100,0x0
1790317358,38050,4634,100,0x0
1790317360,37500,4637,100,0x0
1790317362,36950,4643,100,0x0
1790317364,37500,4641,100,0x0
1790317366,37500,4640,100,0x0
1790317368,36950,4639,100,0x0
1790317370,37500,4643,100,0x0
1790317372,37500,4651,100,0x0
1790317374,37500,4652,100,0x0
1790317376,36950,4651,100,0x0
1790317378,36400,4654,100,0x0
1790317380,36950,4656,100,0x0
1790317382,36950,4659,100,0x0
1790317384,36950,4659,100,0x0
1790317386,36950,4662,100,0x0
1790317388,36950,4664,100,0x0
1790317390,36950,4664,100,0x0
1790317393,37500,4664,100,0x0
1790317395,35850,4666,100,0x0
1790317397,36950,4668,100,0x0
1790317399,36950,4670,100,0x0
1790317401,36950,4669,100,0x0
1790317403,36950,4669,100,0x0
1790317405,36950,4673,100,0x0
1790317407,36400,4672,100,0x0
1790317409,36400,4672,100,0x0
1790317411,36400,4670,100,0x0
1790317413,36950,4669,100,0x0
1790317415,36400,4665,100,0x0
1790317417,36950,4664,100,0x0
1790317419,36400,4671,100,0x0
1790317421,36400,4671,100,0x0
1790317423,36400,4671,100,0x0
1790317425,36950,4672,100,0x0
1790317427,36400,4672,100,0x0
1790317429,36950,4672,100,0x0
1790317431,36950,4669,100,0x0
1790317433,36400,4669,100,0x0
1790317435,36400,4671,100,0x0
1790317437,36400,4668,100,0x0
1790317439,36400,4669,100,0x0
1790317441,36400,4669,100,0x0
1790317443,36400,4668,100,0x0
1790317445,35850,4668,100,0x0
1790317447,36400,4669,100,0x0
1790317449,36400,4670,100,0x0
1790317451,36400,4671,100,0x0
1790317453,36400,4669,100,0x0
1790317455,36400,4665,100,0x0
1790317457,35850,4661,100,0x0
1790317459,36400,4666,100,0x0
1790317461,35300,4667,100,0x0
1790317463,36400,4666,100,0x0
1790317465,36400,4668,100,0x0
1790317467,35300,4665,100,0x0
1790317469,37500,4666,100,0x0
1790317471,35850,4666,100,0x0
1790317473,36400,4669,100,0x0
1790317475,35850,4665,100,0x0
1790317477,36400,4666,100,0x0
1790317479,36400,4668,100,0x0
1790317481,35850,4666,100,0x0
1790317483,35850,0,0,0x0
1790317485,35850,0,0,0x0
1790317487,36950,0,0,0x0
1790317489,35850,0,0,0x0
1790317491,35850,0,0,0x0
1790317493,36950,0,0,0x0
1790317495,36950,0,0,0x0
1790317497,35850,0,0,0x0
1790317499,35850,0,0,0x0
1790317501,36400,0,0,0x0
1790317503,35850,0,0,0x0
1790317505,36400,0,0,0x0
1790317507,36400,0,0,0x0
1790317509,36400,0,0,0x0
1790317511,36400,0,0,0x0
1790317513,35850,0,0,0x0
1790317515,36950,0,0,0x0
1790317517,36950,0,0,0x0
1790317519,36950,0,0,0x0
1790317521,35850,0,0,0x0
1790317523,36950,0,0,0x0
1790317525,36950,0,0,0x0
1790317527,37500,0,0,0x0
1790317529,37500,0,0,0x0
1790317531,36400,0,0,0x0
1790317533,37500,0,0,0x0
1790317535,38050,0,0,0x0
1790317537,37500,0,0,0x0
1790317539,36950,0,0,0x0
1790317541,37500,0,0,0x0
1790317543,36950,0,0,0x0
1790317545,36950,0,0,0x0
1790317547,39150,0,0,0x0
1790317549,38050,0,0,0x0
1790317551,37500,0,0,0x0
1790317553,37500,0,0,0x0
1790317555,38050,0,0,0x0
1790317557,37500,0,0,0x0
1790317559,37500,0,0,0x0
1790317561,38050,0,0,0x0
1790317563,38050,0,0,0x0
1790317565,38050,0,0,0x0
1790317567,38050,0,0,0x0
1790317569,37500,0,0,0x0
1790317571,38050,0,0,0x0
1790317573,37500,0,0,0x0
1790317575,38050,0,0,0x0
1790317577,38600,0,0,0x0
1790317579,38050,0,0,0x0
1790317581,38050,0,0,0x0
1790317583,38050,0,0,0x0
1790317585,36950,0,0,0x0
1790317587,38050,0,0,0x0
1790317589,38050,0,0,0x0
1790317591,38600,0,0,0x0
1790317593,38050,0,0,0x0
1790317595,38600,0,0,0x0
1790317597,38050,0,0,0x0
1790317599,38050,0,0,0x0
1790317601,38600,0,0,0x0
1790317603,38050,0,0,0x0
1790317605,38600,0,0,0x0
1790317607,38600,0,0,0x0
1790317609,38600,0,0,0x0
1790317612,38600,0,0,0x0
1790317614,38600,0,0,0x0
1790317616,39150,0,0,0x0
1790317618,39150,0,0,0x0
1790317620,38600,0,0,0x0
1790317622,39150,0,0,0x0
1790317624,38600,0,0,0x0
1790317626,38600,0,0,0x0
1790317628,39150,0,0,0x0
1790317630,38600,0,0,0x0
1790317632,39700,0,0,0x0
1790317634,39700,0,0,0x0
1790317636,39150,0,0,0x0
1790317638,38600,0,0,0x0
1790317640,39150,0,0,0x0
1790317642,38600,0,0,0x0
1790317644,38600,0,0,0x0
1790317646,39150,0,0,0x0
1790317648,38600,0,0,0x0
1790317650,38050,0,0,0x0
1790317652,39150,0,0,0x0
1790317654,39150,0,0,0x0
1790317656,39150,0,0,0x0
1790317658,38600,0,0,0x0
1790317660,37500,0,0,0x0
1790317662,39700,0,0,0x0
1790317664,39150,0,0,0x0
1790317666,39700,0,0,0x0
1790317668,40250,0,0,0x0
1790317670,39150,0,0,0x0
1790317672,39700,0,0,0x0
1790317674,39700,0,0,0x0
1790317676,40250,0,0,0x0
1790317678,39700,0,0,0x0
1790317680,40250,0,0,0x0
1790317682,39150,4,100,0x0
1790317684,39700,4312,100,0x0
1790317686,39150,4284,100,0x0
1790317688,39700,4239,100,0x0
1790317690,39150,4205,100,0x0
1790317692,39150,4201,100,0x0
1790317694,39700,4214,100,0x0
1790317696,39700,4226,100,0x0
1790317698,38600,4233,100,0x0
1790317700,39150,4247,100,0x0
1790317702,38600,4268,100,0x0
1790317704,39150,4293,100,0x0
1790317706,39150,4321,100,0x0
1790317708,38050,4349,100,0x0
1790317710,38600,4371,100,0x0
1790317712,38600,4395,100,0x0
1790317714,39150,4416,100,0x0
1790317716,39150,4437,100,0x0
1790317718,38600,4456,100,0x0
1790317720,38050,4474,100,0x0
1790317722,37500,4493,100,0x0
1790317724,37500,4509,100,0x0
1790317726,38600,4524,100,0x0
1790317728,38600,4537,100,0x0
1790317730,38050,4549,100,0x0
1790317732,38050,4560,100,0x0
1790317734,39150,4569,100,0x0
1790317736,38600,4580,100,0x0
1790317738,38600,4592,100,0x0
1790317740,38600,4596,100,0x0
1790317742,38050,4605,100,0x0
1790317744,38600,4612,100,0x0
1790317746,38600,4618,100,0x0
1790317748,38050,4626,100,0x0
1790317750,38600,4630,100,0x0
1790317752,38050,4636,100,0x0
1790317754,38600,4640,100,0x0
1790317756,38050,4643,100,0x0
1790317758,38050,4647,100,0x0
1790317760,37500,4651,100,0x0
1790317762,38050,4652,100,0x0
1790317764,36950,4656,100,0x0
1790317766,38050,4659,100,0x0
1790317768,37500,4662,100,0x0
1790317770,38050,4662,100,0x0
1790317772,37500,4664,100,0x0
1790317774,36950,4664,100,0x0
1790317776,37500,4667,100,0x0
1790317778,36950,4668,100,0x0
1790317780,37500,4667,100,0x0
1790317782,37500,4667,100,0x0
1790317784,36950,4669,100,0x0
1790317786,37500,4670,100,0x0
1790317788,36950,4672,100,0x0
1790317790,36950,4672,100,0x0
1790317792,36950,4671,100,0x0
1790317794,36950,4675,100,0x0
1790317796,37500,4673,100,0x0
1790317798,37500,4668,100,0x0
1790317800,37500,4664,100,0x0
1790317802,36950,4667,100,0x0
1790317804,36950,4670,100,0x0
1790317806,36950,4672,100,0x0
1790317808,36950,4673,100,0x0
1790317810,37500,4675,100,0x0
1790317812,37500,4676,100,0x0
1790317814,37500,4675,100,0x0
1790317816,36400,4675,100,0x0
1790317818,36950,4677,100,0x0
1790317820,36400,4675,100,0x0
1790317822,36950,4676,100,0x0
1790317825,36950,4675,100,0x0
1790317827,36950,4674,100,0x0
1790317829,36400,4675,100,0x0
1790317831,36400,4675,100,0x0
1790317833,36950,4675,100,0x0
1790317835,36400,4675,100,0x0
1790317837,35850,4673,100,0x0
1790317839,36950,4675,100,0x0
1790317841,36400,4675,100,0x0
1790317843,36400,4675,100,0x0
1790317845,36400,4675,100,0x0
1790317847,36400,4675,100,0x0
1790317849,36400,4672,100,0x0
1790317851,35850,4663,100,0x0
1790317853,36400,4665,100,0x0
1790317855,36400,4669,100,0x0
1790317857,36400,4669,100,0x0
1790317859,36950,4668,100,0x0
1790317861,35300,4667,100,0x0
1790317863,36950,4668,100,0x0
1790317865,36400,4670,100,0x0
1790317867,35300,4667,100,0x0
1790317869,35300,4669,100,0x0
1790317871,35850,0,0,0x0
1790317873,35850,0,0,0x0
1790317875,36400,0,0,0x0
1790317877,36400,0,0,0x0
1790317879,36400,0,0,0x0
1790317881,36400,0,0,0x0
1790317883,36400,0,0,0x0
1790317885,36950,0,0,0x0
1790317887,36950,0,0,0x0
1790317889,36400,0,0,0x0
1790317891,36950,0,0,0x0
1790317893,36400,0,0,0x0
1790317895,36400,0,0,0x0
1790317897,36950,0,0,0x0
1790317899,36950,0,0,0x0
1790317901,36950,0,0,0x0
1790317903,36950,0,0,0x0
1790317905,36950,0,0,0x0
1790317907,36950,0,0,0x0
1790317909,37500,0,0,0x0
1790317911,36950,0,0,0x0
1790317913,36950,0,0,0x0
1790317915,37500,0,0,0x0
1790317917,37500,0,0,0x0
1790317919,38050,0,0,0x0
1790317921,37500,0,0,0x0
1790317923,36950,0,0,0x0
1790317925,37500,0,0,0x0
1790317927,38050,0,0,0x0
1790317929,37500,0,0,0x0
1790317931,37500,0,0,0x0
1790317933,36950,0,0,0x0
1790317935,38050,0,0,0x0
1790317937,38050,0,0,0x0
1790317939,38050,0,0,0x0
1790317941,38050,0,0,0x0
1790317943,37500,0,0,0x0
1790317945,38050,0,0,0x0
1790317947,38050,0,0,0x0
1790317949,38050,0,0,0x0
1790317951,38050,0,0,0x0
1790317953,38600,0,0,0x0
1790317955,38050,0,0,0x0
1790317957,38050,0,0,0x0
1790317959,37500,0,0,0x0
1790317961,38050,0,0,0x0
1790317963,38050,0,0,0x0
1790317965,38600,0,0,0x0
1790317967,38600,0,0,0x0
1790317969,38050,0,0,0x0
1790317971,38050,0,0,0x0
1790317973,38600,0,0,0x0
1790317976,39150,0,0,0x0
1790317978,38600,0,0,0x0
1790317980,38050,0,0,0x0
1790317982,38600,0,0,0x0
1790317984,39150,0,0,0x0
1790317986,38600,0,0,0x0
1790317988,39150,0,0,0x0
1790317990,38600,0,0,0x0
1790317992,38600,0,0,0x0
1790317994,38600,0,0,0x0
1790317996,38600,0,0,0x0
1790317998,39150,0,0,0x0
1790318000,38050,0,0,0x0
1790318002,39150,0,0,0x0
1790318004,39150,0,0,0x0
1790318006,39150,0,0,0x0
1790318008,37500,0,0,0x0
1790318010,39700,6,100,0x0
1790318012,39150,4449,100,0x0
1790318014,38600,4405,100,0x0
1790318016,38600,4342,100,0x0
1790318018,39150,4298,100,0x0
1790318020,38600,4278,100,0x0
1790318022,38600,4278,100,0x0
1790318024,38050,4286,100,0x0
1790318026,39150,4301,100,0x0
1790318028,38050,4305,100,0x0
1790318030,38600,4310,100,0x0
1790318032,38600,4324,100,0x0
1790318034,38050,4341,100,0x0
1790318036,37500,4365,100,0x0
1790318038,38600,4385,100,0x0
1790318040,37500,4408,100,0x0
1790318042,39150,4427,100,0x0
1790318044,38600,4446,100,0x0
1790318046,39150,4465,100,0x0
1790318048,38600,4482,100,0x0
1790318050,37500,4498,100,0x0
1790318052,38050,4510,100,0x0
1790318054,37500,4523,100,0x0
1790318056,38050,4535,100,0x0
1790318058,37500,4546,100,0x0
1790318060,38600,4559,100,0x0
1790318062,37500,4569,100,0x0
1790318064,38050,4578,100,0x0
1790318066,38050,4587,100,0x0
1790318068,36400,4594,100,0x0
1790318070,38050,4603,100,0x0
1790318072,37500,4609,100,0x0
1790318074,38050,4616,100,0x0
1790318076,36950,4621,100,0x0
1790318078,37500,4626,100,0x0
1790318080,36400,4631,100,0x0
1790318082,37500,4633,100,0x0
1790318084,37500,4638,100,0x0
1790318086,36950,4643,100,0x0
1790318088,38050,4644,100,0x0
1790318090,36950,4648,100,0x0
1790318092,37500,4649,100,0x0
1790318094,37500,4651,100,0x0
1790318096,36950,4654,100,0x0
1790318098,36950,4654,100,0x0
1790318100,36950,4657,100,0x0
1790318102,38050,4659,100,0x0
1790318104,38050,4660,100,0x0
1790318106,36950,4663,100,0x0
1790318108,38050,4660,100,0x0
1790318110,36950,4665,100,0x0
1790318112,36950,4657,100,0x0
1790318114,36950,4655,100,0x0
1790318116,35850,4657,100,0x0
1790318118,36950,4662,100,0x0
1790318120,37500,4666,100,0x0
1790318122,36950,4663,100,0x0
1790318124,36950,4666,100,0x0
1790318126,37500,4668,100,0x0
1790318128,36400,4667,100,0x0
1790318130,36950,4667,100,0x0
1790318132,36950,4667,100,0x0
1790318134,36950,4669,100,0x0
1790318136,36950,4669,100,0x0
1790318138,36400,4670,100,0x0
1790318140,36950,4669,100,0x0
1790318142,36400,4669,100,0x0
1790318144,36400,4669,100,0x0
1790318146,36950,4669,100,0x0
1790318148,36950,4671,100,0x0
1790318150,36950,4669,100,0x0
1790318152,37500,4672,100,0x0
1790318154,38600,4672,100,0x0
1790318156,35850,4669,100,0x0
1790318158,36950,4665,100,0x0
1790318160,36400,4660,100,0x0
1790318162,36950,4660,100,0x0
1790318164,36950,4666,100,0x0
1790318166,35850,4668,100,0x0
1790318168,36400,4665,100,0x0
1790318170,36400,4667,100,0x0
1790318172,36950,4664,100,0x0
1790318174,36400,4664,100,0x0
1790318176,36400,4667,100,0x0
1790318178,36400,4665,100,0x0
1790318180,36400,4667,100,0x0
1790318182,36400,4667,100,0x0
1790318184,36400,4667,100,0x0
1790318186,35850,4667,100,0x0
1790318188,36400,4669,100,0x0
1790318190,35850,4666,100,0x0
1790318192,36400,4669,100,0x0
1790318195,36400,4667,100,0x0
1790318197,36400,4665,100,0x0
1790318199,36950,4668,100,0x0
1790318201,36400,4667,100,0x0
1790318203,36400,4667,100,0x0
1790318205,36400,4668,100,0x0
1790318207,35300,4669,100,0x0
1790318209,35850,4667,100,0x0
1790318211,36400,4665,100,0x0
1790318213,35850,4658,100,0x0
1790318215,36400,4659,100,0x0
1790318217,36400,4663,100,0x0
1790318219,39150,4666,100,0x0
1790318221,39700,4666,100,0x0
1790318223,40800,4668,100,0x0
1790318225,41350,4667,100,0x0
1790318227,43000,4668,100,0x0
1790318229,42450,4667,100,0x0
1790318231,43550,4668,100,0x0
1790318233,43550,4669,100,0x0
1790318235,43000,4666,100,0x0
1790318237,43000,4667,100,0x0
1790318239,41900,4666,100,0x0
1790318241,44650,4669,100,0x0
1790318243,44100,4668,100,0x0
1790318245,44650,4669,100,0x0
1790318247,45200,4672,100,0x0
1790318249,45200,4671,100,0x0
1790318251,45750,4669,100,0x0
1790318253,45750,4664,100,0x0
1790318255,45750,4661,100,0x0
1790318257,45200,4667,100,0x0
1790318260,45200,4667,100,0x0
1790318262,45750,4667,100,0x0
1790318264,45750,4668,100,0x0
1790318266,44650,4668,100,0x0
1790318268,45750,4669,100,0x0
1790318270,46300,4671,100,0x0
1790318272,46300,4671,100,0x0
1790318274,44650,4675,100,0x0
1790318276,45750,4675,100,0x0
1790318278,44650,4672,100,0x0
1790318280,45200,4675,100,0x0
1790318282,45750,4678,100,0x0
1790318284,47400,4678,100,0x0
1790318286,47400,4679,100,0x0
1790318288,47950,4679,100,0x0
1790318290,47950,4678,100,0x0
1790318292,47950,4674,100,0x0
1790318294,48500,4677,100,0x0
1790318296,48500,4680,100,0x0
1790318298,49050,4683,100,0x0
1790318300,49050,4686,100,0x0
1790318302,49050,4688,100,0x0
1790318305,48500,4689,100,0x0
1790318307,49050,6578,150,0x0
1790318309,48500,6685,150,0x0
1790318311,49600,6696,150,0x0
1790318313,49600,6712,150,0x0
1790318315,50150,6730,150,0x0
1790318317,49050,6750,150,0x0
1790318319,49600,6767,150,0x0
1790318321,49600,6782,150,0x0
1790318323,50150,6796,150,0x0
1790318325,50150,6810,150,0x0
1790318327,48500,6822,150,0x0
1790318329,50150,6832,150,0x0
1790318331,50150,6841,150,0x0
1790318333,49600,6849,150,0x0
1790318335,49600,6854,150,0x0
1790318339,50150,6861,150,0x0
1790318341,46300,6874,150,0x0
1790318343,50700,6885,150,0x0
1790318345,50150,6890,150,0x0
1790318347,52350,6891,150,0x0
1790318349,51250,6898,150,0x0
1790318351,51800,6899,150,0x0
1790318354,52350,6906,150,0x0
1790318356,51800,6904,150,0x0
1790318358,52350,6909,150,0x0
1790318360,51800,6910,150,0x0
1790318362,51250,6917,150,0x0
1790318364,52350,6920,150,0x0
1790318366,53450,6920,150,0x0
1790318368,52900,6926,150,0x0
1790318370,52900,6926,150,0x0
1790318372,52900,6925,150,0x0
1790318374,52900,6930,150,0x0
1790318376,51800,6930,150,0x0
1790318378,53450,6926,150,0x0
1790318380,52900,6931,150,0x0
1790318382,52350,6933,150,0x0
1790318384,52900,6939,150,0x0
1790318386,52900,6936,150,0x0
1790318388,51800,6938,150,0x0
1790318390,52900,6938,150,0x0
1790318392,52900,6942,150,0x0
1790318394,52350,6941,150,0x0
1790318396,52900,6939,150,0x0
1790318398,53450,6946,150,0x0
1790318400,53450,6947,150,0x0
1790318402,51250,6946,150,0x0
1790318404,50700,6944,150,0x0
1790318406,50700,6950,150,0x0
1790318408,51250,6952,150,0x0
1790318410,51800,6952,150,0x0
1790318412,51800,6949,150,0x0
1790318414,50700,6949,150,0x0
1790318416,51800,6947,150,0x0
1790318418,51800,6950,150,0x0
1790318420,51250,6950,150,0x0
1790318422,52350,6952,150,0x0
1790318425,52350,6954,150,0x0
1790318427,52350,6957,150,0x0
1790318429,51800,6955,150,0x0
1790318431,51800,6955,150,0x0
1790318433,51800,6962,150,0x0
1790318435,52350,6962,150,0x0
1790318437,51800,6957,150,0x0
1790318439,52350,6960,150,0x0
1790318441,51250,6957,150,0x0
1790318443,52350,6960,150,0x0
1790318445,51250,6960,150,0x0
1790318447,52900,6958,150,0x0
1790318449,52350,6958,150,0x0
1790318451,52900,6958,150,0x0
1790318453,50700,6962,150,0x0
1790318455,51800,6960,150,0x0
1790318457,51800,6962,150,0x0
1790318459,52350,6957,150,0x0
1790318462,52350,6963,150,0x0
1790318464,50700,6960,150,0x0
1790318466,48500,6954,150,0x0
1790318468,48500,6954,150,0x0
1790318470,49050,6957,150,0x0
1790318472,49050,6957,150,0x0
1790318474,47950,6954,150,0x0
1790318476,47400,6957,150,0x0
1790318478,47950,6958,150,0x0
1790318480,47950,6957,150,0x0
1790318482,47400,6962,150,0x0
1790318484,47950,6958,150,0x0
1790318486,47400,6958,150,0x0
1790318488,47400,6955,150,0x0
1790318490,47950,6954,150,0x0
1790318492,47400,6955,150,0x0
1790318494,46300,6957,150,0x0
1790318496,46850,6957,150,0x0
1790318498,46850,6954,150,0x0
1790318500,46850,6952,150,0x0
1790318502,46850,6955,150,0x0
1790318504,46850,6955,150,0x0
1790318506,46300,6955,150,0x0
1790318508,46850,6952,150,0x0
1790318510,46300,6952,150,0x0
1790318512,46300,6954,150,0x0
1790318514,46300,6952,150,0x0
1790318516,46300,6952,150,0x0
1790318518,46300,6955,150,0x0
1790318520,46300,6955,150,0x0
1790318522,46850,6952,150,0x0
1790318524,45750,6949,150,0x0
1790318526,45200,6946,150,0x0
1790318528,44100,5059,100,0x0
1790318530,43550,4961,100,0x0
1790318532,43000,4957,100,0x0
1790318534,43000,4948,100,0x0
1790318536,41350,4939,100,0x0
1790318538,42450,4928,100,0x0
1790318540,41900,4919,100,0x0
1790318542,41350,4906,100,0x0
1790318544,41900,4900,100,0x0
1790318546,41350,4893,100,0x0
1790318548,41350,4887,100,0x0
1790318550,41900,4882,100,0x0
1790318552,41350,4878,100,0x0
1790318554,41900,4876,100,0x0
1790318556,40800,4871,100,0x0
1790318558,39700,4870,100,0x0
1790318560,40800,4866,100,0x0
1790318562,40250,4863,100,0x0
1790318564,40800,4863,100,0x0
1790318566,40800,4864,100,0x0
1790318568,40800,4863,100,0x0
1790318570,39700,4866,100,0x0
1790318572,40800,4860,100,0x0
1790318574,40800,4859,100,0x0
1790318576,40250,4865,100,0x0
1790318578,40800,4863,100,0x0
1790318580,40800,4863,100,0x0
1790318582,40250,4862,100,0x0
1790318584,39700,4863,100,0x0
1790318586,39700,4859,100,0x0
1790318588,39700,4859,100,0x0
1790318590,41900,4861,100,0x0
1790318592,44650,4864,100,0x0
1790318594,45200,4859,100,0x0
1790318596,45200,4861,100,0x0
1790318598,45750,4861,100,0x0
1790318600,45750,4859,100,0x0
1790318603,46850,4863,100,0x0
1790318605,46300,4859,100,0x0
1790318607,46300,4858,100,0x0
1790318609,46850,4857,100,0x0
1790318611,47400,4856,100,0x0
1790318613,47400,4859,100,0x0
1790318615,47400,4858,100,0x0
1790318617,47400,4860,100,0x0
1790318619,47400,4856,100,0x0
1790318621,48500,4855,100,0x0
1790318623,47950,4857,100,0x0
1790318625,47950,4858,100,0x0
1790318627,48500,4855,100,0x0
1790318629,47950,4855,100,0x0
1790318631,47950,4856,100,0x0
1790318633,48500,4858,100,0x0
1790318635,49050,4858,100,0x0
1790318637,49050,4855,100,0x0
1790318639,48500,4858,100,0x0
1790318641,49600,4860,100,0x0
1790318643,47950,4857,100,0x0
1790318645,48500,4859,100,0x0
1790318648,49600,6743,150,0x0
1790318650,47400,6861,150,0x0
1790318652,49050,6860,150,0x0
1790318654,49050,6864,150,0x0
1790318656,50150,6871,150,0x0
1790318658,50700,6877,150,0x0
1790318660,50700,6877,150,0x0
1790318662,50700,6885,150,0x0
1790318664,50700,6893,150,0x0
1790318666,51250,6896,150,0x0
1790318668,50700,6904,150,0x0
1790318670,50700,6917,150,0x0
1790318672,51250,6922,150,0x0
1790318674,51250,6928,150,0x0
1790318676,50700,6934,150,0x0
1790318678,51250,6939,150,0x0
1790318680,51250,6946,150,0x0
1790318682,50700,6933,150,0x0
1790318684,51250,6926,150,0x0
1790318686,51250,6928,150,0x0
1790318688,51800,6931,150,0x0
1790318690,51800,6930,150,0x0
1790318693,51800,6930,150,0x0
1790318695,51800,6930,150,0x0
1790318697,51800,6934,150,0x0
1790318699,51800,6938,150,0x0
1790318701,51250,6939,150,0x0
1790318703,51800,6939,150,0x0
1790318705,51800,6944,150,0x0
1790318707,51800,6944,150,0x0
1790318709,51800,6939,150,0x0
1790318711,50150,6942,150,0x0
1790318713,50150,6941,150,0x0
1790318715,52350,6947,150,0x0
1790318717,52900,6946,150,0x0
1790318719,52900,6949,150,0x0
1790318721,53450,6949,150,0x0
1790318723,52900,6949,150,0x0
1790318725,54000,6950,150,0x0
1790318727,53450,6954,150,0x0
1790318729,53450,6955,150,0x0
1790318731,52900,6952,150,0x0
1790318733,53450,6952,150,0x0
1790318735,54000,6954,150,0x0
1790318737,53450,6952,150,0x0
1790318739,54550,6954,150,0x0
1790318741,54550,6952,150,0x0
1790318743,54000,6955,150,0x0
1790318745,54550,6957,150,0x0
1790318747,54000,6955,150,0x0
1790318749,53450,6957,150,0x0
1790318751,54000,6954,150,0x0
1790318753,54550,6955,150,0x0
1790318755,54550,6952,150,0x0
1790318757,54550,6952,150,0x0
1790318759,54550,6955,150,0x0
1790318761,54000,6954,150,0x0
1790318763,54000,6955,150,0x0
1790318765,54550,6962,150,0x0
1790318767,55100,6960,150,0x0
1790318769,55100,6957,150,0x0
1790318771,54550,6960,150,0x0
1790318773,52350,6960,150,0x0
1790318775,50700,6958,150,0x0
1790318777,52900,6960,150,0x0
1790318779,52350,6958,150,0x0
1790318782,52900,6965,150,0x0
1790318784,52900,6963,150,0x0
1790318786,52900,6960,150,0x0
1790318788,52900,6965,150,0x0
1790318790,52900,6967,150,0x0
1790318792,52350,6965,150,0x0
1790318794,52900,6967,150,0x0
1790318796,52900,6968,150,0x0
1790318798,52900,6970,150,0x0
1790318800,53450,6967,150,0x0
1790318802,52900,6968,150,0x0
1790318804,52350,6968,150,0x0
1790318806,52350,6970,150,0x0
1790318808,52350,6971,150,0x0
1790318810,52900,6970,150,0x0
1790318812,52900,6968,150,0x0
1790318814,52900,6968,150,0x0
1790318817,52350,6973,150,0x0
1790318819,52900,6973,150,0x0
1790318821,53450,6970,150,0x0
1790318823,52900,6975,150,0x0
1790318825,52350,6973,150,0x0
1790318827,52900,6971,150,0x0
1790318829,52900,6968,150,0x0
1790318831,52900,6967,150,0x0
1790318833,53450,6971,150,0x0
1790318835,51800,6971,150,0x0
1790318837,49600,6967,150,0x0
1790318839,50150,6963,150,0x0
1790318841,49600,6968,150,0x0
1790318843,49050,6967,150,0x0
1790318845,47950,6970,150,0x0
1790318847,49050,6967,150,0x0
1790318849,49050,6967,150,0x0
1790318851,47400,6971,150,0x0
1790318853,48500,6971,150,0x0
1790318855,47400,6971,150,0x0
1790318857,50150,6971,150,0x0
1790318859,49050,6971,150,0x0
1790318861,47400,6970,150,0x0
1790318863,47950,6971,150,0x0
1790318865,47950,6970,150,0x0
1790318867,47400,6970,150,0x0
1790318869,47950,6970,150,0x0
1790318871,47950,6967,150,0x0
1790318873,47400,6973,150,0x0
1790318875,47950,6970,150,0x0
1790318877,47400,6971,150,0x0
1790318879,47400,6975,150,0x0
1790318881,47400,6971,150,0x0
1790318883,47950,6973,150,0x0
1790318885,47400,6968,150,0x0
1790318887,47950,6968,150,0x0
1790318889,47400,6968,150,0x0
1790318891,47400,6970,150,0x0
1790318893,47950,6965,150,0x0
1790318895,47400,6965,150,0x0
1790318897,46300,6962,150,0x0
1790318899,45750,6893,100,0x0
1790318901,45750,5002,100,0x0
1790318904,44650,4976,100,0x0
1790318906,43550,4966,100,0x0
1790318908,43550,4960,100,0x0
1790318910,43000,4954,100,0x0
1790318912,43000,4941,100,0x0
1790318914,43000,4934,100,0x0
1790318916,42450,4926,100,0x0
1790318918,42450,4918,100,0x0
1790318920,43000,4912,100,0x0
1790318922,42450,4904,100,0x0
1790318924,42450,4900,100,0x0
1790318926,42450,4899,100,0x0
1790318928,41900,4897,100,0x0
1790318930,42450,4893,100,0x0
1790318932,41350,4889,100,0x0
1790318934,41900,4893,100,0x0
1790318936,41900,4885,100,0x0
1790318938,41350,4885,100,0x0
1790318940,41900,4887,100,0x0
1790318942,41350,4888,100,0x0
1790318944,41350,4884,100,0x0
1790318946,40250,4883,100,0x0
1790318948,41900,4882,100,0x0
1790318950,40800,4877,100,0x0
1790318952,41350,4880,100,0x0
1790318954,40800,4879,100,0x0
1790318956,41350,4876,100,0x0
1790318958,41350,4876,100,0x0
1790318960,40800,4874,100,0x0
1790318962,44100,4879,100,0x0
1790318964,45200,4881,100,0x0
1790318966,46850,4875,100,0x0
1790318968,47400,4874,100,0x0
1790318970,47950,4872,100,0x0
1790318972,48500,4873,100,0x0
1790318974,47400,4874,100,0x0
1790318976,48500,4875,100,0x0
1790318978,48500,4870,100,0x0
1790318980,49050,4939,150,0x0
1790318982,50150,6874,150,0x0
1790318984,49600,6871,150,0x0
1790318986,49050,6866,150,0x0
1790318989,48500,6874,150,0x0
1790318991,49600,6882,150,0x0
1790318993,49600,6888,150,0x0
1790318995,49050,6888,150,0x0
1790318997,49600,6901,150,0x0
1790318999,47950,6907,150,0x0
1790319001,49600,6914,150,0x0
1790319003,49600,6915,150,0x0
1790319005,49600,6926,150,0x0
1790319007,49600,6930,150,0x0
1790319009,50150,6933,150,0x0
1790319011,48500,6938,150,0x0
1790319013,51250,6946,150,0x0
1790319015,49050,6944,150,0x0
1790319017,49050,6950,150,0x0
1790319019,49050,6954,150,0x0
1790319021,47400,6954,150,0x0
1790319023,48500,6944,150,0x0
1790319025,49050,6944,150,0x0
1790319027,50700,6939,150,0x0
1790319029,50150,6942,150,0x0
1790319031,50150,6944,150,0x0
1790319033,50700,6941,150,0x0
1790319035,50700,6941,150,0x0
1790319038,50700,6942,150,0x0
1790319040,51250,6942,150,0x0
1790319042,51250,6947,150,0x0
1790319044,50150,6946,150,0x0
1790319046,52350,6944,150,0x0
1790319048,50700,6947,150,0x0
1790319050,51800,6944,150,0x0
1790319052,51250,6949,150,0x0
1790319054,51800,6947,150,0x0
1790319056,51250,6954,150,0x0
1790319058,51800,6950,150,0x0
1790319060,51800,6952,150,0x0
1790319062,51800,6952,150,0x0
1790319064,50700,6954,150,0x0
1790319066,51800,6947,150,0x0
1790319068,51800,6954,150,0x0
1790319070,51800,6954,150,0x0
1790319072,51800,6952,150,0x0
1790319074,52350,6958,150,0x0
1790319076,52350,6958,150,0x0
1790319078,51250,6952,150,0x0
1790319080,52350,6952,150,0x0
1790319083,52350,6955,150,0x0
1790319085,47950,6949,150,0x0
1790319087,51800,6958,150,0x0
1790319089,52350,6955,150,0x0
1790319091,54550,6957,150,0x0
1790319093,53450,6958,150,0x0
1790319095,53450,6960,150,0x0
1790319097,54000,6955,150,0x0
1790319099,53450,6958,150,0x0
1790319101,54550,6958,150,0x0
1790319103,53450,6962,150,0x0
1790319105,54000,6960,150,0x0
1790319107,54000,6958,150,0x0
1790319109,54000,6962,150,0x0
1790319111,54550,6963,150,0x0
1790319113,54550,6962,150,0x0
1790319115,54550,6962,150,0x0
1790319117,54550,6960,150,0x0
1790319119,54550,6962,150,0x0
1790319121,53450,6965,150,0x0
1790319123,54550,6965,150,0x0
1790319125,54550,6962,150,0x0
1790319127,54550,6965,150,0x0
1790319129,55100,6967,150,0x0
1790319131,54000,6968,150,0x0
1790319133,53450,6965,150,0x0
1790319135,55100,6963,150,0x0
1790319137,55100,6965,150,0x0
1790319139,55100,6963,150,0x0
1790319141,55100,6973,150,0x0
1790319143,54550,6971,150,0x0
1790319145,53450,6973,150,0x0
1790319147,51250,6967,150,0x0
1790319149,52900,6973,150,0x0
1790319151,53450,6970,150,0x0
1790319153,52900,6968,150,0x0
1790319155,52900,6973,150,0x0
1790319157,52350,6973,150,0x0
1790319159,53450,6967,150,0x0
1790319161,52900,6971,150,0x0
1790319163,52900,6973,150,0x0
1790319166,52900,6973,150,0x0
1790319168,53450,6971,150,0x0
1790319170,54550,6971,150,0x0
1790319172,54000,6973,150,0x0
1790319174,53450,6970,150,0x0
1790319176,53450,6971,150,0x0
1790319178,54000,6973,150,0x0
1790319180,53450,6968,150,0x0
1790319182,53450,6975,150,0x0
1790319184,52900,6976,150,0x0
1790319186,53450,6970,150,0x0
1790319188,53450,6971,150,0x0
1790319190,52900,6971,150,0x0
1790319192,53450,6973,150,0x0
1790319194,55100,6970,150,0x0
1790319197,53450,6973,150,0x0
1790319199,53450,6971,150,0x0
1790319201,54000,6970,150,0x0
1790319203,52900,6967,150,0x0
1790319205,54550,6970,150,0x0
1790319207,52900,6973,150,0x0
1790319209,50150,6971,150,0x0
1790319211,50150,6975,150,0x0
1790319213,50150,6971,150,0x0
1790319215,50700,6973,150,0x0
1790319217,49050,6975,150,0x0
1790319219,49050,6970,150,0x0
1790319221,49600,6978,150,0x0
1790319223,48500,6976,150,0x0
1790319225,47950,6975,150,0x0
1790319227,49050,6979,150,0x0
1790319229,47950,6976,150,0x0
1790319231,47950,6971,150,0x0
1790319233,49050,6975,150,0x0
1790319235,49050,6976,150,0x0
1790319237,46850,6976,150,0x0
1790319239,48500,6975,150,0x0
1790319241,48500,6975,150,0x0
1790319243,47950,6975,150,0x0
1790319245,46300,6976,150,0x0
1790319247,47400,6981,150,0x0
1790319249,49050,6975,150,0x0
1790319251,47950,6975,150,0x0
1790319253,46850,6971,150,0x0
1790319255,47950,6975,150,0x0
1790319257,47400,6971,150,0x0
1790319259,46850,6970,150,0x0
1790319261,47950,6968,150,0x0
1790319263,45750,6965,150,0x0
1790319265,46300,6967,150,0x0
1790319267,47400,6971,150,0x0
1790319269,46850,6967,150,0x0
1790319271,45750,6968,150,0x0
1790319273,45200,6970,150,0x0
1790319275,44650,6967,150,0x0
1790319277,44650,6950,100,0x0
1790319279,43550,5002,100,0x0
1790319281,43000,4976,100,0x0
1790319283,43000,4969,100,0x0
1790319285,43000,4961,100,0x0
1790319287,43550,4950,100,0x0
1790319289,43000,4942,100,0x0
1790319291,42450,4935,100,0x0
1790319293,43000,4926,100,0x0
1790319295,42450,4918,100,0x0
1790319297,42450,4914,100,0x0
1790319299,42450,4911,100,0x0
1790319301,41900,4907,100,0x0
1790319303,42450,4910,100,0x0
1790319305,42450,4904,100,0x0
1790319307,42450,4904,100,0x0
1790319309,41350,4901,100,0x0
1790319311,41350,4902,100,0x0
1790319313,41900,4905,100,0x0
1790319315,40800,4903,100,0x0
1790319317,41900,4901,100,0x0
1790319320,41900,4895,100,0x0
1790319322,41900,4891,100,0x0
1790319324,41900,4885,100,0x0
1790319326,41350,4885,100,0x0
1790319328,41900,4886,100,0x0
1790319330,41350,4888,100,0x0
1790319332,40800,4887,100,0x0
1790319334,40250,4885,100,0x0
1790319336,41350,4887,100,0x0
1790319338,40800,4886,100,0x0
1790319340,39700,4889,100,0x0
1790319342,40800,4885,100,0x0
1790319344,40800,4885,100,0x0
1790319346,39150,4885,100,0x0
1790319348,41350,4885,100,0x0
1790319350,40800,4884,100,0x0
1790319352,39700,4886,100,0x0
1790319354,40800,4885,100,0x0
1790319356,40800,4887,100,0x0
1790319358,40250,4885,100,0x0
1790319360,41350,4882,100,0x0
1790319362,39700,4884,100,0x0
1790319364,39700,4885,100,0x0
1790319366,39150,4881,100,0x0
1790319368,39700,4881,100,0x0
1790319370,39700,4880,100,0x0
1790319372,40250,4880,100,0x0
1790319374,39700,4874,100,0x0
1790319376,39700,4877,100,0x0
1790319378,39700,4876,100,0x0
1790319380,40250,4880,100,0x0
1790319382,40250,4874,100,0x0
1790319384,39150,4872,100,0x0
1790319386,39700,4874,100,0x0
1790319388,39700,4873,100,0x0
1790319390,39700,4871,100,0x0
1790319392,39700,4868,100,0x0
1790319394,39700,4870,100,0x0
1790319396,39150,4869,100,0x0
1790319398,39700,4867,100,0x0
1790319400,38600,4868,100,0x0
1790319402,39700,4865,100,0x0
1790319404,38600,4860,100,0x0
1790319406,40250,4862,100,0x0
1790319408,39150,4864,100,0x0
1790319410,39150,4864,100,0x0
1790319412,39150,4864,100,0x0
1790319414,39150,4861,100,0x0
1790319416,39700,4860,100,0x0
1790319418,39150,4862,100,0x0
1790319420,38600,4859,100,0x0
1790319422,39150,4858,100,0x0
1790319424,38600,4862,100,0x0
1790319426,38600,4860,100,0x0
1790319428,39150,4860,100,0x0
1790319430,38050,4859,100,0x0
1790319432,38600,4865,100,0x0
1790319434,38600,4863,100,0x0
1790319436,38600,4859,100,0x0
1790319438,38600,4858,100,0x0
1790319440,38600,4861,100,0x0
1790319442,38600,4860,100,0x0
1790319444,38600,4859,100,0x0
1790319446,39150,4856,100,0x0
1790319448,38050,4857,100,0x0
1790319450,38600,4855,100,0x0
1790319452,38600,4859,100,0x0
1790319454,38600,4859,100,0x0
1790319456,38050,4858,100,0x0
1790319458,38600,4856,100,0x0
1790319460,38600,4856,100,0x0
1790319462,38600,4857,100,0x0
1790319464,38050,4859,100,0x0
1790319466,38050,4858,100,0x0
1790319468,38600,4859,100,0x0
1790319470,38600,4852,100,0x0
1790319472,38600,4858,100,0x0
1790319474,37500,4856,100,0x0
1790319476,38600,4853,100,0x0
1790319478,38050,4852,100,0x0
1790319480,38050,4847,100,0x0
1790319482,38600,4852,100,0x0
1790319484,37500,4848,100,0x0
1790319486,38050,4850,100,0x0
1790319488,38050,4848,100,0x0
1790319490,38050,4850,100,0x0
1790319492,37500,4847,100,0x0
1790319494,37500,4847,100,0x0
1790319496,38050,4846,100,0x0
1790319498,37500,4843,100,0x0
1790319500,38050,4844,100,0x0
1790319502,37500,4842,100,0x0
1790319504,36400,4844,100,0x0
1790319506,38050,4845,100,0x0
1790319508,38050,4845,100,0x0
1790319510,37500,4847,100,0x0
1790319512,37500,4840,100,0x0
1790319514,37500,4840,100,0x0
1790319516,36950,4839,100,0x0
1790319518,37500,4838,100,0x0
1790319520,38050,4837,100,0x0
1790319522,37500,4837,100,0x0
1790319524,38050,4837,100,0x0
1790319526,38050,4835,100,0x0
1790319528,36400,4837,100,0x0
1790319530,37500,4835,100,0x0
1790319532,38050,4837,100,0x0
1790319534,37500,4840,100,0x0
1790319536,36950,4841,100,0x0
1790319538,37500,4837,100,0x0
1790319540,38050,4838,100,0x0
1790319543,37500,4837,100,0x0
1790319545,36950,4837,100,0x0
1790319547,37500,4841,100,0x0
1790319549,36400,4837,100,0x0
1790319551,37500,4833,100,0x0
1790319553,36950,4834,100,0x0
1790319555,37500,4834,100,0x0
1790319557,36950,4840,100,0x0
1790319559,36950,4837,100,0x0
1790319561,36950,4836,100,0x0
1790319563,36950,4837,100,0x0
1790319565,36950,4837,100,0x0
1790319567,37500,4830,100,0x0
1790319569,37500,4832,100,0x0
1790319571,37500,4827,100,0x0
1790319573,37500,4829,100,0x0
1790319575,37500,4822,100,0x0
1790319577,36950,4823,100,0x0
1790319579,36950,4823,100,0x0
1790319581,37500,4823,100,0x0
1790319583,37500,4824,100,0x0
1790319585,37500,4825,100,0x0
1790319587,37500,4826,100,0x0
1790319589,37500,4825,100,0x0
1790319591,36950,4820,100,0x0
1790319593,35850,4824,100,0x0
1790319595,35850,4829,100,0x0
1790319597,37500,4823,100,0x0
1790319599,36950,4823,100,0x0
1790319601,36950,4828,100,0x0
1790319603,36950,4823,100,0x0
1790319605,37500,4822,100,0x0
1790319607,36950,4823,100,0x0
1790319609,37500,4827,100,0x0
1790319611,36400,4822,100,0x0
1790319613,36950,4821,100,0x0
1790319615,35300,4820,100,0x0
1790319617,37500,4823,100,0x0
1790319619,37500,4823,100,0x0
1790319621,36950,4821,100,0x0
1790319623,36950,4820,100,0x0
1790319625,35300,4820,100,0x0
1790319627,36400,4818,100,0x0
1790319629,36950,4816,100,0x0
1790319631,37500,4816,100,0x0
1790319633,35300,4820,100,0x0
1790319635,36950,4816,100,0x0
1790319637,36950,4818,100,0x0
1790319639,37500,4802,0,0x0
1790319641,40250,401,100,0x0
1790319643,41900,4831,100,0x0
1790319645,41900,4832,100,0x0
1790319647,41900,4820,100,0x0
1790319649,43550,4813,100,0x0
1790319651,43550,4807,100,0x0
1790319653,43550,4806,100,0x0
1790319655,44650,4804,100,0x0
1790319657,45200,4802,100,0x0
1790319659,45200,4800,100,0x0
1790319661,44650,4796,100,0x0
1790319664,45200,4799,100,0x0
1790319666,45750,4795,100,0x0
1790319668,45200,4796,100,0x0
1790319670,44650,4800,100,0x0
1790319672,45750,4795,100,0x0
1790319674,46300,4796,100,0x0
1790319676,46300,4799,100,0x0
1790319678,46300,4797,100,0x0
1790319680,46850,4799,100,0x0
1790319682,45750,4798,100,0x0
1790319684,47400,4799,100,0x0
1790319686,46850,4805,100,0x0
1790319688,47950,4806,100,0x0
1790319690,46850,4805,100,0x0
1790319692,46300,4806,100,0x0
1790319694,49050,4812,100,0x0
1790319696,47400,4812,100,0x0
1790319698,46850,4812,100,0x0
1790319700,45200,4815,100,0x0
1790319702,47950,4813,100,0x0
1790319704,47950,4815,100,0x0
1790319706,47950,4817,100,0x0
1790319709,48500,4819,100,0x0
1790319711,49600,4821,100,0x0
1790319713,49050,4818,100,0x0
1790319715,49600,4820,100,0x0
1790319717,49600,4817,100,0x0
1790319719,49600,4820,100,0x0
1790319721,49600,4821,100,0x0
1790319723,50700,5002,150,0x0
1790319725,50150,6833,150,0x0
1790319727,49600,6824,150,0x0
1790319729,50150,6835,150,0x0
1790319731,49050,6835,150,0x0
1790319733,50700,6833,150,0x0
1790319735,50150,6843,150,0x0
1790319737,50150,6852,150,0x0
1790319739,50150,6860,150,0x0
1790319741,50700,6874,150,0x0
1790319743,49600,6879,150,0x0
1790319745,50700,6891,150,0x0
1790319747,50700,6898,150,0x0
1790319749,50700,6901,150,0x0
1790319751,50700,6906,150,0x0
1790319753,50700,6898,150,0x0
1790319755,50150,6898,150,0x0
1790319757,50700,6904,150,0x0
1790319759,49600,6906,150,0x0
1790319761,48500,6907,150,0x0
1790319763,49600,6909,150,0x0
1790319765,50700,6912,150,0x0
1790319767,52350,6917,150,0x0
1790319769,51800,6922,150,0x0
1790319772,53450,6923,150,0x0
1790319774,53450,6926,150,0x0
1790319776,51800,6926,150,0x0
1790319778,52900,6930,150,0x0
1790319780,52900,6933,150,0x0
1790319782,53450,6934,150,0x0
1790319784,52900,6936,150,0x0
1790319786,53450,6941,150,0x0
1790319788,53450,6936,150,0x0
1790319790,53450,6941,150,0x0
1790319792,54550,6947,150,0x0
1790319794,52900,6949,150,0x0
1790319796,53450,6949,150,0x0
1790319798,53450,6952,150,0x0
1790319800,53450,6950,150,0x0
1790319802,53450,6949,150,0x0
1790319804,54000,6955,150,0x0
1790319806,52900,6957,150,0x0
1790319808,54000,6958,150,0x0
1790319810,55650,6958,150,0x0
1790319812,54000,6962,150,0x0
1790319814,54000,6960,150,0x0
1790319816,53450,6960,150,0x0
1790319818,54000,6965,150,0x0
1790319820,54000,6968,150,0x0
1790319822,54000,6965,150,0x0
1790319824,50700,6960,150,0x0
1790319826,51800,6965,150,0x0
1790319828,51250,6962,150,0x0
1790319830,51800,6962,150,0x0
1790319832,52350,6963,150,0x0
1790319834,53450,6965,150,0x0
1790319836,51800,6968,150,0x0
1790319838,52350,6968,150,0x0
1790319840,52350,6967,150,0x0
1790319842,51800,6968,150,0x0
1790319844,51800,6970,150,0x0
1790319846,52350,6968,150,0x0
1790319848,51800,6968,150,0x0
1790319850,52350,6963,150,0x0
1790319852,51800,6967,150,0x0
1790319854,52350,6967,150,0x0
1790319856,52350,6970,150,0x0
1790319858,52350,6968,150,0x0
1790319861,52350,6973,150,0x0
1790319863,52900,6970,150,0x0
1790319865,52350,6971,150,0x0
1790319867,52900,6968,150,0x0
1790319869,52350,6970,150,0x0
1790319871,52350,6970,150,0x0
1790319873,53450,6968,150,0x0
1790319875,52350,6970,150,0x0
1790319877,52900,6967,150,0x0
1790319879,52350,6970,150,0x0
1790319881,51800,6970,150,0x0
1790319883,52350,6970,150,0x0
1790319885,52350,6973,150,0x0
1790319887,50150,6970,150,0x0
1790319889,49600,6971,150,0x0
1790319891,49050,6971,150,0x0
1790319893,48500,6968,150,0x0
1790319895,47950,6968,150,0x0
1790319897,49050,6967,150,0x0
1790319899,49050,6970,150,0x0
1790319901,46850,6967,150,0x0
1790319903,47950,6967,150,0x0
1790319905,47400,6968,150,0x0
1790319907,47400,6963,150,0x0
1790319909,46300,6968,150,0x0
1790319911,46850,6968,150,0x0
1790319913,47950,6967,150,0x0
1790319915,47400,6967,150,0x0
1790319917,46850,6970,150,0x0
1790319919,47400,6968,150,0x0
1790319921,47400,6965,150,0x0
1790319923,46850,6967,150,0x0
1790319925,46300,6967,150,0x0
1790319927,46850,6965,150,0x0
1790319929,46300,6971,150,0x0
1790319931,47400,6968,150,0x0
1790319933,47400,6968,150,0x0
1790319935,46300,6968,150,0x0
1790319937,46850,6968,150,0x0
1790319939,46850,6965,150,0x0
1790319941,45750,6963,150,0x0
1790319943,46850,6967,150,0x0
1790319945,46850,6962,150,0x0
1790319947,45750,6962,150,0x0
1790319949,45200,6962,150,0x0
1790319951,44100,5065,100,0x0
1790319953,43000,4975,100,0x0
1790319955,43000,4970,100,0x0
1790319957,43550,4965,100,0x0
1790319959,42450,4954,100,0x0
1790319961,41900,4945,100,0x0
1790319963,41350,4935,100,0x0
1790319965,43000,4930,100,0x0
1790319967,42450,4920,100,0x0
1790319969,41350,4913,100,0x0
1790319971,41900,4908,100,0x0
1790319973,41900,4905,100,0x0
1790319975,41350,4903,100,0x0
1790319977,41350,4899,100,0x0
1790319979,41350,4897,100,0x0
1790319981,40800,4892,100,0x0
1790319983,41350,4890,100,0x0
1790319985,41350,4887,100,0x0
1790319988,40800,4885,100,0x0
1790319990,42450,4889,100,0x0
1790319992,41350,4889,100,0x0
1790319994,40800,4890,100,0x0
1790319996,41350,4885,100,0x0
1790319998,41350,4883,100,0x0
1790320000,39700,4878,100,0x0
1790320002,39700,4874,100,0x0
1790320004,40800,4869,100,0x0
1790320006,40250,4872,100,0x0
1790320008,40800,4871,100,0x0
1790320010,40800,4873,100,0x0
1790320012,43000,4878,100,0x0
1790320014,44100,4876,100,0x0
1790320016,44100,4874,100,0x0
1790320018,46300,4874,100,0x0
1790320020,45750,4875,100,0x0
1790320022,46850,4874,100,0x0
1790320024,46850,4875,100,0x0
1790320026,46850,4874,100,0x0
1790320028,47950,4873,100,0x0
1790320030,47950,4874,100,0x0
1790320032,49600,4876,100,0x0
1790320034,49050,4875,100,0x0
1790320036,48500,4874,100,0x0
1790320038,48500,4875,100,0x0
1790320040,49050,4872,100,0x0
1790320042,49050,4873,100,0x0
1790320044,49600,4874,100,0x0
1790320046,49050,4872,100,0x0
1790320049,49600,4870,100,0x0
1790320051,49600,4872,100,0x0
1790320053,49050,4870,100,0x0
1790320055,49050,4866,100,0x0
1790320057,49050,5447,150,0x0
1790320059,48500,6877,150,0x0
1790320061,48500,6868,150,0x0
1790320063,48500,6871,150,0x0
1790320065,49600,6877,150,0x0
1790320067,49050,6879,150,0x0
1790320069,50150,6877,150,0x0
1790320071,47950,6882,150,0x0
1790320073,48500,6882,150,0x0
1790320075,49600,6896,150,0x0
1790320077,48500,6901,150,0x0
1790320079,50700,6910,150,0x0
1790320081,49050,6910,150,0x0
1790320083,50150,6917,150,0x0
1790320085,50700,6926,150,0x0
1790320087,51250,6933,150,0x0
1790320089,50700,6939,150,0x0
1790320091,50700,6944,150,0x0
1790320093,51250,6942,150,0x0
1790320095,50700,6933,150,0x0
1790320097,51800,6934,150,0x0
1790320099,50700,6931,150,0x0
1790320101,51250,6936,150,0x0
1790320104,51250,6933,150,0x0
1790320106,50150,6936,150,0x0
1790320108,51800,6941,150,0x0
1790320110,51800,6944,150,0x0
1790320112,51250,6942,150,0x0
1790320114,52350,6941,150,0x0
1790320116,51250,6941,150,0x0
1790320118,51800,6946,150,0x0
1790320120,50700,6950,150,0x0
1790320122,51800,6957,150,0x0
1790320124,51800,6955,150,0x0
1790320126,51800,6958,150,0x0
1790320128,51800,6955,150,0x0
1790320130,52350,6955,150,0x0
1790320132,52350,6955,150,0x0
1790320134,49050,6958,150,0x0
1790320136,51800,6963,150,0x0
1790320138,52900,6965,150,0x0
1790320140,52900,6960,150,0x0
1790320142,52350,6963,150,0x0
1790320144,54000,6963,150,0x0
1790320146,53450,6967,150,0x0
1790320148,54000,6967,150,0x0
1790320150,54550,6967,150,0x0
1790320152,54000,6967,150,0x0
1790320154,54000,6967,150,0x0
1790320156,54550,6967,150,0x0
1790320158,54000,6967,150,0x0
1790320160,53450,6970,150,0x0
1790320162,54550,6968,150,0x0
1790320164,54000,6970,150,0x0
1790320166,54000,6973,150,0x0
1790320168,55100,6973,150,0x0
1790320170,54550,6967,150,0x0
1790320172,54550,6968,150,0x0
1790320174,54550,6970,150,0x0
1790320176,54550,6967,150,0x0
1790320178,54000,6968,150,0x0
1790320180,54550,6967,150,0x0
1790320182,54550,6970,150,0x0
1790320184,54550,6970,150,0x0
1790320186,54550,6970,150,0x0
1790320188,55100,6970,150,0x0
1790320190,54000,6973,150,0x0
1790320192,54000,6970,150,0x0
1790320194,55650,6973,150,0x0
1790320196,50700,6968,150,0x0
1790320198,52350,6971,150,0x0
1790320200,52900,6976,150,0x0
1790320202,52350,6973,150,0x0
1790320204,53450,6970,150,0x0
1790320207,52900,6973,150,0x0
1790320209,52900,6976,150,0x0
1790320211,51800,6973,150,0x0
1790320213,52900,6976,150,0x0
1790320215,53450,6978,150,0x0
1790320217,54000,6976,150,0x0
1790320219,52900,6976,150,0x0
1790320221,53450,6976,150,0x0
1790320223,52900,6976,150,0x0
1790320225,52900,6978,150,0x0
1790320227,52900,6978,150,0x0
1790320229,53450,6973,150,0x0
1790320231,53450,6978,150,0x0
1790320233,53450,6976,150,0x0
1790320235,53450,6978,150,0x0
1790320237,52900,6978,150,0x0
1790320239,53450,6975,150,0x0
1790320241,53450,6976,150,0x0
1790320243,53450,6981,150,0x0
1790320245,52900,6978,150,0x0
1790320247,52900,6981,150,0x0
1790320249,53450,6978,150,0x0
1790320251,53450,6979,150,0x0
1790320253,52900,6979,150,0x0
1790320255,52900,6984,150,0x0
1790320257,50700,6978,150,0x0
1790320259,49600,6979,150,0x0
1790320261,50150,6978,150,0x0
1790320263,49600,6979,150,0x0
1790320265,49600,6979,150,0x0
1790320267,49050,6979,150,0x0
1790320270,49050,6978,150,0x0
1790320272,49050,6976,150,0x0
1790320274,49050,6973,150,0x0
1790320276,48500,6973,150,0x0
1790320278,48500,6975,150,0x0
1790320280,48500,6976,150,0x0
1790320282,47950,6975,150,0x0
1790320284,49050,6973,150,0x0
1790320286,48500,6971,150,0x0
1790320288,48500,6975,150,0x0
1790320290,49050,6973,150,0x0
1790320292,47950,6975,150,0x0
1790320294,47950,6978,150,0x0
1790320296,47950,6975,150,0x0
1790320298,47950,6976,150,0x0
1790320300,47950,6975,150,0x0
1790320302,47950,6971,150,0x0
1790320304,47400,6971,150,0x0
1790320306,47400,6976,150,0x0
1790320308,45750,6978,150,0x0
1790320310,46850,6976,150,0x0
1790320312,47950,6973,150,0x0
1790320314,47400,6976,150,0x0
1790320316,47400,6976,150,0x0
1790320318,47400,6973,150,0x0
1790320320,46300,6971,150,0x0
1790320322,45200,6973,150,0x0
1790320324,45200,6973,150,0x0
1790320326,45200,5195,100,0x0
1790320328,43550,4987,100,0x0
1790320330,43550,4981,100,0x0
1790320332,43550,4972,100,0x0
1790320334,43000,4964,100,0x0
1790320336,42450,4953,100,0x0
1790320338,42450,4943,100,0x0
1790320340,41900,4934,100,0x0
1790320342,41900,4924,100,0x0
1790320344,42450,4918,100,0x0
1790320346,42450,4912,100,0x0
1790320348,42450,4907,100,0x0
1790320350,42450,4902,100,0x0
1790320352,42450,4904,100,0x0
1790320354,42450,4897,100,0x0
1790320356,41900,4896,100,0x0
1790320358,41900,4891,100,0x0
1790320360,41900,4891,100,0x0
1790320362,41350,4888,100,0x0
1790320364,41350,4887,100,0x0
1790320366,40800,4886,100,0x0
1790320368,41350,4890,100,0x0
1790320370,40800,4886,100,0x0
1790320372,41350,4884,100,0x0
1790320374,40800,4887,100,0x0
1790320376,41350,4885,100,0x0
1790320378,40800,4883,100,0x0
1790320380,41350,4879,100,0x0
1790320382,40800,4877,100,0x0
1790320384,44100,4876,100,0x0
1790320386,46300,4878,100,0x0
1790320388,46300,4875,100,0x0
1790320390,46850,4871,100,0x0
1790320392,46300,4869,100,0x0
1790320394,47400,4868,100,0x0
1790320396,47400,4868,100,0x0
1790320398,47950,4865,100,0x0
1790320400,47950,4859,100,0x0
1790320402,46300,4859,100,0x0
1790320404,47400,4856,100,0x0
1790320406,48500,4855,100,0x0
1790320409,48500,4855,100,0x0
1790320411,48500,4850,100,0x0
1790320413,48500,4849,100,0x0
1790320415,49050,4849,100,0x0
1790320417,49600,4848,100,0x0
1790320419,49600,6645,150,0x0
1790320421,49600,6839,150,0x0
1790320423,48500,6841,150,0x0
1790320425,49050,6844,150,0x0
1790320427,49600,6854,150,0x0
1790320429,48500,6858,150,0x0
1790320431,49600,6868,150,0x0
1790320433,49600,6879,150,0x0
1790320435,49050,6888,150,0x0
1790320437,48500,6898,150,0x0
1790320439,49600,6898,150,0x0
1790320441,49050,6891,150,0x0
1790320443,46850,6894,150,0x0
1790320445,48500,6898,150,0x0
1790320447,50150,6906,150,0x0
1790320449,50150,6912,150,0x0
1790320451,50700,6915,150,0x0
1790320453,50700,6918,150,0x0
1790320455,50700,6922,150,0x0
1790320458,50700,6918,150,0x0
1790320460,50700,6923,150,0x0
1790320462,49600,6928,150,0x0
1790320464,50150,6928,150,0x0
1790320466,51250,6933,150,0x0
1790320468,51250,6933,150,0x0
1790320470,51250,6938,150,0x0
1790320472,51250,6934,150,0x0
1790320474,50700,6939,150,0x0
1790320476,51250,6941,150,0x0
1790320478,50700,6939,150,0x0
1790320480,51800,6942,150,0x0
1790320482,51800,6946,150,0x0
1790320484,51250,6947,150,0x0
1790320486,50700,6947,150,0x0
1790320488,51800,6950,150,0x0
1790320490,52350,6954,150,0x0
1790320492,52350,6955,150,0x0
1790320494,51800,6957,150,0x0
1790320496,50700,6957,150,0x0
1790320498,51800,6952,150,0x0
1790320500,51800,6958,150,0x0
1790320502,51800,6957,150,0x0
1790320504,51250,6957,150,0x0
1790320506,49050,6957,150,0x0
1790320508,51250,6960,150,0x0
1790320510,52900,6967,150,0x0
1790320512,53450,6965,150,0x0
1790320514,54000,6967,150,0x0
1790320516,52900,6967,150,0x0
1790320518,54000,6968,150,0x0
1790320521,54550,6967,150,0x0
1790320523,54000,6965,150,0x0
1790320525,54550,6965,150,0x0
1790320527,54550,6968,150,0x0
1790320529,54550,6971,150,0x0
1790320531,54000,6971,150,0x0
1790320533,53450,6975,150,0x0
1790320535,54000,6971,150,0x0
1790320537,54550,6971,150,0x0
1790320539,54550,6971,150,0x0
1790320541,54550,6973,150,0x0
1790320543,54550,6976,150,0x0
1790320545,55100,6973,150,0x0
1790320547,54550,6971,150,0x0
1790320549,55100,6978,150,0x0
1790320551,54000,6981,150,0x0
1790320553,54550,6979,150,0x0
1790320555,54550,6976,150,0x0
1790320557,54550,6978,150,0x0
1790320559,55100,6978,150,0x0
1790320561,55650,6979,150,0x0
1790320563,55100,6979,150,0x0
1790320565,54550,6984,150,0x0
1790320567,55650,6983,150,0x0
1790320569,50150,6975,150,0x0
1790320571,52350,6981,150,0x0
1790320573,52900,6975,150,0x0
1790320575,54000,6981,150,0x0
1790320577,52900,6981,150,0x0
1790320579,52350,6976,150,0x0
1790320581,54550,6978,150,0x0
1790320583,54000,6978,150,0x0
1790320585,52350,6983,150,0x0
1790320587,52900,6981,150,0x0
1790320589,52350,6978,150,0x0
1790320591,52900,6979,150,0x0
1790320593,54000,6986,150,0x0
1790320595,52900,6984,150,0x0
1790320597,52900,6984,150,0x0
1790320599,52900,6984,150,0x0
1790320601,53450,6988,150,0x0
1790320603,53450,6984,150,0x0
1790320605,54550,6986,150,0x0
1790320607,53450,6986,150,0x0
1790320610,52350,6984,150,0x0
1790320612,53450,6991,150,0x0
1790320614,53450,6981,150,0x0
1790320616,53450,6983,150,0x0
1790320618,52900,6984,150,0x0
1790320620,54000,6989,150,0x0
1790320622,53450,6988,150,0x0
1790320624,53450,6988,150,0x0
1790320626,54000,6989,150,0x0
1790320628,53450,6986,150,0x0
1790320630,51250,6986,150,0x0
1790320632,50700,6988,150,0x0
1790320634,50150,6984,150,0x0
1790320636,50150,6988,150,0x0
1790320638,48500,6991,150,0x0
1790320640,49050,6988,150,0x0
1790320642,49600,6991,150,0x0
1790320644,49050,6989,150,0x0
1790320646,49050,6991,150,0x0
1790320648,47950,6988,150,0x0
1790320650,48500,6989,150,0x0
1790320652,49050,6986,150,0x0
1790320654,48500,6988,150,0x0
1790320656,49050,6991,150,0x0
1790320658,49050,6991,150,0x0
1790320660,47950,6988,150,0x0
1790320662,47950,6989,150,0x0
1790320664,48500,6989,150,0x0
1790320666,47950,6986,150,0x0
1790320668,47950,6988,150,0x0
1790320670,47400,6986,150,0x0
1790320672,46850,6986,150,0x0
1790320674,47400,6981,150,0x0
1790320676,46850,6984,150,0x0
1790320678,48500,6984,150,0x0
1790320680,47950,6984,150,0x0
1790320682,47400,6986,150,0x0
1790320684,47400,6981,150,0x0
1790320686,46850,6981,150,0x0
1790320688,46300,6981,150,0x0
1790320690,46300,6989,150,0x0
1790320692,46300,6983,150,0x0
1790320694,45200,6983,150,0x0
1790320696,43550,5040,100,0x0
1790320698,44100,4989,100,0x0
1790320700,45750,4986,100,0x0
1790320702,45750,4975,100,0x0
1790320704,44100,4967,100,0x0
1790320706,44650,4957,100,0x0
1790320708,44100,4948,100,0x0
1790320710,43000,4937,100,0x0
1790320712,43000,4930,100,0x0
1790320714,42450,4925,100,0x0
1790320716,41350,4922,100,0x0
1790320718,43000,4919,100,0x0
1790320720,41350,4915,100,0x0
1790320722,43000,4914,100,0x0
1790320724,41900,4913,100,0x0
1790320726,41900,4908,100,0x0
1790320728,42450,4909,100,0x0
1790320730,41900,4905,100,0x0
1790320732,41900,4909,100,0x0
1790320734,42450,4906,100,0x0
1790320736,41900,4903,100,0x0
1790320738,41350,4902,100,0x0
1790320740,41900,4901,100,0x0
1790320742,41350,4900,100,0x0
1790320744,41900,4894,100,0x0
1790320746,41350,4893,100,0x0
1790320748,40800,4890,100,0x0
1790320750,41350,4886,100,0x0
1790320752,40800,4886,100,0x0
1790320754,39700,4882,100,0x0
1790320756,41350,4878,100,0x0
1790320758,41350,4878,100,0x0
1790320760,40800,4875,100,0x0
1790320763,41900,4877,100,0x0
1790320765,40800,4872,100,0x0
1790320767,40800,4871,100,0x0
1790320769,40800,4870,100,0x0
1790320771,40800,4868,100,0x0
1790320773,40800,4866,100,0x0
1790320775,40250,4865,100,0x0
1790320777,40250,4866,100,0x0
1790320779,40800,4866,100,0x0
1790320781,40250,4864,100,0x0
1790320783,40250,4865,100,0x0
1790320785,40250,4863,100,0x0
1790320787,39700,4865,100,0x0
1790320789,40250,4862,100,0x0
1790320791,40250,4863,100,0x0
1790320793,40250,4860,100,0x0
1790320795,40250,4860,100,0x0
1790320797,39700,4858,100,0x0
1790320799,40250,4859,100,0x0
1790320801,39700,4858,100,0x0
1790320803,40250,4858,100,0x0
1790320805,38600,4857,100,0x0
1790320807,39700,4859,100,0x0
1790320809,39700,4856,100,0x0
1790320811,39700,4856,100,0x0
1790320813,40250,4852,100,0x0
1790320815,40250,4855,100,0x0
1790320817,39150,4855,100,0x0
1790320819,39150,4852,100,0x0
1790320821,38600,4851,100,0x0
1790320823,39150,4851,100,0x0
1790320825,39700,4848,100,0x0
1790320827,39150,4851,100,0x0
1790320829,39700,4847,100,0x0
1790320831,39150,4851,100,0x0
1790320833,39150,4849,100,0x0
1790320835,39700,4846,100,0x0
1790320837,39150,4847,100,0x0
1790320839,39150,4845,100,0x0
1790320841,38600,4846,100,0x0
1790320843,39700,4846,100,0x0
1790320845,39150,4843,100,0x0
1790320847,37500,4845,100,0x0
1790320849,38600,4844,100,0x0
1790320851,39150,4844,100,0x0
1790320853,39150,4844,100,0x0
1790320855,39700,4845,100,0x0
1790320857,38600,4845,100,0x0
1790320859,38600,4846,100,0x0
1790320861,38600,4842,100,0x0
1790320863,39150,4842,100,0x0
1790320865,39150,4844,100,0x0
1790320867,39150,4841,100,0x0
1790320869,38050,4839,100,0x0
1790320871,38600,4837,100,0x0
1790320873,38050,4840,100,0x0
1790320875,38600,4841,100,0x0
1790320877,39150,4835,100,0x0
1790320879,38050,4830,100,0x0
1790320881,38600,4833,100,0x0
1790320883,38600,4830,100,0x0
1790320885,38600,4833,100,0x0
1790320887,39150,4830,100,0x0
1790320889,38600,4827,100,0x0
1790320891,38050,4827,100,0x0
1790320893,38050,4826,100,0x0
1790320895,37500,4824,100,0x0
1790320897,38050,4822,100,0x0
1790320899,38050,4822,100,0x0
1790320901,37500,4821,100,0x0
1790320903,38050,4817,100,0x0
1790320905,38600,4819,100,0x0
1790320907,38600,4816,100,0x0
1790320909,38050,4816,100,0x0
1790320911,38600,4817,100,0x0
1790320913,38600,4813,100,0x0
1790320915,38050,4814,100,0x0
1790320917,38050,4815,100,0x0
1790320919,38600,4810,100,0x0
1790320921,38050,4811,100,0x0
1790320923,38050,4815,100,0x0
1790320925,38600,4812,100,0x0
1790320927,37500,4810,100,0x0
1790320929,37500,4809,100,0x0
1790320931,38050,4806,100,0x0
1790320933,38050,4806,100,0x0
1790320935,38600,4804,100,0x0
1790320937,38050,4802,100,0x0
1790320939,37500,4801,100,0x0
1790320941,37500,4800,100,0x0
1790320943,38050,4803,100,0x0
1790320945,38600,4800,100,0x0
1790320947,38050,4800,100,0x0
1790320949,37500,4796,100,0x0
1790320951,37500,4796,100,0x0
1790320953,37500,4795,100,0x0
1790320955,38050,4793,100,0x0
1790320957,37500,4796,100,0x0
1790320959,37500,4792,100,0x0
1790320962,38050,4792,100,0x0
1790320964,37500,4793,100,0x0
1790320966,38600,4793,100,0x0
1790320968,38050,4790,100,0x0
1790320970,37500,4790,100,0x0
1790320972,37500,4791,100,0x0
1790320974,37500,4790,100,0x0
1790320976,37500,4790,100,0x0
1790320978,37500,4792,100,0x0
1790320980,38050,4793,100,0x0
1790320982,38050,4790,100,0x0
1790320984,37500,4788,100,0x0
1790320986,37500,4788,100,0x0
1790320988,37500,4789,100,0x0
1790320990,36950,4789,100,0x0
1790320992,38600,4788,100,0x0
1790320994,38050,4788,100,0x0
1790320996,37500,4791,100,0x0
1790320998,36950,4788,100,0x0
1790321000,38050,4790,100,0x0
1790321002,37500,4788,100,0x0
1790321004,37500,4790,100,0x0
1790321006,36950,4786,100,0x0
1790321008,36950,4786,100,0x0
1790321010,38050,4786,100,0x0
1790321012,37500,4785,100,0x0
1790321014,37500,4786,100,0x0
1790321016,37500,4785,100,0x0
1790321018,36400,4784,100,0x0
1790321020,38050,4785,100,0x0
1790321022,36400,4786,100,0x0
1790321024,36950,4785,100,0x0
1790321026,37500,4787,100,0x0
1790321028,36950,4782,100,0x0
1790321030,36950,4783,100,0x0
1790321032,36950,4785,100,0x0
1790321034,36950,4780,100,0x0
1790321036,36950,4780,100,0x0
1790321038,36950,4778,100,0x0
1790321040,36400,4782,100,0x0
1790321042,37500,4780,100,0x0
1790321044,36950,4778,100,0x0
1790321046,37500,4780,100,0x0
1790321048,37500,4779,100,0x0
1790321050,36400,4779,100,0x0
1790321052,36400,4776,100,0x0
1790321054,36950,4777,100,0x0
1790321056,36950,4777,100,0x0
1790321058,36950,4774,100,0x0
1790321060,36950,4777,100,0x0
1790321062,37500,4774,100,0x0
1790321064,39150,4776,100,0x0
1790321066,40800,4777,100,0x0
1790321068,41350,4778,100,0x0
1790321070,41900,4777,100,0x0
1790321072,43000,4779,100,0x0
1790321074,43550,4776,100,0x0
1790321076,43000,4777,100,0x0
1790321078,43000,4774,100,0x0
1790321080,44650,4778,100,0x0
1790321082,44650,4778,100,0x0
1790321084,43550,4778,100,0x0
1790321086,44650,4775,100,0x0
1790321088,44100,4776,100,0x0
1790321091,44650,4777,100,0x0
1790321093,44100,4777,100,0x0
1790321095,45750,4774,100,0x0
1790321097,45200,4773,100,0x0
1790321099,45200,4771,100,0x0
1790321101,45750,4771,100,0x0
1790321103,45200,4773,100,0x0
1790321105,45200,4772,100,0x0
1790321107,46850,4773,100,0x0
1790321109,46300,4772,100,0x0
1790321111,46300,4773,100,0x0
1790321113,46850,4771,100,0x0
1790321115,47400,4770,100,0x0
1790321117,46850,4771,100,0x0
1790321119,46300,4772,100,0x0
1790321121,45750,4774,100,0x0
1790321123,46850,4773,100,0x0
1790321125,44650,4772,100,0x0
1790321127,47400,4774,100,0x0
1790321129,47950,4775,100,0x0
1790321132,47950,4775,100,0x0
1790321134,47950,6573,150,0x0
1790321136,47950,6773,150,0x0
1790321138,48500,6781,150,0x0
1790321140,48500,6784,150,0x0
1790321142,49050,6795,150,0x0
1790321144,49050,6810,150,0x0
1790321146,47950,6822,150,0x0
1790321148,49600,6818,150,0x0
1790321150,50150,6822,150,0x0
1790321152,49600,6836,150,0x0
1790321154,49600,6849,150,0x0
1790321156,50150,6857,150,0x0
1790321158,50150,6864,150,0x0
1790321160,49600,6874,150,0x0
1790321162,50150,6882,150,0x0
1790321164,49600,6885,150,0x0
1790321166,49600,6890,150,0x0
1790321168,50150,6901,150,0x0
1790321170,50150,6904,150,0x0
1790321172,50150,6907,150,0x0
1790321175,50700,6910,150,0x0
1790321177,50700,6915,150,0x0
1790321179,50700,6920,150,0x0
1790321181,49600,6923,150,0x0
1790321183,50700,6926,150,0x0
1790321185,50700,6930,150,0x0
1790321187,47400,6926,150,0x0
1790321189,51250,6933,150,0x0
1790321191,51800,6936,150,0x0
1790321193,52350,6936,150,0x0
1790321195,52350,6939,150,0x0
1790321197,51800,6947,150,0x0
1790321199,52350,6946,150,0x0
1790321201,52350,6946,150,0x0
1790321203,52350,6950,150,0x0
1790321205,53450,6949,150,0x0
1790321207,53450,6949,150,0x0
1790321209,53450,6949,150,0x0
1790321211,52900,6950,150,0x0
1790321213,52900,6954,150,0x0
1790321215,53450,6952,150,0x0
1790321217,54000,6955,150,0x0
1790321219,52900,6957,150,0x0
1790321221,53450,6957,150,0x0
1790321223,53450,6957,150,0x0
1790321225,53450,6958,150,0x0
1790321227,53450,6963,150,0x0
1790321229,54000,6962,150,0x0
1790321231,52900,6962,150,0x0
1790321233,52350,6965,150,0x0
1790321235,54000,6970,150,0x0
1790321237,53450,6967,150,0x0
1790321239,54000,6970,150,0x0
1790321241,54550,6970,150,0x0
1790321243,54000,6971,150,0x0
1790321245,54550,6967,150,0x0
1790321247,54000,6970,150,0x0
1790321249,49600,6967,150,0x0
1790321251,51800,6968,150,0x0
1790321253,50150,6967,150,0x0
1790321255,51800,6965,150,0x0
1790321257,51800,6968,150,0x0
1790321259,51800,6968,150,0x0
1790321261,52350,6968,150,0x0
1790321263,52350,6970,150,0x0
1790321265,52350,6971,150,0x0
1790321268,52350,6967,150,0x0
1790321270,51800,6971,150,0x0
1790321272,52350,6973,150,0x0
1790321274,51250,6973,150,0x0
1790321276,51250,6970,150,0x0
1790321278,51800,6968,150,0x0
1790321280,51800,6970,150,0x0
1790321282,52350,6971,150,0x0
1790321284,52350,6973,150,0x0
1790321286,51800,6973,150,0x0
1790321288,51800,6971,150,0x0
1790321290,52350,6975,150,0x0
1790321292,52350,6976,150,0x0
1790321294,52350,6971,150,0x0
1790321296,52350,6971,150,0x0
1790321298,52900,6970,150,0x0
1790321300,52350,6973,150,0x0
1790321302,52900,6971,150,0x0
1790321305,51800,6970,150,0x0
1790321307,53450,6971,150,0x0
1790321309,52350,6973,150,0x0
1790321311,49600,6968,150,0x0
1790321313,49050,6971,150,0x0
1790321315,48500,6970,150,0x0
1790321317,48500,6970,150,0x0
1790321319,48500,6970,150,0x0
1790321321,49050,6967,150,0x0
1790321323,47950,6970,150,0x0
1790321325,47950,6971,150,0x0
1790321327,47400,6971,150,0x0
1790321329,48500,6971,150,0x0
1790321331,47950,6971,150,0x0
1790321333,47950,6970,150,0x0
1790321335,47400,6971,150,0x0
1790321337,47400,6970,150,0x0
1790321339,47400,6967,150,0x0
1790321341,47950,6971,150,0x0
1790321343,47950,6968,150,0x0
1790321345,46850,6971,150,0x0
1790321347,46300,6968,150,0x0
1790321349,47950,6968,150,0x0
1790321351,47400,6968,150,0x0
1790321353,46850,6968,150,0x0
1790321355,47400,6968,150,0x0
1790321357,46850,6968,150,0x0
1790321359,46850,6965,150,0x0
1790321361,45750,6962,150,0x0
1790321363,46850,6965,150,0x0
1790321365,46850,6968,150,0x0
1790321367,46850,6962,150,0x0
1790321369,46850,6967,150,0x0
1790321371,44650,6963,150,0x0
1790321373,44650,6963,150,0x0
1790321375,44100,5427,100,0x0
1790321377,43550,4979,100,0x0
1790321379,43550,4970,100,0x0
1790321381,43000,4964,100,0x0
1790321383,42450,4957,100,0x0
1790321385,42450,4948,100,0x0
1790321387,41900,4935,100,0x0
1790321389,41900,4926,100,0x0
1790321391,43000,4920,100,0x0
1790321393,43000,4909,100,0x0
1790321395,41900,4907,100,0x0
1790321397,41350,4904,100,0x0
1790321399,40250,4898,100,0x0
1790321401,41350,4896,100,0x0
1790321403,41350,4891,100,0x0
1790321405,40800,4889,100,0x0
1790321407,41350,4885,100,0x0
1790321409,40800,4885,100,0x0
1790321411,40800,4886,100,0x0
1790321413,41350,4884,100,0x0
1790321415,41350,4884,100,0x0
1790321417,40800,4885,100,0x0
1790321419,40800,4881,100,0x0
1790321421,40800,4880,100,0x0
1790321423,40800,4874,100,0x0
1790321425,41350,4876,100,0x0
1790321427,40800,4871,100,0x0
1790321429,40250,4872,100,0x0
1790321431,40250,4870,100,0x0
1790321433,40800,4870,100,0x0
1790321435,43000,4869,100,0x0
1790321437,44650,4870,100,0x0
1790321439,44100,4872,100,0x0
1790321441,45750,4870,100,0x0
1790321444,45750,4870,100,0x0
1790321446,45200,4868,100,0x0
1790321448,46300,4872,100,0x0
1790321450,45750,4866,100,0x0
1790321452,46850,4866,100,0x0
1790321454,47950,4867,100,0x0
1790321456,47400,4868,100,0x0
1790321458,47950,4868,100,0x0
1790321460,46850,4864,100,0x0
1790321462,47400,4863,100,0x0
1790321464,49050,4860,100,0x0
1790321466,48500,4864,100,0x0
1790321468,47950,4863,100,0x0
1790321470,48500,4862,100,0x0
1790321472,48500,4861,100,0x0
1790321474,49050,4862,100,0x0
1790321476,49600,4861,100,0x0
1790321478,49050,4858,100,0x0
1790321480,48500,4859,100,0x0
1790321482,49050,4862,100,0x0
1790321484,49050,4859,100,0x0
1790321486,49600,4859,100,0x0
1790321488,48500,4863,100,0x0
1790321490,49600,4861,100,0x0
1790321493,49600,4861,100,0x0
1790321495,50150,4859,100,0x0
1790321497,47400,4858,100,0x0
1790321499,49600,4862,100,0x0
1790321501,49600,6194,150,0x0
1790321503,51800,6869,150,0x0
1790321505,50700,6868,150,0x0
1790321507,51250,6861,150,0x0
1790321509,51250,6869,150,0x0
1790321511,51250,6874,150,0x0
1790321513,51250,6885,150,0x0
1790321515,52350,6890,150,0x0
1790321517,51250,6901,150,0x0
1790321519,51250,6902,150,0x0
1790321521,51800,6909,150,0x0
1790321523,51250,6922,150,0x0
1790321525,51800,6928,150,0x0
1790321527,52350,6934,150,0x0
1790321529,51800,6938,150,0x0
1790321531,50700,6928,150,0x0
1790321534,52350,6928,150,0x0
1790321536,51800,6931,150,0x0
1790321538,51800,6931,150,0x0
1790321540,51800,6938,150,0x0
1790321542,52350,6941,150,0x0
1790321544,52350,6944,150,0x0
1790321546,51250,6944,150,0x0
1790321548,52350,6949,150,0x0
1790321550,52350,6947,150,0x0
1790321552,51800,6952,150,0x0
1790321554,52350,6955,150,0x0
1790321556,52350,6957,150,0x0
1790321558,48500,6954,150,0x0
1790321560,51800,6962,150,0x0
1790321562,54000,6960,150,0x0
1790321564,53450,6967,150,0x0
1790321566,54000,6967,150,0x0
1790321568,54000,6970,150,0x0
1790321570,53450,6963,150,0x0
1790321572,54000,6968,150,0x0
1790321574,54550,6967,150,0x0
1790321576,54000,6973,150,0x0
1790321578,54000,6976,150,0x0
1790321580,54550,6976,150,0x0
1790321582,55100,6978,150,0x0
1790321584,54000,6973,150,0x0
1790321586,54550,6975,150,0x0
1790321588,54000,6975,150,0x0
1790321590,54000,6979,150,0x0
1790321592,55100,6979,150,0x0
1790321594,54550,6979,150,0x0
1790321596,54550,6984,150,0x0
1790321598,55100,6981,150,0x0
1790321600,54550,6988,150,0x0
1790321602,54000,6983,150,0x0
1790321604,55100,6986,150,0x0
1790321606,55100,6983,150,0x0
1790321608,55100,6983,150,0x0
1790321610,55650,6979,150,0x0
1790321612,55650,6984,150,0x0
1790321614,55100,6978,150,0x0
1790321616,54550,6984,150,0x0
1790321618,55650,6979,150,0x0
1790321620,50700,6973,150,0x0
1790321622,52900,6981,150,0x0
1790321625,52900,6981,150,0x0
1790321627,54000,6986,150,0x0
1790321629,53450,6984,150,0x0
1790321631,51800,6993,150,0x0
1790321633,54000,6989,150,0x0
1790321635,52900,6984,150,0x0
1790321637,52900,6988,150,0x0
1790321639,53450,6986,150,0x0
1790321641,53450,6986,150,0x0
1790321643,54000,6988,150,0x0
1790321645,54000,6988,150,0x0
1790321647,52350,6988,150,0x0
1790321649,54000,6988,150,0x0
1790321651,53450,6993,150,0x0
1790321653,52900,6993,150,0x0
1790321655,53450,6989,150,0x0
1790321657,54550,6993,150,0x0
1790321659,54000,6994,150,0x0
1790321661,54000,6991,150,0x0
1790321663,54550,6986,150,0x0
1790321665,53450,6991,150,0x0
1790321668,54550,6993,150,0x0
1790321670,52900,6989,150,0x0
1790321673,54000,6989,150,0x0
1790321675,52900,6993,150,0x0
1790321677,53450,6994,150,0x0
1790321679,53450,6996,150,0x0
1790321681,54000,6994,150,0x0
1790321683,50150,6994,150,0x0
1790321685,50700,6989,150,0x0
1790321687,50150,6991,150,0x0
1790321689,49600,6989,150,0x0
1790321691,49050,6991,150,0x0
1790321693,48500,6991,150,0x0
1790321695,49050,6984,150,0x0
1790321697,49600,6989,150,0x0
1790321699,49050,6986,150,0x0
1790321701,49050,6989,150,0x0
1790321703,49050,6991,150,0x0
1790321705,49050,6989,150,0x0
1790321707,49050,6991,150,0x0
1790321709,49050,6986,150,0x0
1790321711,47950,6993,150,0x0
1790321713,49050,6988,150,0x0
1790321715,49050,6989,150,0x0
1790321717,47950,6991,150,0x0
1790321719,48500,6988,150,0x0
1790321721,49050,6991,150,0x0
1790321723,47950,6989,150,0x0
1790321725,47950,6991,150,0x0
1790321727,47950,6991,150,0x0
1790321729,48500,6988,150,0x0
1790321731,47950,6989,150,0x0
1790321733,47400,6989,150,0x0
1790321735,47950,6988,150,0x0
1790321737,49050,6991,150,0x0
1790321739,47400,6991,150,0x0
1790321741,47950,6984,150,0x0
1790321743,46850,6988,150,0x0
1790321745,45750,6983,150,0x0
1790321747,45200,6988,150,0x0
1790321749,45200,6983,150,0x0
1790321751,44650,5220,100,0x0
1790321753,44100,5001,100,0x0
1790321755,44100,4994,100,0x0
1790321757,43000,4988,100,0x0
1790321759,44100,4978,100,0x0
1790321761,43550,4968,100,0x0
1790321763,43000,4962,100,0x0
1790321765,43000,4953,100,0x0
1790321767,43550,4946,100,0x0
1790321769,43550,4935,100,0x0
1790321771,43000,4930,100,0x0
1790321773,41900,4930,100,0x0
1790321775,43000,4927,100,0x0
1790321777,43000,4924,100,0x0
1790321779,41900,4918,100,0x0
1790321781,41350,4918,100,0x0
1790321783,41900,4914,100,0x0
1790321785,40800,4912,100,0x0
1790321787,41900,4909,100,0x0
1790321789,42450,4908,100,0x0
1790321791,41900,4909,100,0x0
1790321793,41350,4910,100,0x0
1790321795,41900,4911,100,0x0
1790321797,41350,4906,100,0x0
1790321799,41350,4906,100,0x0
1790321801,41350,4906,100,0x0
1790321803,41350,4901,100,0x0
1790321805,40800,4901,100,0x0
1790321807,43550,4899,100,0x0
1790321809,45200,4900,100,0x0
1790321812,46850,4900,100,0x0
1790321814,46300,4897,100,0x0
1790321816,47400,4891,100,0x0
1790321818,46300,4890,100,0x0
1790321820,47950,4887,100,0x0
1790321822,47400,4881,100,0x0
1790321824,47950,4883,100,0x0
1790321826,49050,4882,100,0x0
1790321828,49050,4878,100,0x0
1790321830,48500,4878,100,0x0
1790321832,49600,4876,100,0x0
1790321834,49600,4872,100,0x0
1790321836,49050,4873,100,0x0
1790321838,50150,4874,100,0x0
1790321840,50150,4870,100,0x0
1790321842,49600,6866,150,0x0
1790321844,48500,6880,150,0x0
1790321846,49050,6871,150,0x0
1790321848,49600,6877,150,0x0
1790321850,49050,6885,150,0x0
1790321852,49600,6890,150,0x0
1790321854,50150,6894,150,0x0
1790321856,49600,6906,150,0x0
1790321858,50150,6914,150,0x0
1790321861,50150,6918,150,0x0
1790321863,49600,6928,150,0x0
1790321865,50150,6934,150,0x0
1790321867,50700,6939,150,0x0
1790321869,46850,6942,150,0x0
1790321871,50700,6949,150,0x0
1790321873,50700,6954,150,0x0
1790321875,50700,6954,150,0x0
1790321877,51250,6941,150,0x0
1790321879,51800,6944,150,0x0
1790321881,50700,6946,150,0x0
1790321883,50700,6944,150,0x0
1790321885,51250,6946,150,0x0
1790321887,51250,6947,150,0x0
1790321889,51800,6949,150,0x0
1790321891,51800,6949,150,0x0
1790321893,51800,6949,150,0x0
1790321895,51800,6949,150,0x0
1790321897,51800,6952,150,0x0
1790321899,51250,6955,150,0x0
1790321901,51800,6952,150,0x0
1790321903,51800,6957,150,0x0
1790321905,51800,6958,150,0x0
1790321908,52350,6958,150,0x0
1790321910,52900,6963,150,0x0
1790321912,52350,6962,150,0x0
1790321914,52350,6968,150,0x0
1790321916,51250,6965,150,0x0
1790321918,52350,6965,150,0x0
1790321920,52350,6962,150,0x0
1790321922,51250,6967,150,0x0
1790321924,52350,6971,150,0x0
1790321926,52350,6968,150,0x0
1790321928,52350,6973,150,0x0
1790321930,49050,6970,150,0x0
1790321932,51250,6973,150,0x0
1790321934,53450,6975,150,0x0
1790321936,53450,6971,150,0x0
1790321938,54000,6971,150,0x0
1790321940,54000,6975,150,0x0
1790321942,54550,6976,150,0x0
1790321944,55100,6978,150,0x0
1790321946,54550,6978,150,0x0
1790321948,55650,6978,150,0x0
1790321950,54550,6978,150,0x0
1790321952,55100,6978,150,0x0
1790321954,54000,6978,150,0x0
1790321956,54000,6981,150,0x0
1790321958,54000,6979,150,0x0
1790321960,54550,6979,150,0x0
1790321962,55100,6981,150,0x0
1790321964,54550,6986,150,0x0
1790321966,54550,6984,150,0x0
1790321968,55100,6988,150,0x0
1790321970,55100,6983,150,0x0
1790321972,54550,6988,150,0x0
1790321974,54550,6984,150,0x0
1790321976,55100,6984,150,0x0
1790321978,55650,6988,150,0x0
1790321980,53450,6988,150,0x0
1790321982,55650,6991,150,0x0
1790321984,55100,6984,150,0x0
1790321986,55100,6986,150,0x0
1790321988,55650,6989,150,0x0
1790321990,55650,6993,150,0x0
1790321992,51250,6986,150,0x0
1790321994,53450,6989,150,0x0
1790321997,52350,6991,150,0x0
1790321999,54000,6991,150,0x0
1790322001,52900,6994,150,0x0
1790322003,52900,6994,150,0x0
1790322005,54550,6993,150,0x0
1790322007,53450,6993,150,0x0
1790322009,54000,6994,150,0x0
1790322011,54550,6994,150,0x0
1790322013,54000,6996,150,0x0
1790322015,53450,6996,150,0x0
1790322017,54000,6993,150,0x0
1790322019,53450,6993,150,0x0
1790322021,52900,6996,150,0x0
1790322023,53450,6996,150,0x0
1790322025,53450,6993,150,0x0
1790322052,54000,6991,150,0x0
1790322054,51250,6988,150,0x0
1790322056,51250,6984,150,0x0
1790322058,50150,6991,150,0x0
1790322060,50150,6989,150,0x0
1790322062,50150,6989,150,0x0
1790322064,49600,6989,150,0x0
1790322066,49050,6993,150,0x0
1790322068,49600,6988,150,0x0
1790322070,49050,6993,150,0x0
1790322072,48500,6991,150,0x0
1790322074,49600,6993,150,0x0
1790322076,47400,6989,150,0x0
1790322078,49050,6989,150,0x0
1790322080,48500,6989,150,0x0
1790322082,48500,6986,150,0x0
1790322084,49050,6986,150,0x0
1790322086,49050,6991,150,0x0
1790322088,47950,6988,150,0x0
1790322090,47950,6988,150,0x0
1790322092,47400,6984,150,0x0
1790322094,48500,6984,150,0x0
1790322096,49050,6986,150,0x0
1790322098,47950,6993,150,0x0
1790322100,47950,6988,150,0x0
1790322102,47950,6988,150,0x0
1790322104,47950,6989,150,0x0
1790322106,48500,6986,150,0x0
1790322109,47950,6989,150,0x0
1790322111,47950,6991,150,0x0
1790322113,47950,6986,150,0x0
1790322115,46850,6989,150,0x0
1790322117,45750,6988,150,0x0
1790322119,50700,6988,150,0x0
1790322121,51250,6991,150,0x0
1790322123,52900,6989,150,0x0
1790322125,53450,6986,150,0x0
1790322127,52900,6984,150,0x0
1790322147,54000,6988,150,0x0
1790322149,50150,6984,150,0x0
1790322151,52900,6984,150,0x0
1790322153,53450,6984,150,0x0
1790322155,53450,6984,150,0x0
1790322157,54000,6984,150,0x0
1790322159,52900,6988,150,0x0
1790322161,52900,6989,150,0x0
1790322163,54550,6988,150,0x0
1790322165,53450,6989,150,0x0
1790322167,54000,6984,150,0x0
1790322169,53450,6988,150,0x0
1790322171,53450,6988,150,0x0
1790322173,54000,6988,150,0x0
1790322175,54000,6989,150,0x0
1790322177,54000,6988,150,0x0
1790322179,52350,6988,150,0x0
1790322181,50700,6983,150,0x0
1790322183,53450,6993,150,0x0
1790322185,53450,6988,150,0x0
1790322187,54550,6989,150,0x0
1790322189,54550,6988,150,0x0
1790322191,55100,6986,150,0x0
1790322193,54000,6997,150,0x0
1790322195,54000,6989,150,0x0
1790322197,55650,6989,150,0x0
1790322199,54550,6988,150,0x0
1790322201,55100,6988,150,0x0
1790322203,56200,6993,150,0x0
1790322205,54550,6991,150,0x0
1790322207,55650,6989,150,0x0
1790322209,55650,6989,150,0x0
1790322211,52350,6986,150,0x0
1790322213,51250,6984,150,0x0
1790322215,52350,6986,150,0x0
1790322217,51800,6993,150,0x0
1790322219,51800,6988,150,0x0
1790322221,51800,6986,150,0x0
1790322223,51800,6989,150,0x0
1790322225,52350,6991,150,0x0
1790322228,51800,6991,150,0x0
1790322230,51800,6986,150,0x0
1790322232,51800,6989,150,0x0
1790322234,51800,6991,150,0x0
1790322236,52350,6993,150,0x0
1790322238,51800,6994,150,0x0
1790322240,53450,6988,150,0x0
1790322242,51800,6989,150,0x0
1790322244,50150,6989,150,0x0
1790322246,50700,6989,150,0x0
1790322248,51250,6988,150,0x0
1790322250,50700,6988,150,0x0
1790322252,51250,6989,150,0x0
1790322254,50150,6984,150,0x0
1790322256,50150,6986,150,0x0
1790322258,50700,6986,150,0x0
1790322260,50700,6984,150,0x0
1790322262,52350,6986,150,0x0
1790322264,50700,6988,150,0x0
1790322266,50150,6988,150,0x0
1790322268,50700,6988,150,0x0
1790322270,50700,6986,150,0x0
1790322272,50700,6988,150,0x0
1790322274,50700,6986,150,0x0
1790322276,49050,6984,150,0x0
1790322278,49050,6986,150,0x0
1790322280,50150,6988,150,0x0
1790322282,50700,6988,150,0x0
1790322284,51250,6986,150,0x0
1790322286,50700,6983,150,0x0
1790322288,51250,6986,150,0x0
1790322290,50700,6983,150,0x0
1790322292,51250,6984,150,0x0
1790322294,51250,6983,150,0x0
1790322296,51250,6983,150,0x0
1790322298,51800,6988,150,0x0
1790322300,50700,6983,150,0x0
1790322302,50700,6986,150,0x0
1790322304,51250,6981,150,0x0
1790322306,50700,6984,150,0x0
1790322308,49050,6978,150,0x0
1790322310,49600,6984,150,0x0
1790322312,50150,6986,150,0x0
1790322314,49050,6984,150,0x0
1790322316,50150,6986,150,0x0
1790322318,50150,6986,150,0x0
1790322320,50700,6983,150,0x0
1790322322,49600,6984,150,0x0
1790322324,49600,6986,150,0x0
1790322326,50150,6984,150,0x0
1790322328,50150,6988,150,0x0
1790322330,50150,6979,150,0x0
1790322332,49600,6981,150,0x0
1790322334,50150,6984,150,0x0
1790322336,49600,6983,150,0x0
1790322338,50150,6981,150,0x0
1790322341,47400,6981,150,0x0
1790322343,49050,6986,150,0x0
1790322345,50150,6986,150,0x0
1790322347,50700,6983,150,0x0
1790322349,50150,6983,150,0x0
1790322351,50150,6983,150,0x0
1790322353,50700,6984,150,0x0
1790322355,50150,6986,150,0x0
1790322357,50150,6986,150,0x0
1790322359,50700,6988,150,0x0
1790322361,49600,6986,150,0x0
1790322363,49600,6976,150,0x0
1790322365,50150,6983,150,0x0
1790322367,51250,6984,150,0x0
1790322369,50150,6981,150,0x0
1790322371,51800,6983,150,0x0
1790322373,47950,6979,150,0x0
1790322375,50150,6979,150,0x0
1790322377,50700,6979,150,0x0
1790322379,51250,6979,150,0x0
1790322381,50700,6984,150,0x0
1790322383,50700,6978,150,0x0
1790322385,51250,6981,150,0x0
1790322387,51800,6983,150,0x0
1790322389,50700,6984,150,0x0
1790322391,51250,6981,150,0x0
1790322393,52350,6981,150,0x0
1790322395,50700,6978,150,0x0
1790322397,51800,6976,150,0x0
1790322399,51800,6978,150,0x0
1790322401,51800,6971,150,0x0
1790322403,50150,6975,150,0x0
1790322405,49600,6968,150,0x0
1790322407,49600,6975,150,0x0
1790322409,50150,6975,150,0x0
1790322411,50700,6975,150,0x0
1790322413,50150,6970,150,0x0
1790322415,49600,6971,150,0x0
1790322417,49600,6973,150,0x0
1790322419,50700,6973,150,0x0
1790322422,50700,6968,150,0x0
1790322424,50150,6973,150,0x0
1790322426,50150,6975,150,0x0
1790322428,50150,6973,150,0x0
1790322430,50150,6970,150,0x0
1790322432,50150,6971,150,0x0
1790322434,50150,6968,150,0x0
1790322436,47950,6960,150,0x0
1790322438,49600,6968,150,0x0
1790322440,51250,6970,150,0x0
1790322442,51800,6968,150,0x0
1790322444,52350,6975,150,0x0
1790322446,52350,6973,150,0x0
1790322448,52900,6975,150,0x0
1790322450,52900,6971,150,0x0
1790322452,52350,6973,150,0x0
1790322454,52900,6970,150,0x0
1790322456,53450,6971,150,0x0
1790322458,52900,6973,150,0x0
1790322460,53450,6971,150,0x0
1790322462,52900,6975,150,0x0
1790322464,53450,6970,150,0x0
1790322466,54550,6975,150,0x0
1790322468,50700,6965,150,0x0
1790322470,52350,6975,150,0x0
1790322472,53450,6975,150,0x0
1790322474,54000,6975,150,0x0
1790322476,54550,6976,150,0x0
1790322478,54550,6975,150,0x0
1790322480,55100,6973,150,0x0
1790322482,55100,6971,150,0x0
1790322484,53450,6971,150,0x0
1790322486,55100,6975,150,0x0
1790322488,54550,6975,150,0x0
1790322490,54550,6975,150,0x0
1790322492,55100,6971,150,0x0
1790322494,55100,6970,150,0x0
1790322496,55650,6975,150,0x0
1790322498,55100,6976,150,0x0
1790322500,51800,6970,150,0x0
1790322502,51800,6971,150,0x0
1790322504,52350,6971,150,0x0
1790322506,52350,6971,150,0x0
1790322508,51250,6973,150,0x0
1790322510,51800,6973,150,0x0
1790322512,51800,6979,150,0x0
1790322514,51800,6973,150,0x0
1790322516,51800,6968,150,0x0
1790322518,51800,6970,150,0x0
1790322520,51250,6970,150,0x0
1790322522,51250,6967,150,0x0
1790322524,52350,6970,150,0x0
1790322526,50700,6967,150,0x0
1790322528,51800,6970,150,0x0
1790322530,52350,6970,150,0x0
1790322532,49050,6967,150,0x0
1790322534,51250,6973,150,0x0
1790322536,52350,6975,150,0x0
1790322538,52350,6970,150,0x0
1790322540,51800,6973,150,0x0
1790322543,52900,6979,150,0x0
1790322545,52900,6978,150,0x0
1790322547,52900,6973,150,0x0
1790322549,54000,6978,150,0x0
1790322551,54000,6976,150,0x0
1790322553,53450,6975,150,0x0
1790322555,54550,6973,150,0x0
1790322557,54000,6971,150,0x0
1790322559,54550,6976,150,0x0
1790322561,54000,6975,150,0x0
1790322563,54000,6973,150,0x0
1790322565,50700,6970,150,0x0
1790322567,52350,6976,150,0x0
1790322569,52900,6978,150,0x0
1790322571,54000,6981,150,0x0
1790322573,54000,6979,150,0x0
1790322575,55100,6978,150,0x0
1790322577,55100,6976,150,0x0
1790322579,55100,6981,150,0x0
1790322581,55100,6979,150,0x0
1790322583,55100,6979,150,0x0
1790322585,55650,6978,150,0x0
1790322587,55100,6976,150,0x0
1790322589,54550,6976,150,0x0
1790322591,55100,6981,150,0x0
1790322593,54550,6978,150,0x0
1790322595,54550,6979,150,0x0
1790322597,50150,6973,150,0x0
1790322599,53450,6973,150,0x0
1790322601,55100,6973,150,0x0
1790322603,54550,6975,150,0x0
1790322605,54550,6979,150,0x0
1790322607,53450,6976,150,0x0
1790322609,53450,6973,150,0x0
1790322611,55650,6979,150,0x0
1790322613,55100,6983,150,0x0
1790322615,55100,6973,150,0x0
1790322617,55100,6976,150,0x0
1790322619,55100,6979,150,0x0
1790322621,55100,6983,150,0x0
1790322623,55650,6975,150,0x0
1790322625,55100,6984,150,0x0
1790322627,54550,6979,150,0x0
1790322629,53450,6979,150,0x0
1790322631,51800,6978,150,0x0
1790322633,52350,6978,150,0x0
1790322635,51800,6979,150,0x0
1790322637,51800,6979,150,0x0
1790322639,51800,6978,150,0x0
1790322641,52350,6983,150,0x0
1790322643,50700,6976,150,0x0
1790322645,51250,6976,150,0x0
1790322647,50700,6978,150,0x0
1790322649,51250,6975,150,0x0
1790322651,52350,6978,150,0x0
1790322653,51800,6976,150,0x0
1790322655,51250,6979,150,0x0
1790322657,51250,6979,150,0x0
1790322659,50700,6981,150,0x0
1790322661,49600,6975,150,0x0
1790322663,50700,6976,150,0x0
1790322665,50700,6983,150,0x0
1790322667,52350,6976,150,0x0
1790322669,51800,6976,150,0x0
1790322671,52350,6979,150,0x0
1790322673,52350,6981,150,0x0
1790322675,51800,6979,150,0x0
1790322677,52900,6979,150,0x0
1790322680,52350,6979,150,0x0
1790322682,52900,6975,150,0x0
1790322684,53450,6979,150,0x0
1790322686,52350,6978,150,0x0
1790322688,51800,6979,150,0x0
1790322690,52350,6978,150,0x0
1790322692,52900,6976,150,0x0
1790322694,49050,6976,150,0x0
1790322696,50150,6975,150,0x0
1790322698,49600,6971,150,0x0
1790322700,50150,6973,150,0x0
1790322702,50150,6973,150,0x0
1790322704,50150,6971,150,0x0
1790322706,50150,6971,150,0x0
1790322708,50150,6971,150,0x0
1790322710,50150,6975,150,0x0
1790322712,49600,6973,150,0x0
1790322714,49600,6976,150,0x0
1790322716,49600,6976,150,0x0
1790322718,49600,6973,150,0x0
1790322720,49600,6981,150,0x0
1790322722,49600,6975,150,0x0
1790322724,49600,6981,150,0x0
1790322726,47400,6976,150,0x0
1790322728,50150,6973,150,0x0
1790322730,51250,6979,150,0x0
1790322732,51800,6978,150,0x0
1790322734,52350,6975,150,0x0
1790322736,51250,6976,150,0x0
1790322738,52350,6973,150,0x0
1790322740,52350,6975,150,0x0
1790322742,52900,6976,150,0x0
1790322744,53450,6979,150,0x0
1790322746,52900,6979,150,0x0
1790322748,53450,6983,150,0x0
1790322750,52900,6978,150,0x0
1790322752,52900,6978,150,0x0
1790322754,53450,6978,150,0x0
1790322756,52350,6979,150,0x0
1790322758,50150,6973,150,0x0
1790322760,50150,6976,150,0x0
1790322762,51800,6973,150,0x0
1790322764,49050,6976,150,0x0
1790322767,50150,6975,150,0x0
1790322769,49050,6976,150,0x0
1790322771,50150,6976,150,0x0
1790322773,49600,6976,150,0x0
1790322789,47950,6973,150,0x0
1790322791,46300,6973,150,0x0
1790322793,51250,6978,150,0x0
1790322795,53450,6978,150,0x0
1790322797,54550,6978,150,0x0
1790322799,55100,6981,150,0x0
1790322801,55650,6986,150,0x0
1790322803,56200,8136,200,0x0
1790322805,56200,8591,200,0x0
1790322807,56750,8600,200,0x0
1790322809,56200,8603,200,0x0
1790322811,56750,8613,200,0x0
1790322813,56200,8628,200,0x0
1790322815,56200,8628,200,0x0
1790322817,56200,8638,200,0x0
1790322819,57300,8648,200,0x0
1790322821,57300,8650,200,0x0
1790322823,50700,8595,150,0x0
1790322825,52350,7077,150,0x0
1790322827,52350,7068,150,0x0
1790322829,52350,7068,150,0x0
1790322831,53450,7063,150,0x0
1790322833,52900,7060,150,0x0
1790322836,51800,7050,150,0x0
1790322838,52900,7048,150,0x0
1790322840,52350,7042,150,0x0
1790322842,52900,7037,150,0x0
1790322844,52350,7035,150,0x0
1790322846,52900,7032,150,0x0
1790322848,52350,7030,150,0x0
1790322850,52350,7020,150,0x0
1790322852,51800,7025,150,0x0
1790322854,49600,7022,150,0x0
1790322856,48500,7012,150,0x0
1790322858,46850,7010,150,0x0
1790322860,46850,7007,150,0x0
1790322862,45750,7009,150,0x0
1790322864,45750,7009,150,0x0
1790322866,45200,7007,150,0x0
1790322868,44650,5368,100,0x0
1790322870,45200,5027,100,0x0
1790322872,44100,5022,100,0x0
1790322874,44100,5021,100,0x0
1790322876,43550,5017,100,0x0
1790322878,42450,5008,100,0x0
1790322880,44100,5007,100,0x0
1790322882,43550,4998,100,0x0
1790322884,43550,4990,100,0x0
1790322886,43550,4984,100,0x0
1790322888,46300,4982,100,0x0
1790322890,49600,4982,100,0x0
1790322892,49600,6942,150,0x0
1790322894,51800,6976,150,0x0
1790322896,51800,6968,150,0x0
1790322898,52350,6970,150,0x0
1790322900,52350,6973,150,0x0
1790322902,52900,6970,150,0x0
1790322904,52900,6971,150,0x0
1790322906,50700,6973,150,0x0
1790322908,52900,6976,150,0x0
1790322910,53450,6983,150,0x0
1790322912,53450,6986,150,0x0
1790322914,54550,6988,150,0x0
1790322916,53450,6986,150,0x0
1790322918,49600,6989,150,0x0
1790322920,52350,6989,150,0x0
1790322922,52350,6994,150,0x0
1790322924,54000,6994,150,0x0
1790322926,53450,6994,150,0x0
1790322928,54000,6997,150,0x0
1790322930,54000,6997,150,0x0
1790322932,53450,6993,150,0x0
1790322934,54000,6999,150,0x0
1790322936,54000,6996,150,0x0
1790322938,54550,6999,150,0x0
1790322941,54550,7002,150,0x0
1790322943,55100,7001,150,0x0
1790322945,53450,7006,150,0x0
1790322947,54550,7004,150,0x0
1790322949,55100,7007,150,0x0
1790322951,50700,7009,150,0x0
1790322953,51800,7010,150,0x0
1790322955,52900,7007,150,0x0
1790322957,52900,7015,150,0x0
1790322959,52350,7012,150,0x0
1790322961,52350,7014,150,0x0
1790322963,52350,7012,150,0x0
1790322965,52900,7015,150,0x0
1790322967,52350,7015,150,0x0
1790322969,52350,7009,150,0x0
1790322971,52900,7012,150,0x0
1790322973,52900,7012,150,0x0
1790322975,52350,7010,150,0x0
1790322977,52350,7012,150,0x0
1790322979,52350,7014,150,0x0
1790322981,52900,7015,150,0x0
1790322983,50150,7014,150,0x0
1790322985,50150,7014,150,0x0
1790322987,51250,7014,150,0x0
1790322989,50700,7009,150,0x0
1790322991,50700,7017,150,0x0
1790322993,51250,7017,150,0x0
1790322995,50700,7014,150,0x0
1790322997,51250,7020,150,0x0
1790322999,51250,7017,150,0x0
1790323001,51250,7017,150,0x0
1790323003,51800,7017,150,0x0
1790323005,50700,7017,150,0x0
1790323007,50700,7019,150,0x0
1790323009,50150,7022,150,0x0
1790323011,49600,7019,150,0x0
1790323013,50150,7017,150,0x0
1790323015,47950,7015,150,0x0
1790323017,51250,7014,150,0x0
1790323019,51800,7017,150,0x0
1790323021,51800,7020,150,0x0
1790323023,52350,7024,150,0x0
1790323025,51800,7020,150,0x0
1790323027,52350,7019,150,0x0
1790323029,52900,7020,150,0x0
1790323031,53450,7020,150,0x0
1790323034,52350,7020,150,0x0
1790323036,52900,7024,150,0x0
1790323038,52900,7029,150,0x0
1790323040,53450,7025,150,0x0
1790323042,52350,7025,150,0x0
1790323044,52900,7022,150,0x0
1790323046,51800,7025,150,0x0
1790323048,50700,7014,150,0x0
1790323050,50700,7022,150,0x0
1790323052,51250,7020,150,0x0
1790323054,50700,7029,150,0x0
1790323056,51800,7022,150,0x0
1790323058,51800,7020,150,0x0
1790323060,51250,7022,150,0x0
1790323062,51800,7025,150,0x0
1790323064,51800,7022,150,0x0
1790323066,51800,7022,150,0x0
1790323068,51800,7020,150,0x0
1790323070,50700,7025,150,0x0
1790323072,51800,7020,150,0x0
1790323074,51250,7020,150,0x0
1790323076,50700,7017,150,0x0
1790323078,49600,7017,150,0x0
1790323080,50700,7020,150,0x0
1790323082,52350,7020,150,0x0
1790323084,52350,7019,150,0x0
1790323086,52350,7020,150,0x0
1790323088,54000,7024,150,0x0
1790323090,54550,7017,150,0x0
1790323092,54000,7014,150,0x0
1790323094,54550,7017,150,0x0
1790323096,54000,7019,150,0x0
1790323098,54550,7027,150,0x0
1790323100,54550,7022,150,0x0
1790323102,54550,7024,150,0x0
1790323104,54550,7024,150,0x0
1790323106,54550,7024,150,0x0
1790323108,54550,7024,150,0x0
1790323110,52350,7020,150,0x0
1790323112,51800,7022,150,0x0
1790323114,51250,7022,150,0x0
1790323116,52350,7020,150,0x0
1790323118,51800,7022,150,0x0
1790323120,51250,7022,150,0x0
1790323122,51800,7002,150,0x0
1790323124,51250,6996,150,0x0
1790323126,51250,6997,150,0x0
1790323128,51800,6997,150,0x0
1790323130,51250,6991,150,0x0
1790323132,50700,6989,150,0x0
1790323134,51250,6988,150,0x0
1790323136,51250,6993,150,0x0
1790323138,51250,6991,150,0x0
1790323141,51250,6988,150,0x0
1790323143,49600,6986,150,0x0
1790323145,51800,6991,150,0x0
1790323147,53450,6988,150,0x0
1790323149,53450,6989,150,0x0
1790323151,54550,6989,150,0x0
1790323153,54000,6984,150,0x0
1790323155,54550,6984,150,0x0
1790323157,54550,6984,150,0x0
1790323159,55100,6984,150,0x0
1790323161,55100,6986,150,0x0
1790323163,55100,6984,150,0x0
1790323174,55650,6984,150,0x0
1790323176,50700,6981,150,0x0
1790323178,53450,6983,150,0x0
1790323180,53450,6984,150,0x0
1790323182,54000,6989,150,0x0
1790323184,54000,6984,150,0x0
1790323186,54000,6989,150,0x0
1790323188,54000,6986,150,0x0
1790323190,54000,6989,150,0x0
1790323192,54000,6986,150,0x0
1790323194,54000,6986,150,0x0
1790323196,54550,6986,150,0x0
1790323198,52900,6988,150,0x0
1790323200,53450,6991,150,0x0
1790323202,53450,6991,150,0x0
1790323204,53450,6988,150,0x0
1790323206,52900,6988,150,0x0
1790323208,50700,6978,150,0x0
1790323210,52350,6981,150,0x0
1790323212,52350,6983,150,0x0
1790323214,52900,6983,150,0x0
1790323216,51800,6979,150,0x0
1790323218,52350,6981,150,0x0
1790323220,52350,6988,150,0x0
1790323222,52350,6984,150,0x0
1790323224,52350,6983,150,0x0
1790323226,52350,6983,150,0x0
1790323228,52350,6979,150,0x0
1790323230,52350,6988,150,0x0
1790323232,53450,6978,150,0x0
1790323234,52350,6988,150,0x0
1790323238,52350,6983,150,0x0
1790323240,49050,6978,150,0x0
1790323242,51250,6983,150,0x0
1790323244,50150,6979,150,0x0
1790323246,49600,6979,150,0x0
1790323248,49600,6979,150,0x0
1790323250,49050,6979,150,0x0
1790323252,49050,6981,150,0x0
1790323254,49050,6978,150,0x0
1790323256,48500,6979,150,0x0
1790323258,49050,6981,150,0x0
1790323260,49600,6981,150,0x0
1790323262,49050,6984,150,0x0
1790323264,48500,6981,150,0x0
1790323266,49050,6983,150,0x0
1790323268,48500,6981,150,0x0
1790323270,48500,6981,150,0x0
1790323272,47950,6981,150,0x0
1790323274,51800,6988,150,0x0
1790323276,51250,6988,150,0x0
1790323278,52900,6988,150,0x0
1790323280,52350,6988,150,0x0
1790323282,54000,6984,150,0x0
1790323284,54000,6989,150,0x0
1790323286,54000,6988,150,0x0
1790323288,53450,6989,150,0x0
1790323290,54000,6986,150,0x0
1790323292,54550,6984,150,0x0
1790323294,54550,6988,150,0x0
1790323296,54550,6988,150,0x0
1790323298,55650,6986,150,0x0
1790323300,54550,6988,150,0x0
1790323302,52900,6984,150,0x0
1790323304,50700,6986,150,0x0
1790323306,52350,6988,150,0x0
1790323308,52350,6986,150,0x0
1790323310,52350,6983,150,0x0
1790323312,52900,6988,150,0x0
1790323314,52900,6983,150,0x0
1790323317,53450,6986,150,0x0
1790323319,52900,6984,150,0x0
1790323321,52900,6984,150,0x0
1790323323,53450,6983,150,0x0
1790323325,52900,6983,150,0x0
1790323327,53450,6984,150,0x0
1790323329,53450,6986,150,0x0
1790323331,53450,6983,150,0x0
1790323333,53450,6986,150,0x0
1790323335,50150,6983,150,0x0
1790323337,51250,6988,150,0x0
1790323339,51250,6979,150,0x0
1790323341,51800,6981,150,0x0
1790323343,51800,6978,150,0x0
1790323345,51800,6983,150,0x0
1790323347,51800,6979,150,0x0
1790323349,51800,6983,150,0x0
1790323351,51800,6984,150,0x0
1790323353,51800,6983,150,0x0
1790323355,51250,6986,150,0x0
1790323357,51250,6984,150,0x0
1790323359,51800,6979,150,0x0
1790323361,51800,6984,150,0x0
1790323363,52350,6983,150,0x0
1790323365,51800,6988,150,0x0
1790323367,49600,6986,150,0x0
1790323369,50700,6984,150,0x0
1790323371,51250,6981,150,0x0
1790323373,50150,6981,150,0x0
1790323375,51800,6981,150,0x0
1790323377,51800,6983,150,0x0
1790323379,52350,6981,150,0x0
1790323381,51800,6979,150,0x0
1790323383,51800,6981,150,0x0
1790323385,51800,6983,150,0x0
1790323387,51800,6981,150,0x0
1790323389,51800,6983,150,0x0
1790323391,52350,6981,150,0x0
1790323393,51250,6984,150,0x0
1790323395,52350,6981,150,0x0
1790323397,51800,6984,150,0x0
1790323399,49050,6981,150,0x0
1790323401,51800,6983,150,0x0
1790323403,52350,6979,150,0x0
1790323406,52900,6981,150,0x0
1790323408,52900,6979,150,0x0
1790323410,52900,6981,150,0x0
1790323412,54000,6978,150,0x0
1790323414,53450,6981,150,0x0
1790323416,52900,6981,150,0x0
1790323418,53450,6975,150,0x0
1790323420,53450,6981,150,0x0
1790323422,52900,6978,150,0x0
1790323424,55650,6981,150,0x0
1790323426,53450,6981,150,0x0
1790323428,54000,6978,150,0x0
1790323430,54000,6981,150,0x0
1790323432,49600,6976,150,0x0
1790323434,52900,6981,150,0x0
1790323436,53450,6978,150,0x0
1790323438,52900,6979,150,0x0
1790323440,51800,6981,150,0x0
1790323442,53450,6981,150,0x0
1790323444,54000,6981,150,0x0
1790323446,52900,6981,150,0x0
1790323448,53450,6983,150,0x0
1790323450,53450,6983,150,0x0
1790323452,54000,6983,150,0x0
1790323454,52900,6986,150,0x0
1790323456,52900,6986,150,0x0
1790323458,53450,6976,150,0x0
1790323460,53450,6984,150,0x0
1790323462,53450,6984,150,0x0
1790323464,49600,6978,150,0x0
1790323466,50700,6978,150,0x0
1790323468,50150,6988,150,0x0
1790323470,49600,6978,150,0x0
1790323472,49600,6983,150,0x0
1790323474,49600,6983,150,0x0
1790323476,49600,6983,150,0x0
1790323478,49050,6984,150,0x0
1790323480,49050,6979,150,0x0
1790323482,49050,6984,150,0x0
1790323484,49050,6983,150,0x0
1790323486,48500,6984,150,0x0
1790323488,49050,6984,150,0x0
1790323490,48500,6981,150,0x0
1790323492,49050,6979,150,0x0
1790323494,47950,6988,150,0x0
1790323496,47400,6984,150,0x0
1790323498,48500,6986,150,0x0
1790323500,51800,6988,150,0x0
1790323502,50700,6988,150,0x0
1790323504,52350,6989,150,0x0
1790323506,51800,6988,150,0x0
1790323508,52900,6988,150,0x0
1790323510,53450,6986,150,0x0
1790323512,53450,6986,150,0x0
1790323514,53450,6984,150,0x0
1790323516,54000,6979,150,0x0
1790323518,52900,6984,150,0x0
1790323520,54000,6984,150,0x0
1790323522,54000,6986,150,0x0
1790323524,54000,6986,150,0x0
1790323526,54000,6984,150,0x0
1790323528,51250,6978,150,0x0
1790323530,51250,6984,150,0x0
1790323532,52350,6986,150,0x0
1790323534,50700,6983,150,0x0
1790323536,51800,6988,150,0x0
1790323538,51800,6988,150,0x0
1790323540,51800,6984,150,0x0
1790323542,50150,6984,150,0x0
1790323544,51250,6986,150,0x0
1790323546,51250,6981,150,0x0
1790323548,50150,6983,150,0x0
1790323550,51250,6984,150,0x0
1790323552,50700,6988,150,0x0
1790323554,51800,6988,150,0x0
1790323556,51250,6989,150,0x0
1790323558,50150,6988,150,0x0
1790323561,48500,6988,150,0x0
1790323563,52900,6991,150,0x0
1790323565,51800,6991,150,0x0
1790323567,51800,6991,150,0x0
1790323569,52350,6993,150,0x0
1790323571,52900,6988,150,0x0
1790323573,52350,6991,150,0x0
1790323575,52900,6986,150,0x0
1790323577,52900,6988,150,0x0
1790323579,52900,6991,150,0x0
1790323581,52350,6994,150,0x0
1790323583,51800,6991,150,0x0
1790323585,52350,6991,150,0x0
1790323587,53450,6991,150,0x0
1790323589,52350,6989,150,0x0
1790323591,51250,6989,150,0x0
1790323593,50150,6988,150,0x0
1790323595,51250,6988,150,0x0
1790323597,50150,6988,150,0x0
1790323599,50700,6988,150,0x0
1790323601,50150,6988,150,0x0
1790323603,50150,6984,150,0x0
1790323605,49600,6984,150,0x0
1790323607,50700,6989,150,0x0
1790323609,50700,6981,150,0x0
1790323611,50150,6986,150,0x0
1790323613,50700,6984,150,0x0
1790323615,50700,6988,150,0x0
1790323617,49600,6988,150,0x0
1790323619,50150,6984,150,0x0
1790323621,50150,6986,150,0x0
1790323623,49050,6986,150,0x0
1790323625,49600,6988,150,0x0
1790323627,50700,6988,150,0x0
1790323629,51250,6988,150,0x0
1790323631,51800,6988,150,0x0
1790323633,51250,6989,150,0x0
1790323635,51800,6989,150,0x0
1790323637,51800,6989,150,0x0
1790323639,51800,6991,150,0x0
1790323641,51800,6988,150,0x0
1790323644,52350,6989,150,0x0
1790323646,51800,6984,150,0x0
1790323648,51800,6984,150,0x0
1790323650,51800,6979,150,0x0
1790323652,52900,6981,150,0x0
1790323654,52350,6986,150,0x0
1790323656,49600,6981,150,0x0
1790323660,51250,6991,150,0x0
1790323665,52350,6991,150,0x0
1790323669,50700,6988,150,0x0
1790323671,50700,6981,150,0x0
1790323673,52900,6984,150,0x0
1790323676,52350,6989,150,0x0
1790323678,52350,6983,150,0x0
1790323681,52900,6989,150,0x0
1790323684,52350,6989,150,0x0
1790323687,52900,6986,150,0x0
1790323689,49600,6978,150,0x0
1790323691,50700,6989,150,0x0
1790323693,51250,6986,150,0x0
1790323697,52900,6983,150,0x0
1790323700,51800,6986,150,0x0
1790323702,48500,6976,150,0x0
1790323704,46850,6981,150,0x0
1790323706,46850,6979,150,0x0
1790323708,46300,6978,150,0x0
1790323710,45200,6983,150,0x0
1790323712,44650,6295,100,0x0
1790323714,46300,5001,100,0x0
1790323729,45200,4936,100,0x0
1790323731,45750,4933,100,0x0
1790323733,48500,4931,100,0x0
1790323735,50150,4926,100,0x0
1790323738,50150,6920,150,0x0
1790323740,50700,6920,150,0x0
1790323742,51800,6925,150,0x0
1790323744,51800,6926,150,0x0
1790323746,50700,6933,150,0x0
1790323748,50700,6938,150,0x0
1790323750,52350,6942,150,0x0
1790323752,51800,6949,150,0x0
1790323754,52350,6952,150,0x0
1790323756,52350,6957,150,0x0
1790323758,52350,6962,150,0x0
1790323760,52350,6962,150,0x0
1790323762,52350,6970,150,0x0
1790323764,47400,6968,150,0x0
1790323766,50700,6981,150,0x0
1790323768,50150,6976,150,0x0
1790323770,51250,6976,150,0x0
1790323772,49600,6981,150,0x0
1790323774,50150,6981,150,0x0
1790323776,51250,6986,150,0x0
1790323778,51250,6988,150,0x0
1790323780,50700,6994,150,0x0
1790323782,51250,6994,150,0x0
1790323784,50700,6993,150,0x0
1790323786,50700,6996,150,0x0
1790323788,49600,6993,150,0x0
1790323794,50700,6993,150,0x0
1790323796,47400,6996,150,0x0
1790323798,50150,6999,150,0x0
1790323800,50700,6999,150,0x0
1790323802,51800,7001,150,0x0
1790323804,52350,7001,150,0x0
1790323806,51800,7004,150,0x0
1790323808,51800,7007,150,0x0
1790323810,51250,7002,150,0x0
1790323812,52350,7001,150,0x0
1790323814,51800,7002,150,0x0
1790323816,51800,7007,150,0x0
1790323818,51800,7007,150,0x0
1790323820,51800,7001,150,0x0
1790323822,49600,7002,150,0x0
1790323824,51800,7007,150,0x0
1790323826,50700,7006,150,0x0
1790323828,50700,7002,150,0x0
1790323830,52350,7004,150,0x0
1790323832,53450,7006,150,0x0
1790323834,52900,7010,150,0x0
1790323836,55100,7010,150,0x0
1790323838,54550,7012,150,0x0
1790323840,54000,7009,150,0x0
1790323842,54000,7007,150,0x0
1790323844,55100,7007,150,0x0
1790323846,54550,6996,150,0x0
1790323848,54550,6996,150,0x0
1790323850,54550,6989,150,0x0
1790323852,54550,6991,150,0x0
1790323854,54550,6988,150,0x0
1790323856,54550,6988,150,0x0
1790323858,51250,6981,150,0x0
1790323861,51250,6981,150,0x0
1790323919,49050,5161,100,0x0
1790323921,49050,5053,100,0x0
1790323923,47400,5030,100,0x0
1790323925,47400,5016,100,0x0
1790323927,46850,5001,100,0x0
1790323929,46300,4991,100,0x0
1790323931,46300,4980,100,0x0
1790323933,46850,4970,100,0x0
1790323935,45750,4959,100,0x0
1790323937,46300,4948,100,0x0
1790323939,45750,4942,100,0x0
1790323941,45750,4933,100,0x0
1790323943,45750,4927,100,0x0
1790323945,44650,4922,100,0x0
1790323947,45750,4919,100,0x0
1790323949,46300,4916,100,0x0
1790323951,45750,4917,100,0x0
1790323953,45750,4914,100,0x0
1790323955,45200,4916,100,0x0
1790323957,45200,4910,100,0x0
1790323959,44100,4910,100,0x0
1790323961,44650,4911,100,0x0
1790323963,44100,4904,100,0x0
1790323965,45200,4901,100,0x0
1790323967,45750,4899,100,0x0
1790323969,44100,4900,100,0x0
1790323971,44650,4899,100,0x0
1790323973,44100,4895,100,0x0
1790323975,43550,4894,100,0x0
1790323977,43000,4891,100,0x0
1790323979,42450,4891,100,0x0
1790323981,42450,4888,100,0x0
1790323983,44100,4886,100,0x0
1790323985,41900,4881,100,0x0
1790323987,42450,4882,100,0x0
1790323989,42450,4877,100,0x0
1790323991,40800,4874,100,0x0
1790323993,42450,4865,100,0x0
1790323995,41350,4860,100,0x0
1790323997,41900,4858,100,0x0
1790323999,41900,4856,100,0x0
1790324001,41350,4859,100,0x0
1790324003,41900,4857,100,0x0
1790324005,41900,4855,100,0x0
1790324007,42450,4852,100,0x0
1790324009,41900,4853,100,0x0
1790324011,40800,4852,100,0x0
1790324013,41900,4851,100,0x0
1790324015,41350,4855,100,0x0
1790324017,40800,4852,100,0x0
1790324019,42450,4851,100,0x0
1790324021,40800,4851,100,0x0
1790324023,40800,4847,100,0x0
1790324025,41350,4848,100,0x0
1790324027,40800,4843,100,0x0
1790324029,41350,4842,100,0x0
1790324031,40250,4843,100,0x0
1790324033,41350,4846,100,0x0
1790324035,39700,4850,100,0x0
1790324037,40250,4845,100,0x0
1790324039,39700,4849,100,0x0
1790324041,39700,4844,100,0x0
1790324044,40800,4843,100,0x0
1790324046,40800,4840,100,0x0
1790324048,41350,4839,100,0x0
1790324050,41350,4838,100,0x0
1790324052,40800,4837,100,0x0
1790324054,40250,4837,100,0x0
1790324056,40250,4835,100,0x0
1790324058,40800,4844,100,0x0
1790324060,40250,4848,100,0x0
1790324062,40800,4841,100,0x0
1790324064,39700,4841,100,0x0
1790324066,40250,4845,100,0x0
1790324068,40250,4838,100,0x0
1790324070,40250,4839,100,0x0
1790324072,39700,4841,100,0x0
1790324074,40250,4842,100,0x0
1790324076,40250,4841,100,0x0
1790324078,39700,4841,100,0x0
1790324080,39700,4840,100,0x0
1790324082,39700,4835,100,0x0
1790324084,38600,4840,100,0x0
1790324086,39150,4844,100,0x0
1790324088,39150,4841,100,0x0
1790324090,39700,4840,100,0x0
1790324092,39700,4836,100,0x0
1790324094,39150,4842,100,0x0
1790324096,39150,4841,100,0x0
1790324098,39150,4841,100,0x0
1790324100,40250,4839,100,0x0
1790324102,39150,4841,100,0x0
1790324104,39150,4836,100,0x0
1790324106,39150,4836,100,0x0
1790324108,39150,4838,100,0x0
1790324110,39150,4840,100,0x0
1790324112,39150,4836,100,0x0
1790324114,38600,4839,100,0x0
1790324116,38600,4837,100,0x0
1790324118,39150,4837,100,0x0
1790324120,37500,4837,100,0x0
1790324122,38600,4837,100,0x0
1790324124,38600,4836,100,0x0
1790324126,38600,4835,100,0x0
1790324128,38600,4832,100,0x0
1790324130,39150,4832,100,0x0
1790324132,39150,4831,100,0x0
1790324134,38050,4828,100,0x0
1790324136,38050,4826,100,0x0
1790324138,38050,4830,100,0x0
1790324140,38600,4833,100,0x0
1790324142,38050,4827,100,0x0
1790324144,38600,4817,100,0x0
1790324146,36950,4808,100,0x0
1790324148,38050,4806,100,0x0
1790324150,38050,4808,100,0x0
1790324152,38050,4810,100,0x0
1790324154,38050,4814,100,0x0
1790324156,38600,4820,100,0x0
1790324158,38600,4818,100,0x0
1790324160,38050,4811,100,0x0
1790324162,38600,4811,100,0x0
1790324164,39150,4820,100,0x0
1790324166,39700,4822,100,0x0
1790324168,39150,4820,100,0x0
1790324170,39150,4822,100,0x0
1790324172,38600,4819,100,0x0
1790324174,38050,4816,100,0x0
1790324176,38600,4816,100,0x0
1790324178,38050,4811,100,0x0
1790324180,38600,4804,100,0x0
1790324182,38050,4806,100,0x0
1790324184,38600,4810,100,0x0
1790324186,38600,4811,100,0x0
1790324188,38050,4808,100,0x0
1790324190,38050,4809,100,0x0
1790324192,37500,4806,100,0x0
1790324194,38050,4806,100,0x0
1790324196,38050,4808,100,0x0
1790324198,38050,4803,100,0x0
1790324200,38050,4798,100,0x0
1790324202,37500,4796,100,0x0
1790324204,38050,4797,100,0x0
1790324206,38600,4799,100,0x0
1790324208,38050,4794,100,0x0
1790324210,36950,4798,100,0x0
1790324212,38600,4798,100,0x0
1790324214,38050,4804,100,0x0
1790324216,37500,4803,100,0x0
1790324218,37500,4810,100,0x0
1790324220,37500,4803,100,0x0
1790324222,38050,4809,100,0x0
1790324224,37500,4806,100,0x0
1790324226,38050,4808,100,0x0
1790324228,38050,4804,100,0x0
1790324230,38050,4801,100,0x0
1790324232,38050,4800,100,0x0
1790324234,38600,4796,100,0x0
1790324236,38050,4796,100,0x0
1790324238,36950,4798,100,0x0
1790324240,37500,4789,100,0x0
1790324242,36400,4792,100,0x0
1790324244,37500,4788,100,0x0
1790324246,38050,4786,100,0x0
1790324248,36950,4790,100,0x0
1790324250,37500,4791,100,0x0
1790324252,38050,4786,100,0x0
1790324254,37500,4793,100,0x0
1790324257,38050,4793,100,0x0
1790324259,36950,4796,100,0x0
1790324261,36950,4794,100,0x0
1790324263,37500,4788,100,0x0
1790324265,36950,4797,100,0x0
1790324267,37500,4793,100,0x0
1790324269,36950,4794,100,0x0
1790324271,37500,4798,100,0x0
1790324273,37500,4799,100,0x0
1790324275,36950,4800,100,0x0
1790324277,36950,4795,100,0x0
1790324279,36400,4799,100,0x0
1790324281,36400,4805,100,0x0
1790324283,36950,4803,100,0x0
1790324285,37500,4802,100,0x0
1790324287,38050,4800,100,0x0
1790324289,38050,4808,100,0x0
1790324291,38050,4810,100,0x0
1790324293,38050,4813,100,0x0
1790324295,38050,4813,100,0x0
1790324297,37500,4818,100,0x0
1790324299,36400,4817,100,0x0
1790324301,36950,4813,100,0x0
1790324303,37500,4816,100,0x0
1790324305,36400,4817,100,0x0
1790324307,36950,4816,100,0x0
1790324309,38050,4815,100,0x0
1790324311,36950,4818,100,0x0
1790324313,37500,4818,100,0x0
1790324315,36950,4817,100,0x0
1790324317,36950,4814,100,0x0
1790324319,36950,4816,100,0x0
1790324321,38050,4813,100,0x0
1790324323,36950,4813,100,0x0
1790324325,36950,4812,100,0x0
1790324327,36400,4812,100,0x0
1790324329,36400,4813,100,0x0
1790324331,36950,4813,100,0x0
1790324333,36950,4810,100,0x0
1790324335,36950,4805,100,0x0
1790324337,36950,4803,100,0x0
1790324339,36950,4801,100,0x0
1790324341,37500,4800,100,0x0
1790324343,36950,4804,100,0x0
1790324345,36400,4802,100,0x0
1790324347,36950,4799,100,0x0
1790324349,36950,4803,100,0x0
1790324351,36950,4803,100,0x0
1790324353,36950,4801,100,0x0
1790324355,37500,4804,100,0x0
1790324357,36400,4806,100,0x0
1790324359,36950,4803,100,0x0
1790324361,36400,4801,100,0x0
1790324363,35300,4803,100,0x0
1790324365,36950,4800,100,0x0
1790324367,36400,4799,100,0x0
1790324369,36400,4794,100,0x0
1790324371,36950,4796,100,0x0
1790324373,36950,4798,100,0x0
1790324375,36400,4799,100,0x0
1790324377,36950,4799,100,0x0
1790324379,37500,4792,100,0x0
1790324381,36400,4791,100,0x0
1790324383,36400,4789,100,0x0
1790324385,36950,4785,100,0x0
1790324387,36400,4783,100,0x0
1790324389,36400,4784,100,0x0
1790324391,36400,0,0,0x0
1790324393,36400,0,0,0x0
1790324395,36400,0,0,0x0
1790324397,36400,0,0,0x0
1790324399,36950,0,0,0x0
1790324401,35850,0,0,0x0
1790324403,35300,0,0,0x0
1790324405,38050,0,0,0x0
1790324407,38050,0,0,0x0
1790324409,37500,0,0,0x0
1790324411,37500,0,0,0x0
1790324413,38050,0,0,0x0
1790324415,37500,0,0,0x0
1790324417,35850,0,0,0x0
1790324419,37500,0,0,0x0
1790324421,38050,0,0,0x0
1790324423,38050,0,0,0x0
1790324425,36400,0,0,0x0
1790324427,38050,0,0,0x0
1790324429,37500,0,0,0x0
1790324431,36950,0,0,0x0
1790324433,38050,0,0,0x0
1790324435,38050,0,0,0x0
1790324437,38050,0,0,0x0
1790324439,36950,0,0,0x0
1790324441,38050,0,0,0x0
1790324443,38050,0,0,0x0
1790324445,38050,0,0,0x0
1790324447,38050,0,0,0x0
1790324449,38050,0,0,0x0
1790324451,38050,0,0,0x0
1790324453,37500,0,0,0x0
1790324455,38050,0,0,0x0
1790324457,38600,0,0,0x0
1790324459,38050,0,0,0x0
1790324461,39150,0,0,0x0
1790324463,38600,0,0,0x0
1790324465,38600,0,0,0x0
1790324467,38600,0,0,0x0
1790324470,39700,0,0,0x0
1790324472,38050,0,0,0x0
1790324474,38600,0,0,0x0
1790324476,38600,0,0,0x0
1790324478,37500,0,0,0x0
1790324480,39150,0,0,0x0
1790324482,37500,0,0,0x0
1790324484,39150,0,0,0x0
1790324486,39150,0,0,0x0
1790324488,38600,0,0,0x0
1790324490,39150,0,0,0x0
1790324492,38600,0,0,0x0
1790324494,39150,0,0,0x0
1790324496,39150,0,0,0x0
1790324498,38600,0,0,0x0
1790324500,39700,0,0,0x0
1790324502,39150,0,0,0x0
1790324504,39150,0,0,0x0
1790324506,40250,0,0,0x0
1790324508,37500,0,0,0x0
1790324510,39150,0,0,0x0
1790324512,38600,0,0,0x0
1790324514,39150,0,0,0x0
1790324516,39700,0,0,0x0
1790324518,40250,5239,100,0x0
1790324520,39150,5822,100,0x0
1790324522,38600,5794,100,0x0
1790324524,39150,5733,100,0x0
1790324526,38600,5705,100,0x0
1790324528,39700,5636,100,0x0
1790324530,39700,5503,100,0x0
1790324532,39150,5374,100,0x0
1790324534,39700,5248,100,0x0
1790324536,38600,5089,100,0x0
1790324538,38600,4956,100,0x0
1790324540,38600,4816,100,0x0
1790324542,38600,4694,100,0x0
1790324544,38050,4640,100,0x0
1790324546,37500,4612,100,0x0
1790324548,38600,4580,100,0x0
1790324550,39150,4560,100,0x0
1790324552,37500,4563,100,0x0
1790324554,38050,4573,100,0x0
1790324556,38600,4581,100,0x0
1790324558,38050,4591,100,0x0
1790324560,37500,4600,100,0x0
1790324562,39150,4610,100,0x0
1790324564,38050,4620,100,0x0
1790324566,38050,4625,100,0x0
1790324568,38050,4635,100,0x0
1790324570,37500,4642,100,0x0
1790324572,38050,4648,100,0x0
1790324574,38050,4652,100,0x0
1790324576,38050,4649,100,0x0
1790324578,37500,4645,100,0x0
1790324580,38050,4646,100,0x0
1790324582,38600,4647,100,0x0
1790324584,37500,4650,100,0x0
1790324586,36950,4651,100,0x0
1790324588,37500,4651,100,0x0
1790324590,37500,4652,100,0x0
1790324592,36950,4656,100,0x0
1790324594,37500,4662,100,0x0
1790324596,36950,4665,100,0x0
1790324598,38050,4666,100,0x0
1790324600,38050,4674,100,0x0
1790324602,37500,4677,100,0x0
1790324604,36950,4680,100,0x0
1790324606,37500,4684,100,0x0
1790324608,36950,4684,100,0x0
1790324610,36400,4686,100,0x0
1790324612,37500,4688,100,0x0
1790324614,36400,4688,100,0x0
1790324616,36950,4691,100,0x0
1790324618,37500,4694,100,0x0
1790324620,36950,4694,100,0x0
1790324622,36950,4694,100,0x0
1790324624,37500,4696,100,0x0
1790324626,36950,4697,100,0x0
1790324628,37500,4699,100,0x0
1790324630,36950,4701,100,0x0
1790324632,36400,4703,100,0x0
1790324634,37500,4702,100,0x0
1790324636,36950,4705,100,0x0
1790324638,36400,4706,100,0x0
1790324640,36950,4709,100,0x0
1790324642,36400,4707,100,0x0
1790324644,35850,4711,100,0x0
1790324646,36950,4712,100,0x0
1790324648,37500,4711,100,0x0
1790324650,38050,4711,100,0x0
1790324652,38050,4714,100,0x0
1790324654,36950,4714,100,0x0
1790324656,37500,4715,100,0x0
1790324658,36950,4714,100,0x0
1790324660,37500,4716,100,0x0
1790324662,36400,4716,100,0x0
1790324664,36400,4716,100,0x0
1790324666,36950,4716,100,0x0
1790324668,36950,4719,100,0x0
1790324670,36400,4716,100,0x0
1790324672,37500,4719,100,0x0
1790324674,36400,4722,100,0x0
1790324676,36950,4719,100,0x0
1790324678,36400,4721,100,0x0
1790324680,35300,4720,100,0x0
1790324682,35850,4721,100,0x0
1790324684,36950,4723,100,0x0
1790324686,36950,4719,100,0x0
1790324688,35850,4723,100,0x0
1790324690,36400,4721,100,0x0
1790324692,35300,4725,100,0x0
1790324694,36400,4724,100,0x0
1790324696,36400,4726,100,0x0
1790324698,35850,4727,100,0x0
1790324700,36400,4726,100,0x0
1790324702,36400,4726,100,0x0
1790324705,36400,4727,100,0x0
1790324707,36950,4726,100,0x0
1790324709,36400,4726,100,0x0
1790324711,36950,4728,100,0x0
1790324713,36400,4731,100,0x0
1790324715,36400,4733,100,0x0
1790324717,35300,4733,100,0x0
1790324719,36400,4735,100,0x0
1790324721,35850,4737,100,0x0
1790324723,36400,4739,100,0x0
1790324725,36400,4739,100,0x0
1790324727,36400,4737,100,0x0
1790324729,36400,4737,100,0x0
1790324731,36950,4738,100,0x0
1790324733,36400,4737,100,0x0
1790324735,34750,4741,100,0x0
1790324737,36400,4743,100,0x0
1790324739,36400,4745,100,0x0
1790324741,35300,4746,100,0x0
1790324743,36400,4747,100,0x0
1790324745,35850,4749,100,0x0
1790324747,36400,4744,100,0x0
1790324749,36400,4743,100,0x0
1790324751,35850,4740,100,0x0
1790324753,35850,4743,100,0x0
1790324755,35850,4743,100,0x0
1790324757,35850,4744,100,0x0
1790324759,36950,4746,100,0x0
1790324761,35850,4746,100,0x0
1790324763,35850,4745,100,0x0
1790324765,36400,4746,100,0x0
1790324767,36400,4748,100,0x0
1790324769,35850,4748,100,0x0
1790324771,36950,4745,100,0x0
1790324773,36400,4746,100,0x0
1790324775,36400,4746,100,0x0
1790324777,36950,0,0,0x0
1790324779,36400,0,0,0x0
1790324781,36400,0,0,0x0
1790324783,36950,0,0,0x0
1790324785,36400,0,0,0x0
1790324787,36950,0,0,0x0
1790324789,35850,0,0,0x0
1790324791,36400,0,0,0x0
1790324793,36950,0,0,0x0
1790324795,35300,0,0,0x0
1790324797,36400,0,0,0x0
1790324799,36950,0,0,0x0
1790324801,36950,0,0,0x0
1790324803,36950,0,0,0x0
1790324805,36950,0,0,0x0
1790324807,36950,0,0,0x0
1790324809,36400,0,0,0x0
1790324811,36400,0,0,0x0
1790324813,36950,0,0,0x0
1790324815,36950,0,0,0x0
1790324817,36400,0,0,0x0
1790324819,36400,0,0,0x0
1790324821,37500,0,0,0x0
1790324823,37500,0,0,0x0
1790324825,37500,0,0,0x0
1790324827,37500,0,0,0x0
1790324829,38050,0,0,0x0
1790324831,36950,0,0,0x0
1790324833,36950,0,0,0x0
1790324835,37500,0,0,0x0
1790324837,38050,0,0,0x0
1790324839,37500,0,0,0x0
1790324841,38050,0,0,0x0
1790324843,37500,0,0,0x0
1790324845,36950,0,0,0x0
1790324847,37500,0,0,0x0
1790324849,38600,0,0,0x0
1790324851,37500,0,0,0x0
1790324853,38050,0,0,0x0
1790324855,38050,0,0,0x0
1790324857,38050,0,0,0x0
1790324859,38050,0,0,0x0
1790324861,38050,0,0,0x0
1790324863,37500,0,0,0x0
1790324865,38050,0,0,0x0
1790324867,38050,0,0,0x0
1790324869,36950,0,0,0x0
1790324871,37500,0,0,0x0
1790324873,38600,0,0,0x0
1790324875,38050,0,0,0x0
1790324877,38600,0,0,0x0
1790324879,37500,0,0,0x0
1790324881,38050,0,0,0x0
1790324883,37500,0,0,0x0
1790324885,39150,0,0,0x0
1790324887,38600,0,0,0x0
1790324889,40250,0,0,0x0
1790324891,39150,0,0,0x0
1790324893,39700,0,0,0x0
1790324896,39150,0,0,0x0
1790324898,38600,0,0,0x0
1790324900,38600,0,0,0x0
1790324902,38600,0,0,0x0
1790324904,39150,0,0,0x0
1790324906,39700,0,0,0x0
1790324908,39150,0,0,0x0
1790324910,39150,0,0,0x0
1790324912,39150,0,0,0x0
1790324914,38600,0,0,0x0
1790324916,38600,0,0,0x0
1790324918,39150,0,0,0x0
1790324920,38600,0,0,0x0
1790324922,38600,0,0,0x0
1790324924,39150,0,0,0x0
1790324926,39150,0,0,0x0
1790324928,38050,0,0,0x0
1790324930,38600,3309,100,0x0
1790324932,38600,5334,100,0x0
1790324934,39700,5360,100,0x0
1790324936,38600,5285,100,0x0
1790324938,38600,5171,100,0x0
1790324940,38600,5034,100,0x0
1790324942,39150,4926,100,0x0
1790324944,38600,4826,100,0x0
1790324946,38600,4716,100,0x0
1790324948,38600,4602,100,0x0
1790324950,37500,4549,100,0x0
1790324952,38600,4505,100,0x0
1790324954,39150,4493,100,0x0
1790324956,39150,4493,100,0x0
1790324958,38600,4498,100,0x0
1790324960,39150,4510,100,0x0
1790324962,38050,4520,100,0x0
1790324964,36950,4535,100,0x0
1790324966,38050,4551,100,0x0
1790324968,38600,4564,100,0x0
1790324970,38600,4568,100,0x0
1790324972,37500,4572,100,0x0
1790324974,38600,4569,100,0x0
1790324976,38050,4570,100,0x0
1790324978,38050,4573,100,0x0
1790324980,37500,4580,100,0x0
1790324982,38050,4587,100,0x0
1790324984,38050,4596,100,0x0
1790324986,38050,4601,100,0x0
1790324988,38050,4607,100,0x0
1790324990,38050,4616,100,0x0
1790324992,37500,4622,100,0x0
1790324994,37500,4629,100,0x0
1790324996,37500,4635,100,0x0
1790324998,37500,4641,100,0x0
1790325000,38050,4647,100,0x0
1790325002,37500,4651,100,0x0
1790325004,37500,4659,100,0x0
1790325006,37500,4662,100,0x0
1790325008,37500,4666,100,0x0
1790325010,38050,4672,100,0x0
1790325012,38050,4674,100,0x0
1790325014,37500,4677,100,0x0
1790325016,38050,4681,100,0x0
1790325018,37500,4686,100,0x0
1790325020,37500,4688,100,0x0
1790325022,38600,4691,100,0x0
1790325024,36400,4693,100,0x0
1790325026,37500,4697,100,0x0
1790325028,37500,4697,100,0x0
1790325030,38050,4699,100,0x0
1790325032,37500,4701,100,0x0
1790325034,36950,4702,100,0x0
1790325036,36950,4704,100,0x0
1790325038,36950,4707,100,0x0
1790325040,36950,4708,100,0x0
1790325042,37500,4712,100,0x0
1790325044,37500,4709,100,0x0
1790325046,36950,4710,100,0x0
1790325048,36950,4711,100,0x0
1790325050,37500,4712,100,0x0
1790325052,37500,4713,100,0x0
1790325054,37500,4714,100,0x0
1790325056,35850,4716,100,0x0
1790325058,36950,4714,100,0x0
1790325060,36950,4716,100,0x0
1790325062,36950,4719,100,0x0
1790325064,37500,4721,100,0x0
1790325066,36400,4719,100,0x0
1790325068,36950,4723,100,0x0
1790325070,36950,4723,100,0x0
1790325072,35300,4725,100,0x0
1790325074,36400,4725,100,0x0
1790325076,36400,4725,100,0x0
1790325078,36950,4727,100,0x0
1790325080,36950,4729,100,0x0
1790325082,36950,4730,100,0x0
1790325084,36400,4729,100,0x0
1790325086,36950,4728,100,0x0
1790325088,36400,4731,100,0x0
1790325090,35300,4731,100,0x0
1790325092,36950,4731,100,0x0
1790325094,36950,4731,100,0x0
1790325096,36400,4734,100,0x0
1790325098,36400,4737,100,0x0
1790325100,36950,4739,100,0x0
1790325102,36950,4739,100,0x0
1790325104,36400,4737,100,0x0
1790325106,36950,4738,100,0x0
1790325108,35850,4737,100,0x0
1790325110,36400,4740,100,0x0
1790325112,35850,4740,100,0x0
1790325114,36950,4739,100,0x0
1790325116,35850,4740,100,0x0
1790325118,35850,4742,100,0x0
1790325120,36950,4742,100,0x0
1790325122,36400,4741,100,0x0
1790325124,36400,4743,100,0x0
1790325126,37500,4742,100,0x0
1790325128,36400,4745,100,0x0
1790325130,37500,4746,100,0x0
1790325133,36950,4746,100,0x0
1790325135,36950,4744,100,0x0
1790325137,36950,4752,100,0x0
1790325139,36950,4758,100,0x0
1790325141,36400,4758,100,0x0
1790325143,36400,4758,100,0x0
1790325145,36400,4755,100,0x0
1790325147,36400,4745,100,0x0
1790325149,35850,4740,100,0x0
1790325151,35850,4744,100,0x0
1790325153,36400,4741,100,0x0
1790325155,36400,4744,100,0x0
1790325157,36400,4746,100,0x0
1790325159,34750,4742,100,0x0
1790325161,36950,4743,100,0x0
1790325163,36400,4743,100,0x0
1790325165,36400,4744,100,0x0
1790325167,36400,4743,100,0x0
1790325169,35850,4749,100,0x0
1790325171,36950,4746,100,0x0
1790325173,35300,4746,100,0x0
1790325175,35850,4747,100,0x0
1790325177,35850,4749,100,0x0
1790325179,36400,4748,100,0x0
1790325181,36400,4748,100,0x0
1790325183,35850,4749,100,0x0
1790325185,34750,4749,100,0x0
1790325187,35850,4743,100,0x0
1790325189,36400,4746,100,0x0
1790325191,36400,4750,100,0x0
1790325193,35850,4749,100,0x0
1790325195,35850,4747,100,0x0
1790325197,35850,4754,100,0x0
1790325199,35850,4752,100,0x0
1790325201,35300,4749,100,0x0
1790325203,36400,4751,100,0x0
1790325205,35300,4752,100,0x0
1790325207,35850,4751,100,0x0
1790325209,36400,4749,100,0x0
1790325211,36400,4749,100,0x0
1790325213,35850,4749,100,0x0
1790325215,35300,0,0,0x0
1790325217,34750,0,0,0x0
1790325219,35300,0,0,0x0
1790325221,35850,0,0,0x0
1790325223,35850,0,0,0x0
1790325225,35850,0,0,0x0
1790325227,35850,0,0,0x0
1790325229,35850,0,0,0x0
1790325231,35850,0,0,0x0
1790325233,36950,0,0,0x0
1790325235,36950,0,0,0x0
1790325237,36950,0,0,0x0
1790325239,36950,0,0,0x0
1790325241,36950,0,0,0x0
1790325243,36400,0,0,0x0
1790325245,36950,0,0,0x0
1790325247,36400,0,0,0x0
1790325249,36950,0,0,0x0
1790325251,38050,0,0,0x0
1790325253,38050,0,0,0x0
1790325255,36950,0,0,0x0
1790325257,35850,0,0,0x0
1790325259,37500,0,0,0x0
1790325261,36950,0,0,0x0
1790325263,36950,0,0,0x0
1790325265,38050,0,0,0x0
1790325267,37500,0,0,0x0
1790325269,38050,0,0,0x0
1790325271,38050,0,0,0x0
1790325273,38050,0,0,0x0
1790325275,37500,0,0,0x0
1790325277,38050,0,0,0x0
1790325279,37500,0,0,0x0
1790325281,36950,0,0,0x0
1790325283,37500,0,0,0x0
1790325285,36950,0,0,0x0
1790325287,37500,0,0,0x0
1790325289,38050,0,0,0x0
1790325291,36400,0,0,0x0
1790325293,37500,0,0,0x0
1790325295,37500,0,0,0x0
1790325297,38050,0,0,0x0
1790325299,38050,0,0,0x0
1790325301,38050,0,0,0x0
1790325303,38600,0,0,0x0
1790325305,38050,0,0,0x0
1790325307,37500,0,0,0x0
1790325309,37500,0,0,0x0
1790325311,38050,0,0,0x0
1790325313,37500,0,0,0x0
1790325315,39700,0,0,0x0
1790325317,38050,0,0,0x0
1790325319,36950,0,0,0x0
1790325321,38050,0,0,0x0
1790325323,38600,0,0,0x0
1790325325,39150,0,0,0x0
1790325327,38600,0,0,0x0
1790325329,38600,0,0,0x0
1790325331,38050,0,0,0x0
1790325333,38600,0,0,0x0
1790325335,38600,0,0,0x0
1790325337,38600,0,0,0x0
1790325339,38600,0,0,0x0
1790325341,38050,0,0,0x0
1790325343,38600,0,0,0x0
1790325345,37500,5067,100,0x0
1790325347,38050,5209,100,0x0
1790325349,37500,5124,100,0x0
1790325351,37500,5037,100,0x0
1790325353,38600,4898,100,0x0
1790325355,38600,4774,100,0x0
1790325357,38600,4668,100,0x0
1790325359,38600,4562,100,0x0
1790325361,38050,4508,100,0x0
1790325363,38600,4475,100,0x0
1790325365,38600,4458,100,0x0
1790325367,38050,4451,100,0x0
1790325370,38050,4464,100,0x0
1790325372,38050,4475,100,0x0
1790325374,38600,4496,100,0x0
1790325376,38600,4513,100,0x0
1790325378,37500,4527,100,0x0
1790325380,38050,4534,100,0x0
1790325382,38050,4539,100,0x0
1790325384,38050,4539,100,0x0
1790325386,38600,4537,100,0x0
1790325388,38050,4542,100,0x0
1790325390,38050,4548,100,0x0
1790325392,38050,4556,100,0x0
1790325394,36950,4564,100,0x0
1790325396,37500,4573,100,0x0
1790325398,37500,4582,100,0x0
1790325400,36950,4591,100,0x0
1790325402,37500,4598,100,0x0
1790325404,37500,4609,100,0x0
1790325406,38050,4613,100,0x0
1790325408,36950,4621,100,0x0
1790325410,37500,4625,100,0x0
1790325412,37500,4631,100,0x0
1790325414,37500,4634,100,0x0
1790325416,37500,4641,100,0x0
1790325418,37500,4645,100,0x0
1790325420,38050,4652,100,0x0
1790325422,38050,4657,100,0x0
1790325424,36950,4659,100,0x0
1790325426,37500,4664,100,0x0
1790325428,37500,4666,100,0x0
1790325430,36400,4669,100,0x0
1790325432,38050,4675,100,0x0
1790325434,36950,4677,100,0x0
1790325436,36950,4680,100,0x0
1790325438,36950,4683,100,0x0
1790325440,36950,4684,100,0x0
1790325442,36950,4686,100,0x0
1790325444,36400,4690,100,0x0
1790325446,36400,4688,100,0x0
1790325448,36950,4693,100,0x0
1790325450,36400,4692,100,0x0
1790325452,36950,4695,100,0x0
1790325454,38050,4696,100,0x0
1790325456,36950,4695,100,0x0
1790325458,37500,4696,100,0x0
1790325460,36950,4697,100,0x0
1790325462,36400,4699,100,0x0
1790325464,36400,4698,100,0x0
1790325466,36400,4699,100,0x0
1790325468,36400,4702,100,0x0
1790325470,36400,4704,100,0x0
1790325472,36950,4704,100,0x0
1790325474,36950,4705,100,0x0
1790325476,36950,4705,100,0x0
1790325478,35850,4705,100,0x0
1790325480,35850,4704,100,0x0
1790325482,35850,4704,100,0x0
1790325484,36400,4702,100,0x0
1790325486,36400,4707,100,0x0
1790325488,35300,4708,100,0x0
1790325490,35850,4711,100,0x0
1790325492,37500,4711,100,0x0
1790325494,37500,4710,100,0x0
1790325496,36950,4710,100,0x0
1790325498,36950,4708,100,0x0
1790325500,36950,4710,100,0x0
1790325502,35300,4711,100,0x0
1790325504,36400,4711,100,0x0
1790325506,35300,4714,100,0x0
1790325508,35850,4714,100,0x0
1790325510,36400,4712,100,0x0
1790325512,36400,4713,100,0x0
1790325514,36400,4713,100,0x0
1790325516,35850,4714,100,0x0
1790325518,37500,4716,100,0x0
1790325520,36400,4716,100,0x0
1790325522,36400,4715,100,0x0
1790325524,36400,4716,100,0x0
1790325526,36400,4718,100,0x0
1790325528,37500,4718,100,0x0
1790325530,35850,4719,100,0x0
1790325532,35850,4719,100,0x0
1790325534,35850,4721,100,0x0
1790325536,36400,4719,100,0x0
1790325538,36400,4723,100,0x0
1790325540,36400,4724,100,0x0
1790325542,34750,4725,100,0x0
1790325544,35850,4726,100,0x0
1790325546,35300,4725,100,0x0
1790325548,36950,4728,100,0x0
1790325550,36400,4728,100,0x0
1790325552,34750,4730,100,0x0
1790325554,36400,4734,100,0x0
1790325556,34750,0,0,0x0
1790325558,35850,0,0,0x0
1790325560,36400,0,0,0x0
1790325562,35850,0,0,0x0
1790325564,36400,0,0,0x0
1790325566,36400,0,0,0x0
1790325568,36950,0,0,0x0
1790325570,35850,0,0,0x0
1790325572,36400,0,0,0x0
1790325574,36950,0,0,0x0
1790325576,35300,0,0,0x0
1790325578,38050,0,0,0x0
1790325580,36950,0,0,0x0
1790325582,36400,0,0,0x0
1790325584,36950,0,0,0x0
1790325586,36400,0,0,0x0
1790325588,36950,0,0,0x0
1790325590,36950,0,0,0x0
1790325592,36950,0,0,0x0
1790325594,36950,0,0,0x0
1790325596,37500,0,0,0x0
1790325598,36950,0,0,0x0
1790325600,36950,0,0,0x0
1790325602,36950,0,0,0x0
1790325605,37500,0,0,0x0
1790325607,38050,0,0,0x0
1790325609,36950,0,0,0x0
1790325611,37500,0,0,0x0
1790325613,37500,0,0,0x0
1790325615,38600,0,0,0x0
1790325617,37500,0,0,0x0
1790325619,36950,0,0,0x0
1790325621,36950,0,0,0x0
1790325623,38050,0,0,0x0
1790325625,38050,0,0,0x0
1790325627,38050,0,0,0x0
1790325629,37500,0,0,0x0
1790325631,38050,0,0,0x0
1790325633,37500,0,0,0x0
1790325635,37500,0,0,0x0
1790325637,37500,0,0,0x0
1790325639,38600,0,0,0x0
1790325641,38050,0,0,0x0
1790325643,37500,0,0,0x0
1790325645,38050,0,0,0x0
1790325647,38600,0,0,0x0
1790325649,38600,0,0,0x0
1790325651,38050,0,0,0x0
1790325653,38050,0,0,0x0
1790325655,38600,0,0,0x0
1790325657,38050,0,0,0x0
1790325659,39150,0,0,0x0
1790325661,38600,0,0,0x0
1790325663,39150,0,0,0x0
1790325665,38600,0,0,0x0
1790325667,38600,0,0,0x0
1790325669,38600,0,0,0x0
1790325671,38050,0,0,0x0
1790325673,38600,0,0,0x0
1790325675,39150,0,0,0x0
1790325677,38600,0,0,0x0
1790325679,38600,0,0,0x0
1790325681,38600,0,0,0x0
1790325683,39150,0,0,0x0
1790325685,39150,0,0,0x0
1790325687,38600,0,0,0x0
1790325689,38050,0,0,0x0
1790325691,38600,0,0,0x0
1790325693,38600,0,0,0x0
1790325695,38600,0,0,0x0
1790325697,38600,0,0,0x0
1790325699,38600,0,0,0x0
1790325701,39150,0,0,0x0
1790325703,39150,0,0,0x0
1790325705,39150,0,0,0x0
1790325707,39150,0,0,0x0
1790325709,39150,0,0,0x0
1790325711,39150,0,0,0x0
1790325713,39700,0,0,0x0
1790325715,39150,0,0,0x0
1790325717,39150,0,0,0x0
1790325719,39150,0,0,0x0
1790325721,39150,0,0,0x0
1790325723,39150,0,0,0x0
1790325725,39700,0,0,0x0
1790325727,39150,4471,100,0x0
1790325729,39150,4657,100,0x0
1790325731,38600,4601,100,0x0
1790325733,40250,4515,100,0x0
1790325735,39700,4420,100,0x0
1790325737,39700,4368,100,0x0
1790325739,39150,4354,100,0x0
1790325741,38600,4359,100,0x0
1790325743,39150,4369,100,0x0
1790325745,38600,4385,100,0x0
1790325747,38050,4402,100,0x0
1790325749,38600,4427,100,0x0
1790325751,37500,4442,100,0x0
1790325753,38050,4450,100,0x0
1790325755,39150,4452,100,0x0
1790325757,38050,4456,100,0x0
1790325759,37500,4465,100,0x0
1790325761,38600,4476,100,0x0
1790325763,38050,4493,100,0x0
1790325765,38050,4508,100,0x0
1790325767,39150,4520,100,0x0
1790325769,38600,4534,100,0x0
1790325771,38600,4546,100,0x0
1790325773,37500,4561,100,0x0
1790325775,38050,4566,100,0x0
1790325777,38050,4578,100,0x0
1790325779,37500,4589,100,0x0
1790325781,38050,4596,100,0x0
1790325783,38050,4606,100,0x0
1790325785,38600,4615,100,0x0
1790325787,37500,4624,100,0x0
1790325789,36950,4629,100,0x0
1790325791,38600,4636,100,0x0
1790325793,37500,4642,100,0x0
1790325795,36950,4649,100,0x0
1790325797,38050,4651,100,0x0
1790325799,37500,4658,100,0x0
1790325801,36950,4662,100,0x0
1790325803,38050,4666,100,0x0
1790325805,38050,4669,100,0x0
1790325807,39150,4669,100,0x0
1790325809,37500,4678,100,0x0
1790325811,38050,4681,100,0x0
1790325813,36400,4687,100,0x0
1790325815,37500,4688,100,0x0
1790325817,36950,4688,100,0x0
1790325819,38050,4691,100,0x0
1790325821,38050,4697,100,0x0
1790325823,36950,4699,100,0x0
1790325825,36950,4699,100,0x0
1790325827,36950,4699,100,0x0
1790325829,37500,4702,100,0x0
1790325831,36950,4701,100,0x0
1790325833,36400,4704,100,0x0
1790325835,37500,4706,100,0x0
1790325837,37500,4708,100,0x0
1790325840,36950,4708,100,0x0
1790325842,36950,4709,100,0x0
1790325844,37500,4710,100,0x0
1790325846,36950,4709,100,0x0
1790325848,36950,4711,100,0x0
1790325850,36950,4713,100,0x0
1790325852,36950,4714,100,0x0
1790325854,38050,4715,100,0x0
1790325856,38050,4716,100,0x0
1790325858,36950,4716,100,0x0
1790325860,37500,4717,100,0x0
1790325862,36950,4720,100,0x0
1790325864,37500,4722,100,0x0
1790325866,36950,4721,100,0x0
1790325868,36400,4722,100,0x0
1790325870,36950,4722,100,0x0
1790325872,36400,4723,100,0x0
1790325874,36400,4723,100,0x0
1790325876,35850,4726,100,0x0
1790325878,36400,4728,100,0x0
1790325880,36400,4730,100,0x0
1790325882,36950,4729,100,0x0
1790325884,36400,4728,100,0x0
1790325886,36400,4734,100,0x0
1790325888,36950,4733,100,0x0
1790325890,36950,4732,100,0x0
1790325892,36950,4734,100,0x0
1790325894,36950,4735,100,0x0
1790325896,36400,4734,100,0x0
1790325898,36950,4738,100,0x0
1790325900,36400,4740,100,0x0
1790325902,36400,4723,0,0x0
1790325904,35300,0,0,0x0
1790325906,36950,0,0,0x0
1790325908,35850,0,0,0x0
1790325910,36950,0,0,0x0
1790325912,36400,0,0,0x0
1790325914,36950,0,0,0x0
1790325916,36400,0,0,0x0
1790325918,36950,0,0,0x0
1790325920,35300,0,0,0x0
1790325922,36950,0,0,0x0
1790325924,36950,0,0,0x0
1790325926,36950,0,0,0x0
1790325928,36950,0,0,0x0
1790325930,36950,0,0,0x0
1790325932,36950,0,0,0x0
1790325934,36950,0,0,0x0
1790325936,36950,0,0,0x0
1790325938,36950,0,0,0x0
1790325940,36950,0,0,0x0
1790325942,36950,0,0,0x0
1790325944,37500,0,0,0x0
1790325946,38050,0,0,0x0
1790325948,37500,0,0,0x0
1790325950,36400,0,0,0x0
1790325952,37500,0,0,0x0
1790325954,37500,0,0,0x0
1790325956,37500,0,0,0x0
1790325958,38050,0,0,0x0
1790325960,38050,0,0,0x0
1790325962,38050,0,0,0x0
1790325964,38050,0,0,0x0
1790325966,37500,0,0,0x0
1790325968,37500,0,0,0x0
1790325970,37500,0,0,0x0
1790325972,38050,0,0,0x0
1790325974,39150,0,0,0x0
1790325976,40250,3488,100,0x0
1790325978,38600,4377,100,0x0
1790325980,38600,4352,100,0x0
1790325982,38050,4337,100,0x0
1790325984,38600,4337,100,0x0
1790325986,37500,4345,100,0x0
1790325988,38050,4357,100,0x0
1790325990,38600,4360,100,0x0
1790325992,38050,4364,100,0x0
1790325994,38050,4368,100,0x0
1790325996,38050,4385,100,0x0
1790325998,38050,4405,100,0x0
1790326000,38050,4423,100,0x0
1790326002,37500,4441,100,0x0
1790326005,36950,4460,100,0x0
1790326007,37500,4479,100,0x0
1790326009,37500,4493,100,0x0
1790326011,37500,4511,100,0x0
1790326013,37500,4525,100,0x0
1790326015,38050,4539,100,0x0
1790326017,37500,4550,100,0x0
1790326019,37500,4563,100,0x0
1790326021,36400,4575,100,0x0
1790326023,37500,4583,100,0x0
1790326025,38050,4593,100,0x0
1790326027,38050,4600,100,0x0
1790326029,38050,4606,100,0x0
1790326031,36950,4616,100,0x0
1790326033,36950,4621,100,0x0
1790326035,37500,4628,100,0x0
1790326037,38050,4635,100,0x0
1790326039,36950,4639,100,0x0
1790326041,37500,4643,100,0x0
1790326043,37500,4649,100,0x0
1790326045,36950,4651,100,0x0
1790326047,36950,4657,100,0x0
1790326049,36950,4660,100,0x0
1790326051,36400,4667,100,0x0
1790326053,37500,4672,100,0x0
1790326055,36950,4673,100,0x0
1790326057,36400,4675,100,0x0
1790326059,37500,4677,100,0x0
1790326061,36950,4679,100,0x0
1790326063,36950,4683,100,0x0
1790326065,36950,4687,100,0x0
1790326067,36400,4690,100,0x0
1790326069,36950,4691,100,0x0
1790326071,36950,4696,100,0x0
1790326073,36950,4699,100,0x0
1790326075,36950,4697,100,0x0
1790326077,36950,4699,100,0x0
1790326079,36400,4701,100,0x0
1790326081,36400,4704,100,0x0
1790326083,36950,4703,100,0x0
1790326085,36950,4705,100,0x0
1790326087,36400,4704,100,0x0
1790326089,35850,4707,100,0x0
1790326091,36400,4710,100,0x0
1790326093,36950,4709,100,0x0
1790326095,37500,4711,100,0x0
1790326097,37500,4714,100,0x0
1790326099,36400,4714,100,0x0
1790326101,36950,4714,100,0x0
1790326103,36400,4716,100,0x0
1790326105,36400,4718,100,0x0
1790326107,36400,4717,100,0x0
1790326109,36400,4721,100,0x0
1790326111,35300,4722,100,0x0
1790326113,36400,4722,100,0x0
1790326115,36400,4722,100,0x0
1790326117,36400,4721,100,0x0
1790326119,36950,4719,100,0x0
1790326121,36950,4721,100,0x0
1790326123,36400,4719,100,0x0
1790326125,36950,4722,100,0x0
1790326127,36950,4722,100,0x0
1790326129,36400,4723,100,0x0
1790326131,36400,4727,100,0x0
1790326133,36400,4730,100,0x0
1790326135,35300,4726,100,0x0
1790326137,36400,4730,100,0x0
1790326139,35850,4732,100,0x0
1790326141,35850,4732,100,0x0
1790326143,35850,4731,100,0x0
1790326145,36400,4731,100,0x0
1790326147,35850,4734,100,0x0
1790326149,35850,4736,100,0x0
1790326151,35300,4736,100,0x0
1790326153,36950,4736,100,0x0
1790326155,36400,4737,100,0x0
1790326157,34750,4737,100,0x0
1790326159,36400,4735,100,0x0
1790326161,35300,4738,100,0x0
1790326163,35850,4740,100,0x0
1790326165,36400,4742,100,0x0
1790326167,35850,4746,100,0x0
1790326169,35850,4746,100,0x0
1790326171,35850,4742,100,0x0
1790326173,36950,4743,100,0x0
1790326175,36400,4740,100,0x0
1790326177,34750,4739,100,0x0
1790326179,35300,4738,100,0x0
1790326181,35300,4740,100,0x0
1790326183,36400,4737,100,0x0
1790326185,35850,4743,100,0x0
1790326187,36400,0,0,0x0
1790326189,35850,0,0,0x0
1790326191,34750,0,0,0x0
1790326193,36400,0,0,0x0
1790326195,34750,0,0,0x0
1790326197,35850,0,0,0x0
1790326199,35850,0,0,0x0
1790326201,36400,0,0,0x0
1790326203,36950,0,0,0x0
1790326205,36400,0,0,0x0
1790326207,35300,0,0,0x0
1790326209,36950,0,0,0x0
1790326211,36950,0,0,0x0
1790326213,36950,0,0,0x0
1790326215,38600,0,0,0x0
1790326218,37500,0,0,0x0
1790326220,37500,0,0,0x0
1790326222,36950,0,0,0x0
1790326224,36950,0,0,0x0
1790326226,37500,0,0,0x0
1790326228,36950,0,0,0x0
1790326230,36950,0,0,0x0
1790326232,36400,0,0,0x0
1790326234,37500,0,0,0x0
1790326236,36950,0,0,0x0
1790326238,37500,0,0,0x0
1790326240,37500,0,0,0x0
1790326242,36400,0,0,0x0
1790326244,36950,0,0,0x0
1790326246,38600,0,0,0x0
1790326248,37500,0,0,0x0
1790326250,37500,0,0,0x0
1790326252,38050,0,0,0x0
1790326254,38050,0,0,0x0
1790326256,38050,0,0,0x0
1790326258,37500,0,0,0x0
1790326260,38050,0,0,0x0
1790326262,38050,0,0,0x0
1790326264,38050,0,0,0x0
1790326266,37500,0,0,0x0
1790326268,37500,0,0,0x0
1790326270,37500,0,0,0x0
1790326272,37500,0,0,0x0
1790326274,38050,0,0,0x0
1790326276,37500,0,0,0x0
1790326278,37500,0,0,0x0
1790326280,38050,0,0,0x0
1790326282,37500,0,0,0x0
1790326284,38050,0,0,0x0
1790326286,38600,0,0,0x0
1790326288,38050,0,0,0x0
1790326290,38050,0,0,0x0
1790326292,38600,0,0,0x0
1790326294,37500,0,0,0x0
1790326296,37500,0,0,0x0
1790326298,37500,0,0,0x0
1790326300,38600,0,0,0x0
1790326302,38050,0,0,0x0
1790326304,38050,0,0,0x0
1790326306,38050,0,0,0x0
1790326308,39150,0,0,0x0
1790326310,37500,0,0,0x0
1790326312,38600,2198,100,0x0
1790326314,37500,4476,100,0x0
1790326316,38600,4402,100,0x0
1790326318,38600,4349,100,0x0
1790326320,38600,4315,100,0x0
1790326322,38600,4291,100,0x0
1790326324,39150,4302,100,0x0
1790326326,38050,4316,100,0x0
1790326328,38050,4339,100,0x0
1790326330,38050,4359,100,0x0
1790326332,38600,4376,100,0x0
1790326334,38600,4384,100,0x0
1790326336,39150,4384,100,0x0
1790326338,39150,4397,100,0x0
1790326340,38600,4413,100,0x0
1790326342,38050,4430,100,0x0
1790326344,38600,4449,100,0x0
1790326346,38050,4466,100,0x0
1790326348,37500,4482,100,0x0
1790326350,37500,4500,100,0x0
1790326352,38050,4510,100,0x0
1790326354,38600,4525,100,0x0
1790326356,36400,4540,100,0x0
1790326358,36950,4550,100,0x0
1790326360,37500,4561,100,0x0
1790326362,36950,4573,100,0x0
1790326364,37500,4582,100,0x0
1790326366,36950,4592,100,0x0
1790326368,38050,4598,100,0x0
1790326370,37500,4606,100,0x0
1790326372,38050,4613,100,0x0
1790326374,36950,4618,100,0x0
1790326376,36950,4627,100,0x0
1790326378,36950,4633,100,0x0
1790326380,36950,4639,100,0x0
1790326382,37500,4643,100,0x0
1790326384,37500,4649,100,0x0
1790326386,36400,4654,100,0x0
1790326388,36950,4658,100,0x0
1790326390,36400,4662,100,0x0
1790326392,36400,4664,100,0x0
1790326394,38050,4668,100,0x0
1790326396,36950,4673,100,0x0
1790326398,36950,4678,100,0x0
1790326400,36950,4678,100,0x0
1790326402,37500,4680,100,0x0
1790326404,36400,4682,100,0x0
1790326406,36950,4686,100,0x0
1790326408,36400,4691,100,0x0
1790326410,36950,4692,100,0x0
1790326412,38050,4695,100,0x0
1790326414,36400,4697,100,0x0
1790326416,36950,4697,100,0x0
1790326418,36950,4700,100,0x0
1790326420,36400,4701,100,0x0
1790326422,37500,4699,100,0x0
1790326424,36400,4705,100,0x0
1790326426,36950,4707,100,0x0
1790326428,36950,4708,100,0x0
1790326431,36950,4707,100,0x0
1790326433,36950,4708,100,0x0
1790326435,36950,4709,100,0x0
1790326437,36400,4711,100,0x0
1790326439,35850,4711,100,0x0
1790326441,36400,4715,100,0x0
1790326443,36400,4714,100,0x0
1790326445,36400,4712,100,0x0
1790326447,36950,4714,100,0x0
1790326449,36400,4720,100,0x0
1790326451,35850,4716,100,0x0
1790326453,36950,4719,100,0x0
1790326455,36400,4722,100,0x0
1790326457,35850,4721,100,0x0
1790326459,36950,4723,100,0x0
1790326461,37500,4725,100,0x0
1790326463,37500,4726,100,0x0
1790326465,36950,4729,100,0x0
1790326467,36400,4728,100,0x0
1790326469,35850,4727,100,0x0
1790326471,36400,4729,100,0x0
1790326473,36400,4731,100,0x0
1790326475,36400,4736,100,0x0
1790326477,35850,4731,100,0x0
1790326479,36400,4732,100,0x0
1790326481,36400,4732,100,0x0
1790326483,36400,4734,100,0x0
1790326485,36400,4734,100,0x0
1790326487,36400,4737,100,0x0
1790326489,34750,4734,100,0x0
1790326491,35850,4737,100,0x0
1790326493,36400,4737,100,0x0
1790326495,36400,4739,100,0x0
1790326497,35850,4739,100,0x0
1790326499,36400,4740,100,0x0
1790326501,35850,4739,100,0x0
1790326503,35850,4739,100,0x0
1790326505,36950,4738,100,0x0
1790326507,35850,4740,100,0x0
1790326509,36950,4740,100,0x0
1790326511,36400,4737,100,0x0
1790326513,35850,4735,100,0x0
1790326515,35850,4744,100,0x0
1790326517,35850,4743,100,0x0
1790326519,35850,4740,100,0x0
1790326521,36950,4740,100,0x0
1790326523,34750,0,0,0x0
1790326525,35300,0,0,0x0
1790326527,36400,0,0,0x0
1790326529,35850,0,0,0x0
1790326531,36400,0,0,0x0
1790326533,35850,0,0,0x0
1790326535,35850,0,0,0x0
1790326537,36400,0,0,0x0
1790326539,36400,0,0,0x0
1790326541,36400,0,0,0x0
1790326543,35300,0,0,0x0
1790326545,35850,0,0,0x0
1790326547,36950,0,0,0x0
1790326549,36400,0,0,0x0
1790326551,36950,0,0,0x0
1790326553,36400,0,0,0x0
1790326555,36400,0,0,0x0
1790326557,36950,0,0,0x0
1790326559,36950,0,0,0x0
1790326561,36950,0,0,0x0
1790326563,36950,0,0,0x0
1790326565,36400,0,0,0x0
1790326567,36950,0,0,0x0
1790326569,36950,0,0,0x0
1790326571,36950,0,0,0x0
1790326573,38050,0,0,0x0
1790326575,36950,0,0,0x0
1790326577,36950,0,0,0x0
1790326579,37500,0,0,0x0
1790326581,37500,0,0,0x0
1790326583,38050,0,0,0x0
1790326585,38050,0,0,0x0
1790326587,38050,0,0,0x0
1790326589,38050,0,0,0x0
1790326591,38600,0,0,0x0
1790326593,37500,0,0,0x0
1790326595,38050,0,0,0x0
1790326597,38050,0,0,0x0
1790326599,38050,0,0,0x0
1790326601,38050,0,0,0x0
1790326603,38050,0,0,0x0
1790326605,38050,0,0,0x0
1790326607,38050,0,0,0x0
1790326609,38050,0,0,0x0
1790326611,38050,0,0,0x0
1790326614,38600,0,0,0x0
1790326616,38600,0,0,0x0
1790326618,38600,0,0,0x0
1790326620,38050,0,0,0x0
1790326622,38600,0,0,0x0
1790326624,37500,0,0,0x0
1790326626,38050,0,0,0x0
1790326628,38050,0,0,0x0
1790326630,38050,0,0,0x0
1790326632,38600,0,0,0x0
1790326634,38050,0,0,0x0
1790326636,38600,0,0,0x0
1790326638,38600,0,0,0x0
1790326640,37500,0,0,0x0
1790326642,38600,0,0,0x0
1790326644,38600,0,0,0x0
1790326646,38600,0,0,0x0
1790326648,37500,0,0,0x0
1790326650,38050,0,0,0x0
1790326652,38600,0,0,0x0
1790326654,38050,0,0,0x0
1790326656,38050,0,0,0x0
1790326658,38600,0,0,0x0
1790326660,39150,0,0,0x0
1790326662,39150,0,0,0x0
1790326664,39150,0,0,0x0
1790326666,38600,0,0,0x0
1790326668,39150,0,0,0x0
1790326670,38600,0,0,0x0
1790326672,39150,0,0,0x0
1790326674,39150,0,0,0x0
1790326676,38050,0,0,0x0
1790326678,38600,0,0,0x0
1790326680,39150,0,0,0x0
1790326682,40250,0,0,0x0
1790326684,39150,0,0,0x0
1790326686,39150,0,0,0x0
1790326688,39150,0,0,0x0
1790326690,38600,0,0,0x0
1790326692,39150,0,0,0x0
1790326694,38600,0,0,0x0
1790326696,39700,0,0,0x0
1790326698,39150,0,0,0x0
1790326700,39150,5,100,0x0
1790326702,38600,4353,100,0x0
1790326704,40250,4302,100,0x0
1790326706,39700,4260,100,0x0
1790326708,39700,4240,100,0x0
1790326710,39700,4246,100,0x0
1790326712,39150,4263,100,0x0
1790326714,39150,4286,100,0x0
1790326716,39150,4306,100,0x0
1790326718,39700,4312,100,0x0
1790326720,39150,4320,100,0x0
1790326722,38600,4334,100,0x0
1790326724,38600,4352,100,0x0
1790326726,39150,4376,100,0x0
1790326728,39150,4402,100,0x0
1790326730,39150,4424,100,0x0
1790326732,37500,4445,100,0x0
1790326734,38600,4464,100,0x0
1790326736,38050,4484,100,0x0
1790326738,38600,4501,100,0x0
1790326740,39150,4517,100,0x0
1790326742,38600,4533,100,0x0
1790326744,38050,4544,100,0x0
1790326746,38600,4555,100,0x0
1790326748,37500,4569,100,0x0
1790326750,38050,4578,100,0x0
1790326752,38050,4591,100,0x0
1790326754,36950,4599,100,0x0
1790326756,38050,4609,100,0x0
1790326758,37500,4615,100,0x0
1790326760,37500,4622,100,0x0
1790326762,38050,4628,100,0x0
1790326764,37500,4636,100,0x0
1790326766,36950,4641,100,0x0
1790326768,38050,4649,100,0x0
1790326770,38600,4654,100,0x0
1790326772,38050,4658,100,0x0
1790326774,38050,4662,100,0x0
1790326776,37500,4667,100,0x0
1790326778,36400,4669,100,0x0
1790326780,37500,4670,100,0x0
1790326782,38050,4675,100,0x0
1790326784,37500,4679,100,0x0
1790326786,36950,4684,100,0x0
1790326788,37500,4685,100,0x0
1790326790,37500,4688,100,0x0
1790326792,37500,4691,100,0x0
1790326794,36950,4693,100,0x0
1790326796,36950,4697,100,0x0
1790326798,37500,4697,100,0x0
1790326800,35850,4697,100,0x0
1790326802,38050,4701,100,0x0
1790326804,38600,4701,100,0x0
1790326806,36950,4703,100,0x0
1790326808,36950,4706,100,0x0
1790326810,36950,4708,100,0x0
1790326812,36950,4707,100,0x0
1790326814,35850,4709,100,0x0
1790326816,36400,4709,100,0x0
1790326818,36950,4708,100,0x0
1790326820,36950,4709,100,0x0
1790326822,36400,4712,100,0x0
1790326824,38050,4714,100,0x0
1790326826,37500,4712,100,0x0
1790326828,36950,4714,100,0x0
1790326830,36400,4715,100,0x0
1790326833,36950,4716,100,0x0
1790326835,36400,4718,100,0x0
1790326837,36950,4719,100,0x0
1790326839,36400,4718,100,0x0
1790326841,36400,4719,100,0x0
1790326843,36950,4722,100,0x0
1790326845,36400,4721,100,0x0
1790326847,36400,4723,100,0x0
1790326849,36400,4722,100,0x0
1790326851,36400,4722,100,0x0
1790326853,36400,4726,100,0x0
1790326855,36400,4723,100,0x0
1790326857,36400,4725,100,0x0
1790326859,36400,4727,100,0x0
1790326861,36950,4726,100,0x0
1790326863,36400,4731,100,0x0
1790326865,37500,4731,100,0x0
1790326867,36400,4728,100,0x0
1790326869,36400,4731,100,0x0
1790326871,36400,4734,100,0x0
1790326873,37500,4735,100,0x0
1790326875,36400,4735,100,0x0
1790326877,37500,4734,100,0x0
1790326879,36400,4736,100,0x0
1790326881,35850,4737,100,0x0
1790326883,36400,4738,100,0x0
1790326885,35850,4740,100,0x0
1790326887,36950,4739,100,0x0
1790326889,35300,4739,100,0x0
1790326891,36400,4737,100,0x0
1790326893,35850,4740,100,0x0
1790326895,35300,4738,100,0x0
1790326897,35850,4739,100,0x0
1790326899,35850,4739,100,0x0
1790326901,36400,4738,100,0x0
1790326903,35300,4737,100,0x0
1790326905,35850,4734,100,0x0
1790326907,35850,4732,100,0x0
1790326909,35850,4733,100,0x0
1790326911,35850,4737,100,0x0
1790326913,35300,4738,100,0x0
1790326915,36950,4740,100,0x0
1790326917,36400,4743,100,0x0
1790326919,35300,4747,100,0x0
1790326921,36950,4750,100,0x0
1790326923,35850,4736,100,0x0
1790326925,35850,4735,100,0x0
1790326927,36400,4734,100,0x0
1790326929,35850,4737,100,0x0
1790326931,35850,4734,100,0x0
1790326933,35850,4734,100,0x0
1790326935,35300,4716,0,0x0
1790326937,35850,0,0,0x0
1790326939,35850,0,0,0x0
1790326941,36400,0,0,0x0
1790326943,36950,0,0,0x0
1790326945,36950,0,0,0x0
1790326947,36400,0,0,0x0
1790326949,36400,0,0,0x0
1790326951,37500,0,0,0x0
1790326953,36400,0,0,0x0
1790326955,36400,0,0,0x0
1790326957,36400,0,0,0x0
1790326959,36400,0,0,0x0
1790326961,37500,0,0,0x0
1790326963,38050,0,0,0x0
1790326965,36400,0,0,0x0
1790326967,36950,0,0,0x0
1790326969,35850,0,0,0x0
1790326971,36400,0,0,0x0
1790326973,36950,0,0,0x0
1790326975,37500,0,0,0x0
1790326977,36950,0,0,0x0
1790326979,36400,0,0,0x0
1790326981,38050,0,0,0x0
1790326983,36950,0,0,0x0
1790326985,36400,0,0,0x0
1790326987,36950,0,0,0x0
1790326989,35850,0,0,0x0
1790326991,36950,0,0,0x0
1790326993,36400,0,0,0x0
1790326995,37500,0,0,0x0
1790326997,37500,0,0,0x0
1790326999,38050,0,0,0x0
1790327001,37500,0,0,0x0
1790327003,37500,0,0,0x0
1790327005,37500,0,0,0x0
1790327007,38050,0,0,0x0
1790327009,37500,0,0,0x0
1790327011,37500,0,0,0x0
1790327013,37500,0,0,0x0
1790327015,38600,0,0,0x0
1790327017,37500,0,0,0x0
1790327019,37500,0,0,0x0
1790327022,38050,0,0,0x0
1790327024,37500,0,0,0x0
1790327026,38050,0,0,0x0
1790327028,38600,0,0,0x0
1790327030,38050,0,0,0x0
1790327032,38050,0,0,0x0
1790327034,37500,0,0,0x0
1790327036,37500,0,0,0x0
1790327038,36950,0,0,0x0
1790327040,38050,0,0,0x0
1790327042,38050,0,0,0x0
1790327044,37500,0,0,0x0
1790327046,38600,0,0,0x0
1790327048,38050,0,0,0x0
1790327050,38050,0,0,0x0
1790327052,38600,0,0,0x0
1790327054,38050,0,0,0x0
1790327056,38050,0,0,0x0
1790327058,38050,0,0,0x0
1790327060,38050,0,0,0x0
1790327062,38600,0,0,0x0
1790327064,39150,0,0,0x0
1790327066,40250,3481,100,0x0
1790327068,39150,4313,100,0x0
1790327070,38600,4268,100,0x0
1790327072,38600,4242,100,0x0
1790327074,38600,4240,100,0x0
1790327076,38600,4246,100,0x0
1790327078,38600,4265,100,0x0
1790327080,38600,4285,100,0x0
1790327082,37500,4293,100,0x0
1790327084,37500,4296,100,0x0
1790327086,38050,4312,100,0x0
1790327088,38600,4335,100,0x0
1790327090,38050,4357,100,0x0
1790327092,38050,4380,100,0x0
1790327094,38600,4403,100,0x0
1790327096,38050,4424,100,0x0
1790327098,38050,4444,100,0x0
1790327100,38050,4462,100,0x0
1790327102,36950,4480,100,0x0
1790327104,38600,4496,100,0x0
1790327106,37500,4510,100,0x0
1790327108,38050,4527,100,0x0
1790327110,36950,4540,100,0x0
1790327112,37500,4555,100,0x0
1790327114,37500,4562,100,0x0
1790327116,38600,4570,100,0x0
1790327118,36950,4580,100,0x0
1790327120,38050,4592,100,0x0
1790327122,36400,4599,100,0x0
1790327124,36400,4606,100,0x0
1790327126,38050,4614,100,0x0
1790327128,37500,4619,100,0x0
1790327130,36950,4624,100,0x0
1790327132,37500,4630,100,0x0
1790327134,37500,4631,100,0x0
1790327136,38050,4636,100,0x0
1790327138,36950,4641,100,0x0
1790327140,37500,4642,100,0x0
1790327142,36950,4648,100,0x0
1790327144,35850,4652,100,0x0
1790327146,36950,4661,100,0x0
1790327148,36400,4662,100,0x0
1790327150,36950,4665,100,0x0
1790327152,36400,4668,100,0x0
1790327154,36950,4666,100,0x0
1790327156,36950,4669,100,0x0
1790327158,36950,4672,100,0x0
1790327160,36400,4662,100,0x0
1790327162,37500,4659,100,0x0
1790327164,36950,4669,100,0x0
1790327166,36950,4672,100,0x0
1790327168,36400,4675,100,0x0
1790327170,36950,4675,100,0x0
1790327172,36400,4679,100,0x0
1790327174,35850,4677,100,0x0
1790327176,35300,4680,100,0x0
1790327178,36400,4680,100,0x0
1790327180,36400,4680,100,0x0
1790327182,36950,4682,100,0x0
1790327184,36950,4681,100,0x0
1790327186,37500,4683,100,0x0
1790327188,36950,4682,100,0x0
1790327190,36950,4681,100,0x0
1790327192,36950,4681,100,0x0
1790327194,36400,4681,100,0x0
1790327196,36400,4680,100,0x0
1790327198,35850,4680,100,0x0
1790327200,35300,4680,100,0x0
1790327202,36950,4683,100,0x0
1790327204,35850,4684,100,0x0
1790327206,35850,4683,100,0x0
1790327208,36950,4672,100,0x0
1790327211,36400,4669,100,0x0
1790327213,36400,4671,100,0x0
1790327215,35850,4677,100,0x0
1790327217,36400,4676,100,0x0
1790327219,35850,4676,100,0x0
1790327221,35850,4678,100,0x0
1790327223,35300,0,0,0x0
1790327225,36950,0,0,0x0
1790327227,35300,0,0,0x0
1790327229,35850,0,0,0x0
1790327231,36400,0,0,0x0
1790327233,36950,0,0,0x0
1790327235,35300,0,0,0x0
1790327237,36400,0,0,0x0
1790327239,38050,0,0,0x0
1790327241,35850,0,0,0x0
1790327243,36950,0,0,0x0
1790327245,36400,0,0,0x0
1790327247,37500,0,0,0x0
1790327249,36950,0,0,0x0
1790327251,36400,0,0,0x0
1790327253,36400,0,0,0x0
1790327255,36950,0,0,0x0
1790327257,36400,0,0,0x0
1790327259,36400,0,0,0x0
1790327261,36950,0,0,0x0
1790327263,36950,0,0,0x0
1790327265,36950,0,0,0x0
1790327267,37500,0,0,0x0
1790327269,36950,0,0,0x0
1790327271,37500,0,0,0x0
1790327273,37500,0,0,0x0
1790327275,38050,0,0,0x0
1790327277,36950,0,0,0x0
1790327279,38050,0,0,0x0
1790327281,37500,0,0,0x0
1790327283,36400,0,0,0x0
1790327285,37500,0,0,0x0
1790327287,36950,0,0,0x0
1790327289,37500,0,0,0x0
1790327291,37500,0,0,0x0
1790327293,36400,0,0,0x0
1790327295,38050,0,0,0x0
1790327297,36950,0,0,0x0
1790327299,37500,0,0,0x0
1790327301,37500,0,0,0x0
1790327303,36950,0,0,0x0
1790327305,38600,0,0,0x0
1790327307,39150,0,0,0x0
1790327309,38050,0,0,0x0
1790327311,38050,0,0,0x0
1790327313,38050,0,0,0x0
1790327315,38050,0,0,0x0
1790327317,39700,0,0,0x0
1790327319,38050,0,0,0x0
1790327321,38600,0,0,0x0
1790327323,38600,0,0,0x0
1790327325,39700,0,0,0x0
1790327327,39150,0,0,0x0
1790327329,39150,0,0,0x0
1790327331,38600,0,0,0x0
1790327333,38600,0,0,0x0
1790327335,39150,0,0,0x0
1790327337,39150,0,0,0x0
1790327339,39700,3676,100,0x0
1790327341,38600,4271,100,0x0
1790327343,38600,4237,100,0x0
1790327345,39150,4224,100,0x0
1790327347,39150,4240,100,0x0
1790327349,40250,4265,100,0x0
1790327351,38600,4289,100,0x0
1790327353,38600,4310,100,0x0
1790327355,38050,4328,100,0x0
1790327357,38600,4337,100,0x0
1790327359,38050,4347,100,0x0
1790327361,38600,4362,100,0x0
1790327363,37500,4380,100,0x0
1790327365,38050,4400,100,0x0
1790327367,38050,4421,100,0x0
1790327369,36950,4441,100,0x0
1790327371,38050,4458,100,0x0
1790327373,38600,4478,100,0x0
1790327375,38050,4494,100,0x0
1790327377,38050,4508,100,0x0
1790327379,38050,4520,100,0x0
1790327382,38600,4537,100,0x0
1790327384,38600,4549,100,0x0
1790327386,38050,4560,100,0x0
1790327388,37500,4568,100,0x0
1790327390,37500,4576,100,0x0
1790327392,38600,4587,100,0x0
1790327394,37500,4595,100,0x0
1790327396,37500,4603,100,0x0
1790327398,37500,4609,100,0x0
1790327400,37500,4618,100,0x0
1790327402,37500,4622,100,0x0
1790327404,37500,4627,100,0x0
1790327406,37500,4634,100,0x0
1790327408,36400,4640,100,0x0
1790327410,36950,4646,100,0x0
1790327412,35850,4649,100,0x0
1790327414,37500,4656,100,0x0
1790327416,37500,4657,100,0x0
1790327418,36950,4659,100,0x0
1790327420,36950,4665,100,0x0
1790327422,36950,4670,100,0x0
1790327424,35850,4669,100,0x0
1790327426,38050,4672,100,0x0
1790327428,36400,4674,100,0x0
1790327430,38050,4675,100,0x0
1790327432,36950,4675,100,0x0
1790327434,36950,4679,100,0x0
1790327436,36950,4683,100,0x0
1790327438,36950,4683,100,0x0
1790327440,36400,4684,100,0x0
1790327442,36400,4687,100,0x0
1790327444,36950,4690,100,0x0
1790327446,36400,4688,100,0x0
1790327448,36400,4691,100,0x0
1790327450,36950,4693,100,0x0
1790327452,36950,4694,100,0x0
1790327454,38050,4696,100,0x0
1790327456,38050,4697,100,0x0
1790327458,36950,4694,100,0x0
1790327460,36950,4697,100,0x0
1790327462,38050,4696,100,0x0
1790327464,36950,4694,100,0x0
1790327466,38050,4700,100,0x0
1790327468,37500,4697,100,0x0
                              1790327538,42450,4928,100,0x0
1790327540,41350,4848,100,0x0
1790327542,39150,4840,100,0x0
1790327544,41350,4826,100,0x0
1790327546,40250,4817,100,0x0
1790327548,39700,4809,100,0x0
1790327550,39700,4800,100,0x0
1790327552,39700,4792,100,0x0
1790327554,39150,4783,100,0x0
1790327556,40250,4776,100,0x0
1790327558,39150,4768,100,0x0
1790327560,39150,4764,100,0x0
1790327562,39150,4761,100,0x0
1790327564,39700,4755,100,0x0
1790327566,39150,4751,100,0x0
1790327568,39150,4747,100,0x0
1790327570,39150,4743,100,0x0
1790327572,39150,4740,100,0x0
1790327574,39150,4740,100,0x0
1790327576,38600,4732,100,0x0
1790327578,39150,4730,100,0x0
1790327580,39150,4728,100,0x0
1790327582,40250,4725,100,0x0
1790327584,39150,4723,100,0x0
1790327586,39150,4722,100,0x0
1790327588,39700,4719,100,0x0
1790327590,39150,4719,100,0x0
1790327592,38050,4711,100,0x0
1790327594,38050,4705,100,0x0
1790327596,38050,4703,100,0x0
1790327598,38050,4706,100,0x0
1790327600,38600,4707,100,0x0
1790327602,38600,4710,100,0x0
1790327604,38050,4711,100,0x0
1790327606,38600,4708,100,0x0
1790327608,38600,4710,100,0x0
1790327610,36950,4708,100,0x0
1790327612,38050,4708,100,0x0
1790327614,38050,4706,100,0x0
1790327616,38050,4705,100,0x0
1790327618,39150,4705,100,0x0
1790327620,40250,4706,100,0x0
1790327622,40800,4706,100,0x0
1790327624,42450,4702,100,0x0
1790327626,42450,4704,100,0x0
1790327629,42450,4707,100,0x0
1790327631,41900,4705,100,0x0
1790327633,43000,4705,100,0x0
1790327635,42450,4705,100,0x0
1790327637,44100,4705,100,0x0
1790327639,44100,4705,100,0x0
1790327641,44650,4708,100,0x0
1790327643,44650,4713,100,0x0
1790327645,44100,4709,100,0x0
1790327647,44650,4713,100,0x0
1790327649,44650,4714,100,0x0
1790327651,42450,4715,100,0x0
1790327653,45750,4718,100,0x0
1790327655,46850,4719,100,0x0
1790327657,46850,4719,100,0x0
1790327659,47400,4722,100,0x0
1790327661,46850,4723,100,0x0
1790327663,47950,4725,100,0x0
1790327665,48500,4727,100,0x0
1790327667,48500,4726,100,0x0
1790327669,49050,4729,100,0x0
1790327671,49050,4732,100,0x0
1790327673,49050,4732,100,0x0
1790327675,49600,4731,100,0x0
1790327677,49600,4733,100,0x0
1790327679,50150,4735,100,0x0
1790327681,48500,6479,150,0x0
1790327683,45750,6740,150,0x0
1790327685,44650,5168,100,0x0
1790327687,42450,4737,100,0x0
1790327689,43550,4737,100,0x0
1790327691,41900,4738,100,0x0
1790327695,41900,4742,100,0x0
1790327697,43000,4743,100,0x0
1790327699,43000,4740,100,0x0
1790327701,42450,4742,100,0x0
1790327703,42450,4739,100,0x0
1790327705,42450,4739,100,0x0
1790327707,42450,4735,100,0x0
1790327709,42450,4736,100,0x0
1790327711,43000,4733,100,0x0
1790327713,41900,4729,100,0x0
1790327715,42450,4728,100,0x0
1790327717,44100,4732,100,0x0
1790327719,44650,4734,100,0x0
1790327721,45200,4733,100,0x0
1790327723,45200,4734,100,0x0
1790327725,46300,4732,100,0x0
1790327727,45750,4735,100,0x0
1790327729,45750,4733,100,0x0
1790327731,46850,4733,100,0x0
1790327733,46300,4733,100,0x0
1790327735,46300,4731,100,0x0
1790327738,45750,4734,100,0x0
1790327740,46300,4736,100,0x0
1790327742,46850,4737,100,0x0
1790327744,46850,4736,100,0x0
1790327746,46300,4742,100,0x0
1790327748,44100,4739,100,0x0
1790327750,42450,4743,100,0x0
1790327752,42450,4746,100,0x0
1790327754,42450,4747,100,0x0
1790327756,41900,4746,100,0x0
1790327758,41900,4747,100,0x0
1790327760,41350,4752,100,0x0
1790327762,41350,4752,100,0x0
1790327764,41350,4750,100,0x0
1790327766,41350,4752,100,0x0
1790327768,40800,4752,100,0x0
1790327770,41350,4752,100,0x0
1790327772,40800,4755,100,0x0
1790327774,40800,4755,100,0x0
1790327776,40250,4755,100,0x0
1790327778,40250,4756,100,0x0
1790327780,42450,4759,100,0x0
                              1790327832,45200,4936,100,0x0
1790327834,45200,4878,100,0x0
1790327836,43550,4868,100,0x0
1790327838,43550,4861,100,0x0
1790327840,43000,4850,100,0x0
1790327842,42450,4847,100,0x0
1790327844,43000,4835,100,0x0
1790327846,43000,4826,100,0x0
1790327848,42450,4820,100,0x0
1790327850,42450,4813,100,0x0
1790327852,42450,4809,100,0x0
1790327854,41900,4803,100,0x0
1790327856,42450,4796,100,0x0
1790327858,42450,4791,100,0x0
1790327860,42450,4788,100,0x0
1790327862,41900,4786,100,0x0
1790327864,43000,4780,100,0x0
1790327866,41900,4780,100,0x0
1790327868,42450,4774,100,0x0
1790327870,41350,4772,100,0x0
1790327872,41900,4767,100,0x0
1790327874,41900,4767,100,0x0
1790327876,41900,4765,100,0x0
1790327878,41350,4767,100,0x0
1790327880,41900,4761,100,0x0
1790327882,41900,4761,100,0x0
1790327884,41350,4761,100,0x0
1790327886,39700,4756,100,0x0
1790327888,41350,4761,100,0x0
1790327890,40800,4758,100,0x0
1790327892,40800,4758,100,0x0
1790327894,40250,4758,100,0x0
1790327896,40250,4758,100,0x0
1790327898,39700,4760,100,0x0
1790327900,41350,4763,100,0x0
1790327902,40800,4763,100,0x0
1790327904,40800,4765,100,0x0
1790327906,39150,4765,100,0x0
1790327908,39700,4769,100,0x0
1790327910,40250,4769,100,0x0
1790327912,40800,4772,100,0x0
1790327914,44100,4778,100,0x0
1790327916,45750,4776,100,0x0
1790327919,46850,4776,100,0x0
1790327921,46850,4779,100,0x0
1790327923,47400,4781,100,0x0
1790327925,47400,4781,100,0x0
1790327934,47400,4782,100,0x0
1790327943,48500,4784,100,0x0
1790327945,45750,4783,100,0x0
1790327947,46850,4783,100,0x0
1790327949,46300,4783,100,0x0
1790327951,46850,4787,100,0x0
1790327953,47400,4789,100,0x0
1790327956,47400,4787,100,0x0
1790327958,46300,4787,100,0x0
1790327960,47400,4786,100,0x0
1790327962,47950,4786,100,0x0
1790327964,47400,4788,100,0x0
1790327966,47400,4792,100,0x0
1790327968,47400,4790,100,0x0
1790327970,47400,4792,100,0x0
1790327972,47400,4790,100,0x0
1790327974,47400,4792,100,0x0
1790327976,47950,4800,100,0x0
1790327978,46300,4799,100,0x0
1790327980,46850,4796,100,0x0
1790327982,47950,4798,100,0x0
1790327984,47400,4798,100,0x0
1790327986,49050,4799,100,0x0
1790327988,49600,4791,100,0x0
1790327991,48500,5108,150,0x0
1790327993,49600,6810,150,0x0
1790327995,48500,6822,150,0x0
1790327997,50150,6822,150,0x0
1790327999,49600,6836,150,0x0
1790328001,49050,6846,150,0x0
1790328003,49600,6854,150,0x0
1790328005,49600,6871,150,0x0
1790328007,50150,6883,150,0x0
1790328009,50150,6894,150,0x0
1790328011,46850,6876,150,0x0
1790328013,46300,6876,150,0x0
1790328015,45750,6876,150,0x0
1790328017,46850,6220,100,0x0
1790328019,47950,4905,100,0x0
1790328021,48500,4894,100,0x0
1790328023,49050,4890,100,0x0
1790328025,49600,4889,100,0x0
1790328027,49600,4880,100,0x0
1790328029,49050,6764,150,0x0
1790328031,49600,6861,150,0x0
1790328033,49600,6858,150,0x0
1790328035,50150,6861,150,0x0
1790328037,47400,6864,150,0x0
1790328039,49600,6872,150,0x0
1790328041,48500,6876,150,0x0
1790328043,46850,6879,150,0x0
1790328074,47950,6894,150,0x0
1790328076,46850,6944,150,0x0
1790328078,46850,6941,150,0x0
1790328080,48500,6941,150,0x0
1790328082,50150,6944,150,0x0
1790328084,49600,6944,150,0x0
1790328086,49600,6950,150,0x0
1790328089,50700,6949,150,0x0
1790328091,49600,6952,150,0x0
1790328093,50150,6954,150,0x0
1790328095,49600,6957,150,0x0
1790328097,51250,6954,150,0x0
1790328099,50700,6952,150,0x0
1790328101,51800,6957,150,0x0
1790328103,50700,6962,150,0x0
1790328105,50700,6962,150,0x0
1790328107,49050,6955,150,0x0
1790328109,47950,6958,150,0x0
1790328111,50150,6958,150,0x0
1790328113,50700,6955,150,0x0
1790328115,49600,6955,150,0x0
1790328117,51800,6962,150,0x0
1790328119,50150,6962,150,0x0
1790328121,50700,6960,150,0x0
1790328123,50150,6955,150,0x0
1790328125,49600,6954,150,0x0
1790328127,50150,6962,150,0x0
1790328129,50700,6963,150,0x0
1790328131,50150,6962,150,0x0
1790328133,50700,6960,150,0x0
1790328135,50700,6957,150,0x0
1790328137,50150,6960,150,0x0
1790328139,47950,6955,150,0x0
1790328142,49050,6954,150,0x0
1790328144,49600,6963,150,0x0
1790328146,48500,6962,150,0x0
1790328148,49600,6962,150,0x0
1790328150,49600,6963,150,0x0
1790328152,48500,6967,150,0x0
1790328154,49050,6965,150,0x0
1790328156,49600,6963,150,0x0
1790328158,49600,6962,150,0x0
1790328160,49600,6960,150,0x0
1790328162,49600,6960,150,0x0
1790328164,49050,6963,150,0x0
1790328166,49600,6960,150,0x0
1790328168,49600,6962,150,0x0
1790328170,49050,6957,150,0x0
1790328172,46850,6952,150,0x0
1790328174,47950,6963,150,0x0
1790328176,47400,6960,150,0x0
1790328178,48500,6962,150,0x0
1790328180,48500,6965,150,0x0
1790328182,48500,6958,150,0x0
1790328184,49050,6965,150,0x0
1790328186,48500,6963,150,0x0
1790328188,48500,6962,150,0x0
1790328190,48500,6962,150,0x0
1790328192,48500,6962,150,0x0
1790328194,47950,6957,150,0x0
1790328196,48500,6960,150,0x0
1790328198,49050,6962,150,0x0
1790328200,48500,6950,150,0x0
1790328202,47950,6958,150,0x0
1790328204,46300,6957,150,0x0
1790328206,48500,6958,150,0x0
1790328208,49600,6962,150,0x0
1790328210,49050,6965,150,0x0
1790328212,49050,6965,150,0x0
1790328214,50700,6967,150,0x0
1790328216,50150,6963,150,0x0
1790328218,50150,6958,150,0x0
1790328220,50150,6955,150,0x0
1790328222,50150,6965,150,0x0
1790328225,50700,6963,150,0x0
1790328227,50700,6962,150,0x0
1790328229,50150,6965,150,0x0
1790328231,50700,6965,150,0x0
1790328233,50700,6965,150,0x0
1790328235,50700,6962,150,0x0
1790328237,46850,6958,150,0x0
1790328239,50150,6965,150,0x0
1790328241,49600,6963,150,0x0
1790328243,50150,6958,150,0x0
1790328245,51800,6965,150,0x0
1790328247,50700,6965,150,0x0
1790328249,50150,6962,150,0x0
1790328251,50700,6965,150,0x0
1790328253,50700,6965,150,0x0
1790328255,51250,6960,150,0x0
1790328257,50150,6962,150,0x0
1790328259,51800,6962,150,0x0
1790328261,50700,6957,150,0x0
1790328263,49600,6960,150,0x0
1790328265,50150,6962,150,0x0
1790328267,49600,6965,150,0x0
1790328269,47950,6962,150,0x0
1790328271,48500,6962,150,0x0
1790328273,50150,6962,150,0x0
1790328275,50150,6962,150,0x0
1790328277,50700,6958,150,0x0
1790328279,50700,6958,150,0x0
1790328281,52350,6958,150,0x0
1790328283,50700,6954,150,0x0
1790328285,51250,6954,150,0x0
1790328287,50700,6954,150,0x0
1790328289,50700,6952,150,0x0
1790328291,50700,6947,150,0x0
1790328293,50700,6949,150,0x0
1790328295,50700,6947,150,0x0
1790328297,50700,6950,150,0x0
1790328299,49600,6958,150,0x0
1790328301,49050,6952,150,0x0
1790328303,49600,6958,150,0x0
1790328305,50150,6965,150,0x0
1790328307,50700,6955,150,0x0
1790328310,51800,6957,150,0x0
1790328312,51250,6957,150,0x0
1790328314,50700,6958,150,0x0
1790328316,50700,6962,150,0x0
1790328318,51250,6963,150,0x0
1790328320,50700,6965,150,0x0
1790328322,49600,6965,150,0x0
1790328324,50700,6970,150,0x0
1790328331,50150,6967,150,0x0
1790328333,46300,6962,150,0x0
1790328335,51250,6965,150,0x0
1790328337,50150,6968,150,0x0
1790328339,51250,6965,150,0x0
1790328341,51250,6965,150,0x0
1790328343,51250,6962,150,0x0
1790328345,51250,6958,150,0x0
1790328347,51800,6963,150,0x0
1790328350,50700,6962,150,0x0
1790328352,51250,6965,150,0x0
1790328354,51800,6965,150,0x0
1790328356,51800,6965,150,0x0
1790328358,51800,6967,150,0x0
1790328360,51250,6967,150,0x0
1790328362,52900,6963,150,0x0
1790328364,49600,6962,150,0x0
1790328366,49600,6963,150,0x0
1790328368,49600,6965,150,0x0
1790328370,51250,6963,150,0x0
1790328372,50700,6963,150,0x0
1790328374,51250,6962,150,0x0
1790328376,51250,6962,150,0x0
1790328378,50150,6962,150,0x0
1790328380,51800,6962,150,0x0
1790328382,52350,6962,150,0x0
1790328384,49600,6960,150,0x0
1790328386,50700,6963,150,0x0
1790328388,51250,6960,150,0x0
1790328390,50700,6957,150,0x0
1790328392,51800,6958,150,0x0
1790328394,51800,6958,150,0x0
1790328396,49050,6963,150,0x0
1790328398,48500,6960,150,0x0
1790328400,50150,6962,150,0x0
1790328402,50700,6968,150,0x0
1790328404,50150,6967,150,0x0
1790328406,50150,6965,150,0x0
1790328409,50150,6968,150,0x0
1790328411,50700,6967,150,0x0
1790328413,49050,6965,150,0x0
1790328415,50700,6962,150,0x0
1790328417,50700,6967,150,0x0
1790328419,50150,6968,150,0x0
1790328421,50700,6971,150,0x0
1790328423,50700,6965,150,0x0
1790328425,50700,6968,150,0x0
1790328427,50700,6963,150,0x0
1790328429,46850,6965,150,0x0
1790328431,51250,6968,150,0x0
1790328433,52900,6970,150,0x0
1790328435,53450,6970,150,0x0
1790328437,54000,6968,150,0x0
1790328439,54000,6973,150,0x0
1790328441,54000,6968,150,0x0
1790328443,54550,6971,150,0x0
1790328445,54550,6971,150,0x0
1790328459,55100,6967,150,0x0
1790328461,50150,6963,150,0x0
1790328463,51800,6968,150,0x0
1790328465,51250,6965,150,0x0
1790328468,52350,6967,150,0x0
1790328470,51800,6968,150,0x0
1790328472,51800,6963,150,0x0
1790328474,51800,6967,150,0x0
1790328476,51800,6970,150,0x0
1790328478,51800,6965,150,0x0
1790328480,51800,6960,150,0x0
1790328482,52350,6965,150,0x0
1790328484,51800,6963,150,0x0
1790328486,51800,6967,150,0x0
1790328488,51800,6967,150,0x0
1790328490,51800,6960,150,0x0
1790328492,49050,6967,150,0x0
1790328494,49600,6967,150,0x0
1790328496,50150,6967,150,0x0
1790328498,51250,6967,150,0x0
1790328500,50150,6970,150,0x0
1790328502,51250,6971,150,0x0
1790328504,51250,6973,150,0x0
1790328506,51250,6971,150,0x0
1790328508,50700,6970,150,0x0
1790328510,51800,6970,150,0x0
1790328512,51250,6973,150,0x0
1790328514,51250,6967,150,0x0
1790328516,51250,6968,150,0x0
1790328518,50150,6962,150,0x0
1790328520,50700,6967,150,0x0
1790328522,51250,6967,150,0x0
1790328524,48500,6963,150,0x0
1790328526,49600,6965,150,0x0
1790328528,52350,6970,150,0x0
1790328530,52350,6967,150,0x0
1790328532,52900,6968,150,0x0
1790328534,51800,6968,150,0x0
1790328536,52350,6963,150,0x0
1790328538,52900,6971,150,0x0
1790328540,52900,6955,150,0x0
1790328542,52900,6955,150,0x0
1790328544,54000,6960,150,0x0
1790328546,54000,6963,150,0x0
1790328548,54000,6965,150,0x0
1790328550,52900,6962,150,0x0
1790328552,54550,6968,150,0x0
1790328554,54550,6965,150,0x0
1790328556,50700,6968,150,0x0
1790328558,50700,6968,150,0x0
1790328560,52350,6968,150,0x0
1790328563,52350,6973,150,0x0
1790328565,53450,6971,150,0x0
1790328567,52900,6970,150,0x0
1790328569,53450,6970,150,0x0
1790328571,54000,6967,150,0x0
1790328573,53450,6968,150,0x0
1790328575,54000,6970,150,0x0
1790328577,53450,6968,150,0x0
1790328579,52900,6965,150,0x0
1790328581,53450,6968,150,0x0
1790328583,54000,6967,150,0x0
1790328585,53450,6967,150,0x0
1790328587,53450,6958,150,0x0
1790328589,49600,6960,150,0x0
1790328591,54000,6963,150,0x0
1790328593,54550,6967,150,0x0
1790328595,55100,6965,150,0x0
1790328597,55100,6970,150,0x0
1790328599,55650,6968,150,0x0
1790328601,55650,6970,150,0x0
1790328603,55650,6973,150,0x0
1790328605,56200,6967,150,0x0
1790328608,56200,6976,150,0x0
1790328610,55650,6971,150,0x0
1790328612,56200,6979,150,0x0
1790328614,56200,8429,200,0x0
1790328616,56750,8598,200,0x0
1790328618,56750,8603,200,0x0
1790328620,55650,8610,200,0x0
1790328622,51800,7320,150,0x0
1790328624,53450,7029,150,0x0
1790328626,52900,7025,150,0x0
1790328628,52350,7030,150,0x0
1790328630,52350,7025,150,0x0
1790328632,53450,7022,150,0x0
1790328634,52900,7022,150,0x0
1790328636,51800,7019,150,0x0
1790328638,52900,7019,150,0x0
1790328640,52900,7010,150,0x0
1790328642,51800,7009,150,0x0
1790328644,53450,7007,150,0x0
1790328646,52900,7001,150,0x0
1790328648,52900,7001,150,0x0
1790328650,51250,7001,150,0x0
1790328652,51250,6989,150,0x0
1790328654,49600,6991,150,0x0
1790328656,49600,6993,150,0x0
1790328658,49050,6988,150,0x0
1790328660,50150,6986,150,0x0
1790328662,50150,6986,150,0x0
1790328665,49050,6983,150,0x0
1790328667,49050,6983,150,0x0
1790328669,49600,6988,150,0x0
1790328671,48500,6986,150,0x0
1790328673,49050,6986,150,0x0
1790328675,48500,6983,150,0x0
1790328677,49600,6988,150,0x0
1790328679,48500,6984,150,0x0
1790328681,48500,6986,150,0x0
1790328683,48500,6981,150,0x0
1790328685,46300,6986,150,0x0
1790328687,46300,6984,150,0x0
1790328689,50150,6979,150,0x0
1790328691,48500,6979,150,0x0
1790328693,49050,6978,150,0x0
1790328695,49050,6967,150,0x0
1790328697,47950,6975,150,0x0
1790328699,48500,6981,150,0x0
1790328701,49600,6979,150,0x0
1790328703,49600,6976,150,0x0
1790328705,49050,6976,150,0x0
1790328707,50700,6973,150,0x0
1790328709,49600,6979,150,0x0
1790328711,49050,6978,150,0x0
1790328713,49050,6976,150,0x0
1790328715,49050,6978,150,0x0
1790328717,46300,6971,150,0x0
1790328719,49600,6973,150,0x0
1790328721,50150,6976,150,0x0
1790328724,50150,6978,150,0x0
1790328726,50700,6971,150,0x0
1790328728,50700,6967,150,0x0
1790328730,50150,6976,150,0x0
1790328732,50150,6973,150,0x0
1790328734,51250,6968,150,0x0
1790328736,51250,6968,150,0x0
1790328738,51250,6967,150,0x0
1790328740,51250,6965,150,0x0
1790328742,50150,6965,150,0x0
1790328744,50150,6963,150,0x0
1790328746,51800,6973,150,0x0
1790328748,49050,6968,150,0x0
1790328750,47400,6967,150,0x0
1790328752,48500,6970,150,0x0
1790328754,49050,6971,150,0x0
1790328756,48500,6975,150,0x0
1790328758,47950,6973,150,0x0
1790328760,47950,6968,150,0x0
1790328762,47400,6967,150,0x0
1790328764,47950,6971,150,0x0
1790328766,47400,6973,150,0x0
1790328768,49050,6970,150,0x0
1790328770,46850,6967,150,0x0
1790328772,47950,6968,150,0x0
1790328774,46850,6967,150,0x0
1790328777,47400,6965,150,0x0
1790328779,47400,6967,150,0x0
1790328781,45750,6960,150,0x0
1790328783,47400,6965,150,0x0
1790328785,50700,6968,150,0x0
1790328787,52350,6971,150,0x0
1790328789,52350,6967,150,0x0
1790328791,52350,6970,150,0x0
1790328793,52900,6973,150,0x0
1790328795,52900,6970,150,0x0
1790328797,52350,6965,150,0x0
1790328799,52350,6967,150,0x0
1790328801,53450,6967,150,0x0
1790328803,53450,6973,150,0x0
1790328805,54000,6973,150,0x0
1790328807,52900,6963,150,0x0
1790328809,54550,6962,150,0x0
1790328811,53450,6973,150,0x0
1790328813,49050,6963,150,0x0
1790328815,50150,6971,150,0x0
1790328817,51250,6967,150,0x0
1790328819,51800,6967,150,0x0
1790328821,50700,6967,150,0x0
1790328823,51800,6967,150,0x0
1790328825,51250,6960,150,0x0
1790328828,51250,6968,150,0x0
1790328830,51800,6967,150,0x0
1790328832,51800,6971,150,0x0
1790328834,52350,6971,150,0x0
1790328836,52350,6967,150,0x0
1790328838,51800,6970,150,0x0
1790328840,51800,6967,150,0x0
1790328842,51800,6965,150,0x0
1790328844,52900,6967,150,0x0
1790328846,47950,6968,150,0x0
1790328848,51800,6968,150,0x0
1790328850,52900,6971,150,0x0
1790328852,53450,6975,150,0x0
1790328854,52900,6968,150,0x0
1790328856,54000,6968,150,0x0
1790328858,54550,6965,150,0x0
1790328860,54000,6973,150,0x0
1790328862,54550,6970,150,0x0
1790328864,54550,6970,150,0x0
1790328866,54000,6975,150,0x0
1790328868,54550,6973,150,0x0
1790328870,54550,6971,150,0x0
1790328872,54550,6970,150,0x0
1790328874,55650,6975,150,0x0
1790328876,51800,6971,150,0x0
1790328878,51250,6970,150,0x0
1790328880,51800,6975,150,0x0
1790328882,51800,6975,150,0x0
1790328884,51800,6976,150,0x0
1790328887,51800,6978,150,0x0
1790328889,52350,6971,150,0x0
1790328891,51800,6967,150,0x0
1790328893,51800,6968,150,0x0
1790328895,50700,6968,150,0x0
1790328897,51800,6971,150,0x0
1790328899,52900,6968,150,0x0
1790328901,51800,6970,150,0x0
1790328903,51800,6971,150,0x0
1790328905,51250,6975,150,0x0
1790328907,52900,6971,150,0x0
1790328909,49600,6971,150,0x0
1790328911,49600,6967,150,0x0
1790328913,50700,6971,150,0x0
1790328915,49600,6968,150,0x0
1790328917,51250,6967,150,0x0
1790328919,51250,6965,150,0x0
1790328921,51250,6967,150,0x0
1790328923,50150,6970,150,0x0
1790328925,51250,6973,150,0x0
1790328927,51250,6973,150,0x0
1790328929,51250,6973,150,0x0
1790328931,50700,6976,150,0x0
1790328933,51250,6973,150,0x0
1790328935,51250,6973,150,0x0
1790328938,51250,6971,150,0x0
1790328940,51250,6973,150,0x0
1790328942,47950,6968,150,0x0
1790328944,49050,6970,150,0x0
1790328946,47400,6971,150,0x0
1790328948,47950,6973,150,0x0
1790328950,47950,6973,150,0x0
1790328952,47950,6971,150,0x0
1790328954,47950,6973,150,0x0
1790328956,47950,6970,150,0x0
1790328958,46850,6975,150,0x0
1790328960,47400,6970,150,0x0
1790328962,47400,6975,150,0x0
1790328964,47950,6973,150,0x0
1790328966,47400,6973,150,0x0
1790328968,47400,6970,150,0x0
1790328970,46300,6973,150,0x0
1790328972,46300,6970,150,0x0
1790328974,46300,6963,150,0x0
1790328976,47400,6970,150,0x0
1790328978,49050,6970,150,0x0
1790328980,50150,6975,150,0x0
1790328983,49600,6976,150,0x0
1790328985,50700,6975,150,0x0
1790328987,48500,6967,150,0x0
1790328989,50150,6968,150,0x0
1790328991,50700,6967,150,0x0
1790328993,50700,6973,150,0x0
1790328995,51250,6971,150,0x0
1790328997,51800,6970,150,0x0
1790328999,51250,6968,150,0x0
1790329001,50700,6971,150,0x0
1790329003,50700,6971,150,0x0
1790329005,47950,6971,150,0x0
1790329007,48500,6967,150,0x0
1790329009,51250,6967,150,0x0
1790329011,50150,6968,150,0x0
1790329013,50700,6971,150,0x0
1790329015,50150,6976,150,0x0
1790329017,51250,6971,150,0x0
1790329019,50700,6971,150,0x0
1790329021,51800,6970,150,0x0
1790329023,51800,6968,150,0x0
1790329025,51250,6973,150,0x0
1790329027,50700,6970,150,0x0
1790329029,50700,6973,150,0x0
1790329031,51250,6973,150,0x0
1790329033,51250,6975,150,0x0
1790329036,51250,6973,150,0x0
1790329038,47400,6968,150,0x0
1790329040,50150,6973,150,0x0
1790329042,50700,6973,150,0x0
1790329044,51250,6975,150,0x0
1790329046,51250,6975,150,0x0
1790329048,51800,6971,150,0x0
1790329050,51800,6975,150,0x0
1790329052,51800,6975,150,0x0
1790329054,52350,6971,150,0x0
1790329056,51800,6973,150,0x0
1790329058,52350,6975,150,0x0
1790329060,52350,6973,150,0x0
1790329062,52350,6971,150,0x0
1790329064,51800,6967,150,0x0
1790329066,52350,6967,150,0x0
1790329068,52900,6968,150,0x0
1790329070,47400,6963,150,0x0
1790329072,51800,6967,150,0x0
1790329074,51800,6971,150,0x0
1790329076,53450,6975,150,0x0
1790329078,51800,6970,150,0x0
1790329080,53450,6970,150,0x0
1790329082,54000,6968,150,0x0
1790329084,54000,6976,150,0x0
1790329086,54000,6973,150,0x0
1790329088,53450,6975,150,0x0
1790329090,55100,6971,150,0x0
1790329092,54000,6976,150,0x0
1790329095,55650,6975,150,0x0
1790329097,54550,6973,150,0x0
1790329099,55100,6970,150,0x0
1790329101,52350,6978,150,0x0
1790329103,50700,6971,150,0x0
1790329105,50700,6973,150,0x0
1790329107,50150,6970,150,0x0
1790329109,50700,6971,150,0x0
1790329111,51250,6971,150,0x0
1790329113,51250,6975,150,0x0
1790329115,51250,6979,150,0x0
1790329117,50700,6978,150,0x0
1790329119,51250,6976,150,0x0
1790329121,50150,6976,150,0x0
1790329123,50700,6973,150,0x0
1790329125,50700,6976,150,0x0
1790329127,51250,6970,150,0x0
1790329129,50150,6967,150,0x0
1790329131,50150,6970,150,0x0
1790329133,48500,6970,150,0x0
1790329135,49050,6973,150,0x0
1790329137,49600,6975,150,0x0
1790329139,49600,6976,150,0x0
1790329141,50150,6978,150,0x0
1790329143,49600,6970,150,0x0
1790329145,50150,6975,150,0x0
1790329147,50700,6975,150,0x0
1790329150,50150,6978,150,0x0
1790329152,50150,6976,150,0x0
1790329154,49050,6976,150,0x0
1790329156,50150,6976,150,0x0
1790329158,50150,6971,150,0x0
1790329160,49600,6973,150,0x0
1790329162,50150,6971,150,0x0
1790329164,49600,6970,150,0x0
1790329166,47400,6973,150,0x0
1790329168,45200,6973,150,0x0
1790329170,45200,5357,100,0x0
1790329172,43550,4990,100,0x0
1790329174,43550,4981,100,0x0
1790329176,48500,4977,100,0x0
1790329178,49600,4971,100,0x0
1790329180,51250,6944,150,0x0
1790329182,51800,6949,150,0x0
1790329184,52350,6942,150,0x0
1790329186,52350,6944,150,0x0
1790329188,52900,6939,150,0x0
1790329190,52900,6936,150,0x0
1790329192,53450,6939,150,0x0
1790329194,53450,6950,150,0x0
1790329196,54000,6947,150,0x0
1790329198,52900,6947,150,0x0
1790329200,52900,6950,150,0x0
1790329202,54000,6954,150,0x0
1790329204,52900,6955,150,0x0
1790329206,48500,6949,150,0x0
1790329208,51250,6955,150,0x0
1790329210,52350,6960,150,0x0
1790329213,51800,6962,150,0x0
1790329215,51250,6962,150,0x0
1790329217,52350,6962,150,0x0
1790329219,52350,6957,150,0x0
1790329221,53450,6963,150,0x0
1790329223,52350,6963,150,0x0
1790329225,52350,6963,150,0x0
1790329227,52350,6967,150,0x0
1790329229,52350,6967,150,0x0
1790329231,52350,6967,150,0x0
1790329233,52900,6968,150,0x0
1790329235,51800,6965,150,0x0
1790329237,50700,6963,150,0x0
1790329239,50700,6958,150,0x0
1790329241,51800,6963,150,0x0
1790329243,52350,6965,150,0x0
1790329245,52350,6962,150,0x0
1790329247,52900,6968,150,0x0
1790329249,52900,6968,150,0x0
1790329251,53450,6973,150,0x0
1790329253,53450,6971,150,0x0
1790329255,52900,6970,150,0x0
1790329257,52900,6973,150,0x0
1790329259,53450,6967,150,0x0
1790329261,52900,6975,150,0x0
1790329264,53450,6975,150,0x0
1790329266,53450,6968,150,0x0
1790329268,52900,6970,150,0x0
1790329270,50150,6967,150,0x0
1790329272,49600,6967,150,0x0
1790329274,50700,6963,150,0x0
1790329276,50700,6963,150,0x0
1790329278,50700,6963,150,0x0
1790329280,50150,6971,150,0x0
1790329282,50150,6965,150,0x0
1790329284,50700,6968,150,0x0
1790329286,49050,6973,150,0x0
1790329288,50150,6971,150,0x0
1790329290,49600,6973,150,0x0
1790329292,49600,6973,150,0x0
1790329294,50150,6967,150,0x0
1790329296,50700,6968,150,0x0
1790329298,51250,6963,150,0x0
1790329300,50700,6967,150,0x0
1790329302,47400,6967,150,0x0
1790329304,49050,6967,150,0x0
1790329306,49050,6967,150,0x0
1790329308,49600,6967,150,0x0
1790329310,49600,6970,150,0x0
1790329312,49050,6963,150,0x0
1790329315,49050,6967,150,0x0
1790329317,48500,6973,150,0x0
1790329319,49050,6971,150,0x0
1790329321,49050,6971,150,0x0
1790329323,49600,6968,150,0x0
1790329325,48500,6971,150,0x0
1790329327,47400,6979,150,0x0
1790329329,49050,6975,150,0x0
1790329331,49050,6978,150,0x0
1790329333,48500,6978,150,0x0
1790329335,45750,6970,150,0x0
1790329337,48500,6970,150,0x0
1790329339,48500,6975,150,0x0
1790329341,48500,6975,150,0x0
1790329343,49050,6979,150,0x0
1790329345,48500,6976,150,0x0
1790329347,48500,6976,150,0x0
1790329349,49600,6971,150,0x0
1790329351,48500,6971,150,0x0
1790329353,49050,6965,150,0x0
1790329355,47950,6971,150,0x0
1790329358,49050,6967,150,0x0
1790329360,47400,6978,150,0x0
1790329362,48500,6975,150,0x0
1790329364,49050,6975,150,0x0
1790329366,46850,6971,150,0x0
1790329368,47400,6976,150,0x0
1790329370,47950,6975,150,0x0
1790329372,47950,6975,150,0x0
1790329374,48500,6968,150,0x0
1790329376,49050,6968,150,0x0
1790329378,48500,6968,150,0x0
1790329380,47400,6968,150,0x0
1790329382,49050,6968,150,0x0
1790329384,49050,6970,150,0x0
1790329386,49050,6965,150,0x0
1790329388,48500,6960,150,0x0
1790329390,49050,6968,150,0x0
1790329392,47950,6965,150,0x0
1790329394,48500,6965,150,0x0
1790329396,48500,6968,150,0x0
1790329399,46850,6967,150,0x0
1790329401,47400,6968,150,0x0
1790329403,47950,6971,150,0x0
1790329405,48500,6967,150,0x0
1790329407,48500,6967,150,0x0
1790329409,48500,6973,150,0x0
1790329411,48500,6971,150,0x0
1790329413,47400,6968,150,0x0
1790329415,47950,6971,150,0x0
1790329417,49050,6968,150,0x0
1790329419,49050,6973,150,0x0
1790329421,49050,6970,150,0x0
1790329423,49600,6970,150,0x0
1790329425,49050,6967,150,0x0
1790329427,49050,6968,150,0x0
1790329429,47950,6970,150,0x0
1790329431,46300,6967,150,0x0
1790329433,49050,6967,150,0x0
1790329435,49050,6963,150,0x0
1790329437,49600,6968,150,0x0
1790329439,49050,6967,150,0x0
1790329441,50150,6967,150,0x0
1790329443,49600,6967,150,0x0
1790329445,49600,6963,150,0x0
1790329447,50150,6963,150,0x0
1790329449,49050,6967,150,0x0
1790329451,50700,6963,150,0x0
1790329454,49600,6968,150,0x0
1790329456,50150,6962,150,0x0
1790329458,50150,6965,150,0x0
1790329460,49050,6965,150,0x0
1790329462,47400,6960,150,0x0
1790329464,47950,6960,150,0x0
1790329466,49050,6962,150,0x0
1790329468,48500,6963,150,0x0
1790329470,49050,6962,150,0x0
1790329472,47400,6967,150,0x0
1790329474,49050,6965,150,0x0
1790329476,48500,6962,150,0x0
1790329478,47950,6962,150,0x0
1790329480,49050,6958,150,0x0
1790329482,47400,6963,150,0x0
1790329484,49050,6958,150,0x0
1790329486,49050,6962,150,0x0
1790329488,48500,6965,150,0x0
1790329491,49050,6963,150,0x0
1790329493,49050,6965,150,0x0
1790329495,45200,6955,150,0x0
1790329497,47950,6962,150,0x0
1790329499,50150,6965,150,0x0
1790329501,49600,6955,150,0x0
1790329503,51250,6963,150,0x0
1790329505,51250,6971,150,0x0
1790329507,50700,6971,150,0x0
1790329509,51800,6968,150,0x0
1790329511,52350,6968,150,0x0
1790329513,51250,6970,150,0x0
1790329515,51800,6970,150,0x0
1790329517,52900,6968,150,0x0
1790329519,51800,6967,150,0x0
1790329521,52350,6962,150,0x0
1790329523,51800,6967,150,0x0
1790329525,52350,6971,150,0x0
1790329527,47400,6968,150,0x0
1790329529,51250,6968,150,0x0
1790329531,51800,6963,150,0x0
1790329533,52900,6965,150,0x0
1790329535,53450,6960,150,0x0
1790329537,52900,6965,150,0x0
1790329539,52900,6963,150,0x0
1790329541,53450,6963,150,0x0
1790329543,52900,6963,150,0x0
1790329545,52350,6967,150,0x0
1790329547,53450,6967,150,0x0
1790329550,52350,6971,150,0x0
1790329552,54000,6971,150,0x0
1790329554,53450,6963,150,0x0
1790329556,54000,6967,150,0x0
1790329558,51800,6968,150,0x0
1790329560,50150,6975,150,0x0
1790329562,50150,6975,150,0x0
1790329564,50150,6968,150,0x0
1790329566,50150,6963,150,0x0
1790329568,50700,6970,150,0x0
1790329570,50700,6967,150,0x0
1790329572,50700,6960,150,0x0
1790329574,50700,6963,150,0x0
1790329576,50150,6967,150,0x0
1790329578,50700,6960,150,0x0
1790329580,49600,6967,150,0x0
1790329582,51250,6967,150,0x0
1790329584,50150,6963,150,0x0
1790329586,50700,6968,150,0x0
1790329588,49600,6971,150,0x0
1790329590,47400,6973,150,0x0
1790329592,49050,6970,150,0x0
1790329594,50700,6975,150,0x0
1790329596,51800,6975,150,0x0
1790329598,51800,6978,150,0x0
1790329600,51800,6973,150,0x0
1790329602,52350,6975,150,0x0
1790329604,52350,6973,150,0x0
1790329607,51800,6976,150,0x0
1790329609,52900,6973,150,0x0
1790329611,51800,6975,150,0x0
1790329613,52350,6971,150,0x0
1790329615,52350,6976,150,0x0
1790329617,52350,6975,150,0x0
1790329619,51800,6973,150,0x0
1790329621,51800,6976,150,0x0
1790329623,49600,6970,150,0x0
1790329625,50150,6971,150,0x0
1790329627,52350,6967,150,0x0
1790329629,52900,6968,150,0x0
1790329631,52350,6963,150,0x0
1790329633,54000,6963,150,0x0
1790329635,54000,6968,150,0x0
1790329637,53450,6968,150,0x0
1790329639,53450,6970,150,0x0
1790329641,53450,6971,150,0x0
1790329643,52350,6971,150,0x0
1790329645,53450,6968,150,0x0
1790329647,54000,6973,150,0x0
1790329649,54000,6975,150,0x0
1790329651,53450,6971,150,0x0
1790329653,53450,6973,150,0x0
1790329655,49050,6970,150,0x0
1790329658,51800,6973,150,0x0
1790329660,52900,6971,150,0x0
1790329662,53450,6971,150,0x0
1790329664,53450,6968,150,0x0
1790329666,52900,6971,150,0x0
1790329668,53450,6973,150,0x0
1790329670,52350,6971,150,0x0
1790329672,53450,6973,150,0x0
1790329674,53450,6978,150,0x0
1790329676,52350,6975,150,0x0
1790329678,54000,6971,150,0x0
1790329680,52900,6973,150,0x0
1790329682,53450,6978,150,0x0
1790329684,53450,6975,150,0x0
1790329686,52900,6981,150,0x0
1790329688,50150,6979,150,0x0
1790329690,50150,6978,150,0x0
1790329692,49050,6975,150,0x0
1790329694,50700,6970,150,0x0
1790329696,50700,6967,150,0x0
1790329698,50150,6973,150,0x0
1790329700,50150,6965,150,0x0
1790329702,50700,6968,150,0x0
1790329704,50150,6970,150,0x0
1790329707,50150,6971,150,0x0
1790329709,50150,6973,150,0x0
1790329711,49600,6973,150,0x0
1790329713,49600,6978,150,0x0
1790329715,50150,6976,150,0x0
1790329717,48500,6976,150,0x0
1790329719,49600,6973,150,0x0
1790329721,46850,6971,150,0x0
1790329723,49600,6970,150,0x0
1790329725,50150,6973,150,0x0
1790329727,50700,6975,150,0x0
1790329729,50700,6976,150,0x0
1790329731,50700,6973,150,0x0
1790329733,50700,6971,150,0x0
1790329735,50700,6975,150,0x0
1790329737,51800,6973,150,0x0
1790329739,51250,6971,150,0x0
1790329741,50150,6976,150,0x0
1790329743,50150,6975,150,0x0
1790329745,50700,6975,150,0x0
1790329747,51800,6976,150,0x0
1790329749,50700,6976,150,0x0
1790329751,51250,6978,150,0x0
1790329753,47950,6968,150,0x0
1790329755,49600,6967,150,0x0
1790329757,49050,6971,150,0x0
1790329759,48500,6970,150,0x0
1790329761,48500,6973,150,0x0
1790329764,48500,6967,150,0x0
1790329766,48500,6968,150,0x0
1790329768,47950,6968,150,0x0
1790329770,47950,6970,150,0x0
1790329772,49050,6971,150,0x0
1790329774,47950,6967,150,0x0
1790329776,47950,6967,150,0x0
1790329778,47400,6971,150,0x0
1790329780,47400,6967,150,0x0
1790329782,48500,6970,150,0x0
1790329784,46850,6968,150,0x0
1790329786,47400,6967,150,0x0
1790329788,49600,6965,150,0x0
1790329790,50150,6973,150,0x0
1790329792,50700,6970,150,0x0
1790329794,51800,6965,150,0x0
1790329796,51250,6962,150,0x0
1790329798,51250,6970,150,0x0
1790329800,51800,6970,150,0x0
1790329802,51800,6967,150,0x0
1790329804,51250,6970,150,0x0
1790329806,51250,6967,150,0x0
1790329808,51800,6970,150,0x0
1790329810,52350,6970,150,0x0
1790329812,51800,6967,150,0x0
1790329814,51800,6967,150,0x0
1790329816,50150,6965,150,0x0
1790329818,47950,6970,150,0x0
1790329821,49050,6965,150,0x0
1790329823,49600,6965,150,0x0
1790329825,49050,6965,150,0x0
1790329827,49600,6970,150,0x0
1790329829,50150,6970,150,0x0
1790329831,49600,6970,150,0x0
1790329833,50150,6973,150,0x0
1790329835,48500,6970,150,0x0
1790329837,49050,6960,150,0x0
1790329839,49600,6965,150,0x0
1790329841,49600,6960,150,0x0
1790329843,49600,6963,150,0x0
1790329845,49050,6965,150,0x0
1790329847,49600,6968,150,0x0
1790329849,46850,6967,150,0x0
1790329851,51250,6973,150,0x0
1790329853,52350,6975,150,0x0
1790329855,53450,6970,150,0x0
1790329857,54550,6971,150,0x0
1790329859,55100,6970,150,0x0
1790329861,54550,6971,150,0x0
1790329863,55650,6978,150,0x0
1790329866,55650,6973,150,0x0
1790329868,55100,6971,150,0x0
1790329870,55650,6971,150,0x0
1790329872,56200,6976,150,0x0
1790329874,56200,6975,150,0x0
1790329876,56200,6979,150,0x0
1790329878,55650,6978,150,0x0
1790329880,56200,6979,150,0x0
1790329882,50150,6973,150,0x0
1790329884,51800,6973,150,0x0
1790329886,52900,6976,150,0x0
1790329888,51250,6973,150,0x0
1790329890,51800,6971,150,0x0
1790329892,52900,6975,150,0x0
1790329894,51800,6975,150,0x0
1790329896,50700,6971,150,0x0
1790329898,52900,6971,150,0x0
1790329900,51250,6973,150,0x0
1790329902,50700,6973,150,0x0
1790329904,51800,6975,150,0x0
1790329907,51800,6973,150,0x0
1790329909,51800,6976,150,0x0
1790329911,51800,6975,150,0x0
1790329913,49050,6971,150,0x0
1790329915,47950,6975,150,0x0
1790329917,45750,6975,150,0x0
1790329919,45200,6574,100,0x0
1790329921,44100,4998,100,0x0
1790329923,44650,4979,100,0x0
1790329925,44650,4975,100,0x0
1790329927,44100,4965,100,0x0
1790329929,44100,4957,100,0x0
1790329931,43000,4948,100,0x0
1790329933,44100,4937,100,0x0
1790329935,44100,4927,100,0x0
1790329937,44650,4918,100,0x0
1790329939,43550,4910,100,0x0
1790329941,43000,4901,100,0x0
1790329943,43000,4897,100,0x0
1790329945,40800,4894,100,0x0
1790329947,47400,4897,100,0x0
1790329949,49600,4897,100,0x0
1790329951,50150,6594,150,0x0
1790329953,51250,6910,150,0x0
1790329955,51250,6912,150,0x0
1790329957,51800,6918,150,0x0
1790329959,51250,6920,150,0x0
1790329961,52900,6928,150,0x0
1790329963,52350,6939,150,0x0
1790329965,52350,6944,150,0x0
1790329967,51800,6954,150,0x0
1790329969,52350,6952,150,0x0
1790329971,52900,6962,150,0x0
1790329973,52900,6965,150,0x0
1790329975,53450,6970,150,0x0
1790329977,47950,6970,150,0x0
1790329980,51250,6981,150,0x0
1790329982,51800,6979,150,0x0
1790329984,52900,6986,150,0x0
1790329986,52350,6984,150,0x0
1790329988,53450,6988,150,0x0
1790329990,53450,6984,150,0x0
1790329992,52900,6991,150,0x0
1790329994,52350,6991,150,0x0
1790329996,54550,6996,150,0x0
1790329998,53450,6994,150,0x0
1790330000,53450,6997,150,0x0
1790330002,53450,6994,150,0x0
1790330004,54550,6997,150,0x0
1790330006,55650,7001,150,0x0
1790330008,52900,7004,150,0x0
1790330010,50150,7002,150,0x0
1790330012,50700,6999,150,0x0
1790330014,51250,7009,150,0x0
1790330016,50700,7007,150,0x0
1790330018,50700,7015,150,0x0
1790330020,51250,7012,150,0x0
1790330022,51800,7017,150,0x0
1790330024,51250,7010,150,0x0
1790330026,51250,7015,150,0x0
1790330028,50700,7017,150,0x0
1790330031,51800,7012,150,0x0
1790330033,51800,7017,150,0x0
1790330035,50700,7015,150,0x0
1790330037,51800,7015,150,0x0
1790330039,51800,7019,150,0x0
1790330041,49600,7024,150,0x0
1790330043,50150,7029,150,0x0
1790330045,49050,7022,150,0x0
1790330047,49600,7022,150,0x0
1790330049,50150,7022,150,0x0
1790330051,51250,7022,150,0x0
1790330053,50150,7010,150,0x0
1790330055,50700,6996,150,0x0
1790330057,50700,6986,150,0x0
1790330059,49050,6979,150,0x0
1790330061,49050,6978,150,0x0
1790330063,49600,6976,150,0x0
1790330065,50150,6978,150,0x0
1790330067,50700,6978,150,0x0
1790330069,49600,6983,150,0x0
1790330071,49600,6979,150,0x0
1790330073,47400,6984,150,0x0
1790330075,50700,6979,150,0x0
1790330078,50150,6984,150,0x0
1790330080,51250,6976,150,0x0
1790330082,51250,6981,150,0x0
1790330084,51800,6984,150,0x0
1790330086,50700,6983,150,0x0
1790330088,51800,6978,150,0x0
1790330090,51800,6970,150,0x0
1790330092,51800,6981,150,0x0
1790330094,51800,6978,150,0x0
1790330096,51800,6981,150,0x0
1790330098,51800,6984,150,0x0
1790330100,51800,6979,150,0x0
1790330102,51800,6978,150,0x0
1790330104,52350,6979,150,0x0
1790330106,47400,6978,150,0x0
1790330108,50150,6979,150,0x0
1790330110,49050,6981,150,0x0
1790330112,49600,6975,150,0x0
1790330114,50150,6971,150,0x0
1790330116,50700,6973,150,0x0
1790330118,49600,6975,150,0x0
1790330121,50150,6978,150,0x0
1790330123,50700,6979,150,0x0
1790330125,50700,6976,150,0x0
1790330127,50150,6963,150,0x0
1790330129,51250,6971,150,0x0
1790330131,50700,6975,150,0x0
1790330133,50700,6971,150,0x0
1790330135,50700,6979,150,0x0
1790330137,48500,6970,150,0x0
1790330139,49600,6976,150,0x0
1790330141,52350,6983,150,0x0
1790330143,51250,6976,150,0x0
1790330145,51800,6976,150,0x0
1790330147,51800,6983,150,0x0
1790330149,52900,6981,150,0x0
1790330151,53450,6973,150,0x0
1790330153,53450,6978,150,0x0
1790330155,53450,6979,150,0x0
1790330157,54550,6978,150,0x0
1790330159,52900,6976,150,0x0
1790330161,53450,6975,150,0x0
1790330163,52900,6975,150,0x0
1790330165,54000,6978,150,0x0
1790330167,53450,6983,150,0x0
1790330169,49600,6976,150,0x0
1790330172,50150,6983,150,0x0
1790330174,50700,6979,150,0x0
1790330176,49600,6983,150,0x0
1790330178,49600,6984,150,0x0
1790330180,50700,6984,150,0x0
1790330182,50150,6979,150,0x0
1790330184,50150,6978,150,0x0
1790330186,50150,6981,150,0x0
1790330188,50700,6979,150,0x0
1790330190,50150,6981,150,0x0
1790330192,50700,6978,150,0x0
1790330194,50150,6981,150,0x0
1790330196,50150,6979,150,0x0
1790330198,50150,6978,150,0x0
1790330200,50150,6978,150,0x0
1790330202,47400,6976,150,0x0
1790330204,51250,6981,150,0x0
1790330206,51250,6984,150,0x0
1790330208,52900,6984,150,0x0
1790330210,52350,6988,150,0x0
1790330212,53450,6989,150,0x0
1790330214,54000,6984,150,0x0
1790330216,52350,6983,150,0x0
1790330218,54550,6983,150,0x0
1790330220,54000,6983,150,0x0
1790330222,55100,6976,150,0x0
1790330225,54550,6979,150,0x0
1790330227,54550,6978,150,0x0
1790330229,54550,6973,150,0x0
1790330231,54550,6976,150,0x0
1790330233,52350,6971,150,0x0
1790330235,51250,6967,150,0x0
1790330237,52350,6976,150,0x0
1790330239,52350,6973,150,0x0
1790330241,52350,6975,150,0x0
1790330243,51800,6983,150,0x0
1790330245,52350,6971,150,0x0
1790330247,52350,6973,150,0x0
1790330249,52350,6970,150,0x0
1790330251,52350,6970,150,0x0
1790330253,52350,6975,150,0x0
1790330255,51800,6973,150,0x0
1790330257,52900,6979,150,0x0
1790330259,52900,6973,150,0x0
1790330261,52350,6978,150,0x0
1790330263,52900,6983,150,0x0
1790330265,49600,6976,150,0x0
1790330267,50150,6979,150,0x0
1790330269,50150,6978,150,0x0
1790330271,51250,6983,150,0x0
1790330273,50700,6981,150,0x0
1790330276,50150,6984,150,0x0
1790330278,50700,6983,150,0x0
1790330280,50700,6981,150,0x0
1790330282,50700,6979,150,0x0
1790330284,51250,6973,150,0x0
1790330286,50700,6975,150,0x0
1790330288,51250,6979,150,0x0
1790330290,51250,6976,150,0x0
1790330292,50700,6973,150,0x0
1790330294,51250,6979,150,0x0
1790330296,50150,6976,150,0x0
1790330298,47400,6976,150,0x0
1790330300,49050,6979,150,0x0
1790330302,48500,6973,150,0x0
1790330304,47950,6979,150,0x0
1790330306,48500,6973,150,0x0
1790330308,47950,6979,150,0x0
1790330310,46850,6976,150,0x0
1790330312,47400,6983,150,0x0
1790330314,47400,6981,150,0x0
1790330316,47950,6979,150,0x0
1790330318,47400,6976,150,0x0
1790330321,47950,6976,150,0x0
1790330323,47950,6978,150,0x0
1790330325,47400,6979,150,0x0
1790330327,47400,6975,150,0x0
1790330329,46300,6976,150,0x0
1790330331,47400,6976,150,0x0
1790330333,49050,6976,150,0x0
1790330335,50150,6981,150,0x0
1790330337,51800,6979,150,0x0
1790330339,51800,6979,150,0x0
1790330341,50700,6967,150,0x0
1790330343,51800,6963,150,0x0
1790330345,52350,6962,150,0x0
1790330347,52900,6970,150,0x0
1790330349,52350,6970,150,0x0
1790330351,52350,6976,150,0x0
1790330353,51800,6973,150,0x0
1790330355,52900,6973,150,0x0
1790330357,53450,6979,150,0x0
1790330359,53450,6979,150,0x0
1790330361,50150,6976,150,0x0
1790330363,50700,6979,150,0x0
1790330366,50700,6975,150,0x0
1790330368,51800,6978,150,0x0
1790330370,51250,6973,150,0x0
1790330372,50700,6975,150,0x0
1790330374,50700,6976,150,0x0
1790330376,50700,6971,150,0x0
1790330378,51800,6978,150,0x0
1790330380,52350,6976,150,0x0
1790330382,51800,6979,150,0x0
1790330384,51800,6979,150,0x0
1790330386,51800,6976,150,0x0
1790330388,51800,6979,150,0x0
1790330390,51800,6978,150,0x0
1790330392,52350,6978,150,0x0
1790330394,47950,6973,150,0x0
1790330397,50150,6973,150,0x0
1790330399,50700,6971,150,0x0
1790330401,50700,6975,150,0x0
1790330403,50150,6971,150,0x0
1790330405,50700,6973,150,0x0
1790330407,50150,6976,150,0x0
1790330409,50150,6976,150,0x0
1790330411,50700,6971,150,0x0
1790330413,50700,6973,150,0x0
1790330415,51250,6978,150,0x0
1790330417,50700,6978,150,0x0
1790330419,50700,6973,150,0x0
1790330421,50700,6975,150,0x0
1790330423,50700,6973,150,0x0
1790330425,48500,6973,150,0x0
1790330427,49600,6973,150,0x0
1790330429,49050,6975,150,0x0
1790330431,50150,6975,150,0x0
1790330433,50700,6973,150,0x0
1790330435,51250,6975,150,0x0
1790330437,50700,6971,150,0x0
1790330439,50700,6976,150,0x0
1790330441,50700,6971,150,0x0
1790330443,50150,6975,150,0x0
1790330445,50150,6973,150,0x0
1790330448,50150,6978,150,0x0
1790330450,50150,6973,150,0x0
1790330452,51250,6973,150,0x0
1790330454,50700,6971,150,0x0
1790330456,50700,6976,150,0x0
1790330458,48500,6975,150,0x0
1790330460,49600,6978,150,0x0
1790330462,50150,6975,150,0x0
1790330464,51250,6979,150,0x0
1790330466,51800,6975,150,0x0
1790330468,51800,6976,150,0x0
1790330470,51250,6975,150,0x0
1790330472,51800,6971,150,0x0
1790330474,51800,6973,150,0x0
1790330476,52350,6975,150,0x0
1790330478,51800,6975,150,0x0
1790330480,51250,6973,150,0x0
1790330482,51800,6976,150,0x0
1790330484,52350,6975,150,0x0
1790330486,51800,6973,150,0x0
1790330488,52350,6973,150,0x0
1790330490,48500,6970,150,0x0
1790330492,50700,6973,150,0x0
1790330494,50700,6973,150,0x0
1790330496,51800,6976,150,0x0
1790330498,50700,6965,150,0x0
1790330500,51800,6976,150,0x0
1790330502,52350,6975,150,0x0
1790330505,50700,6973,150,0x0
1790330507,51800,6970,150,0x0
1790330509,51800,6967,150,0x0
1790330511,51800,6973,150,0x0
1790330513,52350,6975,150,0x0
1790330515,52350,6971,150,0x0
1790330517,51250,6973,150,0x0
1790330519,52350,6975,150,0x0
1790330521,51250,6970,150,0x0
1790330523,47400,6968,150,0x0
1790330525,49050,6965,150,0x0
1790330527,48500,6965,150,0x0
1790330529,47950,6965,150,0x0
1790330531,47950,6967,150,0x0
1790330533,47950,6967,150,0x0
1790330535,47950,6970,150,0x0
1790330538,47400,6958,150,0x0
1790330540,47950,6965,150,0x0
1790330542,47950,6963,150,0x0
1790330544,47400,6965,150,0x0
1790330546,46300,6967,150,0x0
1790330548,47400,6970,150,0x0
1790330550,46850,6967,150,0x0
1790330552,46850,6970,150,0x0
1790330554,45750,6967,150,0x0
1790330556,48500,6978,150,0x0
1790330558,49600,6975,150,0x0
1790330560,50150,6971,150,0x0
1790330562,50700,6973,150,0x0
1790330564,51250,6976,150,0x0
1790330566,50700,6978,150,0x0
1790330568,51250,6976,150,0x0
1790330570,49600,6976,150,0x0
1790330572,51800,6973,150,0x0
1790330574,52350,6976,150,0x0
1790330576,52350,6965,150,0x0
1790330578,51800,6973,150,0x0
1790330580,52350,6967,150,0x0
1790330582,52350,6967,150,0x0
1790330584,52350,6962,150,0x0
1790330586,48500,6955,150,0x0
1790330588,49600,6958,150,0x0
1790330591,50150,6960,150,0x0
1790330593,48500,6963,150,0x0
1790330595,50150,6963,150,0x0
1790330597,50150,6967,150,0x0
1790330599,49600,6971,150,0x0
1790330601,50150,6967,150,0x0
1790330603,50150,6970,150,0x0
1790330605,50150,6971,150,0x0
1790330607,50150,6971,150,0x0
1790330609,49050,6970,150,0x0
1790330611,50150,6973,150,0x0
1790330624,45200,5948,100,0x0
1790330627,45200,4987,100,0x0
1790330629,47950,4975,100,0x0
1790330631,49600,4970,100,0x0
1790330633,49050,4961,100,0x0
1790330638,47400,6928,150,0x0
1790330640,50150,6918,150,0x0
1790330642,50150,6926,150,0x0
1790330644,50150,6928,150,0x0
1790330646,51250,6925,150,0x0
1790330648,49050,6928,150,0x0
1790330650,50700,6933,150,0x0
1790330652,50700,6941,150,0x0
1790330655,51250,6939,150,0x0
1790330657,51250,6941,150,0x0
1790330659,47400,6942,150,0x0
1790330661,49050,6944,150,0x0
1790330663,48500,6946,150,0x0
1790330665,49050,6949,150,0x0
1790330667,48500,6949,150,0x0
1790330669,49050,6952,150,0x0
1790330671,46850,6949,150,0x0
1790330673,47950,6958,150,0x0
1790330675,47400,6955,150,0x0
1790330677,48500,6955,150,0x0
1790330679,48500,6960,150,0x0
1790330681,47950,6962,150,0x0
1790330683,47950,6960,150,0x0
1790330685,46850,6954,150,0x0
1790330687,47950,6954,150,0x0
1790330689,46300,6957,150,0x0
1790330691,47400,6958,150,0x0
1790330693,48500,6960,150,0x0
1790330695,49600,6957,150,0x0
1790330698,49050,6962,150,0x0
1790330700,49050,6962,150,0x0
1790330702,50150,6968,150,0x0
1790330704,50150,6967,150,0x0
1790330706,49600,6965,150,0x0
1790330708,49050,6963,150,0x0
1790330710,50150,6965,150,0x0
1790330712,50150,6967,150,0x0
1790330714,49600,6967,150,0x0
1790330716,50700,6965,150,0x0
1790330718,49600,6960,150,0x0
1790330720,50700,6965,150,0x0
1790330722,46850,6967,150,0x0
1790330725,48500,6967,150,0x0
1790330727,49600,6971,150,0x0
1790330730,50150,6968,150,0x0
1790330732,50700,6971,150,0x0
1790330737,49600,6967,150,0x0
1790330753,50700,6970,150,0x0
1790330755,46300,6963,150,0x0
1790330757,49050,6968,150,0x0
1790330760,49050,6971,150,0x0
1790330763,50150,6973,150,0x0
1790330765,48500,6965,150,0x0
1790330769,45750,6962,150,0x0
1790330771,45200,6963,150,0x0
1790330774,44650,5378,100,0x0
1790330776,44100,4977,100,0x0
1790330778,44100,4972,100,0x0
1790330782,43550,4957,100,0x0
1790330784,43550,4949,100,0x0
1790330786,43000,4938,100,0x0
1790330788,43550,4927,100,0x0
1790330790,43550,4918,100,0x0
1790330792,44100,4909,100,0x0
1790330794,45200,4903,100,0x0
1790330796,47400,4897,100,0x0
1790330798,48500,4894,100,0x0
1790330800,49050,4893,100,0x0
1790330802,49600,4893,100,0x0
1790330804,49600,4891,150,0x0
1790330806,50700,6896,150,0x0
1790330808,50700,6910,150,0x0
1790330810,50700,6915,150,0x0
1790330812,51250,6915,150,0x0
1790330814,50700,6925,150,0x0
1790330816,50700,6933,150,0x0
1790330818,51800,6938,150,0x0
1790330820,50700,6947,150,0x0
1790330822,50700,6954,150,0x0
1790330824,47950,6958,150,0x0
1790330826,47400,6965,150,0x0
1790330828,49600,6970,150,0x0
1790330830,49600,6975,150,0x0
1790330833,50150,6978,150,0x0
1790330835,47400,6984,150,0x0
1790330837,49600,6986,150,0x0
1790330839,49600,6988,150,0x0
1790330841,49050,6994,150,0x0
1790330843,50150,6991,150,0x0
1790330845,49600,6996,150,0x0
1790330847,49600,6997,150,0x0
1790330849,49600,7001,150,0x0
1790330851,49050,7004,150,0x0
1790330853,49600,7010,150,0x0
1790330855,49050,7010,150,0x0
1790330857,46300,7004,150,0x0
1790330859,49050,7012,150,0x0
1790330861,49600,7010,150,0x0
1790330863,50150,7012,150,0x0
1790330865,50150,7009,150,0x0
1790330867,50700,7009,150,0x0
1790330869,50700,7012,150,0x0
1790330871,50150,7012,150,0x0
1790330873,51250,7019,150,0x0
1790330875,48500,7017,150,0x0
1790330877,50150,7012,150,0x0
1790330879,51250,7017,150,0x0
1790330881,49600,7017,150,0x0
1790330883,50150,7019,150,0x0
1790330885,50700,7020,150,0x0
1790330887,51250,7012,150,0x0
1790330889,47400,7012,150,0x0
1790330891,50700,7010,150,0x0
1790330893,51800,7022,150,0x0
1790330895,50700,7020,150,0x0
1790330897,51800,7019,150,0x0
1790330899,52900,7019,150,0x0
1790330901,52350,7017,150,0x0
1790330903,52350,7019,150,0x0
1790330905,53450,7019,150,0x0
1790330907,52900,7024,150,0x0
1790330909,54000,7019,150,0x0
1790330911,53450,7022,150,0x0
1790330913,53450,7020,150,0x0
1790330915,53450,7015,150,0x0
1790330917,54000,7017,150,0x0
1790330919,52900,7009,150,0x0
1790330921,48500,7006,150,0x0
1790330924,49600,7012,150,0x0
1790330927,47950,7014,150,0x0
1790330930,48500,7017,150,0x0
1790330933,47950,7012,150,0x0
1790330935,47950,7017,150,0x0
1790330938,48500,7017,150,0x0
1790330941,49050,7019,150,0x0
1790330944,48500,7019,150,0x0
1790330947,48500,7019,150,0x0
1790330951,47400,7012,150,0x0
1790330953,44100,7009,150,0x0
1790330955,47400,7019,150,0x0
1790330957,47400,7010,150,0x0
1790330959,47950,7010,150,0x0
1790330961,46300,7019,150,0x0
1790330963,48500,7019,150,0x0
1790330965,48500,7022,150,0x0
1790330967,49050,7024,150,0x0
1790330969,47400,7027,150,0x0
1790330971,48500,7022,150,0x0
1790330973,49050,7024,150,0x0
1790330975,48500,7022,150,0x0
1790330977,47950,7020,150,0x0
1790330979,47400,7019,150,0x0
1790330981,47950,7015,150,0x0
1790330984,47950,7022,150,0x0
1790330986,45750,7019,150,0x0
1790330988,49050,7019,150,0x0
1790330990,50150,7014,150,0x0
1790330992,50700,7015,150,0x0
1790330994,50700,7012,150,0x0
1790330996,51800,7009,150,0x0
1790330998,52350,7001,150,0x0
1790331000,51250,7006,150,0x0
1790331002,51800,7010,150,0x0
1790331004,51800,7009,150,0x0
1790331006,51250,7015,150,0x0
1790331008,51250,7015,150,0x0
1790331010,51250,7019,150,0x0
1790331012,51250,7019,150,0x0
1790331014,51800,7022,150,0x0
1790331016,50700,7029,150,0x0
1790331018,46300,7019,150,0x0
1790331020,46300,7019,150,0x0
1790331022,44650,6808,100,0x0
1790331024,45200,5041,100,0x0
1790331026,46300,5036,100,0x0
1790331028,45200,5032,100,0x0
1790331030,44650,5032,100,0x0
1790331032,44650,5032,100,0x0
1790331034,44650,5022,100,0x0
1790331036,45200,5014,100,0x0
1790331038,44100,5011,100,0x0
1790331040,43000,5021,100,0x0
1790331045,43000,5032,100,0x0
1790331047,43550,5039,100,0x0
1790331049,43550,5046,100,0x0
1790331051,45200,5061,100,0x0
1790331053,46300,5064,100,0x0
1790331055,45750,5070,100,0x0
1790331057,47400,5070,100,0x0
1790331059,47950,5077,100,0x0
1790331062,46850,5084,100,0x0
1790331064,47950,5094,100,0x0
1790331066,48500,5101,100,0x0
1790331068,47950,5102,100,0x0
1790331070,47400,5106,100,0x0
1790331072,47950,5108,100,0x0
1790331074,47400,5110,100,0x0
1790331076,46850,5115,100,0x0
1790331078,48500,5118,100,0x0
1790331080,49600,5117,100,0x0
1790331082,45750,5115,100,0x0
1790331084,45200,5116,100,0x0
1790331086,44100,5112,100,0x0
1790331088,44650,5102,100,0x0
1790331090,43550,5101,100,0x0
1790331092,43550,5102,100,0x0
1790331094,43550,5104,100,0x0
1790331096,43000,5097,100,0x0
1790331098,41350,5101,100,0x0
1790331100,42450,5108,100,0x0
1790331102,43000,5106,100,0x0
1790331104,42450,5105,100,0x0
1790331106,42450,5112,100,0x0
1790331108,42450,5110,100,0x0
1790331110,40800,5111,100,0x0
1790331112,43000,5116,100,0x0
1790331114,41350,5113,100,0x0
1790331117,46300,5115,100,0x0
1790331119,47400,5108,100,0x0
1790331124,47400,5115,100,0x0
1790331138,49050,5114,100,0x0
1790331143,49050,5110,150,0x0
1790331145,47400,7239,150,0x0
1790331147,48500,7228,150,0x0
1790331149,50700,7192,150,0x0
1790331151,50150,7153,150,0x0
1790331153,50150,7107,150,0x0
1790331156,49050,7075,150,0x0
1790331158,50150,7050,150,0x0
1790331160,51250,7022,150,0x0
1790331162,50150,6999,150,0x0
1790331164,50700,6988,150,0x0
1790331166,50150,6971,150,0x0
1790331168,49600,6963,150,0x0
1790331170,52350,6955,150,0x0
1790331172,50150,6965,150,0x0
1790331174,50700,6967,150,0x0
1790331176,51250,6970,150,0x0
1790331178,46850,6971,150,0x0
1790331180,48500,6978,150,0x0
1790331182,47400,6983,150,0x0
1790331185,48500,6984,150,0x0
1790331187,49050,6988,150,0x0
1790331189,47950,6991,150,0x0
1790331191,48500,6994,150,0x0
1790331193,49600,6996,150,0x0
1790331195,47950,6968,150,0x0
1790331197,47950,6955,150,0x0
1790331199,47950,6952,150,0x0
1790331201,49050,6946,150,0x0
1790331203,48500,6942,150,0x0
1790331205,47400,6949,150,0x0
1790331207,49050,6946,150,0x0
1790331209,48500,6952,150,0x0
1790331212,47400,6949,150,0x0
1790331214,47950,6949,150,0x0
1790331216,48500,6952,150,0x0
1790331218,49050,6955,150,0x0
1790331220,49600,6949,150,0x0
1790331222,50150,6954,150,0x0
1790331224,50150,6960,150,0x0
1790331226,49600,6963,150,0x0
1790331228,50150,6965,150,0x0
1790331230,49050,6967,150,0x0
1790331232,50700,6962,150,0x0
1790331235,50150,6963,150,0x0
1790331237,50150,6967,150,0x0
1790331239,50150,6962,150,0x0
1790331241,49050,6963,150,0x0
1790331243,51250,6963,150,0x0
1790331245,47400,6955,150,0x0
1790331247,49050,6960,150,0x0
1790331249,50700,6963,150,0x0
1790331251,50700,6967,150,0x0
1790331253,50700,6968,150,0x0
1790331255,50150,6967,150,0x0
1790331257,50700,6970,150,0x0
1790331259,47400,6965,150,0x0
1790331261,49600,6968,150,0x0
1790331263,50150,6967,150,0x0
1790331265,49600,6973,150,0x0
1790331267,50150,6971,150,0x0
1790331269,50700,6975,150,0x0
1790331271,49600,6968,150,0x0
1790331273,50700,6967,150,0x0
1790331275,50150,6970,150,0x0
1790331277,47400,6970,150,0x0
1790331279,49050,6971,150,0x0
1790331281,50150,6975,150,0x0
1790331283,50150,6975,150,0x0
1790331285,50150,6976,150,0x0
1790331287,49600,6978,150,0x0
1790331289,50150,6973,150,0x0
1790331291,50150,6971,150,0x0
1790331294,49050,6971,150,0x0
1790331296,50700,6971,150,0x0
1790331298,50700,6976,150,0x0
1790331300,50700,6973,150,0x0
1790331302,50150,6976,150,0x0
1790331304,50150,6978,150,0x0
1790331306,50150,6971,150,0x0
1790331308,47950,6971,150,0x0
1790331310,47950,6971,150,0x0
1790331312,48500,6971,150,0x0
1790331314,50150,6976,150,0x0
1790331316,50700,6973,150,0x0
1790331318,49600,6973,150,0x0
1790331320,51800,6976,150,0x0
1790331322,51250,6975,150,0x0
1790331324,50700,6978,150,0x0
1790331326,51250,6979,150,0x0
1790331328,50150,6976,150,0x0
1790331330,51250,6973,150,0x0
1790331332,50700,6975,150,0x0
1790331334,51800,6978,150,0x0
1790331336,51800,6978,150,0x0
1790331338,50700,6973,150,0x0
1790331340,47950,6976,150,0x0
1790331343,50150,6979,150,0x0
1790331345,50700,6978,150,0x0
1790331347,50700,6979,150,0x0
1790331349,50700,6978,150,0x0
1790331351,50700,6973,150,0x0
1790331353,51250,6976,150,0x0
1790331355,50700,6975,150,0x0
1790331357,51250,6975,150,0x0
1790331359,50700,6976,150,0x0
1790331361,50150,6976,150,0x0
1790331363,52350,6975,150,0x0
1790331365,51800,6976,150,0x0
1790331367,51800,6976,150,0x0
1790331369,49600,6970,150,0x0
1790331371,51800,6971,150,0x0
1790331373,48500,6971,150,0x0
1790331375,49600,6976,150,0x0
1790331377,50150,6975,150,0x0
1790331379,50150,6976,150,0x0
1790331381,50700,6976,150,0x0
1790331383,49600,6976,150,0x0
1790331385,49600,6975,150,0x0
1790331387,50150,6976,150,0x0
1790331389,50150,6976,150,0x0
1790331391,50150,6975,150,0x0
1790331393,50150,6976,150,0x0
1790331395,49050,6978,150,0x0
1790331397,50150,6978,150,0x0
1790331400,50150,6975,150,0x0
1790331402,49600,6976,150,0x0
1790331404,50150,6979,150,0x0
1790331406,47400,6976,150,0x0
1790331408,49050,6976,150,0x0
1790331410,49050,6978,150,0x0
1790331412,49050,6979,150,0x0
1790331414,49600,6979,150,0x0
1790331416,49600,6978,150,0x0
1790331418,49050,6976,150,0x0
1790331420,49050,6975,150,0x0
1790331422,50150,6976,150,0x0
1790331424,49050,6971,150,0x0
1790331426,49050,6978,150,0x0
1790331428,50150,6973,150,0x0
1790331430,49050,6978,150,0x0
1790331432,49600,6978,150,0x0
1790331434,48500,6978,150,0x0
1790331436,47950,6970,150,0x0
1790331438,46850,6975,150,0x0
1790331440,50150,6976,150,0x0
1790331442,50700,6976,150,0x0
1790331444,50150,6979,150,0x0
1790331446,50150,6975,150,0x0
1790331448,50150,6976,150,0x0
1790331450,49600,6976,150,0x0
1790331452,50150,6978,150,0x0
1790331454,51250,6981,150,0x0
1790331456,51250,6979,150,0x0
1790331459,50700,6979,150,0x0
1790331461,50700,6976,150,0x0
1790331463,50700,6976,150,0x0
1790331465,51250,6976,150,0x0
1790331467,50150,6976,150,0x0
1790331469,48500,6975,150,0x0
1790331471,50150,6975,150,0x0
1790331473,50150,6976,150,0x0
1790331475,50700,6976,150,0x0
1790331477,50700,6973,150,0x0
1790331479,51250,6971,150,0x0
1790331481,50700,6971,150,0x0
1790331483,50150,6971,150,0x0
1790331485,51250,6968,150,0x0
1790331487,51800,6973,150,0x0
1790331489,50700,6968,150,0x0
1790331491,50150,6973,150,0x0
1790331493,52350,6975,150,0x0
1790331495,51800,6975,150,0x0
1790331497,51800,6978,150,0x0
1790331499,50700,6979,150,0x0
1790331501,49600,6971,150,0x0
1790331503,51250,6975,150,0x0
1790331505,50700,6971,150,0x0
1790331507,51800,6976,150,0x0
1790331509,51250,6975,150,0x0
1790331511,51250,6976,150,0x0
1790331513,51800,6971,150,0x0
1790331515,50700,6978,150,0x0
1790331518,51250,6971,150,0x0
1790331520,51800,6975,150,0x0
1790331522,51800,6975,150,0x0
1790331524,50700,6975,150,0x0
1790331526,51800,6973,150,0x0
1790331528,50700,6981,150,0x0
1790331530,50700,6976,150,0x0
1790331532,50700,6975,150,0x0
1790331534,47950,6973,150,0x0
1790331536,50700,6973,150,0x0
1790331538,50150,6976,150,0x0
1790331540,50700,6975,150,0x0
1790331542,51250,6975,150,0x0
1790331544,51800,6971,150,0x0
1790331546,51800,6968,150,0x0
1790331548,51250,6971,150,0x0
1790331550,51800,6973,150,0x0
1790331552,51250,6971,150,0x0
1790331554,51800,6970,150,0x0
1790331556,50700,6975,150,0x0
1790331558,51800,6979,150,0x0
1790331560,51250,6971,150,0x0
1790331562,51250,6976,150,0x0
1790331564,49050,6973,150,0x0
1790331566,49600,6973,150,0x0
1790331568,50700,6979,150,0x0
1790331570,51800,6976,150,0x0
1790331572,51800,6975,150,0x0
1790331574,51250,6975,150,0x0
1790331577,51800,6976,150,0x0
1790331579,51800,6975,150,0x0
1790331581,52350,6973,150,0x0
1790331583,51250,6975,150,0x0
1790331585,51250,6973,150,0x0
1790331587,52350,6976,150,0x0
1790331589,51800,6973,150,0x0
1790331591,52350,6976,150,0x0
1790331593,52350,6978,150,0x0
1790331595,52350,6976,150,0x0
1790331597,49600,6976,150,0x0
1790331599,49050,6978,150,0x0
1790331601,49600,6979,150,0x0
1790331603,51800,6981,150,0x0
1790331605,51250,6975,150,0x0
1790331607,51800,6978,150,0x0
1790331609,50700,6978,150,0x0
1790331611,50700,6975,150,0x0
1790331613,52350,6978,150,0x0
1790331615,51800,6971,150,0x0
1790331617,52350,6978,150,0x0
1790331619,51800,6981,150,0x0
1790331621,51800,6976,150,0x0
1790331623,51800,6979,150,0x0
1790331625,52350,6976,150,0x0
1790331628,51800,6981,150,0x0
1790331630,48500,6978,150,0x0
1790331661,51250,6979,150,0x0
1790331663,50150,6979,150,0x0
1790331665,52350,6978,150,0x0
1790331667,53450,6978,150,0x0
1790331669,54000,6979,150,0x0
1790331671,54550,6979,150,0x0
1790331673,54550,6981,150,0x0
1790331675,54000,6978,150,0x0
1790331677,55100,6975,150,0x0
1790331679,54550,6976,150,0x0
1790331681,55650,6979,150,0x0
1790331683,54000,6975,150,0x0
1790331685,55650,6975,150,0x0
1790331687,56200,6979,150,0x0
1790331689,55650,6978,150,0x0
1790331691,55650,6983,150,0x0
1790331693,51800,6978,150,0x0
1790331695,51800,6981,150,0x0
1790331697,51800,6975,150,0x0
1790331699,52900,6978,150,0x0
1790331701,52900,6979,150,0x0
1790331703,51800,6975,150,0x0
1790331705,52900,6979,150,0x0
1790331707,52350,6976,150,0x0
1790331709,51800,6973,150,0x0
1790331712,52350,6979,150,0x0
1790331714,52350,6978,150,0x0
1790331716,51800,6981,150,0x0
1790331718,52350,6973,150,0x0
1790331720,51800,6973,150,0x0
1790331722,52350,6976,150,0x0
1790331724,52350,6976,150,0x0
1790331726,48500,6971,150,0x0
1790331728,50700,6973,150,0x0
1790331730,51800,6973,150,0x0
1790331732,51250,6976,150,0x0
1790331734,50700,6976,150,0x0
1790331736,51250,6973,150,0x0
1790331738,51800,6978,150,0x0
1790331740,51800,6976,150,0x0
1790331742,50700,6971,150,0x0
1790331744,51250,6975,150,0x0
1790331746,51800,6973,150,0x0
1790331748,51800,6975,150,0x0
1790331750,51800,6981,150,0x0
1790331752,51800,6971,150,0x0
1790331754,51800,6973,150,0x0
1790331756,51800,6975,150,0x0
1790331758,47950,6971,150,0x0
1790331760,51800,6983,150,0x0
1790331762,52350,6981,150,0x0
1790331764,52900,6978,150,0x0
1790331767,53450,6978,150,0x0
1790331769,53450,6981,150,0x0
1790331771,54000,6975,150,0x0
1790331773,54000,6979,150,0x0
1790331775,53450,6986,150,0x0
1790331777,53450,6981,150,0x0
1790331779,54000,6984,150,0x0
1790331781,54000,6983,150,0x0
1790331783,53450,6983,150,0x0
1790331785,53450,6981,150,0x0
1790331787,54550,6979,150,0x0
1790331789,51250,6978,150,0x0
1790331791,52350,6975,150,0x0
1790331793,53450,6983,150,0x0
1790331795,52900,6984,150,0x0
1790331797,52900,6979,150,0x0
1790331799,52900,6978,150,0x0
1790331801,54000,6971,150,0x0
1790331803,54550,6975,150,0x0
1790331805,54000,6970,150,0x0
1790331807,52900,6971,150,0x0
1790331809,54000,6976,150,0x0
1790331811,54000,6978,150,0x0
1790331813,54000,6978,150,0x0
1790331815,52900,6976,150,0x0
1790331817,54000,6971,150,0x0
1790331819,54000,6975,150,0x0
1790331821,50700,6970,150,0x0
1790331823,53450,6978,150,0x0
1790331826,53450,6978,150,0x0
1790331828,54550,6973,150,0x0
1790331830,56200,6975,150,0x0
1790331832,56200,6978,150,0x0
1790331834,56200,6978,150,0x0
1790331836,56750,6981,150,0x0
1790331838,55100,6979,150,0x0
1790331840,56750,6981,150,0x0
1790331842,56750,6991,150,0x0
1790331844,56750,6989,150,0x0
1790331846,56200,6983,150,0x0
1790331848,57300,8605,200,0x0
1790331850,57850,8608,200,0x0
1790331852,56750,8615,200,0x0
1790331854,52350,8625,200,0x0
1790331856,53450,7057,150,0x0
1790331858,53450,7037,150,0x0
1790331860,53450,7038,150,0x0
1790331862,52900,7033,150,0x0
1790331864,52900,7038,150,0x0
1790331866,52900,7038,150,0x0
1790331868,51800,7032,150,0x0
1790331870,52350,7027,150,0x0
1790331872,51250,7022,150,0x0
1790331874,53450,7022,150,0x0
1790331877,52350,7015,150,0x0
1790331879,52350,7014,150,0x0
1790331881,52900,7012,150,0x0
1790331883,52350,7009,150,0x0
1790331885,51800,7009,150,0x0
1790331887,50700,7006,150,0x0
1790331889,50150,7007,150,0x0
1790331891,49600,7002,150,0x0
1790331893,50150,7006,150,0x0
1790331895,49600,7001,150,0x0
1790331897,48500,7001,150,0x0
1790331899,49600,6999,150,0x0
1790331901,49050,6997,150,0x0
1790331903,49050,6996,150,0x0
1790331905,48500,6994,150,0x0
1790331907,48500,6997,150,0x0
1790331909,49050,6991,150,0x0
1790331911,49600,6991,150,0x0
1790331913,49050,6994,150,0x0
1790331915,49050,6986,150,0x0
1790331917,47400,6989,150,0x0
1790331919,48500,6984,150,0x0
1790331921,49050,6979,150,0x0
1790331923,49050,6984,150,0x0
1790331925,49600,6984,150,0x0
1790331927,49600,6986,150,0x0
1790331930,50150,6984,150,0x0
1790331932,49600,6983,150,0x0
1790331934,50150,6988,150,0x0
1790331936,49600,6979,150,0x0
1790331938,50150,6984,150,0x0
1790331940,49600,6978,150,0x0
1790331942,50150,6984,150,0x0
1790331944,49600,6984,150,0x0
1790331946,50150,6981,150,0x0
1790331948,50150,6978,150,0x0
1790331950,47950,6978,150,0x0
1790331952,49050,6986,150,0x0
1790331954,49050,6981,150,0x0
1790331956,50700,6979,150,0x0
1790331958,50700,6983,150,0x0
1790331960,51800,6984,150,0x0
1790331962,50700,6979,150,0x0
1790331964,51250,6986,150,0x0
1790331966,50150,6984,150,0x0
1790331968,51250,6984,150,0x0
1790331970,51250,6986,150,0x0
1790331972,51800,6986,150,0x0
1790331974,51250,6988,150,0x0
1790331976,51250,6984,150,0x0
1790331978,51250,6981,150,0x0
1790331980,51800,6984,150,0x0
1790331982,48500,6979,150,0x0
1790331984,47950,6983,150,0x0
1790331987,47950,6978,150,0x0
1790331989,47400,6976,150,0x0
1790331991,48500,6981,150,0x0
1790331993,47950,6975,150,0x0
1790331995,47400,6978,150,0x0
1790331997,49050,6981,150,0x0
1790331999,47400,6978,150,0x0
1790332001,47950,6978,150,0x0
1790332003,47950,6978,150,0x0
1790332005,49050,6975,150,0x0
1790332007,48500,6978,150,0x0
1790332009,47950,6978,150,0x0
1790332011,48500,6976,150,0x0
1790332013,46300,6976,150,0x0
1790332015,49050,6973,150,0x0
1790332017,50150,6983,150,0x0
1790332019,50700,6979,150,0x0
1790332021,51800,6983,150,0x0
1790332023,52900,6981,150,0x0
1790332025,53450,6984,150,0x0
1790332027,53450,6981,150,0x0
1790332029,52900,6984,150,0x0
1790332031,54000,6981,150,0x0
1790332033,54000,6981,150,0x0
1790332035,53450,6984,150,0x0
1790332037,54000,6979,150,0x0
1790332040,54550,6981,150,0x0
1790332042,55100,6981,150,0x0
1790332044,53450,6979,150,0x0
1790332046,51250,6978,150,0x0
1790332048,51250,6979,150,0x0
1790332050,51800,6981,150,0x0
1790332052,52350,6979,150,0x0
1790332054,51800,6981,150,0x0
1790332056,51800,6981,150,0x0
1790332058,51800,6976,150,0x0
1790332060,52350,6979,150,0x0
1790332062,52350,6984,150,0x0
1790332064,51800,6981,150,0x0
1790332066,51800,6979,150,0x0
1790332068,50700,6979,150,0x0
1790332070,51800,6983,150,0x0
1790332072,51800,6981,150,0x0
1790332074,52350,6981,150,0x0
1790332076,51250,6984,150,0x0
1790332078,49050,6978,150,0x0
1790332080,52350,6986,150,0x0
1790332082,53450,6984,150,0x0
1790332084,52900,6984,150,0x0
1790332086,53450,6983,150,0x0
1790332089,54000,6979,150,0x0
1790332091,54000,6983,150,0x0
1790332093,55100,6978,150,0x0
1790332095,55650,6983,150,0x0
1790332097,55100,6986,150,0x0
1790332099,54550,6988,150,0x0
1790332101,55100,6986,150,0x0
1790332103,55100,6988,150,0x0
1790332105,55650,6983,150,0x0
1790332107,55100,6986,150,0x0
1790332109,55100,6984,150,0x0
1790332111,49600,6981,150,0x0
1790332113,52900,6983,150,0x0
1790332115,52350,6983,150,0x0
1790332117,52350,6984,150,0x0
1790332119,53450,6979,150,0x0
1790332121,53450,6984,150,0x0
1790332123,52350,6979,150,0x0
1790332125,52900,6979,150,0x0
1790332127,52350,6983,150,0x0
1790332129,53450,6983,150,0x0
1790332131,52350,6979,150,0x0
1790332133,52350,6981,150,0x0
1790332135,52350,6981,150,0x0
1790332137,52900,6981,150,0x0
1790332139,52900,6981,150,0x0
1790332141,50700,6986,150,0x0
1790332143,50150,6984,150,0x0
1790332145,51250,6986,150,0x0
1790332148,51800,6989,150,0x0
1790332150,51800,6989,150,0x0
1790332152,51800,6986,150,0x0
1790332154,51250,6986,150,0x0
1790332156,52350,6986,150,0x0
1790332158,52900,6984,150,0x0
1790332160,50700,6988,150,0x0
1790332162,51250,6983,150,0x0
1790332164,52350,6983,150,0x0
1790332166,52350,6988,150,0x0
1790332168,52350,6986,150,0x0
1790332170,52900,6986,150,0x0
1790332172,50700,6986,150,0x0
1790332174,49600,6981,150,0x0
1790332176,50150,6984,150,0x0
1790332178,49050,6986,150,0x0
1790332180,49050,6989,150,0x0
1790332182,49050,6983,150,0x0
1790332184,48500,6984,150,0x0
1790332186,48500,6984,150,0x0
1790332188,47950,6983,150,0x0
1790332190,48500,6984,150,0x0
1790332192,48500,6978,150,0x0
1790332194,47950,6976,150,0x0
1790332196,48500,6973,150,0x0
1790332198,47950,6971,150,0x0
1790332200,47950,6984,150,0x0
1790332202,47950,6979,150,0x0
1790332205,47950,6979,150,0x0
1790332207,46850,6979,150,0x0
1790332209,47950,6979,150,0x0
1790332211,49050,6979,150,0x0
1790332213,49600,6984,150,0x0
1790332215,51250,6981,150,0x0
1790332217,51800,6981,150,0x0
1790332219,50150,6984,150,0x0
1790332221,51800,6981,150,0x0
1790332223,51800,6975,150,0x0
1790332225,52350,6979,150,0x0
1790332227,51800,6978,150,0x0
1790332232,50700,6981,150,0x0
1790332234,50150,6981,150,0x0
1790332236,50700,6986,150,0x0
1790332238,49050,6975,150,0x0
1790332240,48500,6975,150,0x0
1790332242,50700,6981,150,0x0
1790332244,50700,6984,150,0x0
1790332246,51250,6983,150,0x0
1790332248,51250,6984,150,0x0
1790332250,50700,6976,150,0x0
1790332252,51250,6981,150,0x0
1790332254,50700,6979,150,0x0
1790332256,52350,6984,150,0x0
1790332258,51800,6981,150,0x0
1790332260,51800,6981,150,0x0
1790332262,51800,6983,150,0x0
1790332264,51800,6976,150,0x0
1790332266,51800,6978,150,0x0
1790332268,51800,6976,150,0x0
1790332270,50150,6979,150,0x0
1790332272,50700,6979,150,0x0
1790332274,52350,6983,150,0x0
1790332276,51800,6983,150,0x0
1790332278,52350,6983,150,0x0
1790332280,51250,6979,150,0x0
1790332283,51800,6975,150,0x0
1790332285,52350,6983,150,0x0
1790332287,52900,6979,150,0x0
1790332289,52350,6981,150,0x0
1790332291,51800,6979,150,0x0
1790332293,54000,6981,150,0x0
1790332295,52900,6975,150,0x0
1790332297,52900,6976,150,0x0
1790332299,52350,6975,150,0x0
1790332301,52900,6979,150,0x0
1790332303,48500,6975,150,0x0
1790332305,52350,6979,150,0x0
1790332307,53450,6981,150,0x0
1790332309,53450,6984,150,0x0
1790332311,54000,6988,150,0x0
1790332313,55100,6986,150,0x0
1790332315,55100,6981,150,0x0
1790332317,54000,6984,150,0x0
1790332319,55100,6981,150,0x0
1790332321,55100,6978,150,0x0
1790332323,55100,6978,150,0x0
1790332325,55100,6979,150,0x0
1790332327,55100,6984,150,0x0
1790332329,54550,6978,150,0x0
1790332331,55100,6978,150,0x0
1790332333,54550,6979,150,0x0
1790332336,50700,6973,150,0x0
1790332338,50150,6979,150,0x0
1790332340,51250,6979,150,0x0
1790332342,51250,6975,150,0x0
1790332344,51800,6976,150,0x0
1790332346,51250,6978,150,0x0
1790332348,50150,6981,150,0x0
1790332350,50700,6978,150,0x0
1790332352,50700,6970,150,0x0
1790332354,51250,6976,150,0x0
1790332356,50700,6981,150,0x0
1790332358,51250,6983,150,0x0
1790332360,50700,6979,150,0x0
1790332362,51250,6983,150,0x0
1790332364,50700,6979,150,0x0
1790332366,48500,6981,150,0x0
1790332368,49050,6983,150,0x0
1790332370,50150,6983,150,0x0
1790332372,50150,6984,150,0x0
1790332374,49600,6981,150,0x0
1790332376,50150,6986,150,0x0
1790332378,50150,6976,150,0x0
1790332380,50700,6983,150,0x0
1790332382,50150,6983,150,0x0
1790332384,49600,6986,150,0x0
1790332386,50150,6983,150,0x0
1790332388,50700,6976,150,0x0
1790332390,50150,6983,150,0x0
1790332393,50700,6986,150,0x0
1790332395,51250,6979,150,0x0
1790332397,49600,6979,150,0x0
1790332399,47950,6973,150,0x0
1790332401,47400,6978,150,0x0
1790332403,46300,6678,100,0x0
1790332405,46300,5011,100,0x0
1790332407,47400,4990,100,0x0
1790332409,47400,4985,100,0x0
1790332411,47400,4975,100,0x0
1790332413,47400,4967,100,0x0
1790332415,45200,4954,100,0x0
1790332417,46850,4952,100,0x0
1790332419,47400,4942,100,0x0
1790332421,46850,4937,100,0x0
1790332423,47950,4933,100,0x0
1790332425,47400,4935,100,0x0
1790332427,46300,4931,100,0x0
1790332429,45750,4929,100,0x0
1790332431,47400,4929,100,0x0
1790332433,46300,4926,100,0x0
1790332435,46850,4929,100,0x0
1790332437,47400,4925,100,0x0
1790332439,47400,4912,100,0x0
1790332441,45750,4901,100,0x0
1790332443,45750,4891,100,0x0
1790332445,46850,4887,100,0x0
1790332447,46850,4889,100,0x0
1790332449,46850,4884,100,0x0
1790332451,46850,4879,100,0x0
1790332453,46300,4880,100,0x0
1790332455,45200,4870,100,0x0
1790332457,46300,4872,100,0x0
1790332459,46850,4869,100,0x0
1790332461,46300,4866,100,0x0
1790332463,47400,4864,100,0x0
1790332465,47400,4861,100,0x0
1790332467,45750,4858,100,0x0
1790332469,45750,4858,100,0x0
1790332471,46850,4858,100,0x0
1790332473,47400,4855,100,0x0
1790332475,46850,4851,100,0x0
1790332477,47400,4853,100,0x0
1790332479,46300,4850,100,0x0
1790332481,45750,4845,100,0x0
1790332483,46300,4845,100,0x0
1790332485,46850,4847,100,0x0
1790332487,46300,4844,100,0x0
1790332489,46300,4845,100,0x0
1790332491,46850,4843,100,0x0
1790332493,45200,4843,100,0x0
1790332495,46850,4844,100,0x0
1790332497,46300,4842,100,0x0
1790332499,46850,4841,100,0x0
1790332501,48500,4839,100,0x0
1790332503,47400,4838,100,0x0
1790332505,45750,4837,100,0x0
1790332507,45200,4840,100,0x0
1790332509,47400,4842,100,0x0
1790332511,46850,4841,100,0x0
1790332513,46850,4844,100,0x0
1790332515,46850,4843,100,0x0
1790332517,46850,4847,100,0x0
1790332519,44650,4844,100,0x0
1790332521,46300,4846,100,0x0
1790332523,46850,4845,100,0x0
1790332525,47400,4849,100,0x0
1790332527,47400,4847,100,0x0
1790332529,46300,4841,100,0x0
1790332531,45750,4846,100,0x0
1790332533,44650,4841,100,0x0
1790332535,45750,4842,100,0x0
1790332537,45750,4846,100,0x0
1790332539,45750,4844,100,0x0
1790332541,45750,4844,100,0x0
1790332543,46300,4844,100,0x0
1790332545,45750,4843,100,0x0
1790332547,45200,4844,100,0x0
1790332549,45200,4841,100,0x0
1790332551,45750,4841,100,0x0
1790332553,45750,4844,100,0x0
1790332555,45200,4842,100,0x0
1790332557,45750,4844,100,0x0
1790332559,44650,4842,100,0x0
1790332561,44650,4841,100,0x0
1790332563,43550,4843,100,0x0
1790332565,44650,4842,100,0x0
1790332567,45750,4840,100,0x0
1790332569,46300,4840,100,0x0
1790332571,46300,4836,100,0x0
1790332573,45750,4838,100,0x0
1790332575,45200,4834,100,0x0
1790332577,44100,4836,100,0x0
1790332579,45200,4837,100,0x0
1790332581,44650,4836,100,0x0
1790332583,45200,4837,100,0x0
1790332585,45750,4831,100,0x0
1790332587,45200,4834,100,0x0
1790332589,45750,4839,100,0x0
1790332591,43550,4836,100,0x0
1790332593,44650,4836,100,0x0
1790332595,45750,4831,100,0x0
1790332597,45750,4818,100,0x0
1790332599,44650,4813,100,0x0
1790332601,45200,4813,100,0x0
1790332603,45200,4821,100,0x0
1790332605,45750,4822,100,0x0
1790332607,43550,4819,100,0x0
1790332609,44100,4826,100,0x0
1790332611,45750,4828,100,0x0
1790332613,46850,4828,100,0x0
1790332615,45200,4830,100,0x0
1790332618,44650,4827,100,0x0
1790332620,45200,4828,100,0x0
1790332622,43550,4828,100,0x0
1790332624,45200,4827,100,0x0
1790332626,44650,4824,100,0x0
1790332628,44650,4829,100,0x0
1790332630,45750,4830,100,0x0
1790332632,45200,4830,100,0x0
1790332634,44100,4831,100,0x0
1790332636,44100,4832,100,0x0
1790332638,44100,4828,100,0x0
1790332640,44650,4822,100,0x0
1790332642,45750,4827,100,0x0
1790332644,45750,4828,100,0x0
1790332646,45750,4826,100,0x0
1790332648,45200,4827,100,0x0
1790332650,45200,4826,100,0x0
1790332652,44100,4825,100,0x0
1790332654,44100,4822,100,0x0
1790332656,45750,4824,100,0x0
1790332658,45200,4825,100,0x0
1790332660,45200,4819,100,0x0
1790332662,45200,4823,100,0x0
1790332664,45200,4822,100,0x0
1790332666,44100,4823,100,0x0
1790332668,44100,4822,100,0x0
1790332670,44650,4825,100,0x0
1790332672,44100,4823,100,0x0
1790332674,45200,4825,100,0x0
1790332676,44100,4823,100,0x0
1790332678,45200,4821,100,0x0
1790332680,44100,4829,100,0x0
1790332682,43550,4824,100,0x0
1790332684,45750,4834,100,0x0
1790332686,44650,4834,100,0x0
1790332688,46300,4835,100,0x0
1790332690,45200,4836,100,0x0
1790332692,45750,4834,100,0x0
1790332694,45750,4830,100,0x0
1790332696,45750,4823,100,0x0
1790332698,45750,4826,100,0x0
1790332700,45750,4828,100,0x0
1790332702,45750,4830,100,0x0
1790332704,45750,4829,100,0x0
1790332706,46300,4828,100,0x0
1790332708,46850,4830,100,0x0
1790332710,46850,4827,100,0x0
1790332712,44650,4829,100,0x0
1790332714,43550,4825,100,0x0
1790332716,44650,4827,100,0x0
1790332718,46850,4826,100,0x0
1790332720,45750,4829,100,0x0
1790332722,46300,4826,100,0x0
1790332724,45750,4827,100,0x0
1790332726,45750,4826,100,0x0
1790332728,46300,4829,100,0x0
1790332730,45200,4829,100,0x0
1790332732,46850,4826,100,0x0
1790332734,46300,4827,100,0x0
1790332736,45750,4825,100,0x0
1790332738,47950,4824,100,0x0
1790332740,46850,4827,100,0x0
1790332742,46300,4825,100,0x0
1790332744,46850,4827,100,0x0
1790332746,45200,4829,100,0x0
1790332748,45200,4827,100,0x0
1790332750,46850,4827,100,0x0
1790332752,46300,4829,100,0x0
1790332754,45750,4830,100,0x0
1790332756,46300,4827,100,0x0
1790332758,46850,4823,100,0x0
1790332760,46850,4822,100,0x0
1790332762,46300,4820,100,0x0
1790332764,46300,4823,100,0x0
1790332766,45200,4817,100,0x0
1790332768,46300,4813,100,0x0
1790332770,46300,4816,100,0x0
1790332772,45750,4813,100,0x0
1790332774,46850,4813,100,0x0
1790332776,46300,4815,100,0x0
1790332778,45200,4815,100,0x0
1790332780,44650,4813,100,0x0
1790332782,43550,4815,100,0x0
1790332784,43550,4814,100,0x0
1790332786,45200,4815,100,0x0
1790332788,44100,4811,100,0x0
1790332790,43550,4813,100,0x0
1790332792,45200,4818,100,0x0
1790332794,43550,4815,100,0x0
1790332796,44650,4820,100,0x0
1790332798,45200,4821,100,0x0
1790332800,45750,4816,100,0x0
1790332802,46850,4820,100,0x0
1790332804,45750,4819,100,0x0
1790332806,46300,4818,100,0x0
1790332808,45200,4820,100,0x0
1790332810,46850,4823,100,0x0
1790332812,45750,4820,100,0x0
1790332814,46300,4816,100,0x0
1790332816,46850,4813,100,0x0
1790332818,46300,4813,100,0x0
1790332820,46300,4817,100,0x0
1790332822,45750,4816,100,0x0
1790332824,46850,4816,100,0x0
1790332826,45200,4816,100,0x0
1790332828,44650,4816,100,0x0
1790332830,44100,4815,100,0x0
1790332832,41900,4816,100,0x0
1790332834,44100,4813,100,0x0
1790332836,44100,4814,100,0x0
1790332838,42450,4815,100,0x0
1790332840,45200,4817,100,0x0
1790332843,44100,4815,100,0x0
1790332845,45750,4815,100,0x0
1790332847,45200,4816,100,0x0
1790332849,45750,4818,100,0x0
1790332851,46300,4824,100,0x0
1790332853,45750,4823,100,0x0
1790332855,45750,4822,100,0x0
1790332857,46300,4823,100,0x0
1790332859,45750,4826,100,0x0
1790332861,46850,4823,100,0x0
1790332863,46850,4820,100,0x0
1790332865,46850,4821,100,0x0
1790332867,45750,4823,100,0x0
1790332869,45750,4819,100,0x0
1790332871,46300,4819,100,0x0
1790332873,46850,4821,100,0x0
1790332875,45750,4824,100,0x0
1790332877,44650,4827,100,0x0
1790332879,44650,4825,100,0x0
1790332881,43000,4823,100,0x0
1790332883,45200,4823,100,0x0
1790332885,43550,4821,100,0x0
1790332887,43000,4820,100,0x0
1790332889,44650,4820,100,0x0
1790332891,43550,4816,100,0x0
1790332893,44650,4813,100,0x0
1790332895,45200,4819,100,0x0
1790332897,45750,4820,100,0x0
1790332899,46300,4820,100,0x0
1790332901,46300,4820,100,0x0
1790332903,46300,4818,100,0x0
1790332905,46850,4820,100,0x0
1790332907,46300,4816,100,0x0
1790332909,46850,4816,100,0x0
1790332911,47400,4816,100,0x0
1790332913,46850,4816,100,0x0
1790332915,46850,4820,100,0x0
1790332917,46850,4817,100,0x0
1790332919,47400,4820,100,0x0
1790332921,46300,4820,100,0x0
1790332923,45750,4819,100,0x0
1790332925,44650,4822,100,0x0
1790332927,44650,4819,100,0x0
1790332929,43550,4820,100,0x0
1790332931,45200,4823,100,0x0
1790332933,43550,4820,100,0x0
1790332935,43550,4826,100,0x0
1790332937,45200,4823,100,0x0
1790332939,44100,4825,100,0x0
1790332941,44650,4830,100,0x0
1790332943,45200,4823,100,0x0
1790332945,46300,4823,100,0x0
1790332947,45750,4821,100,0x0
1790332949,45200,4824,100,0x0
1790332951,45750,4825,100,0x0
1790332953,45750,4823,100,0x0
1790332955,46850,4827,100,0x0
1790332957,44650,4825,100,0x0
1790332959,45750,4820,100,0x0
1790332961,45750,4823,100,0x0
1790332963,45750,4823,100,0x0
1790332965,45750,4820,100,0x0
1790332967,45750,4818,100,0x0
1790332969,45750,4818,100,0x0
1790332971,44100,4816,100,0x0
1790332973,44650,4820,100,0x0
1790332975,43550,4821,100,0x0
1790332977,43000,4816,100,0x0
1790332979,44100,4817,100,0x0
1790332981,43550,4814,100,0x0
1790332983,43000,4814,100,0x0
1790332985,44100,4820,100,0x0
1790332987,43550,4818,100,0x0
1790332989,44650,4820,100,0x0
1790332991,45200,4821,100,0x0
1790332993,44650,4820,100,0x0
1790332995,45200,4820,100,0x0
1790332997,45750,4820,100,0x0
1790332999,45200,4825,100,0x0
1790333001,45200,4824,100,0x0
1790333003,46300,4822,100,0x0
1790333005,45750,4833,100,0x0
1790333007,45200,4832,100,0x0
1790333009,45750,4831,100,0x0
1790333011,45750,4834,100,0x0
1790333013,44650,4831,100,0x0
1790333015,45750,4830,100,0x0
1790333017,45750,4830,100,0x0
1790333019,44100,4831,100,0x0
1790333021,43550,4832,100,0x0
1790333023,43550,4824,100,0x0
1790333025,42450,4826,100,0x0
1790333027,45200,4827,100,0x0
1790333029,41900,4824,100,0x0
1790333031,41350,4824,100,0x0
1790333033,45750,4827,100,0x0
1790333035,43550,4826,100,0x0
1790333037,44650,4827,100,0x0
1790333039,45200,4826,100,0x0
1790333041,45200,4823,100,0x0
1790333043,45200,4827,100,0x0
1790333045,44100,4823,100,0x0
1790333047,45750,4822,100,0x0
1790333049,45200,4828,100,0x0
1790333051,44100,4829,100,0x0
1790333053,45750,4823,100,0x0
1790333055,46300,4821,100,0x0
1790333057,45200,4821,100,0x0
1790333059,45750,4821,100,0x0
1790333061,45750,4821,100,0x0
1790333063,45200,4820,100,0x0
1790333065,45750,4826,100,0x0
1790333067,44100,4820,100,0x0
1790333069,43550,4820,100,0x0
1790333071,43550,4822,100,0x0
1790333073,43000,4823,100,0x0
1790333075,45200,4823,100,0x0
1790333077,43000,4821,100,0x0
1790333079,42450,4824,100,0x0
1790333081,45750,4821,100,0x0
1790333083,44100,4824,100,0x0
1790333085,44100,4823,100,0x0
1790333087,45200,4820,100,0x0
1790333089,45200,4822,100,0x0
1790333091,45750,4820,100,0x0
1790333093,46850,4815,100,0x0
1790333096,46850,4820,100,0x0
1790333098,46850,4816,100,0x0
1790333100,45750,4821,100,0x0
1790333102,45750,4818,100,0x0
1790333104,46850,4823,100,0x0
1790333106,45750,4820,100,0x0
1790333108,46300,4821,100,0x0
1790333110,46300,4825,100,0x0
1790333112,46300,4823,100,0x0
1790333114,45750,4817,100,0x0
1790333116,45200,4821,100,0x0
1790333118,44650,4816,100,0x0
1790333120,43550,4818,100,0x0
1790333122,41900,4816,100,0x0
1790333124,44650,4821,100,0x0
1790333126,43550,4820,100,0x0
1790333128,42450,4822,100,0x0
1790333130,45200,4814,100,0x0
1790333132,44650,4816,100,0x0
1790333134,44650,4815,100,0x0
1790333136,45750,4815,100,0x0
1790333138,45200,4816,100,0x0
1790333140,45750,4820,100,0x0
1790333142,45750,4817,100,0x0
1790333144,46300,4816,100,0x0
1790333146,45750,4813,100,0x0
1790333148,45750,4812,100,0x0
1790333150,46850,4811,100,0x0
1790333152,46850,4813,100,0x0
1790333154,45200,4808,100,0x0
1790333156,46300,4809,100,0x0
1790333158,46850,4811,100,0x0
1790333160,45750,4813,100,0x0
1790333162,46300,4813,100,0x0
1790333164,45200,4813,100,0x0
1790333166,44650,4810,100,0x0
1790333168,44100,4810,100,0x0
1790333170,43000,4811,100,0x0
1790333172,45200,4812,100,0x0
1790333174,44100,4813,100,0x0
1790333176,43000,4813,100,0x0
1790333178,45200,4816,100,0x0
1790333180,44650,4816,100,0x0
1790333182,45200,4820,100,0x0
1790333184,45200,4816,100,0x0
1790333186,45200,4815,100,0x0
1790333188,45750,4815,100,0x0
1790333190,46300,4812,100,0x0
1790333192,46850,4812,100,0x0
1790333194,46850,4813,100,0x0
1790333196,46300,4821,100,0x0
1790333198,46850,4826,100,0x0
1790333200,46300,4827,100,0x0
1790333202,45750,4828,100,0x0
1790333204,47400,4825,100,0x0
1790333206,46850,4827,100,0x0
1790333208,46300,4828,100,0x0
1790333210,46850,4825,100,0x0
1790333212,46850,4821,100,0x0
1790333214,44650,4820,100,0x0
1790333216,45750,4823,100,0x0
1790333218,45750,4820,100,0x0
1790333220,45750,4823,100,0x0
1790333222,45200,4821,100,0x0
1790333224,45200,4820,100,0x0
1790333226,44100,4820,100,0x0
1790333228,44650,4818,100,0x0
1790333230,45200,4823,100,0x0
1790333232,45200,4821,100,0x0
1790333234,45750,4823,100,0x0
1790333236,45750,4816,100,0x0
1790333238,44650,4815,100,0x0
1790333240,44100,4819,100,0x0
1790333242,44650,4819,100,0x0
1790333244,45750,4818,100,0x0
1790333246,45200,4817,100,0x0
1790333248,44100,4816,100,0x0
1790333250,45200,4820,100,0x0
1790333252,44100,4817,100,0x0
1790333254,45200,4820,100,0x0
1790333256,44650,4819,100,0x0
1790333258,45200,4820,100,0x0
1790333260,45200,4813,100,0x0
1790333262,45200,4815,100,0x0
1790333264,43550,4820,100,0x0
1790333266,43550,4810,100,0x0
1790333268,44650,4812,100,0x0
1790333270,44650,4816,100,0x0
1790333272,45750,4813,100,0x0
1790333274,45200,4810,100,0x0
1790333276,45200,4810,100,0x0
1790333278,43550,4809,100,0x0
1790333280,45200,4807,100,0x0
1790333282,44650,4810,100,0x0
1790333284,45200,4813,100,0x0
1790333286,46300,4808,100,0x0
1790333288,45750,4812,100,0x0
1790333290,44650,4813,100,0x0
1790333292,42450,4813,100,0x0
1790333294,45200,4820,100,0x0
1790333296,45200,4826,100,0x0
1790333298,45200,4827,100,0x0
1790333300,45200,4822,100,0x0
1790333302,45200,4819,100,0x0
1790333304,44100,4823,100,0x0
1790333306,44100,4820,100,0x0
1790333309,44100,4825,100,0x0
1790333311,45750,4819,100,0x0
1790333313,44650,4822,100,0x0
1790333315,45200,4825,100,0x0
1790333317,44650,4822,100,0x0
1790333319,44650,4822,100,0x0
1790333321,44650,4825,100,0x0
1790333323,44650,4827,100,0x0
1790333325,45200,4830,100,0x0
1790333327,43550,4827,100,0x0
1790333329,45750,4823,100,0x0
1790333331,43550,4825,100,0x0
1790333333,43550,4823,100,0x0
1790333335,44650,4823,100,0x0
1790333337,45200,4820,100,0x0
1790333339,44100,4826,100,0x0
1790333341,45750,4822,100,0x0
1790333343,44100,4821,100,0x0
1790333345,42450,4813,100,0x0
1790333347,45750,4813,100,0x0
1790333349,45200,4813,100,0x0
1790333351,46850,4814,100,0x0
1790333353,44650,4811,100,0x0
1790333355,45750,4815,100,0x0
1790333357,44100,4820,100,0x0
1790333359,45200,4815,100,0x0
1790333361,45750,4819,100,0x0
1790333363,46850,4815,100,0x0
1790333365,45750,4821,100,0x0
1790333367,46300,4817,100,0x0
1790333369,44650,4814,100,0x0
1790333371,44650,4818,100,0x0
1790333373,45750,4821,100,0x0
1790333375,46300,4821,100,0x0
1790333377,46300,4817,100,0x0
1790333379,46300,4822,100,0x0
1790333381,46300,4819,100,0x0
1790333383,44650,4818,100,0x0
1790333385,43550,4823,100,0x0
1790333387,45750,4820,100,0x0
1790333389,45750,4825,100,0x0
1790333391,45750,4826,100,0x0
1790333393,46300,4826,100,0x0
1790333395,44650,4823,100,0x0
1790333397,44650,4817,100,0x0
1790333399,45200,4819,100,0x0
1790333401,45200,4816,100,0x0
1790333403,46300,4816,100,0x0
1790333405,46850,4819,100,0x0
1790333407,45750,4819,100,0x0
1790333409,44100,4817,100,0x0
1790333411,45750,4821,100,0x0
1790333413,46300,4824,100,0x0
1790333415,46300,4821,100,0x0
1790333417,46300,4824,100,0x0
1790333419,46300,4823,100,0x0
1790333421,45200,4822,100,0x0
1790333423,44100,4823,100,0x0
1790333425,46300,4824,100,0x0
1790333427,45750,4827,100,0x0
1790333429,46850,4828,100,0x0
1790333431,46850,4829,100,0x0
1790333433,46850,4826,100,0x0
1790333435,45750,4816,100,0x0
1790333437,44650,4821,100,0x0
1790333439,46300,4825,100,0x0
1790333441,46300,4821,100,0x0
1790333443,45750,4820,100,0x0
1790333445,45750,4823,100,0x0
1790333447,45200,4820,100,0x0
1790333449,43550,4823,100,0x0
1790333451,46850,4822,100,0x0
1790333453,46300,4822,100,0x0
1790333455,46300,4821,100,0x0
1790333457,46300,4820,100,0x0
1790333459,46850,4813,100,0x0
1790333461,44650,4824,100,0x0
1790333463,45200,4824,100,0x0
1790333465,45200,4826,100,0x0
1790333467,46300,4825,100,0x0
1790333469,46300,4826,100,0x0
1790333471,46850,4823,100,0x0
1790333473,45200,4823,100,0x0
1790333475,44650,4827,100,0x0
1790333477,45750,4823,100,0x0
1790333479,45200,4827,100,0x0
1790333481,45200,4827,100,0x0
1790333483,45750,4827,100,0x0
1790333485,45750,4822,100,0x0
1790333487,45200,4824,100,0x0
1790333489,46850,4828,100,0x0
1790333491,46300,4827,100,0x0
1790333493,45750,4830,100,0x0
1790333495,45200,4826,100,0x0
1790333497,44650,4830,100,0x0
1790333499,45750,4830,100,0x0
1790333501,46300,4830,100,0x0
1790333503,46300,4827,100,0x0
1790333505,45750,4827,100,0x0
1790333507,44650,4823,100,0x0
1790333510,44650,4826,100,0x0
1790333512,45750,4824,100,0x0
1790333514,46300,4827,100,0x0
1790333516,46300,4823,100,0x0
1790333518,46300,4827,100,0x0
1790333520,46300,4822,100,0x0
1790333522,45750,4823,100,0x0
1790333524,45750,4824,100,0x0
1790333526,45200,4825,100,0x0
1790333528,44650,4830,100,0x0
1790333530,45750,4829,100,0x0
1790333532,46300,4830,100,0x0
1790333534,46850,4829,100,0x0
1790333536,45200,4826,100,0x0
1790333538,45750,4828,100,0x0
1790333540,45200,4827,100,0x0
1790333542,44100,4825,100,0x0
1790333544,45200,4826,100,0x0
1790333546,46300,4827,100,0x0
1790333548,46300,4833,100,0x0
1790333550,45200,4832,100,0x0
1790333552,45200,4828,100,0x0
1790333554,45200,4830,100,0x0
1790333556,45750,4827,100,0x0
1790333558,44650,4827,100,0x0
1790333560,46300,4824,100,0x0
1790333562,45750,4827,100,0x0
1790333564,44100,4832,100,0x0
1790333566,44650,4829,100,0x0
1790333568,45200,4827,100,0x0
1790333570,44100,4824,100,0x0
1790333572,45200,4823,100,0x0
1790333574,44100,4825,100,0x0
1790333576,45200,4824,100,0x0
1790333578,45200,4828,100,0x0
1790333580,45200,4827,100,0x0
1790333582,44650,4823,100,0x0
1790333584,45200,4823,100,0x0
1790333586,44100,4823,100,0x0
1790333588,44100,4830,100,0x0
1790333590,45200,4831,100,0x0
1790333592,45750,4828,100,0x0
1790333594,44100,4826,100,0x0
1790333596,45200,4825,100,0x0
1790333598,44650,4825,100,0x0
1790333600,44100,4828,100,0x0
1790333602,44100,4830,100,0x0
1790333604,44650,4827,100,0x0
1790333606,44650,4827,100,0x0
1790333608,44650,4827,100,0x0
1790333610,44650,4831,100,0x0
1790333612,43550,4823,100,0x0
1790333614,44100,4822,100,0x0
1790333616,44650,4827,100,0x0
1790333618,44650,4818,100,0x0
1790333620,45750,4820,100,0x0
1790333622,44650,4830,100,0x0
1790333624,44100,4823,100,0x0
1790333626,43000,4815,100,0x0
1790333628,44650,4817,100,0x0
1790333630,44100,4814,100,0x0
1790333632,44100,4813,100,0x0
1790333634,45200,4813,100,0x0
1790333636,45200,4808,100,0x0
1790333638,44100,4814,100,0x0
1790333640,44650,4830,100,0x0
1790333642,44650,4817,100,0x0
1790333644,45200,4818,100,0x0
1790333646,44650,4817,100,0x0
1790333648,45200,4820,100,0x0
1790333650,44100,4817,100,0x0
1790333652,43550,4830,100,0x0
1790333654,44100,4820,100,0x0
1790333656,43550,4819,100,0x0
1790333658,44100,4819,100,0x0
1790333660,44650,4816,100,0x0
1790333662,45200,4810,100,0x0
1790333664,43550,4819,100,0x0
1790333666,43550,4812,100,0x0
1790333668,44650,4822,100,0x0
1790333670,44650,4815,100,0x0
1790333672,44650,4815,100,0x0
1790333674,44650,4818,100,0x0
1790333676,44100,4817,100,0x0
1790333678,43000,4819,100,0x0
1790333680,43550,4822,100,0x0
1790333682,44100,4816,100,0x0
1790333684,44650,4823,100,0x0
1790333686,44100,4821,100,0x0
1790333688,44650,4824,100,0x0
1790333690,43550,4820,100,0x0
1790333692,41900,4822,100,0x0
1790333694,44100,4825,100,0x0
1790333696,44650,4821,100,0x0
1790333698,44100,4817,100,0x0
1790333700,44100,4823,100,0x0
1790333702,43550,4825,100,0x0
1790333704,43000,4823,100,0x0
1790333706,44650,4825,100,0x0
1790333708,45750,4825,100,0x0
1790333710,46300,4820,100,0x0
1790333712,45750,4822,100,0x0
1790333714,46850,4823,100,0x0
1790333716,46850,4818,100,0x0
1790333718,46850,4816,100,0x0
1790333720,46850,4820,100,0x0
1790333722,46850,4820,100,0x0
1790333724,46850,4827,100,0x0
1790333726,46300,4825,100,0x0
1790333728,46850,4818,100,0x0
1790333730,46300,4821,100,0x0
1790333732,45750,4828,100,0x0
1790333734,46850,4821,100,0x0
1790333736,46850,4820,100,0x0
1790333738,45750,4820,100,0x0
1790333740,47400,4811,100,0x0
1790333742,47400,4818,100,0x0
1790333744,47400,4817,100,0x0
1790333746,47950,4822,100,0x0
1790333748,47950,4817,100,0x0
1790333751,46850,4815,100,0x0
1790333753,47400,4819,100,0x0
1790333755,46850,4820,100,0x0
1790333757,47400,4819,100,0x0
1790333759,46300,4823,100,0x0
1790333761,46300,4826,100,0x0
1790333763,47400,4820,100,0x0
1790333765,47950,4820,100,0x0
1790333767,45200,4816,100,0x0
1790333769,45750,4817,100,0x0
1790333771,46850,4820,100,0x0
1790333773,46850,4821,100,0x0
1790333775,47400,4822,100,0x0
1790333777,47400,4816,100,0x0
1790333779,47950,4826,100,0x0
1790333781,47400,4825,100,0x0
1790333783,47400,4828,100,0x0
1790333785,49050,4829,100,0x0
1790333787,46850,4821,100,0x0
1790333789,47400,4818,100,0x0
1790333791,47400,4821,100,0x0
1790333793,47400,4827,100,0x0
1790333795,47950,4818,100,0x0
1790333797,46850,4817,100,0x0
1790333799,47950,4813,100,0x0
1790333801,47950,4816,100,0x0
1790333803,47950,4816,100,0x0
1790333805,49050,4823,100,0x0
1790333807,47950,4821,100,0x0
1790333809,47950,4808,100,0x0
1790333811,48500,4806,100,0x0
1790333813,48500,4814,100,0x0
1790333815,48500,4810,100,0x0
1790333817,47950,4811,100,0x0
1790333819,47950,4810,100,0x0
1790333821,47950,4812,100,0x0
1790333823,46850,4817,100,0x0
1790333825,47950,4812,100,0x0
1790333827,47400,4813,100,0x0
1790333829,46850,4813,100,0x0
1790333831,45750,4811,100,0x0
1790333833,47400,4810,100,0x0
1790333835,47950,4815,100,0x0
1790333837,47950,4815,100,0x0
1790333839,47950,4816,100,0x0
1790333841,48500,4812,100,0x0
1790333843,49050,4829,100,0x0
1790333845,48500,4819,100,0x0
1790333847,49050,4817,100,0x0
1790333849,47400,4821,100,0x0
1790333851,48500,4823,100,0x0
1790333853,49050,4820,100,0x0
1790333855,49050,4826,100,0x0
1790333857,47950,4823,100,0x0
1790333859,47950,4824,100,0x0
1790333861,48500,4827,100,0x0
1790333863,48500,4825,100,0x0
1790333865,48500,4823,100,0x0
1790333867,47400,4827,100,0x0
1790333869,48500,4826,100,0x0
1790333871,48500,4830,100,0x0
1790333873,48500,4822,100,0x0
1790333875,49050,4821,100,0x0
1790333877,48500,4823,100,0x0
1790333879,48500,4827,100,0x0
1790333881,48500,4821,100,0x0
1790333883,48500,4823,100,0x0
1790333885,49050,4830,100,0x0
1790333887,48500,4830,100,0x0
1790333889,48500,4828,100,0x0
1790333891,47400,4830,100,0x0
1790333893,46300,4830,100,0x0
1790333895,49600,4831,100,0x0
1790333897,50150,6531,150,0x0
1790333899,49600,6861,150,0x0
1790333901,50150,6850,150,0x0
1790333903,52350,6854,150,0x0
1790333905,51800,6861,150,0x0
1790333907,51800,6872,150,0x0
1790333909,51800,6879,150,0x0
1790333911,52350,6902,150,0x0
1790333913,51250,6906,150,0x0
1790333915,52350,6918,150,0x0
1790333917,52350,6923,150,0x0
1790333920,50700,6923,150,0x0
1790333922,53450,6939,150,0x0
1790333924,52350,6926,150,0x0
1790333926,52350,6920,150,0x0
1790333928,51800,6914,150,0x0
1790333930,53450,6917,150,0x0
1790333932,52900,6923,150,0x0
1790333934,52350,6930,150,0x0
1790333936,52350,6931,150,0x0
1790333938,52900,6934,150,0x0
1790333940,51800,6936,150,0x0
1790333942,52900,6936,150,0x0
1790333944,50700,6942,150,0x0
1790333946,52350,6946,150,0x0
1790333948,53450,6950,150,0x0
1790333950,52900,6952,150,0x0
1790333952,51800,6960,150,0x0
1790333954,51800,6957,150,0x0
1790333956,48500,6958,150,0x0
1790333958,51250,6957,150,0x0
1790333960,52350,6958,150,0x0
1790333962,52350,6955,150,0x0
1790333964,52350,6958,150,0x0
1790333966,51800,6962,150,0x0
1790333968,52900,6965,150,0x0
1790333970,52900,6968,150,0x0
1790333972,52350,6970,150,0x0
1790333974,52350,6971,150,0x0
1790333977,52350,6971,150,0x0
1790333979,52350,6971,150,0x0
1790333981,52350,6968,150,0x0
1790333983,53450,6967,150,0x0
1790333985,54000,6976,150,0x0
1790333987,53450,6976,150,0x0
1790333989,52350,6971,150,0x0
1790333991,52900,6978,150,0x0
1790333993,52900,6973,150,0x0
1790333995,53450,6965,150,0x0
1790333997,52900,6968,150,0x0
1790333999,52900,6971,150,0x0
1790334001,53450,6968,150,0x0
1790334003,52350,6973,150,0x0
1790334005,53450,6971,150,0x0
1790334007,52900,6976,150,0x0
1790334009,52900,6970,150,0x0
1790334011,53450,6976,150,0x0
1790334013,53450,6983,150,0x0
1790334015,53450,6981,150,0x0
1790334017,51250,6988,150,0x0
1790334019,49050,6981,150,0x0
1790334021,51800,6984,150,0x0
1790334023,50700,6981,150,0x0
1790334025,53450,6984,150,0x0
1790334027,51800,6978,150,0x0
1790334029,53450,6979,150,0x0
1790334031,53450,6979,150,0x0
1790334034,53450,6983,150,0x0
1790334036,52900,6988,150,0x0
1790334038,53450,6981,150,0x0
1790334040,51800,6983,150,0x0
1790334042,54000,6988,150,0x0
1790334044,54000,6988,150,0x0
1790334046,52900,6988,150,0x0
1790334048,54000,6983,150,0x0
1790334050,53450,6979,150,0x0
1790334052,54000,6983,150,0x0
1790334054,53450,6981,150,0x0
1790334056,53450,6984,150,0x0
1790334058,53450,6976,150,0x0
1790334060,52350,6978,150,0x0
1790334062,52900,6981,150,0x0
1790334064,54000,6976,150,0x0
1790334066,54550,6978,150,0x0
1790334068,54000,6979,150,0x0
1790334070,54000,6981,150,0x0
1790334072,52900,6978,150,0x0
1790334074,52900,6981,150,0x0
1790334076,54000,6979,150,0x0
1790334078,54000,6979,150,0x0
1790334080,51250,6983,150,0x0
1790334083,49600,6976,150,0x0
1790334085,52350,6981,150,0x0
1790334087,54000,6981,150,0x0
1790334089,53450,6983,150,0x0
1790334091,54550,6979,150,0x0
1790334093,54550,6981,150,0x0
1790334095,49050,6981,150,0x0
1790334097,52350,6986,150,0x0
1790334099,52900,6976,150,0x0
1790334101,52900,6983,150,0x0
1790334103,53450,6989,150,0x0
1790334105,54550,6988,150,0x0
1790334107,51250,6983,150,0x0
1790334109,48500,6983,150,0x0
1790334111,52900,6986,150,0x0
1790334113,54550,6986,150,0x0
1790334115,54000,6981,150,0x0
1790334117,55100,6984,150,0x0
1790334119,54550,6979,150,0x0
1790334121,49600,6981,150,0x0
1790334123,52350,6983,150,0x0
1790334125,54000,6983,150,0x0
1790334127,55100,6981,150,0x0
1790334129,54550,6984,150,0x0
1790334131,54000,6983,150,0x0
1790334133,50700,6979,150,0x0
1790334135,49600,6983,150,0x0
1790334137,53450,6989,150,0x0
1790334139,54000,6984,150,0x0
1790334141,55650,6988,150,0x0
1790334143,55100,6988,150,0x0
1790334145,52350,6986,150,0x0
1790334147,49600,6988,150,0x0
1790334150,52900,6989,150,0x0
1790334152,54000,6988,150,0x0
1790334154,54550,6991,150,0x0
1790334156,53450,6991,150,0x0
1790334158,55100,6989,150,0x0
1790334160,50150,6988,150,0x0
1790334162,52900,6991,150,0x0
1790334164,53450,6988,150,0x0
1790334166,54000,6988,150,0x0
1790334168,55100,6984,150,0x0
1790334170,55100,6991,150,0x0
1790334172,51800,6989,150,0x0
1790334174,49050,6994,150,0x0
1790334176,52900,6991,150,0x0
1790334178,54000,6993,150,0x0
1790334180,54550,6994,150,0x0
1790334182,55650,6994,150,0x0
1790334184,54550,6996,150,0x0
1790334186,50150,6989,150,0x0
1790334188,52350,6999,150,0x0
1790334190,52350,6994,150,0x0
1790334192,54550,6994,150,0x0
1790334194,54550,6994,150,0x0
1790334196,55100,6994,150,0x0
1790334198,51250,6997,150,0x0
1790334200,49600,6993,150,0x0
1790334202,52350,6997,150,0x0
1790334204,54000,6999,150,0x0
1790334206,54000,6986,150,0x0
1790334208,54550,6991,150,0x0
1790334210,52900,6999,150,0x0
1790334212,49600,6988,150,0x0
1790334215,50700,6991,150,0x0
1790334217,51250,6993,150,0x0
1790334219,52350,6993,150,0x0
1790334221,51250,6994,150,0x0
1790334223,50700,6993,150,0x0
1790334225,52350,6993,150,0x0
1790334227,49050,6989,150,0x0
1790334229,47950,6991,150,0x0
1790334231,50150,6991,150,0x0
1790334233,51800,6993,150,0x0
1790334235,51250,6989,150,0x0
1790334237,50700,6988,150,0x0
1790334239,50700,6988,150,0x0
1790334241,49600,6986,150,0x0
1790334243,47400,6984,150,0x0
1790334245,49600,6991,150,0x0
1790334247,51800,6984,150,0x0
1790334249,52350,6986,150,0x0
1790334251,49050,6988,150,0x0
1790334253,49600,6989,150,0x0
1790334255,51250,6988,150,0x0
1790334257,47950,6981,150,0x0
1790334259,49050,6981,150,0x0
1790334261,49600,6981,150,0x0
1790334263,51250,6988,150,0x0
1790334265,50150,6988,150,0x0
1790334267,50150,6988,150,0x0
1790334269,50150,6986,150,0x0
1790334271,47400,6988,150,0x0
1790334273,48500,6978,150,0x0
1790334275,49050,6983,150,0x0
1790334278,50150,6988,150,0x0
1790334280,50150,6986,150,0x0
1790334282,49600,6978,150,0x0
1790334284,49600,6979,150,0x0
1790334286,47950,6983,150,0x0
1790334288,46850,6976,150,0x0
1790334290,49050,6981,150,0x0
1790334292,50700,6979,150,0x0
1790334294,51250,6979,150,0x0
1790334296,50150,6983,150,0x0
1790334298,49600,6981,150,0x0
1790334300,49600,6984,150,0x0
1790334302,47400,6981,150,0x0
1790334304,47400,6981,150,0x0
1790334306,49600,6983,150,0x0
1790334308,51250,6983,150,0x0
1790334310,49600,6979,150,0x0
1790334312,48500,6983,150,0x0
1790334314,50150,6981,150,0x0
1790334316,47950,6978,150,0x0
1790334318,47400,6976,150,0x0
1790334320,49600,6979,150,0x0
1790334322,50700,6984,150,0x0
1790334324,49600,6983,150,0x0
1790334326,49050,6979,150,0x0
1790334328,49050,6975,150,0x0
1790334330,47950,6984,150,0x0
1790334332,46300,6978,150,0x0
1790334334,47950,6981,150,0x0
1790334336,49600,6983,150,0x0
1790334339,50150,6984,150,0x0
1790334341,49600,6978,150,0x0
1790334343,49050,6975,150,0x0
1790334345,50700,6973,150,0x0
1790334347,46850,6978,150,0x0
1790334349,47400,6976,150,0x0
1790334351,49600,6973,150,0x0
1790334353,49600,6979,150,0x0
1790334355,49600,6973,150,0x0
1790334357,49050,6983,150,0x0
1790334359,50700,6978,150,0x0
1790334361,49050,6973,150,0x0
1790334363,46850,6970,150,0x0
1790334365,50150,6981,150,0x0
1790334367,50700,6983,150,0x0
1790334369,51250,6986,150,0x0
1790334371,51800,6979,150,0x0
1790334373,51800,6981,150,0x0
1790334375,51800,6976,150,0x0
1790334377,52350,6978,150,0x0
1790334379,52350,6979,150,0x0
1790334381,52350,6983,150,0x0
1790334383,52350,6983,150,0x0
1790334385,52350,6983,150,0x0
1790334387,51800,6984,150,0x0
1790334389,51800,6976,150,0x0
1790334391,52350,6968,150,0x0
1790334393,49600,6976,150,0x0
1790334395,47400,6978,150,0x0
1790334398,50700,6976,150,0x0
1790334400,51800,6976,150,0x0
1790334402,51800,6976,150,0x0
1790334404,52350,6978,150,0x0
1790334406,52900,6979,150,0x0
1790334408,52900,6978,150,0x0
1790334410,52900,6976,150,0x0
1790334412,53450,6978,150,0x0
1790334414,51800,6978,150,0x0
1790334416,51800,6978,150,0x0
1790334418,52900,6983,150,0x0
1790334420,51800,6979,150,0x0
1790334422,53450,6983,150,0x0
1790334424,53450,6984,150,0x0
1790334426,50700,6981,150,0x0
1790334428,47400,6978,150,0x0
1790334430,51250,6986,150,0x0
1790334432,51800,6983,150,0x0
1790334434,52900,6981,150,0x0
1790334436,52350,6979,150,0x0
1790334438,52900,6981,150,0x0
1790334440,53450,6979,150,0x0
1790334442,52350,6984,150,0x0
1790334444,52900,6988,150,0x0
1790334446,54000,6984,150,0x0
1790334448,53450,6984,150,0x0
1790334450,54000,6984,150,0x0
1790334452,52900,6979,150,0x0
1790334455,53450,6986,150,0x0
1790334457,53450,6984,150,0x0
1790334459,52900,6986,150,0x0
1790334461,49600,6981,150,0x0
1790334463,46850,6979,150,0x0
1790334465,44650,6975,150,0x0
1790334467,49050,6984,150,0x0
1790334469,47400,6979,150,0x0
1790334471,46300,6976,150,0x0
1790334473,49050,6984,150,0x0
1790334475,46850,6983,150,0x0
1790334477,46850,6978,150,0x0
1790334479,50150,6983,150,0x0
1790334481,51250,6983,150,0x0
1790334483,51250,6986,150,0x0
1790334485,51800,6979,150,0x0
1790334487,50700,6976,150,0x0
1790334489,51800,6975,150,0x0
1790334491,50700,6975,150,0x0
1790334493,52350,6978,150,0x0
1790334495,52350,6979,150,0x0
1790334497,52350,6975,150,0x0
1790334499,53450,6979,150,0x0
1790334501,52900,6979,150,0x0
1790334503,52900,6976,150,0x0
1790334506,52350,6981,150,0x0
1790334508,49600,6978,150,0x0
1790334510,48500,6975,150,0x0
1790334512,46300,6975,150,0x0
1790334514,45200,5458,100,0x0
1790334516,49050,5000,100,0x0
1790334518,46850,4989,100,0x0
1790334520,44650,4984,100,0x0
1790334522,50150,4975,100,0x0
1790334524,46850,4965,100,0x0
1790334526,48500,4956,100,0x0
1790334528,50700,6415,150,0x0
1790334530,50150,6928,150,0x0
1790334532,50700,6920,150,0x0
1790334534,51250,6926,150,0x0
1790334536,51800,6925,150,0x0
1790334538,52350,6926,150,0x0
1790334540,52900,6933,150,0x0
1790334542,52350,6933,150,0x0
1790334544,52350,6939,150,0x0
1790334546,52900,6941,150,0x0
1790334548,52900,6946,150,0x0
1790334550,53450,6952,150,0x0
1790334553,52350,6952,150,0x0
1790334555,53450,6954,150,0x0
1790334557,49600,6949,150,0x0
1790334559,47400,6955,150,0x0
1790334561,46850,6958,150,0x0
1790334563,47950,6955,150,0x0
1790334565,48500,6960,150,0x0
1790334567,47400,6962,150,0x0
1790334569,44650,6960,150,0x0
1790334571,49600,6968,150,0x0
1790334573,46300,6967,150,0x0
1790334575,49050,6971,150,0x0
1790334577,49600,6975,150,0x0
1790334579,50700,6968,150,0x0
1790334581,51800,6971,150,0x0
1790334583,51800,6976,150,0x0
1790334585,51250,6975,150,0x0
1790334587,51800,6976,150,0x0
1790334589,52350,6981,150,0x0
1790334591,52350,6978,150,0x0
1790334593,52350,6976,150,0x0
1790334595,52350,6976,150,0x0
1790334602,52350,6978,150,0x0
1790334604,52900,6976,150,0x0
1790334606,48500,6973,150,0x0
1790334608,47400,6978,150,0x0
1790334610,46300,6976,150,0x0
1790334612,48500,6979,150,0x0
1790334614,48500,6986,150,0x0
1790334616,46300,6978,150,0x0
1790334618,47950,6981,150,0x0
1790334620,47950,6981,150,0x0
1790334622,46300,6978,150,0x0
1790334624,48500,6981,150,0x0
1790334626,51250,6981,150,0x0
1790334628,51800,6984,150,0x0
1790334630,53450,6988,150,0x0
1790334632,51800,6988,150,0x0
1790334634,51800,6984,150,0x0
1790334636,53450,6986,150,0x0
1790334638,52900,6984,150,0x0
1790334640,51800,6983,150,0x0
1790334642,52900,6984,150,0x0
1790334644,52350,6981,150,0x0
1790334646,53450,6983,150,0x0
1790334648,52900,6983,150,0x0
1790334650,54000,6986,150,0x0
1790334652,53450,6984,150,0x0
1790334654,49050,6976,150,0x0
1790334656,47400,6979,150,0x0
1790334658,45750,6979,150,0x0
1790334660,47950,6984,150,0x0
1790334662,47400,6981,150,0x0
1790334664,46850,6981,150,0x0
1790334666,47950,5264,100,0x0
1790334668,47950,6781,150,0x0
1790334670,46300,6981,150,0x0
1790334672,49600,6978,150,0x0
1790334675,51800,6975,150,0x0
1790334677,51800,6979,150,0x0
1790334679,52350,6979,150,0x0
1790334681,51800,6978,150,0x0
1790334683,52350,6975,150,0x0
1790334685,52350,6973,150,0x0
1790334687,52900,6979,150,0x0
1790334689,52900,6973,150,0x0
1790334691,53450,6976,150,0x0
1790334693,51800,6978,150,0x0
1790334695,53450,6978,150,0x0
1790334697,52350,6979,150,0x0
1790334699,53450,6979,150,0x0
1790334701,51800,6984,150,0x0
1790334703,47950,6978,150,0x0
1790334705,47400,6976,150,0x0
1790334707,45200,6978,150,0x0
1790334709,50150,6984,150,0x0
1790334711,46850,6978,150,0x0
1790334713,45750,6973,150,0x0
1790334715,48500,6973,150,0x0
1790334717,46850,6971,150,0x0
1790334719,47950,6973,150,0x0
1790334721,49600,6981,150,0x0
1790334723,50700,6984,150,0x0
1790334725,52350,6986,150,0x0
1790334727,52350,6978,150,0x0
1790334729,52350,6979,150,0x0
1790334731,52350,6979,150,0x0
1790334733,52900,6978,150,0x0
1790334735,52900,6978,150,0x0
1790334738,52900,6986,150,0x0
1790334740,52350,6986,150,0x0
1790334742,52900,6988,150,0x0
1790334744,52900,6984,150,0x0
1790334746,52900,6984,150,0x0
1790334748,52900,6984,150,0x0
1790334750,50150,6986,150,0x0
1790334752,48500,6984,150,0x0
1790334754,47400,6988,150,0x0
1790334756,46300,6988,150,0x0
1790334758,49600,6983,150,0x0
1790334760,46850,6984,150,0x0
1790334762,44650,6981,150,0x0
1790334764,47950,6984,150,0x0
1790334766,47950,6984,150,0x0
1790334768,46300,6983,150,0x0
1790334770,49050,6986,150,0x0
1790334772,50150,6983,150,0x0
1790334774,50700,6981,150,0x0
1790334776,51250,6984,150,0x0
1790334778,50700,6979,150,0x0
1790334780,51250,6979,150,0x0
1790334782,51250,6976,150,0x0
1790334784,50700,6979,150,0x0
1790334787,51250,6981,150,0x0
1790334789,51800,6979,150,0x0
1790334791,51800,6978,150,0x0
1790334793,51800,6983,150,0x0
1790334795,51250,6984,150,0x0
1790334797,52900,6991,150,0x0
1790334799,49600,6978,150,0x0
1790334801,47950,6986,150,0x0
1790334803,47950,6975,150,0x0
1790334805,45750,6973,150,0x0
1790334807,48500,6981,150,0x0
1790334809,46850,6979,150,0x0
1790334811,45200,6978,150,0x0
1790334813,44650,5179,100,0x0
1790334815,47950,4999,100,0x0
1790334817,45750,4989,100,0x0
1790334819,47950,4984,100,0x0
1790334821,50150,4974,100,0x0
1790334823,50150,6846,150,0x0
1790334825,51250,6947,150,0x0
1790334827,50700,6941,150,0x0
1790334829,50700,6941,150,0x0
1790334831,52350,6942,150,0x0
1790334834,51800,6936,150,0x0
1790334836,51250,6942,150,0x0
1790334838,51800,6947,150,0x0
1790334840,51250,6949,150,0x0
1790334842,51800,6958,150,0x0
1790334844,51250,6957,150,0x0
1790334846,51800,6963,150,0x0
1790334848,50700,6963,150,0x0
1790334850,47400,6960,150,0x0
1790334852,47400,6962,150,0x0
1790334854,45200,6962,150,0x0
1790334856,47950,6967,150,0x0
1790334858,46850,6962,150,0x0
1790334860,45750,6968,150,0x0
1790334862,44100,5189,100,0x0
1790334864,48500,4985,100,0x0
1790334866,45750,4977,100,0x0
1790334868,47400,4972,100,0x0
1790334870,49600,4966,100,0x0
1790334872,50700,6825,150,0x0
1790334874,49600,6941,150,0x0
1790334876,50150,6938,150,0x0
1790334879,51250,6933,150,0x0
1790334881,51250,6934,150,0x0
1790334883,51800,6936,150,0x0
1790334885,52350,6941,150,0x0
1790334887,50700,6946,150,0x0
1790334892,52350,6949,150,0x0
1790334894,52350,6957,150,0x0
1790334896,52350,6963,150,0x0
1790334898,50150,6965,150,0x0
1790334900,47400,6958,150,0x0
1790334902,49600,6965,150,0x0
1790334904,49600,6971,150,0x0
1790334906,51250,6973,150,0x0
1790334908,51250,6973,150,0x0
1790334910,51250,6971,150,0x0
1790334912,48500,6975,150,0x0
1790334914,48500,6979,150,0x0
1790334916,51250,6973,150,0x0
1790334918,50700,6984,150,0x0
1790334920,51250,6978,150,0x0
1790334922,51250,6984,150,0x0
1790334924,49600,6978,150,0x0
1790334926,47400,6976,150,0x0
1790334928,50150,6981,150,0x0
1790334930,50700,6981,150,0x0
1790334932,51800,6984,150,0x0
1790334934,51800,6983,150,0x0
1790334937,51250,6978,150,0x0
1790334939,49050,6975,150,0x0
1790334941,49050,6981,150,0x0
1790334943,50700,6981,150,0x0
1790334945,51250,6981,150,0x0
1790334947,51250,6988,150,0x0
1790334949,51800,6981,150,0x0
1790334951,49600,6983,150,0x0
1790334953,47400,6979,150,0x0
1790334955,50150,6988,150,0x0
1790334957,50150,6981,150,0x0
1790334959,51250,6984,150,0x0
1790334961,50700,6988,150,0x0
1790334963,52900,6986,150,0x0
1790334965,47950,6979,150,0x0
1790334967,49600,6981,150,0x0
1790334969,50150,6984,150,0x0
1790334971,50700,6984,150,0x0
1790334973,51250,6986,150,0x0
1790334975,50700,6984,150,0x0
1790334977,48500,6981,150,0x0
1790334979,46300,6981,150,0x0
1790334981,50150,6988,150,0x0
1790334983,51250,6986,150,0x0
1790334985,51250,6986,150,0x0
1790334987,49600,6986,150,0x0
1790334989,50700,6988,150,0x0
1790334991,47950,6979,150,0x0
1790334993,49050,6988,150,0x0
1790334995,50700,6988,150,0x0
1790334997,50150,6986,150,0x0
1790334999,51250,6989,150,0x0
1790335001,51800,6986,150,0x0
1790335003,47950,6983,150,0x0
1790335006,47950,6981,150,0x0
1790335008,49600,6983,150,0x0
1790335010,50700,6986,150,0x0
1790335012,50700,6984,150,0x0
1790335014,51250,6984,150,0x0
1790335016,50150,6979,150,0x0
1790335018,47400,6979,150,0x0
1790335020,50150,6984,150,0x0
1790335022,50150,6983,150,0x0
1790335024,51800,6988,150,0x0
1790335026,51250,6983,150,0x0
1790335028,51250,6988,150,0x0
1790335030,47400,6983,150,0x0
1790335032,48500,6981,150,0x0
1790335034,47400,6984,150,0x0
1790335036,50150,6983,150,0x0
1790335038,50700,6984,150,0x0
1790335040,51250,6981,150,0x0
1790335042,49050,6984,150,0x0
1790335044,46300,6983,150,0x0
1790335046,49050,6981,150,0x0
1790335048,49600,6983,150,0x0
1790335050,51250,6984,150,0x0
1790335052,51250,6984,150,0x0
1790335054,52900,6984,150,0x0
1790335056,47400,6981,150,0x0
1790335059,48500,6979,150,0x0
1790335061,49600,6984,150,0x0
1790335063,50700,6988,150,0x0
1790335065,51250,6984,150,0x0
1790335067,51250,6984,150,0x0
1790335069,47950,6981,150,0x0
1790335071,47950,6979,150,0x0
1790335073,48500,6984,150,0x0
1790335075,50150,6983,150,0x0
1790335077,50700,6986,150,0x0
1790335079,50700,6988,150,0x0
1790335081,48500,6981,150,0x0
1790335083,46850,6978,150,0x0
1790335085,49050,6984,150,0x0
1790335087,49600,6983,150,0x0
1790335089,49600,6986,150,0x0
1790335091,49050,6983,150,0x0
1790335093,50150,6984,150,0x0
1790335095,46850,6981,150,0x0
1790335097,48500,6981,150,0x0
1790335099,50150,6981,150,0x0
1790335101,51250,6986,150,0x0
1790335103,50700,6984,150,0x0
1790335105,50150,6983,150,0x0
1790335107,47950,6984,150,0x0
1790335109,46300,6979,150,0x0
1790335111,48500,6988,150,0x0
1790335113,49600,6986,150,0x0
1790335115,50700,6984,150,0x0
1790335117,50700,6983,150,0x0
1790335119,50700,6984,150,0x0
1790335121,46850,6981,150,0x0
1790335124,49050,6983,150,0x0
1790335126,49600,6983,150,0x0
1790335128,50150,6986,150,0x0
1790335130,51250,6981,150,0x0
1790335132,51250,6983,150,0x0
1790335134,47950,6979,150,0x0
1790335136,46300,6979,150,0x0
1790335138,48500,6984,150,0x0
1790335140,49600,6986,150,0x0
1790335142,50700,6984,150,0x0
1790335144,50150,6984,150,0x0
1790335146,49600,6984,150,0x0
1790335148,46850,6984,150,0x0
1790335160,46850,6984,150,0x0
1790335162,45750,6981,150,0x0
1790335164,48500,5069,100,0x0
1790335166,49600,4995,100,0x0
1790335168,50700,6950,150,0x0
1790335170,49600,6975,150,0x0
1790335172,50700,6970,150,0x0
1790335174,50700,6968,150,0x0
1790335176,50700,6968,150,0x0
1790335178,52350,6971,150,0x0
1790335180,51250,6970,150,0x0
1790335182,51800,6970,150,0x0
1790335184,51800,6973,150,0x0
1790335186,51250,6971,150,0x0
1790335188,50700,6970,150,0x0
1790335190,51250,6975,150,0x0
1790335192,51250,6976,150,0x0
1790335194,47950,6973,150,0x0
1790335196,47950,6973,150,0x0
1790335198,50150,6978,150,0x0
1790335200,50700,6975,150,0x0
1790335202,52350,6979,150,0x0
1790335204,50150,6979,150,0x0
1790335206,51800,6979,150,0x0
1790335208,51800,6978,150,0x0
1790335210,51800,6978,150,0x0
1790335212,51250,6975,150,0x0
1790335214,52350,6976,150,0x0
1790335216,51800,6984,150,0x0
1790335218,51800,6981,150,0x0
1790335220,52900,6979,150,0x0
1790335222,51800,6983,150,0x0
1790335224,52350,6986,150,0x0
1790335226,50700,6981,150,0x0
1790335228,48500,6979,150,0x0
1790335230,50700,6986,150,0x0
1790335232,51250,6981,150,0x0
1790335234,51800,6984,150,0x0
1790335236,52900,6986,150,0x0
1790335238,52900,6984,150,0x0
1790335240,52900,6983,150,0x0
1790335242,52350,6981,150,0x0
1790335244,52900,6986,150,0x0
1790335246,53450,6981,150,0x0
1790335248,52900,6981,150,0x0
1790335250,52350,6984,150,0x0
1790335252,50700,6991,150,0x0
1790335254,51800,6984,150,0x0
1790335256,52900,6984,150,0x0
1790335258,52350,6984,150,0x0
1790335260,49600,6983,150,0x0
1790335262,49600,6983,150,0x0
1790335264,50700,6986,150,0x0
1790335266,50700,6986,150,0x0
1790335268,50700,6988,150,0x0
1790335270,50150,6988,150,0x0
1790335272,48500,6984,150,0x0
1790335274,49050,6986,150,0x0
1790335276,49050,6984,150,0x0
1790335278,48500,6988,150,0x0
1790335281,49600,6988,150,0x0
1790335283,50700,6988,150,0x0
1790335285,50150,6988,150,0x0
1790335287,49050,6986,150,0x0
1790335289,48500,6988,150,0x0
1790335291,50150,6989,150,0x0
1790335293,49600,6986,150,0x0
1790335295,50150,6984,150,0x0
1790335297,50700,6988,150,0x0
1790335299,47400,6988,150,0x0
1790335301,46300,6984,150,0x0
1790335303,48500,6984,150,0x0
1790335305,49600,6988,150,0x0
1790335307,50150,6988,150,0x0
1790335309,50150,6986,150,0x0
1790335311,49050,6988,150,0x0
1790335313,46850,6984,150,0x0
1790335315,47400,6983,150,0x0
1790335317,50150,6986,150,0x0
1790335319,49600,6988,150,0x0
1790335321,48500,6984,150,0x0
1790335323,49050,6993,150,0x0
1790335325,47400,6984,150,0x0
1790335327,47400,6984,150,0x0
1790335329,48500,6984,150,0x0
1790335331,49600,6984,150,0x0
1790335333,49050,6981,150,0x0
1790335335,48500,6983,150,0x0
1790335337,48500,6983,150,0x0
1790335339,46850,6979,150,0x0
1790335341,48500,6983,150,0x0
1790335343,48500,6984,150,0x0
1790335345,49050,6983,150,0x0
1790335348,48500,6984,150,0x0
1790335350,49600,6979,150,0x0
1790335352,46300,6984,150,0x0
1790335354,46850,6984,150,0x0
1790335356,48500,6983,150,0x0
1790335358,49050,6986,150,0x0
1790335360,49600,6986,150,0x0
1790335362,49600,6986,150,0x0
1790335364,46850,6984,150,0x0
1790335366,46300,6983,150,0x0
1790335368,47950,6984,150,0x0
1790335370,49050,6988,150,0x0
1790335372,47950,6986,150,0x0
1790335374,48500,6991,150,0x0
1790335376,48500,6986,150,0x0
1790335378,46300,6983,150,0x0
1790335380,47400,6984,150,0x0
1790335382,48500,6983,150,0x0
1790335384,49050,6984,150,0x0
1790335386,48500,6984,150,0x0
1790335388,48500,6984,150,0x0
1790335390,47400,6981,150,0x0
1790335392,46850,6978,150,0x0
1790335394,49600,6986,150,0x0
1790335396,48500,6984,150,0x0
1790335398,50150,6984,150,0x0
1790335400,50150,6984,150,0x0
1790335402,50700,6984,150,0x0
1790335404,51250,6984,150,0x0
1790335406,51250,6989,150,0x0
1790335408,51250,6983,150,0x0
1790335410,50700,6986,150,0x0
1790335412,51800,6986,150,0x0
1790335414,51800,6986,150,0x0
1790335416,51800,6986,150,0x0
1790335418,51800,6981,150,0x0
1790335420,51800,6986,150,0x0
1790335422,52350,6984,150,0x0
1790335424,52350,6986,150,0x0
1790335426,51800,6986,150,0x0
1790335428,51250,6983,150,0x0
1790335431,51800,6984,150,0x0
1790335433,51800,6984,150,0x0
1790335435,52350,6984,150,0x0
1790335437,52350,6984,150,0x0
1790335439,52900,6984,150,0x0
1790335441,52350,6986,150,0x0
1790335443,52900,6988,150,0x0
1790335445,52350,6984,150,0x0
1790335447,52350,6983,150,0x0
1790335449,52350,6983,150,0x0
1790335451,51800,6981,150,0x0
1790335453,49600,6978,150,0x0
1790335455,49050,6976,150,0x0
1790335457,50700,6981,150,0x0
1790335459,52900,6986,150,0x0
1790335461,52350,6984,150,0x0
1790335463,52900,6986,150,0x0
1790335465,51800,6984,150,0x0
1790335467,51800,6986,150,0x0
1790335469,52900,6988,150,0x0
1790335471,52350,6986,150,0x0
1790335473,52900,6988,150,0x0
1790335475,52900,6984,150,0x0
1790335477,52900,6988,150,0x0
1790335479,52900,6986,150,0x0
1790335481,52350,6991,150,0x0
1790335483,51800,6993,150,0x0
1790335485,52350,6993,150,0x0
1790335487,53450,6986,150,0x0
1790335489,53450,6983,150,0x0
1790335491,53450,6988,150,0x0
1790335493,53450,6986,150,0x0
1790335495,53450,6988,150,0x0
1790335497,53450,6991,150,0x0
1790335499,51800,6991,150,0x0
1790335501,52900,6991,150,0x0
1790335503,52900,6991,150,0x0
1790335505,53450,6991,150,0x0
1790335507,52900,6991,150,0x0
1790335509,53450,6991,150,0x0
1790335511,53450,6988,150,0x0
1790335513,52900,6989,150,0x0
1790335516,51800,6991,150,0x0
1790335518,48500,6983,150,0x0
1790335520,49050,6989,150,0x0
1790335522,51800,6993,150,0x0
1790335524,52900,6991,150,0x0
1790335526,52900,6993,150,0x0
1790335528,51800,6997,150,0x0
1790335530,52900,6994,150,0x0
1790335532,52350,6991,150,0x0
1790335534,52900,6994,150,0x0
1790335536,53450,6997,150,0x0
1790335538,54000,6997,150,0x0
1790335540,52900,6994,150,0x0
1790335542,54550,6997,150,0x0
1790335544,54550,6997,150,0x0
1790335546,52350,6994,150,0x0
1790335548,53450,6996,150,0x0
1790335550,54000,6997,150,0x0
1790335552,54550,6993,150,0x0
1790335554,54000,6993,150,0x0
1790335556,54000,6994,150,0x0
1790335558,53450,6997,150,0x0
1790335560,54550,6994,150,0x0
1790335562,54000,6999,150,0x0
1790335564,54000,6997,150,0x0
1790335566,54000,6997,150,0x0
1790335568,53450,6997,150,0x0
1790335570,54550,6997,150,0x0
1790335572,55100,6994,150,0x0
1790335574,54550,6994,150,0x0
1790335576,54000,6994,150,0x0
1790335578,54000,6996,150,0x0
1790335580,50150,6991,150,0x0
1790335582,51800,7001,150,0x0
1790335584,52350,6999,150,0x0
1790335586,53450,6996,150,0x0
1790335589,53450,6996,150,0x0
1790335591,52900,6996,150,0x0
1790335593,55100,7001,150,0x0
1790335595,54550,6997,150,0x0
1790335597,53450,6994,150,0x0
1790335599,53450,6997,150,0x0
1790335601,54000,6999,150,0x0
1790335603,52900,6999,150,0x0
1790335605,54000,6999,150,0x0
1790335607,53450,7001,150,0x0
1790335609,52900,7002,150,0x0
1790335612,54000,7001,150,0x0
1790335614,54000,7001,150,0x0
1790335616,54550,7001,150,0x0
1790335618,52900,6996,150,0x0
1790335620,54550,6997,150,0x0
1790335622,53450,7002,150,0x0
1790335624,54550,6997,150,0x0
1790335626,54550,6999,150,0x0
1790335628,54550,6997,150,0x0
1790335630,54550,6997,150,0x0
1790335632,54550,6997,150,0x0
1790335634,55100,6999,150,0x0
1790335636,54000,6997,150,0x0
1790335639,53450,7001,150,0x0
1790335641,53450,6999,150,0x0
1790335643,50700,6997,150,0x0
1790335645,51800,7001,150,0x0
1790335647,52900,7001,150,0x0
1790335649,54000,7004,150,0x0
1790335651,54550,6997,150,0x0
1790335653,54000,7002,150,0x0
1790335655,54000,7004,150,0x0
1790335657,54000,7001,150,0x0
1790335659,54000,7002,150,0x0
1790335662,54550,7007,150,0x0
1790335664,54550,7002,150,0x0
1790335666,54550,7004,150,0x0
1790335668,54550,7002,150,0x0
1790335670,54550,7002,150,0x0
1790335672,55100,7001,150,0x0
1790335674,55100,6997,150,0x0
1790335676,55100,6999,150,0x0
1790335678,56200,6999,150,0x0
1790335680,54550,7001,150,0x0
1790335682,54550,7001,150,0x0
1790335685,55650,7004,150,0x0
1790335687,54550,7004,150,0x0
1790335689,54550,7002,150,0x0
1790335691,54550,7001,150,0x0
1790335693,54550,7002,150,0x0
1790335695,55100,7004,150,0x0
1790335697,55100,7002,150,0x0
1790335699,54000,7004,150,0x0
1790335701,55100,7002,150,0x0
1790335703,55650,7004,150,0x0
1790335705,51800,6999,150,0x0
1790335707,49600,6999,150,0x0
1790335710,52900,7001,150,0x0
1790335712,53450,7007,150,0x0
1790335714,54550,7001,150,0x0
1790335716,53450,7007,150,0x0
1790335718,54000,7007,150,0x0
1790335720,55650,7004,150,0x0
1790335722,54550,7004,150,0x0
1790335724,55100,7002,150,0x0
1790335726,54550,7006,150,0x0
1790335728,54550,7006,150,0x0
1790335730,54000,7009,150,0x0
1790335732,55100,7002,150,0x0
1790335734,55100,7009,150,0x0
1790335737,55100,7006,150,0x0
1790335739,55650,7004,150,0x0
1790335741,55650,7004,150,0x0
1790335743,55100,7007,150,0x0
1790335745,55100,7007,150,0x0
1790335747,55100,7007,150,0x0
1790335749,54550,7004,150,0x0
1790335751,55650,7009,150,0x0
1790335753,54550,7007,150,0x0
1790335755,56200,7007,150,0x0
1790335758,54550,7012,150,0x0
1790335760,55100,7010,150,0x0
1790335762,54000,7007,150,0x0
1790335764,55650,7007,150,0x0
1790335766,55100,7010,150,0x0
1790335768,52900,7004,150,0x0
1790335770,50700,7006,150,0x0
1790335772,49600,7002,150,0x0
1790335774,47950,7001,150,0x0
1790335776,47950,7001,150,0x0
1790335778,47950,7002,150,0x0
1790335780,47400,6996,150,0x0
1790335782,45200,6996,150,0x0
1790335784,45750,6993,150,0x0
1790335786,45200,6999,150,0x0
1790335788,45200,5123,100,0x0
1790335790,44650,5010,100,0x0
1790335792,44100,5005,100,0x0
1790335794,44650,4999,100,0x0
1790335796,44650,4989,100,0x0
1790335798,44100,4980,100,0x0
1790335800,44650,4970,100,0x0
1790335802,44100,4961,100,0x0
1790335804,43550,4952,100,0x0
1790335806,43000,4947,100,0x0
1790335808,44650,4934,100,0x0
1790335810,43550,4927,100,0x0
1790335812,43550,4923,100,0x0
1790335814,43000,4918,100,0x0
1790335816,43000,4916,100,0x0
1790335818,43550,4919,100,0x0
1790335820,43000,4919,100,0x0
1790335822,43000,4918,100,0x0
1790335824,43000,4918,100,0x0
1790335826,43000,4919,100,0x0
1790335828,42450,4919,100,0x0
1790335830,42450,4922,100,0x0
1790335832,41900,4922,100,0x0
1790335834,42450,4898,100,0x0
1790335836,40800,4885,100,0x0
1790335838,42450,4882,100,0x0
1790335840,44650,4880,100,0x0
1790335842,45750,4876,100,0x0
1790335844,46850,4874,100,0x0
1790335846,47400,4871,100,0x0
1790335848,47400,4868,100,0x0
1790335850,47400,4866,100,0x0
1790335853,47950,4861,100,0x0
1790335855,49050,4858,100,0x0
1790335857,48500,4855,100,0x0
1790335859,49050,4850,100,0x0
1790335861,48500,4848,100,0x0
1790335863,49600,4847,100,0x0
1790335865,49050,4847,100,0x0
1790335867,49600,4844,100,0x0
1790335869,49600,6801,150,0x0
1790335871,51250,6861,150,0x0
1790335873,50700,6869,150,0x0
1790335875,50700,6876,150,0x0
1790335877,49600,6893,150,0x0
1790335879,49600,6896,150,0x0
1790335881,50150,6906,150,0x0
1790335883,48500,6917,150,0x0
1790335885,49600,6923,150,0x0
1790335887,50150,6931,150,0x0
1790335889,49600,6938,150,0x0
1790335891,50150,6946,150,0x0
1790335894,50150,6947,150,0x0
1790335896,50700,6952,150,0x0
1790335898,49600,6963,150,0x0
1790335900,48500,6965,150,0x0
1790335902,49600,6970,150,0x0
1790335904,50700,6976,150,0x0
1790335906,50700,6978,150,0x0
1790335908,50700,6983,150,0x0
1790335910,51250,6986,150,0x0
1790335912,51250,6988,150,0x0
1790335914,50700,6993,150,0x0
1790335916,51800,6993,150,0x0
1790335918,51800,6996,150,0x0
1790335920,51800,6997,150,0x0
1790335922,51800,6997,150,0x0
1790335924,51250,6999,150,0x0
1790335926,51800,7001,150,0x0
1790335929,51800,7004,150,0x0
1790335931,51800,7006,150,0x0
1790335933,51800,7010,150,0x0
1790335935,52350,7006,150,0x0
1790335937,52350,7010,150,0x0
1790335939,52350,7007,150,0x0
1790335941,51250,7009,150,0x0
1790335943,52350,7009,150,0x0
1790335945,51250,7012,150,0x0
1790335947,51800,7014,150,0x0
1790335949,51800,7012,150,0x0
1790335951,52350,7017,150,0x0
1790335953,52350,7017,150,0x0
1790335955,51800,7019,150,0x0
1790335957,50700,7019,150,0x0
1790335959,52350,7014,150,0x0
1790335962,50150,7015,150,0x0
1790335964,51250,7012,150,0x0
1790335966,51800,7007,150,0x0
1790335968,51800,6997,150,0x0
1790335970,51800,6994,150,0x0
1790335972,52900,6996,150,0x0
1790335974,52350,6993,150,0x0
1790335976,52350,6993,150,0x0
1790335978,52900,6994,150,0x0
1790335980,51800,6993,150,0x0
1790335982,52900,6993,150,0x0
1790335984,51800,6996,150,0x0
1790335986,52900,6991,150,0x0
1790335988,51800,6989,150,0x0
1790335990,53450,6996,150,0x0
1790335993,52350,6993,150,0x0
1790335995,52900,6994,150,0x0
1790335997,53450,6994,150,0x0
1790335999,52900,6993,150,0x0
1790336001,53450,6993,150,0x0
1790336003,52350,6991,150,0x0
1790336005,52900,6994,150,0x0
1790336007,53450,6994,150,0x0
1790336009,52900,6991,150,0x0
1790336011,52900,6997,150,0x0
1790336013,52900,6993,150,0x0
1790336015,52900,6993,150,0x0
1790336017,54550,6994,150,0x0
1790336019,52900,6994,150,0x0
1790336022,54000,6996,150,0x0
1790336024,50150,6991,150,0x0
1790336026,49050,6989,150,0x0
1790336028,47950,6996,150,0x0
1790336030,46300,6989,150,0x0
1790336032,46300,6993,150,0x0
1790336034,45200,6994,150,0x0
1790336036,45200,6994,150,0x0
1790336038,45200,6963,100,0x0
1790336040,44650,5027,100,0x0
1790336042,44100,5005,100,0x0
1790336044,44100,4997,100,0x0
1790336046,44100,4989,100,0x0
1790336048,42450,4980,100,0x0
1790336050,43550,4971,100,0x0
1790336052,43550,4957,100,0x0
1790336054,43550,4950,100,0x0
1790336056,43000,4942,100,0x0
1790336058,43000,4933,100,0x0
1790336060,43000,4923,100,0x0
1790336062,43000,4920,100,0x0
1790336064,43000,4917,100,0x0
1790336066,42450,4917,100,0x0
1790336068,42450,4918,100,0x0
1790336070,42450,4919,100,0x0
1790336072,41900,4915,100,0x0
1790336074,41900,4914,100,0x0
1790336076,42450,4918,100,0x0
1790336078,41900,4916,100,0x0
1790336080,41900,4909,100,0x0
1790336082,41900,4907,100,0x0
1790336084,42450,4906,100,0x0
1790336086,41900,4892,100,0x0
1790336088,44100,4882,100,0x0
1790336090,45200,4874,100,0x0
1790336092,46300,4877,100,0x0
1790336094,46300,4874,100,0x0
1790336096,49050,4874,100,0x0
1790336098,47950,4870,100,0x0
1790336100,49050,4870,100,0x0
1790336102,48500,4865,100,0x0
1790336104,47950,4863,100,0x0
1790336106,50150,4861,100,0x0
1790336108,48500,4859,100,0x0
1790336110,49050,4860,100,0x0
1790336112,49600,4859,100,0x0
1790336114,49050,4853,100,0x0
1790336117,48500,4852,100,0x0
1790336119,49600,6767,150,0x0
1790336121,49600,6872,150,0x0
1790336123,50700,6882,150,0x0
1790336125,50150,6890,150,0x0
1790336127,50150,6904,150,0x0
1790336129,50700,6909,150,0x0
1790336131,49050,6915,150,0x0
1790336133,50700,6918,150,0x0
1790336135,50700,6926,150,0x0
1790336137,50150,6938,150,0x0
1790336139,50700,6942,150,0x0
1790336141,50700,6954,150,0x0
1790336143,50150,6954,150,0x0
1790336145,50150,6965,150,0x0
1790336147,48500,6971,150,0x0
1790336149,49600,6973,150,0x0
1790336151,49600,6976,150,0x0
1790336154,50150,6986,150,0x0
1790336156,50700,6986,150,0x0
1790336158,49600,6993,150,0x0
1790336160,51250,6994,150,0x0
1790336162,51800,6997,150,0x0
1790336164,51800,7002,150,0x0
1790336166,52350,7001,150,0x0
1790336168,51250,6999,150,0x0
1790336170,51800,7001,150,0x0
1790336172,51800,7006,150,0x0
1790336174,51250,7004,150,0x0
1790336176,51800,7007,150,0x0
1790336178,52350,7009,150,0x0
1790336180,51800,7012,150,0x0
1790336183,51800,7012,150,0x0
1790336185,51800,7010,150,0x0
1790336187,51800,7017,150,0x0
1790336189,51250,7012,150,0x0
1790336191,52350,7012,150,0x0
                                                                                                                        1790336280,49050,5167,100,0x0
1790336282,48500,5069,100,0x0
1790336284,46300,5046,100,0x0
1790336286,46850,5030,100,0x0
1790336288,46300,5016,100,0x0
1790336290,45750,5000,100,0x0
1790336292,45750,4989,100,0x0
1790336294,45750,4977,100,0x0
1790336296,46300,4965,100,0x0
1790336298,45750,4956,100,0x0
1790336300,45750,4946,100,0x0
1790336302,44100,4936,100,0x0
1790336304,45750,4930,100,0x0
1790336306,45200,4922,100,0x0
1790336308,44650,4917,100,0x0
1790336310,45200,4909,100,0x0
1790336312,45200,4907,100,0x0
1790336314,45200,4904,100,0x0
1790336316,44650,4905,100,0x0
1790336318,45750,4904,100,0x0
1790336320,44650,4901,100,0x0
1790336322,44650,4900,100,0x0
1790336324,45200,4898,100,0x0
1790336326,43550,4893,100,0x0
1790336328,44100,4898,100,0x0
1790336330,44650,4893,100,0x0
1790336332,44100,4893,100,0x0
1790336334,43000,4894,100,0x0
1790336336,43550,4890,100,0x0
1790336338,43000,4889,100,0x0
1790336340,44650,4885,100,0x0
1790336342,44100,4883,100,0x0
1790336344,44100,4886,100,0x0
1790336346,43000,4886,100,0x0
1790336348,43550,4882,100,0x0
1790336350,44100,4874,100,0x0
1790336352,43550,4866,100,0x0
1790336354,44650,4860,100,0x0
1790336356,43000,4853,100,0x0
1790336358,44100,4854,100,0x0
1790336360,43550,4849,100,0x0
1790336362,43550,4857,100,0x0
1790336364,43000,4855,100,0x0
1790336366,43000,4852,100,0x0
1790336368,41900,4855,100,0x0
1790336370,41900,4852,100,0x0
1790336372,41900,4852,100,0x0
1790336374,42450,4851,100,0x0
1790336376,40800,4854,100,0x0
1790336378,42450,4849,100,0x0
1790336380,43000,4849,100,0x0
1790336382,41900,4850,100,0x0
1790336384,41900,4848,100,0x0
1790336386,40250,4844,100,0x0
1790336388,40250,4843,100,0x0
1790336390,41350,4841,100,0x0
1790336392,42450,4838,100,0x0
