1790342979.305819 <missed 314599 bytes of console log>
1790342979.305920 0 pmu 790964 27507 6379542 6077702 41661102
1790342979.305972 W 2013 lat 296 296 425 0 exe 13666 14425 16092 resp 16407 0 pmu 788480 12790 6359786 6857338 37323997
1790342979.306028 W 2014 lat 296 296 796 0 exe 13685 15796 100462 resp 100944 1 pmu 791424 27646 6381632 6067251 41659033
1790342979.306082 W 2015 lat 296 296 407 0 exe 13814 14444 16037 resp 16333 0 pmu 791833 12732 6386832 6920556 37309098
1790342979.306132 W 2016 lat 296 296 499 0 exe 13592 15722 92111 resp 92499 0 pmu 791707 26891 6385405 6067228 41676715
1790342979.306182 W 2017 lat 296 296 555 0 exe 13685 14648 16296 resp 16759 0 pmu 790489 15226 6379245 6834255 37771952
1790342979.306231 W 2018 lat 296 296 592 0 exe 13759 16703 85574 resp 85888 0 pmu 790977 37969 6381866 6071967 44047906
1790342979.306280 W 2019 lat 296 296 425 0 exe 13629 14462 17407 resp 17703 0 pmu 788654 13363 6362589 6774877 37349761
1790342979.306329 W 2020 lat 296 296 592 0 exe 12907 16759 100296 resp 100685 1 pmu 791746 38792 6390940 6080410 45170411
1790342979.306378 W 2021 lat 296 296 333 0 exe 12870 13296 14259 resp 14555 0 pmu 791154 130 6383016 6918193 33984501
1790342979.306399 Closing cell "rt-bench"
1790342979.306424 [MG] Initializing memguard on CPU 3
1790342979.306448 [SMMUv2] Exiting SMMUv2 on cell 1
1790342979.306483 Page pool usage after cell destruction: mem 77/4061, remap 5/131072
1790342979.306509 [MG] Initializing memguard on CPU 3
1790342979.306533 [MG] Initializing memguard on CPU 3
1790342979.306586 [COL] Colored OP 0: PHYS 0x30000000 -> VIRT 0x00000000 (SIZE: 0x00400000, COL: 0x000000ff, extra: 0x0000000000000000)
1790342979.306606 [COL] Result: 0
1790342979.306630 [MG] Initializing memguard on CPU 3
1790342979.306650 Created cell "rt-bench"
1790342979.306684 Page pool usage after cell creation: mem 98/4061, remap 5/131072
1790342979.306738 [COL] Colored OP 3: PHYS 0x30000000 -> VIRT 0x00000000 (SIZE: 0x00400000, COL: 0x000000ff, extra: 0x0000000000000000)
1790342979.306765 [MG] Initializing memguard on CPU 3
1790342979.306782 [COL] Result: 0
1790342979.306804 Cell "rt-bench" can be loaded
1790342979.306856 [COL] Colored OP 2: PHYS 0x30000000 -> VIRT 0x00000000 (SIZE: 0x00400000, COL: 0x000000ff, extra: 0x0000000000000000)
1790342979.306876 [COL] Result: 0
1790342979.306928 [COL] Colored OP 4: PHYS 0x30000000 -> VIRT 0x00000000 (SIZE: 0x00400000, COL: 0x000000ff, extra: 0x0000000000000001)
1790342979.306947 [COL] Result: 0
1790342979.306967 Started cell "rt-bench"
1790342979.306991 [MG] Initializing memguard on CPU 3
1790342979.307021 rt-bench: ws 768 KB, 1024 loads/period, window 1000
1790342980.344652 W 0 lat 333 462 1037 0 exe 24351 36129 149333 resp 149907 40 pmu 1023676 138659 8259675 5307591 61152655
1790342981.280643 W 1 lat 296 314 944 0 exe 16944 26629 161851 resp 162555 25 pmu 1023468 118613 8259798 7567128 67451411
1790342982.320614 W 2 lat 296 296 333 0 exe 16851 19425 46851 resp 47166 0 pmu 1023720 38498 8261916 7606882 49429296
1790342983.360647 W 3 lat 296 296 611 0 exe 16962 22611 123629 resp 124055 7 pmu 1023664 75205 8261982 6415160 57188808
1790342984.296626 W 4 lat 296 296 333 0 exe 17018 20277 64407 resp 64740 0 pmu 1023657 48226 8264950 7201343 51249874
1790342985.337259 W 5 lat 296 296 611 0 exe 17240 22222 112370 resp 112685 7 pmu 1023609 71071 8260112 6595846 56370722
1790342986.376644 W 6 lat 296 296 851 0 exe 16962 22944 115518 resp 115851 16 pmu 1023522 78941 8264659 7087647 59242277
1790342987.312641 W 7 lat 296 296 407 0 exe 16907 22481 116333 resp 116648 7 pmu 1023658 74035 8262660 7122837 57370878
1790342988.352615 W 8 lat 296 296 333 0 exe 16925 19296 47055 resp 47370 0 pmu 1023684 37358 8263484 7126031 48866781
1790342989.288641 W 9 lat 296 296 444 0 exe 16870 21814 114203 resp 114629 7 pmu 1023588 66436 8263346 6416978 55242512
1790342990.328614 W 10 lat 296 296 333 0 exe 16981 19425 47999 resp 48314 0 pmu 1023721 38572 8260892 7101844 49126294
1790342991.368640 W 11 lat 296 296 425 0 exe 17111 21629 116629 resp 116962 6 pmu 1023646 64039 8260602 6427238 54816800
1790342992.304617 W 12 lat 296 296 333 0 exe 16925 19574 56537 resp 56833 0 pmu 1023727 40115 8258384 7125774 49492233
1790342993.344643 W 13 lat 296 296 629 0 exe 16759 21907 119574 resp 119888 7 pmu 1023638 67595 8261446 6513156 55632995
1790342994.280614 W 14 lat 296 296 333 0 exe 17111 19148 51518 resp 51833 0 pmu 1023678 35243 8261568 7156077 48470277
1790342995.320640 W 15 lat 296 296 444 0 exe 17111 21685 125462 resp 125796 7 pmu 1023622 63920 8260551 6461772 54897764
1790342996.360615 W 16 lat 296 296 333 0 exe 16870 19092 42999 resp 43314 0 pmu 1023713 34543 8263927 7214654 48349619
1790342997.296643 W 17 lat 296 296 425 0 exe 16833 22425 113888 resp 114203 7 pmu 1023612 73370 8260424 6375111 56734150
1790342998.336626 W 18 lat 296 296 333 0 exe 16999 19518 42962 resp 43277 0 pmu 1023720 39350 8261248 7100891 49344450
1790342999.380638 W 19 lat 296 296 499 0 exe 16962 21740 118888 resp 119185 6 pmu 1023682 65567 8264293 6377423 55103299
1790343000.316616 W 20 lat 296 296 333 0 exe 17055 19222 45703 resp 46018 0 pmu 1023765 36049 8263324 7148561 48613295
1790343001.356638 W 21 lat 296 296 851 0 exe 16944 21444 136444 resp 137296 6 pmu 1023623 61730 8260988 6403648 54307987
1790343002.292622 W 22 lat 296 296 333 0 exe 17185 19499 42240 resp 42555 0 pmu 1023700 39284 8265253 7327003 49442779
1790343003.332656 W 23 lat 296 296 388 0 exe 16981 21388 115129 resp 115462 7 pmu 1023608 61485 8259658 6371074 54123881
1790343004.372627 W 24 lat 296 296 388 0 exe 17129 19611 48129 resp 48462 0 pmu 1023696 40497 8258100 7108802 49555390
1790343005.308641 W 25 lat 296 296 425 0 exe 16981 21796 120074 resp 120499 6 pmu 1023567 65908 8255801 6430525 55196838
1790343006.348616 W 26 lat 296 296 333 0 exe 16851 19259 42129 resp 42444 0 pmu 1023742 36618 8256784 7160965 48755688
1790343007.284637 W 27 lat 296 296 425 0 exe 17037 21370 144740 resp 145092 6 pmu 1023697 60570 8257629 6367189 54076699
1790343008.324619 W 28 lat 296 296 333 0 exe 16888 19111 43722 resp 44055 0 pmu 1023659 34557 8260336 7405541 48530476
1790343009.364638 W 29 lat 296 296 648 0 exe 17055 21796 118962 resp 119611 8 pmu 1023618 65897 8261665 6382564 55149412
1790343010.300628 W 30 lat 296 296 333 0 exe 17037 19407 43277 resp 43592 0 pmu 1023704 38321 8262584 7152548 49126761
1790343011.340640 W 31 lat 296 296 425 0 exe 17111 21407 115499 resp 115814 7 pmu 1023647 61693 8261846 6380281 54201913
1790343012.380620 W 32 lat 296 296 333 0 exe 16851 19314 47814 resp 48129 0 pmu 1023659 37038 8263280 7113285 48831944
1790343013.316642 W 33 lat 296 296 425 0 exe 16777 21722 119370 resp 119685 6 pmu 1023641 65246 8259578 6424193 54988494
1790343014.356617 W 34 lat 296 296 333 0 exe 17018 19259 43611 resp 43907 0 pmu 1023735 36297 8255456 7152121 48727264
1790343015.292641 W 35 lat 296 296 407 0 exe 16944 21851 113499 resp 113870 6 pmu 1023673 66561 8256992 6382720 55232212
1790343016.332623 W 36 lat 296 296 333 0 exe 16944 19296 49166 resp 49499 0 pmu 1023708 37124 8258412 7094970 48799821
1790343017.372638 W 37 lat 296 296 611 0 exe 16814 21703 112888 resp 113203 7 pmu 1023610 64968 8261041 6438308 54953532
1790343018.308615 W 38 lat 296 296 333 0 exe 16907 19222 42666 resp 42962 0 pmu 1023698 36272 8265623 7088083 48617523
1790343019.348638 W 39 lat 296 296 425 0 exe 16944 21462 121777 resp 122111 7 pmu 1023589 62362 8263200 6372543 54347174
1790343020.284624 W 40 lat 296 296 333 0 exe 17111 19499 43629 resp 43944 0 pmu 1023772 39296 8258340 7175715 49344656
1790343021.324643 W 41 lat 296 296 574 0 exe 16851 21592 111296 resp 111870 6 pmu 1023707 63830 8257700 6384698 54603719
1790343022.364626 W 42 lat 296 296 333 0 exe 16925 19425 43407 resp 43740 0 pmu 1023750 38456 8260504 7073022 49088951
1790343023.300641 W 43 lat 296 296 481 0 exe 17055 21592 117685 resp 117999 7 pmu 1023626 63928 8262962 6381093 54659377
1790343024.340622 W 44 lat 296 296 333 0 exe 16981 19203 46074 resp 46388 0 pmu 1023673 36108 8260532 7136321 48608989
1790343025.380640 W 45 lat 296 296 425 0 exe 17148 21592 117648 resp 117999 6 pmu 1023582 63617 8257704 6406902 54651834
1790343026.316617 W 46 lat 296 296 333 0 exe 16722 19222 45499 resp 45814 0 pmu 1023605 36336 8260976 7136235 48694600
1790343027.360639 W 47 lat 296 296 481 0 exe 17074 21592 134481 resp 134796 7 pmu 1023627 63190 8261864 6400028 54638232
1790343028.296625 W 48 lat 296 296 333 0 exe 17166 19555 44518 resp 44833 0 pmu 1023695 40043 8263316 7304189 49568147
1790343029.336641 W 49 lat 296 296 518 0 exe 16833 21722 120111 resp 120407 7 pmu 1023628 65302 8263513 6394083 54971590
1790343030.376619 W 50 lat 296 296 333 0 exe 16851 19370 45462 resp 45759 0 pmu 1023700 37873 8254908 7159949 49069682
1790343031.316637 W 51 lat 296 296 407 0 exe 17185 21592 118240 resp 118648 6 pmu 1023601 63654 8256648 6400983 54736415
1790343032.356617 W 52 lat 296 296 333 0 exe 16999 19388 42981 resp 43296 0 pmu 1023725 37683 8257870 7142405 49021995
1790343033.292638 W 53 lat 296 296 444 0 exe 17148 21703 128796 resp 129203 7 pmu 1023635 64605 8258358 6377091 54919931
1790343034.332627 W 54 lat 296 296 333 0 exe 16814 19203 41092 resp 41425 0 pmu 1023682 35646 8261480 7248628 48651568
1790343035.372639 W 55 lat 296 296 499 0 exe 16925 21518 110592 resp 111092 5 pmu 1023630 62800 8262371 6356287 54415672
1790343036.308619 W 56 lat 296 296 333 0 exe 17166 19370 46462 resp 46759 0 pmu 1023748 37550 8263073 7065186 48916902
1790343037.348640 W 57 lat 296 296 333 0 exe 17037 21481 118759 resp 119074 5 pmu 1023614 62377 8260291 6412605 54436159
1790343038.284614 W 58 lat 296 296 333 0 exe 16666 19055 40666 resp 40981 0 pmu 1023697 34202 8261416 7145556 48252097
1790343039.328638 W 59 lat 296 296 851 0 exe 16648 21388 134055 resp 134611 6 pmu 1023619 60828 8258116 6350555 54113079
1790343040.368639 W 60 lat 296 296 333 0 exe 17222 19407 41925 resp 42240 0 pmu 1023665 38126 8263191 7299816 49201289
1790343041.304640 W 61 lat 296 296 1074 0 exe 16833 21555 114722 resp 115037 7 pmu 1023658 63111 8260718 6367589 54533213
1790343042.344618 W 62 lat 296 296 333 0 exe 16962 19462 45592 resp 45907 0 pmu 1023683 38969 8265956 7108254 49206069
1790343043.280642 W 63 lat 296 296 425 0 exe 16759 21499 120648 resp 120981 6 pmu 1023624 62651 8260488 6403411 54506854
1790343044.320617 W 64 lat 296 296 333 0 exe 17092 19314 42388 resp 42685 0 pmu 1023648 36855 8257624 7163584 48871281
1790343045.360640 W 65 lat 296 296 592 0 exe 17055 21666 134388 resp 134759 5 pmu 1023571 64099 8259237 6371128 54804827
1790343046.296628 W 66 lat 296 296 333 0 exe 16981 19611 45777 resp 46092 0 pmu 1023607 40599 8263132 7304518 49713657
1790343047.336639 W 67 lat 296 296 407 0 exe 17129 21499 116648 resp 116944 7 pmu 1023563 62584 8260912 6406094 54429754
1790343048.376618 W 68 lat 296 296 333 0 exe 17166 19259 45648 resp 45944 0 pmu 1023645 36433 8264864 7125275 48707254
1790343049.312641 W 69 lat 296 296 518 0 exe 17018 21370 118425 resp 118740 6 pmu 1023669 60994 8264073 6403920 54134248
1790343050.352617 W 70 lat 296 296 333 0 exe 16796 19129 39629 resp 39944 0 pmu 1023549 35018 8259624 7142373 48444113
1790343051.288644 W 71 lat 296 296 685 0 exe 16925 21814 134685 resp 134999 7 pmu 1023535 66055 8259403 6341243 55231574
1790343052.328618 W 72 lat 296 296 333 0 exe 17185 19425 45574 resp 45888 0 pmu 1023618 38038 8259168 7307707 49208433
1790343053.368640 W 73 lat 296 296 537 0 exe 16685 21537 109777 resp 110092 6 pmu 1023625 63155 8261856 6404104 54553603
1790343054.304616 W 74 lat 296 296 333 0 exe 17055 19037 44370 resp 44685 0 pmu 1023635 33940 8261860 7055294 48140518
1790343055.348642 W 75 lat 296 296 351 0 exe 17074 21333 122129 resp 122462 7 pmu 1023582 60236 8258852 6389393 54015517
1790343056.284619 W 76 lat 296 296 333 0 exe 17129 19148 43592 resp 43907 0 pmu 1023676 35332 8264640 7178831 48501330
1790343057.324644 W 77 lat 296 296 407 0 exe 16796 22555 134907 resp 135314 6 pmu 1023569 74825 8261011 6382597 57053714
1790343058.364617 W 78 lat 296 296 333 0 exe 16944 19185 43648 resp 43962 0 pmu 1023628 35325 8259631 7312134 48578193
1790343059.300640 W 79 lat 296 296 555 0 exe 16574 21259 111148 resp 111499 6 pmu 1023544 59710 8258955 6382461 53853408
1790343060.340618 W 80 lat 296 296 333 0 exe 16870 19370 48129 resp 48444 0 pmu 1023697 37932 8261928 7067304 48945817
1790343061.380643 W 81 lat 296 296 388 0 exe 16907 21518 120944 resp 121277 7 pmu 1023564 62690 8261585 6427806 54519192
1790343062.316616 W 82 lat 296 296 333 0 exe 17148 20111 57388 resp 57685 0 pmu 1023640 46229 8255988 7167268 50861431
1790343063.356643 W 83 lat 296 296 444 0 exe 17203 21796 128833 resp 129277 7 pmu 1023606 65672 8256805 6525369 55325754
1790343064.292614 W 84 lat 296 296 333 0 exe 16962 19425 50870 resp 51166 0 pmu 1023605 38215 8260936 7250020 49152015
1790343065.332640 W 85 lat 296 296 351 0 exe 17166 21907 125518 resp 125851 7 pmu 1023544 66684 8260890 6455680 55478923
1790343066.372617 W 86 lat 296 296 333 0 exe 17074 19425 49314 resp 49611 0 pmu 1023660 38538 8261124 7216121 49180915
1790343067.308644 W 87 lat 296 296 555 0 exe 17148 21666 115648 resp 116203 6 pmu 1023588 64264 8257742 6440749 54854553
1790343068.348613 W 88 lat 296 296 333 0 exe 16888 19777 51962 resp 52277 0 pmu 1023689 42458 8264272 7118293 49969840
1790343069.284642 W 89 lat 296 296 518 0 exe 16981 21925 115203 resp 115666 7 pmu 1023626 67147 8260690 6468373 55540676
1790343070.324612 W 90 lat 296 296 333 0 exe 17166 19351 50499 resp 50796 0 pmu 1023685 37373 8262620 7113672 48899608
1790343071.364641 W 91 lat 296 296 537 0 exe 16666 21203 117814 resp 118148 6 pmu 1023574 59101 8261850 6452854 53767430
1790343072.300613 W 92 lat 296 296 351 0 exe 17222 19777 47018 resp 47314 0 pmu 1023666 42379 8260268 7133917 50011641
1790343073.340644 W 93 lat 296 296 407 0 exe 17333 21796 125259 resp 125592 7 pmu 1023629 65445 8259576 6420461 55151576
1790343074.380618 W 94 lat 296 296 333 0 exe 16944 19814 51351 resp 51666 0 pmu 1023529 42814 8262312 7214186 50136955
1790343075.320643 W 95 lat 296 296 499 0 exe 17055 21648 109296 resp 109703 7 pmu 1023586 64345 8259995 6462540 54863937
1790343076.360618 W 96 lat 296 296 333 0 exe 16851 19277 47462 resp 47759 0 pmu 1023586 36779 8261464 7053242 48743304
1790343077.296652 W 97 lat 296 296 462 0 exe 16851 21944 120537 resp 120833 6 pmu 1023482 67446 8258160 6420628 55600742
1790343078.336614 W 98 lat 296 296 333 0 exe 17018 19314 52481 resp 52814 0 pmu 1023638 37133 8263880 7165188 48864299
1790343079.376646 W 99 lat 296 296 499 0 exe 17166 21444 124129 resp 124629 7 pmu 1023659 61799 8261769 6471810 54359155
1790343080.312621 W 100 lat 296 296 333 0 exe 16796 19907 52759 resp 53055 0 pmu 1023673 43865 8264405 7201560 50352194
1790343081.352640 W 101 lat 296 296 592 0 exe 17148 21629 114555 resp 114999 6 pmu 1023498 63933 8259750 6476324 54750029
1790343082.288616 W 102 lat 296 296 333 0 exe 16833 20259 54074 resp 54388 0 pmu 1023609 47843 8266008 7106803 51134328
1790343083.332646 W 103 lat 296 296 425 0 exe 17055 21611 114944 resp 115240 6 pmu 1023579 63743 8258410 6491376 54753864
1790343084.372616 W 104 lat 296 296 351 0 exe 17092 19611 50462 resp 50777 0 pmu 1023647 40361 8260024 7108495 49551328
1790343085.308658 W 105 lat 296 296 462 0 exe 17148 21648 125351 resp 125814 7 pmu 1023612 64549 8256249 6453440 54934317
1790343086.348624 W 106 lat 296 296 333 0 exe 16851 19759 55314 resp 55629 0 pmu 1023677 42242 8263669 7214228 49993343
1790343087.284653 W 107 lat 296 296 537 0 exe 17259 22703 117166 resp 117703 7 pmu 1023610 76924 8262945 6501603 57505457
1790343088.324616 W 108 lat 296 296 333 0 exe 16888 19611 52185 resp 52481 0 pmu 1023644 40762 8261505 7139063 49624678
1790343089.364640 W 109 lat 296 296 555 0 exe 16648 21388 110203 resp 110518 6 pmu 1023554 61433 8258072 6469520 54220260
1790343090.300612 W 110 lat 296 296 333 0 exe 16759 19574 49666 resp 49981 0 pmu 1023614 39793 8259785 7058535 49397638
1790343091.340646 W 111 lat 296 296 462 0 exe 17148 21425 121518 resp 121981 7 pmu 1023588 61545 8259449 6443866 54350157
1790343092.380620 W 112 lat 296 296 333 0 exe 17129 20518 53388 resp 53703 0 pmu 1023575 50879 8265387 7174777 51822518
1790343093.316653 W 113 lat 296 296 444 0 exe 17037 21370 128129 resp 128574 7 pmu 1023575 60924 8260479 6487523 54212472
1790343094.356613 W 114 lat 296 296 333 0 exe 17129 20092 63537 resp 63833 0 pmu 1023709 46220 8266630 7239913 50835529
1790343095.296650 W 115 lat 296 296 518 0 exe 17037 20999 110166 resp 110499 7 pmu 1023550 56757 8258644 6586679 53366659
1790343096.336614 W 116 lat 296 296 351 0 exe 17148 19851 56111 resp 56444 0 pmu 1023632 43030 8258956 7058395 50097374
1790343097.376642 W 117 lat 296 296 388 0 exe 17111 21018 112851 resp 113185 6 pmu 1023605 56698 8256051 6511575 53323781
1790343098.312621 W 118 lat 296 296 333 0 exe 17129 20574 52518 resp 52814 0 pmu 1023694 51857 8266071 7084836 51917778
1790343099.352654 W 119 lat 296 296 611 0 exe 16944 20611 117351 resp 117759 6 pmu 1023549 52256 8261345 6478964 52390751
1790343100.288615 W 120 lat 296 296 333 0 exe 16944 20092 55925 resp 56222 0 pmu 1023680 46449 8262717 7128572 50785863
1790343101.328652 W 121 lat 296 296 407 0 exe 17037 20333 123740 resp 124074 7 pmu 1023554 48445 8261742 6509661 51580409
1790343102.368615 W 122 lat 296 296 351 0 exe 16851 20870 88018 resp 88333 0 pmu 1023681 55568 8264569 7190016 52746517
1790343103.304652 W 123 lat 296 296 537 0 exe 17240 19962 115111 resp 115574 7 pmu 1023629 44224 8261806 6834169 50866608
1790343104.344621 W 124 lat 296 296 333 0 exe 17166 21444 94907 resp 95203 0 pmu 1023646 62413 8260184 7104232 54078533
1790343105.280785 W 125 lat 296 296 518 0 exe 17018 19925 108481 resp 108814 2 pmu 1023650 44047 8262760 6907233 50571761
1790343106.320639 W 126 lat 296 296 444 0 exe 17203 21351 113796 resp 114222 5 pmu 1023611 60757 8260517 7035856 54056296
1790343107.360654 W 127 lat 296 296 333 0 exe 16851 20111 69240 resp 69555 0 pmu 1023643 46497 8260249 7097210 50804545
1790343108.296615 W 128 lat 296 296 574 0 exe 17018 21888 115740 resp 116259 7 pmu 1023560 67218 8263456 6642442 55653929
1790343109.336649 W 129 lat 296 296 333 0 exe 17111 19333 38185 resp 38518 0 pmu 1023623 37063 8259200 7119571 48825213
1790343110.376623 W 130 lat 296 296 629 0 exe 16944 22129 129518 resp 129833 7 pmu 1023622 69136 8264280 6329387 55925695
1790343111.312646 W 131 lat 296 296 333 0 exe 17074 19259 45074 resp 45407 0 pmu 1023668 36355 8262464 7257452 48778612
1790343112.352619 W 132 lat 296 296 629 0 exe 17296 21981 115314 resp 115944 7 pmu 1023623 67819 8260852 6397888 55609747
1790343113.288614 W 133 lat 296 296 333 0 exe 17203 19740 47629 resp 47944 0 pmu 1023653 42170 8257684 7118074 49924751
1790343114.328643 W 134 lat 296 296 537 0 exe 17074 21722 121203 resp 121537 7 pmu 1023617 65125 8263968 6426375 55075933
1790343115.368651 W 135 lat 296 296 333 0 exe 17092 19166 48222 resp 48537 0 pmu 1023596 35490 8263296 7172594 48494795
1790343116.304625 W 136 lat 296 296 425 0 exe 17277 22185 118666 resp 118981 6 pmu 1023559 70660 8266548 6428925 56203586
1790343117.344649 W 137 lat 296 296 333 0 exe 16703 20222 69814 resp 70129 0 pmu 1023634 47944 8261432 7149907 51171008
1790343118.280618 W 138 lat 296 296 444 0 exe 16999 22018 113870 resp 114240 7 pmu 1023562 68132 8260881 6647998 55837146
1790343119.320613 W 139 lat 296 296 351 0 exe 17129 19277 42129 resp 42425 0 pmu 1023680 36706 8260692 7099965 48709608
1790343120.360640 W 140 lat 296 296 629 0 exe 17222 21611 113407 resp 113722 6 pmu 1023613 63627 8259724 6368658 54740671
1790343121.296613 W 141 lat 296 296 333 0 exe 16870 19537 51444 resp 51759 0 pmu 1023670 39781 8258885 7095121 49402862
1790343122.336642 W 142 lat 296 296 425 0 exe 17018 22222 116685 resp 117074 7 pmu 1023574 70808 8263146 6461805 56329004
1790343123.376649 W 143 lat 296 296 333 0 exe 17277 19518 52888 resp 53203 0 pmu 1023685 39697 8261432 7129164 49365711
1790343124.312616 W 144 lat 296 296 999 0 exe 16981 21499 112759 resp 113759 7 pmu 1023580 62320 8261532 6478243 54451142
1790343125.352648 W 145 lat 296 296 333 0 exe 17055 19018 38925 resp 39240 0 pmu 1023618 33655 8258728 7092123 48060953
1790343126.288633 W 146 lat 296 296 425 0 exe 16962 21518 115611 resp 115944 7 pmu 1023547 62707 8263897 6334875 54446181
1790343127.328618 W 147 lat 296 296 351 0 exe 16944 20111 74888 resp 75203 0 pmu 1023590 46451 8261072 7114521 50792140
1790343128.368657 W 148 lat 296 296 518 0 exe 16833 21777 116592 resp 117111 6 pmu 1023556 65653 8263127 6699433 55318016
1790343129.304615 W 149 lat 296 296 388 0 exe 16481 19370 57666 resp 57962 0 pmu 1023647 37839 8261896 7126386 48984785
1790343130.344637 W 150 lat 296 296 685 0 exe 16944 21740 115370 resp 115796 6 pmu 1023597 65282 8260688 6521636 55061982
1790343131.280614 W 151 lat 296 296 333 0 exe 16888 19277 50499 resp 50814 0 pmu 1023635 36556 8257748 7114865 48735005
1790343132.324640 W 152 lat 296 296 444 0 exe 17222 21962 117222 resp 117574 8 pmu 1023565 67477 8260125 6451211 55558355
1790343133.364615 W 153 lat 296 296 333 0 exe 16759 19555 53870 resp 54185 0 pmu 1023623 39925 8260988 7134288 49438895
1790343134.300642 W 154 lat 296 296 666 0 exe 17129 21518 119574 resp 119925 6 pmu 1023590 62424 8262824 6485687 54554790
1790343135.340616 W 155 lat 296 296 333 0 exe 16962 19259 50407 resp 50722 0 pmu 1023660 36620 8257412 7156263 48755685
1790343136.380639 W 156 lat 296 296 666 0 exe 16999 21722 124425 resp 125092 6 pmu 1023485 64279 8258340 6450535 54927763
1790343137.316619 W 157 lat 296 296 333 0 exe 16851 19592 49074 resp 49388 0 pmu 1023565 40091 8261288 7206756 49557060
1790343138.360643 W 158 lat 296 296 351 0 exe 17111 21814 111074 resp 111388 8 pmu 1023574 66009 8259337 6438302 55233217
1790343139.296613 W 159 lat 296 296 333 0 exe 16666 19444 54722 resp 55037 0 pmu 1023694 38642 8260504 7070724 49115400
1790343140.336642 W 160 lat 296 296 444 0 exe 17111 21518 119722 resp 120037 7 pmu 1023554 62567 8260924 6493053 54587274
1790343141.376616 W 161 lat 296 296 333 0 exe 17166 19462 50111 resp 50425 0 pmu 1023654 38822 8263852 7156271 49223052
1790343142.312640 W 162 lat 296 296 425 0 exe 17314 21833 142296 resp 142611 6 pmu 1023589 65466 8261480 6449486 55230182
1790343143.352616 W 163 lat 296 296 333 0 exe 16907 19370 50333 resp 50648 0 pmu 1023615 37395 8260352 7384477 49100745
1790343144.288640 W 164 lat 296 296 499 0 exe 16740 21592 113648 resp 113962 7 pmu 1023619 63423 8261332 6450074 54630648
1790343145.328617 W 165 lat 296 296 351 0 exe 17037 19666 50351 resp 50666 0 pmu 1023649 40936 8257041 7094337 49645109
1790343146.368647 W 166 lat 296 296 444 0 exe 17166 21888 119074 resp 119481 8 pmu 1023582 66996 8262053 6452489 55474460
1790343147.304614 W 167 lat 296 296 333 0 exe 16888 19185 52074 resp 52370 0 pmu 1023655 35932 8257280 7152439 48623160
1790343148.344641 W 168 lat 296 296 462 0 exe 17314 22166 117333 resp 117648 7 pmu 1023569 70342 8261732 6466347 56185161
1790343149.280621 W 169 lat 296 296 425 0 exe 17222 19907 51333 resp 51648 0 pmu 1023673 44138 8258376 7136856 50352899
1790343150.320640 W 170 lat 296 296 407 0 exe 16999 21685 111222 resp 111629 7 pmu 1023546 64899 8262693 6464836 54922742
1790343151.360632 W 171 lat 296 296 333 0 exe 16851 19259 51222 resp 51518 0 pmu 1023656 36541 8261248 7071909 48698016
1790343152.296644 W 172 lat 296 296 444 0 exe 16888 22055 128148 resp 128499 6 pmu 1023614 68913 8254447 6457947 55856971
1790343153.336615 W 173 lat 296 296 333 0 exe 16944 19611 49777 resp 50074 0 pmu 1023678 40474 8257516 7242397 49605394
1790343154.380640 W 174 lat 296 296 481 0 exe 17203 21685 116703 resp 117037 7 pmu 1023561 65085 8260888 6445910 54992139
1790343155.316612 W 175 lat 296 296 351 0 exe 17203 19425 48203 resp 48518 0 pmu 1023669 38443 8258744 7127668 49118356
1790343156.356642 W 176 lat 296 296 574 0 exe 16833 21555 112129 resp 112444 7 pmu 1023568 63282 8264481 6430594 54603260
1790343157.292617 W 177 lat 296 296 333 0 exe 16999 19740 47240 resp 47555 0 pmu 1023641 42176 8261240 7079783 49887191
1790343158.332640 W 178 lat 296 296 481 0 exe 17222 21722 117740 resp 118055 8 pmu 1023599 64964 8259431 6421517 54990942
1790343159.372616 W 179 lat 296 296 333 0 exe 17222 19277 49518 resp 49833 0 pmu 1023653 36740 8262360 7138219 48745440
1790343160.312639 W 180 lat 296 296 462 0 exe 16796 21740 119518 resp 119944 6 pmu 1023569 65352 8269026 6443048 55091214
1790343161.352616 W 181 lat 296 296 333 0 exe 17037 19648 53314 resp 53611 0 pmu 1023611 40947 8260200 7154396 49659894
1790343162.288643 W 182 lat 296 296 629 0 exe 16999 22092 134777 resp 135222 7 pmu 1023588 68976 8258367 6481761 55956166
1790343163.328616 W 183 lat 296 296 333 0 exe 16777 19222 48870 resp 49185 0 pmu 1023661 36103 8262134 7310944 48741686
1790343164.368643 W 184 lat 296 296 537 0 exe 17574 21851 112277 resp 112814 7 pmu 1023641 66555 8264335 6434020 55336765
1790343165.304618 W 185 lat 296 296 333 0 exe 17129 19574 44925 resp 45240 0 pmu 1023603 40262 8256884 7087478 49511648
1790343166.344640 W 186 lat 296 296 518 0 exe 16870 22074 117074 resp 117407 7 pmu 1023580 68834 8261838 6398068 55880173
1790343167.280612 W 187 lat 296 296 333 0 exe 16685 19092 45759 resp 46092 0 pmu 1023651 34715 8261096 7131843 48332913
1790343168.324644 W 188 lat 296 296 666 0 exe 17092 21851 120555 resp 121222 7 pmu 1023560 66252 8258708 6401905 55389530
1790343169.364618 W 189 lat 296 296 333 0 exe 17148 19537 50499 resp 50814 0 pmu 1023610 39747 8259157 7168988 49419992
1790343170.300641 W 190 lat 296 296 574 0 exe 17203 22037 139777 resp 140092 7 pmu 1023475 67878 8260405 6453830 55777198
1790343171.340613 W 191 lat 296 296 333 0 exe 17240 19148 49277 resp 49611 0 pmu 1023564 35286 8256058 7360674 48594278
1790343172.384618 W 192 lat 296 296 703 0 exe 17074 22037 110759 resp 111462 7 pmu 1023646 68680 8261453 6440181 55788380
1790343173.320619 W 193 lat 296 296 333 0 exe 16907 19592 46166 resp 46481 0 pmu 1023712 40534 8261194 7072266 49505549
1790343174.360643 W 194 lat 296 296 425 0 exe 17055 21888 112907 resp 113222 6 pmu 1023566 66817 8260091 6409490 55384863
1790343175.296613 W 195 lat 296 296 333 0 exe 17240 19240 53222 resp 53537 0 pmu 1023611 36368 8253352 7089567 48662891
1790343176.336642 W 196 lat 296 296 425 0 exe 17148 21648 119925 resp 120277 7 pmu 1023594 63946 8259007 6479964 54889007
1790343177.376619 W 197 lat 296 296 333 0 exe 16981 20388 62333 resp 62629 0 pmu 1023614 49866 8258300 7159362 51559515
1790343178.312639 W 198 lat 296 296 555 0 exe 17129 21962 113148 resp 113481 7 pmu 1023544 67780 8262704 6575440 55679839
1790343179.352620 W 199 lat 296 296 351 0 exe 17018 19666 49962 resp 50277 0 pmu 1023503 40971 8258320 7093596 49683701
1790343180.288640 W 200 lat 296 296 499 0 exe 16833 21833 109722 resp 110055 7 pmu 1023567 66690 8263010 6448481 55332195
1790343181.328616 W 201 lat 296 296 333 0 exe 17018 19425 51555 resp 51870 0 pmu 1023585 38281 8261424 7056760 49042937
1790343182.368642 W 202 lat 296 296 537 0 exe 17351 22555 115018 resp 115333 7 pmu 1023525 74333 8260595 6463013 57137593
1790343183.304613 W 203 lat 296 296 333 0 exe 16925 19074 52351 resp 52666 0 pmu 1023652 34524 8260720 7116139 48248973
1790343184.344643 W 204 lat 296 296 481 0 exe 17055 22018 138259 resp 138592 7 pmu 1023630 67981 8262418 6468813 55734762
1790343185.280623 W 205 lat 296 296 333 0 exe 17018 19537 53388 resp 53703 0 pmu 1023620 39878 8264637 7344163 49562935
1790343186.320639 W 206 lat 296 296 592 0 exe 17166 21703 109777 resp 110092 7 pmu 1023581 64670 8262744 6482057 54962799
1790343187.360612 W 207 lat 296 296 333 0 exe 16925 19092 46925 resp 47240 0 pmu 1023641 34700 8265400 7058875 48260534
1790343188.296640 W 208 lat 296 296 407 0 exe 17055 21703 120203 resp 120537 8 pmu 1023607 64658 8262975 6414576 55017987
1790343189.336619 W 209 lat 296 296 333 0 exe 16814 19611 51333 resp 51629 0 pmu 1023664 40706 8257668 7161659 49573162
1790343190.376641 W 210 lat 296 296 537 0 exe 17129 22074 113759 resp 114074 7 pmu 1023530 68956 8257479 6460741 55891411
1790343191.312613 W 211 lat 296 296 333 0 exe 17185 19240 47888 resp 48203 0 pmu 1023692 36408 8260640 7100042 48650795
1790343192.352642 W 212 lat 296 296 537 0 exe 16962 21722 119055 resp 119592 6 pmu 1023550 65090 8259748 6426154 55048039
1790343193.288620 W 213 lat 296 296 333 0 exe 16574 19388 48814 resp 49111 0 pmu 1023641 38200 8262623 7151453 49054905
1790343194.328642 W 214 lat 296 296 611 0 exe 17203 22240 132277 resp 132888 6 pmu 1023579 70655 8262820 6433061 56254921
1790343195.368614 W 215 lat 296 296 333 0 exe 16740 19203 51796 resp 52111 0 pmu 1023666 35864 8263284 7288162 48672482
1790343196.304642 W 216 lat 296 296 555 0 exe 17037 21555 116851 resp 117166 7 pmu 1023601 63228 8266588 6462994 54614438
1790343197.344615 W 217 lat 296 296 333 0 exe 16962 19370 49629 resp 49944 0 pmu 1023696 37860 8265500 7128026 48983444
1790343198.384642 W 218 lat 296 296 537 0 exe 17111 22018 113296 resp 113611 5 pmu 1023592 68455 8260228 6443301 55771434
1790343199.320619 W 219 lat 296 296 351 0 exe 17074 19574 65129 resp 65444 0 pmu 1023654 40243 8260884 7094912 49468726
1790343200.360643 W 220 lat 296 296 518 0 exe 17055 21777 120277 resp 120592 7 pmu 1023528 65880 8259648 6599952 55319057
1790343201.296616 W 221 lat 296 296 333 0 exe 16685 19537 51888 resp 52203 0 pmu 1023555 39503 8257860 7163308 49358858
1790343202.340640 W 222 lat 296 296 759 0 exe 17203 22259 127425 resp 128185 6 pmu 1023632 70862 8262603 6465343 56320537
1790343203.380613 W 223 lat 296 296 333 0 exe 17055 19129 51296 resp 51592 0 pmu 1023649 35014 8260076 7241307 48462349
1790343204.316641 W 224 lat 296 296 425 0 exe 17129 21685 116407 resp 116722 7 pmu 1023590 64217 8262500 6459058 54864010
1790343205.356626 W 225 lat 296 296 333 0 exe 16592 19462 49074 resp 49388 0 pmu 1023671 38728 8259532 7123872 49211388
1790343206.292642 W 226 lat 296 296 574 0 exe 17148 22314 112888 resp 113222 7 pmu 1023587 72001 8264551 6436371 56466588
1790343207.332615 W 227 lat 296 296 333 0 exe 16907 19481 50537 resp 50870 0 pmu 1023670 38892 8261892 7092867 49194039
1790343208.372643 W 228 lat 296 296 462 0 exe 17055 21870 115685 resp 116018 6 pmu 1023605 66823 8259978 6452738 55467265
1790343209.308620 W 229 lat 296 296 333 0 exe 17111 19611 51555 resp 51870 0 pmu 1023757 40837 8259084 7117671 49580595
1790343210.348644 W 230 lat 296 296 499 0 exe 16833 22351 128925 resp 129296 7 pmu 1023588 72220 8261790 6464509 56573766
1790343211.284621 W 231 lat 296 296 333 0 exe 16666 19555 54166 resp 54481 0 pmu 1023586 39831 8258016 7251746 49495226
1790343212.324641 W 232 lat 296 296 481 0 exe 16555 22277 110814 resp 111148 7 pmu 1023568 71538 8260785 6488155 56427764
1790343213.364616 W 233 lat 296 296 333 0 exe 17203 19462 50629 resp 50925 0 pmu 1023618 38840 8259449 7068555 49164036
1790343214.300644 W 234 lat 296 296 425 0 exe 17259 22203 116444 resp 116759 7 pmu 1023565 70839 8259535 6454812 56285109
1790343215.340616 W 235 lat 296 296 333 0 exe 16703 19277 45037 resp 45351 0 pmu 1023636 36721 8260904 7127626 48792942
1790343216.380641 W 236 lat 296 296 425 0 exe 17148 21907 129592 resp 129907 7 pmu 1023611 67282 8266728 6395678 55541214
1790343217.316617 W 237 lat 296 296 333 0 exe 16759 19999 66148 resp 66462 0 pmu 1023634 44863 8262912 7257123 50587187
1790343218.356641 W 238 lat 296 296 444 0 exe 17055 22166 138592 resp 139037 6 pmu 1023615 69379 8259215 6610740 56182082
1790343219.292614 W 239 lat 296 296 333 0 exe 17037 19333 45129 resp 45444 0 pmu 1023574 37132 8258108 7348627 48985376
1790343220.332642 W 240 lat 296 296 499 0 exe 17092 22166 120203 resp 120537 7 pmu 1023549 69812 8258834 6398540 56050909
1790343221.372615 W 241 lat 296 296 333 0 exe 17055 19444 53592 resp 53907 0 pmu 1023566 38595 8259332 7164535 49180290
1790343222.308640 W 242 lat 296 296 666 0 exe 17333 22166 114981 resp 115296 9 pmu 1023645 69875 8262343 6483774 56132644
1790343223.348617 W 243 lat 296 296 333 0 exe 17111 19759 50111 resp 50407 0 pmu 1023661 42463 8261732 7114474 49961131
1790343224.284639 W 244 lat 296 296 870 0 exe 17240 21777 120037 resp 120462 6 pmu 1023577 65356 8262383 6450609 55175701
1790343225.324614 W 245 lat 296 296 407 0 exe 17074 19999 47277 resp 47574 0 pmu 1023658 44916 8260332 7164095 50546154
1790343226.364640 W 246 lat 296 296 888 0 exe 17259 22185 130296 resp 130629 8 pmu 1023590 69561 8260412 6423842 56080339
1790343227.300613 W 247 lat 296 296 333 0 exe 16944 19351 52999 resp 53296 0 pmu 1023647 37449 8258328 7268358 49051785
1790343228.340639 W 248 lat 296 296 425 0 exe 16851 21722 118203 resp 118537 7 pmu 1023613 64462 8259519 6476840 54971475
1790343229.380620 W 249 lat 296 296 333 0 exe 17037 20222 48092 resp 48407 0 pmu 1023594 47654 8255586 7140874 51127173
1790343230.320638 W 250 lat 296 296 388 0 exe 17481 22185 124388 resp 124703 7 pmu 1023607 70119 8260240 6432525 56143371
1790343231.360614 W 251 lat 296 296 333 0 exe 17166 19351 44351 resp 44666 0 pmu 1023696 37409 8260580 7207770 48977273
1790343232.296640 W 252 lat 296 296 1037 0 exe 17129 21962 124092 resp 125129 7 pmu 1023573 67667 8260339 6391530 55593594
1790343233.336652 W 253 lat 296 296 962 0 exe 16962 24962 126759 resp 127074 21 pmu 1023579 102540 8263611 7209089 64223497
1790343234.376640 W 254 lat 296 296 592 0 exe 17407 23333 113351 resp 113796 8 pmu 1023566 84017 8265374 7245887 59509935
1790343235.312615 W 255 lat 296 296 351 0 exe 16999 19259 47185 resp 47481 0 pmu 1023572 36494 8256965 7104667 48691798
1790343236.352667 W 256 lat 296 296 814 0 exe 16981 21611 139462 resp 140277 7 pmu 1023500 63475 8257990 6418644 54714664
1790343237.288627 W 257 lat 296 296 333 0 exe 16833 20499 82148 resp 82462 0 pmu 1023667 51097 8262640 7357906 51917230
1790343238.328640 W 258 lat 296 296 425 0 exe 17037 21703 114796 resp 115222 7 pmu 1023583 64783 8264402 6773490 55167948
1790343239.368626 W 259 lat 296 296 481 0 exe 17129 20351 53203 resp 53518 0 pmu 1023666 49304 8266104 7108136 51409350
1790343240.304642 W 260 lat 296 296 462 0 exe 17296 22074 118203 resp 118518 7 pmu 1023579 69141 8265864 6485357 55987061
1790343241.344630 W 261 lat 296 296 407 0 exe 17074 19907 53462 resp 53777 0 pmu 1023668 44386 8266577 7144956 50321565
1790343242.384640 W 262 lat 296 296 462 0 exe 17018 22240 122592 resp 123018 7 pmu 1023591 70620 8261843 6485394 56301880
1790343243.320649 W 263 lat 296 296 574 0 exe 16925 21444 107740 resp 108129 5 pmu 1023576 62048 8263875 7188649 54486766
1790343244.360644 W 264 lat 296 296 518 0 exe 17203 22518 123518 resp 123833 8 pmu 1023580 74085 8261603 7036331 57405840
1790343245.296617 W 265 lat 296 296 351 0 exe 16999 19925 61777 resp 62092 0 pmu 1023608 44151 8254108 7199977 50435681
1790343246.336640 W 266 lat 296 296 537 0 exe 17370 21999 120592 resp 120981 6 pmu 1023560 67761 8257255 6567871 55740391
1790343247.376617 W 267 lat 296 296 351 0 exe 16833 19351 47425 resp 47740 0 pmu 1023591 37206 8260915 7169688 48952243
1790343248.312642 W 268 lat 296 296 481 0 exe 17148 21425 112574 resp 113037 7 pmu 1023535 61498 8260836 6420641 54228116
1790343249.352618 W 269 lat 296 296 333 0 exe 17037 19944 46777 resp 47092 0 pmu 1023628 44196 8259120 7085386 50353465
1790343250.292638 W 270 lat 296 296 499 0 exe 16962 21833 114740 resp 115240 6 pmu 1023603 66314 8259581 6418088 55291169
1790343251.332618 W 271 lat 296 296 351 0 exe 17148 20074 45240 resp 45537 0 pmu 1023670 45829 8259392 7108448 50706037
1790343252.372642 W 272 lat 296 296 518 0 exe 17166 21944 119407 resp 119814 7 pmu 1023583 67491 8261458 6403771 55587743
1790343253.308622 W 273 lat 296 296 333 0 exe 16814 19462 46981 resp 47296 0 pmu 1023611 38632 8261328 7156491 49213494
1790343254.348643 W 274 lat 296 296 555 0 exe 17444 21944 118185 resp 118499 7 pmu 1023595 67444 8261596 6416525 55542484
1790343255.284616 W 275 lat 296 296 333 0 exe 16944 19518 52925 resp 53240 0 pmu 1023668 39435 8262512 7145365 49353817
1790343256.324642 W 276 lat 296 296 425 0 exe 16962 21944 108537 resp 108962 6 pmu 1023595 67826 8261855 6476940 55594639
1790343257.364617 W 277 lat 296 296 351 0 exe 17166 19666 40703 resp 41018 0 pmu 1023685 41036 8263272 7046446 49660498
1790343258.300641 W 278 lat 296 296 407 0 exe 17129 22148 121425 resp 121777 7 pmu 1023617 69832 8262623 6356616 56059383
1790343259.340618 W 279 lat 296 296 333 0 exe 17203 19537 49166 resp 49481 0 pmu 1023665 39590 8262584 7176663 49423209
1790343260.380639 W 280 lat 296 296 444 0 exe 17111 21796 119018 resp 119351 7 pmu 1023615 65755 8261258 6440801 55226198
1790343261.316623 W 281 lat 296 296 333 0 exe 17074 20129 53518 resp 53833 0 pmu 1023632 46409 8258796 7150650 50882789
1790343262.356640 W 282 lat 296 296 499 0 exe 17425 22148 111111 resp 111425 6 pmu 1023606 69933 8259320 6486495 56079834
1790343263.292618 W 283 lat 296 296 333 0 exe 17111 20314 47259 resp 47574 0 pmu 1023661 48824 8261436 7075132 51300313
1790343264.332641 W 284 lat 296 296 703 0 exe 17037 21629 110481 resp 110888 8 pmu 1023519 64137 8262889 6424962 54777748
1790343265.376615 W 285 lat 296 296 351 0 exe 16777 19481 44018 resp 44333 0 pmu 1023540 38988 8260861 7065849 49204888
1790343266.312642 W 286 lat 296 296 592 0 exe 16981 22074 121907 resp 122222 7 pmu 1023559 68845 8261717 6386847 55907131
1790343267.352616 W 287 lat 296 296 333 0 exe 17333 19555 45777 resp 46092 0 pmu 1023669 39844 8265224 7181070 49482033
1790343268.288644 W 288 lat 296 296 462 0 exe 17259 21592 118129 resp 118555 6 pmu 1023528 63767 8259573 6407593 54752004
1790343269.328619 W 289 lat 296 296 333 0 exe 16981 20074 51999 resp 52314 0 pmu 1023608 45781 8257508 7142212 50761031
1790343270.368640 W 290 lat 296 296 499 0 exe 17166 21851 118277 resp 118611 6 pmu 1023495 66071 8259605 6470486 55344160
1790343271.304614 W 291 lat 296 296 333 0 exe 17055 19314 46314 resp 46629 0 pmu 1023577 36791 8262512 7144165 48859006
1790343272.344639 W 292 lat 296 296 537 0 exe 17240 21740 109240 resp 109629 8 pmu 1023597 65198 8261744 6410329 55080259
1790343273.384613 W 293 lat 296 296 333 0 exe 17222 19666 46814 resp 47129 0 pmu 1023709 41101 8262967 7054012 49698646
1790343274.320640 W 294 lat 296 296 425 0 exe 17148 21833 122166 resp 122574 7 pmu 1023577 66049 8260892 6417909 55290996
1790343275.360617 W 295 lat 296 296 333 0 exe 16759 19833 49203 resp 49499 0 pmu 1023615 43128 8260554 7182931 50152124
1790343276.296641 W 296 lat 296 296 444 0 exe 17055 22240 125629 resp 126055 7 pmu 1023539 71099 8261594 6440185 56337871
1790343277.336616 W 297 lat 296 296 388 0 exe 16722 19777 47111 resp 47407 0 pmu 1023646 42492 8263172 7219274 50057940
1790343278.376643 W 298 lat 296 296 481 0 exe 17166 21870 116592 resp 116925 8 pmu 1023595 66519 8263397 6419182 55285991
1790343279.312620 W 299 lat 296 296 333 0 exe 17111 19444 50833 resp 51129 0 pmu 1023693 38460 8266172 7127403 49126897
1790343280.352639 W 300 lat 296 296 537 0 exe 17055 21944 117166 resp 117499 7 pmu 1023581 67632 8262664 6456314 55538058
1790343281.288624 W 301 lat 296 296 333 0 exe 16759 20259 48222 resp 48537 0 pmu 1023600 48020 8262245 7133231 51167766
1790343282.328639 W 302 lat 296 296 425 0 exe 17203 21962 119981 resp 120407 6 pmu 1023585 67997 8263061 6432547 55605262
1790343283.368615 W 303 lat 296 296 333 0 exe 16999 19222 45462 resp 45777 0 pmu 1023593 36030 8257488 7162039 48627421
1790343284.304640 W 304 lat 296 296 759 0 exe 17148 21518 121611 resp 122037 6 pmu 1023576 62590 8259908 6401094 54482762
1790343285.344621 W 305 lat 296 296 333 0 exe 16907 19333 51296 resp 51611 0 pmu 1023641 37497 8261512 7177443 48931856
1790343286.384643 W 306 lat 296 296 499 0 exe 17185 25981 119592 resp 119999 28 pmu 1023425 114197 8260035 6459589 67260590
1790343287.320624 W 307 lat 296 296 351 0 exe 17092 20277 49333 resp 49648 0 pmu 1023674 48441 8260608 7178545 51274690
1790343288.360643 W 308 lat 296 296 555 0 exe 17314 21777 123148 resp 123499 8 pmu 1023588 65407 8259558 6445614 55083708
1790343289.296618 W 309 lat 296 296 333 0 exe 16888 19388 50981 resp 51296 0 pmu 1023622 38023 8262044 7193667 49058598
1790343290.336639 W 310 lat 296 296 518 0 exe 16944 21666 116722 resp 117037 8 pmu 1023634 64735 8265372 6456497 54902027
1790343291.376622 W 311 lat 296 296 333 0 exe 16870 19629 48351 resp 48648 0 pmu 1023695 40904 8266362 7126651 49632563
1790343292.316642 W 312 lat 296 296 444 0 exe 17148 21999 119796 resp 120129 6 pmu 1023567 68116 8264561 6431268 55664584
1790343293.360617 W 313 lat 296 296 333 0 exe 16666 19425 47259 resp 47574 0 pmu 1023712 38693 8261028 7159785 49160694
1790343294.300639 W 314 lat 296 296 537 0 exe 17074 21722 126851 resp 127166 6 pmu 1023608 65110 8263076 6418479 54960613
1790343295.340616 W 315 lat 296 296 333 0 exe 16481 19333 49629 resp 49944 0 pmu 1023604 37334 8264305 7228916 48969575
1790343296.380640 W 316 lat 296 296 462 0 exe 16722 21425 115481 resp 115814 7 pmu 1023531 61607 8261046 6440763 54272400
1790343297.316624 W 317 lat 296 296 351 0 exe 17037 20148 65629 resp 65962 0 pmu 1023647 46497 8262360 7111553 50895266
1790343298.356640 W 318 lat 296 296 499 0 exe 17129 21611 114018 resp 114333 6 pmu 1023613 64165 8262359 6607797 54862075
1790343299.292613 W 319 lat 296 296 333 0 exe 17148 19296 49037 resp 49351 0 pmu 1023655 36868 8260049 7100113 48778880
1790343300.332638 W 320 lat 296 296 444 0 exe 17240 21648 120740 resp 121185 7 pmu 1023585 64751 8262687 6437882 54872998
1790343301.372619 W 321 lat 296 296 333 0 exe 16851 19425 49037 resp 49351 0 pmu 1023643 38497 8263500 7168426 49172878
1790343302.308638 W 322 lat 296 296 555 0 exe 16999 22388 127018 resp 127388 7 pmu 1023559 72302 8262225 6437097 56601548
1790343303.348621 W 323 lat 296 296 333 0 exe 16555 19592 52074 resp 52388 0 pmu 1023625 40298 8260520 7233937 49573313
1790343304.284641 W 324 lat 296 296 425 0 exe 17111 21629 113777 resp 114092 7 pmu 1023533 64161 8258062 6466808 54806450
1790343305.324620 W 325 lat 296 296 333 0 exe 16648 19574 53296 resp 53592 0 pmu 1023643 40162 8260502 7097236 49476736
1790343306.364639 W 326 lat 296 296 333 0 exe 16685 21888 115999 resp 116333 7 pmu 1023540 66998 8257032 6479393 55476696
1790343307.300622 W 327 lat 296 296 333 0 exe 16981 19740 51129 resp 51444 0 pmu 1023610 42086 8255580 7118533 49886035
1790343308.340641 W 328 lat 296 296 518 0 exe 17092 21833 118648 resp 118981 7 pmu 1023645 66351 8259538 6460126 55327082
1790343309.380626 W 329 lat 296 296 351 0 exe 17222 19981 63574 resp 63888 0 pmu 1023697 44987 8261784 7147494 50510598
1790343310.316639 W 330 lat 296 296 574 0 exe 17074 21962 139870 resp 140166 7 pmu 1023523 67495 8258756 6587272 55623075
1790343311.356614 W 331 lat 296 296 333 0 exe 16685 19370 48629 resp 48944 0 pmu 1023661 37964 8259760 7360536 49151290
1790343312.292639 W 332 lat 296 296 462 0 exe 16833 21796 113259 resp 113592 7 pmu 1023576 65921 8261683 6431970 55174123
1790343313.332619 W 333 lat 296 296 333 0 exe 16944 19222 50685 resp 50999 0 pmu 1023578 36157 8262372 7091924 48583781
1790343314.372642 W 334 lat 296 296 907 0 exe 16777 22074 116537 resp 116962 7 pmu 1023576 69037 8259765 6453070 55907396
1790343315.308625 W 335 lat 296 296 333 0 exe 17166 20092 53203 resp 53518 0 pmu 1023645 46223 8258100 7128682 50754470
1790343316.348641 W 336 lat 296 296 388 0 exe 16999 22074 117314 resp 117629 6 pmu 1023601 69229 8260109 6483544 55990738
1790343317.284620 W 337 lat 296 296 333 0 exe 17092 19740 54314 resp 54629 0 pmu 1023671 42351 8258916 7134203 49916680
1790343318.324641 W 338 lat 296 296 407 0 exe 17129 21759 131259 resp 131666 7 pmu 1023629 64961 8258087 6492613 55072502
1790343319.364614 W 339 lat 296 296 333 0 exe 17055 19499 50055 resp 50351 0 pmu 1023613 39228 8259615 7273302 49370388
1790343320.300656 W 340 lat 296 296 333 0 exe 17055 21444 117981 resp 118314 7 pmu 1023576 61930 8263657 6448555 54261865
1790343321.340628 W 341 lat 296 296 425 0 exe 17092 19574 56685 resp 56999 0 pmu 1023653 40378 8262760 7137820 49511071
1790343322.380644 W 342 lat 296 296 407 0 exe 17055 21907 110518 resp 110925 7 pmu 1023606 67552 8265453 6516019 55578943
1790343323.316614 W 343 lat 296 296 333 0 exe 16925 19611 50648 resp 50962 0 pmu 1023589 40689 8264332 7066214 49528705
1790343324.356653 W 344 lat 296 296 425 0 exe 16925 21555 117555 resp 117981 7 pmu 1023576 63449 8264812 6454465 54638833
1790343325.292619 W 345 lat 296 296 351 0 exe 17185 19574 54518 resp 54833 0 pmu 1023650 40374 8261777 7134474 49522118
1790343326.332642 W 346 lat 296 296 425 0 exe 16777 21592 127055 resp 127444 7 pmu 1023579 63559 8263310 6494436 54702008
1790343327.372623 W 347 lat 296 296 333 0 exe 16796 19629 53370 resp 53685 0 pmu 1023658 40915 8264408 7228694 49679066
1790343328.312641 W 348 lat 296 296 555 0 exe 16944 21611 113481 resp 113796 7 pmu 1023600 63947 8261090 6481304 54738326
1790343329.352618 W 349 lat 296 296 333 0 exe 17185 19759 52796 resp 53111 0 pmu 1023596 42528 8263522 7094038 49926563
1790343330.288639 W 350 lat 296 296 629 0 exe 16999 21703 110277 resp 110907 6 pmu 1023536 65209 8265964 6478087 54989014
1790343331.328616 W 351 lat 296 296 351 0 exe 16703 19314 50888 resp 51203 0 pmu 1023605 37143 8260543 7064759 48821030
1790343332.368640 W 352 lat 296 296 944 0 exe 16777 21685 121277 resp 121629 7 pmu 1023589 64489 8261516 6454246 54955739
1790343333.304622 W 353 lat 296 296 333 0 exe 17037 19499 48185 resp 48499 0 pmu 1023656 39462 8264528 7173885 49344788
1790343334.348641 W 354 lat 296 296 666 0 exe 16851 21870 117666 resp 118333 6 pmu 1023530 67210 8261576 6429988 55431284
1790343335.284618 W 355 lat 296 296 333 0 exe 16611 19388 50999 resp 51296 0 pmu 1023569 37812 8264352 7139133 49019067
1790343336.324644 W 356 lat 296 296 574 0 exe 16944 21351 117944 resp 118388 7 pmu 1023622 60868 8259972 6455264 54079214
1790343337.364619 W 357 lat 296 296 333 0 exe 16759 19722 45259 resp 45555 0 pmu 1023545 41794 8254840 7138227 49875760
1790343338.300639 W 358 lat 296 296 444 0 exe 17185 22092 119203 resp 119537 6 pmu 1023532 69121 8255967 6400380 55922843
1790343339.340620 W 359 lat 296 296 333 0 exe 16981 19833 54537 resp 54851 0 pmu 1023623 43043 8260886 7154389 50120507
1790343340.380639 W 360 lat 296 296 351 0 exe 17277 21740 117722 resp 118055 7 pmu 1023623 65239 8259085 6494743 55149706
1790343341.316617 W 361 lat 296 296 333 0 exe 16944 19648 50703 resp 51018 0 pmu 1023678 40821 8265745 7137946 49618276
1790343342.356638 W 362 lat 296 296 444 0 exe 17092 21759 140129 resp 140499 7 pmu 1023607 65343 8262776 6455363 55120704
1790343343.292613 W 363 lat 296 296 370 0 exe 17037 19425 42611 resp 42925 0 pmu 1023613 38280 8257299 7361803 49271724
1790343344.332639 W 364 lat 296 296 351 0 exe 17222 21462 114499 resp 114833 6 pmu 1023568 61776 8256407 6373904 54304829
1790343345.372617 W 365 lat 296 296 351 0 exe 16925 20148 47629 resp 47944 0 pmu 1023601 46637 8254960 7104016 50881681
1790343346.308640 W 366 lat 296 296 592 0 exe 16962 23703 113666 resp 114148 6 pmu 1023555 88828 8263607 6427020 60211346
1790343347.348621 W 367 lat 296 296 333 0 exe 16666 19537 45277 resp 45592 0 pmu 1023661 39662 8262216 7107493 49402186
1790343348.304903 W 368 lat 296 2222 8370 0 exe 17240 314796 539185 resp 541888 896 pmu 1023471 928514 8295707 6401958 813110432
1790343349.352789 W 369 lat 351 3314 9351 0 exe 102888 433055 557999 resp 561425 1000 pmu 1022370 1024492 8293768 12882452 1113134578
1790343350.293019 W 370 lat 314 3333 9574 0 exe 103907 409574 554777 resp 559592 1000 pmu 1023125 1026348 8293894 14104498 1067535146
1790343351.348880 W 371 lat 333 3240 9407 0 exe 102611 429796 558129 resp 562574 1000 pmu 1022931 1025174 8287753 13968034 1104650812
1790343352.288716 W 372 lat 314 3407 7296 0 exe 105370 425555 566388 resp 569925 1000 pmu 1022442 1028146 8298123 14092982 1108620495
1790343353.344887 W 373 lat 333 2740 7685 0 exe 103129 405611 567166 resp 570314 1000 pmu 1022158 1023145 8284064 14153825 1041422551
1790343354.292864 W 374 lat 314 3425 8962 0 exe 101833 422481 554388 resp 559240 1000 pmu 1023353 1027043 8300666 14047343 1095748774
1790343355.352796 W 375 lat 314 2777 7925 0 exe 103129 403648 553092 resp 557203 1000 pmu 1022720 1023269 8283040 14015751 1038013688
1790343356.304764 W 376 lat 314 2074 8537 0 exe 103351 348092 520018 resp 525092 1000 pmu 1022106 1018635 8259552 13902908 894300823
1790343357.368902 W 377 lat 333 3018 8388 0 exe 102111 394296 572462 resp 577796 1000 pmu 1022333 1024314 8283085 13299758 1025132772
1790343358.316846 W 378 lat 296 2481 7018 0 exe 91574 382537 549499 resp 554925 981 pmu 1022472 1020363 8285355 14054600 977699206
1790343359.384879 W 379 lat 333 3296 9240 0 exe 103444 398333 550685 resp 554444 1000 pmu 1022639 1026210 8277965 13704282 1040319322
1790343360.327064 W 380 lat 314 3296 8462 0 exe 102648 427870 563907 resp 568870 1000 pmu 1022535 1023337 8290574 13861416 1099625441
1790343361.388942 W 381 lat 333 3722 8555 0 exe 103370 434833 560703 resp 563888 1000 pmu 1022951 1029282 8309395 14139422 1132187656
1790343362.336987 W 382 lat 370 3611 8092 0 exe 103111 453796 548203 resp 552444 1000 pmu 1021891 1026659 8285449 14139580 1173077295
1790343363.385023 W 383 lat 314 3518 8037 0 exe 105351 439425 567722 resp 571981 1000 pmu 1023182 1026449 8305484 14110638 1136121364
1790343364.327125 W 384 lat 370 3648 9092 0 exe 104351 433925 553981 resp 557259 1000 pmu 1023525 1027839 8301606 14244230 1127059485
1790343365.376942 W 385 lat 333 3703 8148 0 exe 102796 450055 553499 resp 558518 1000 pmu 1023677 1027911 8307099 14075671 1165586195
1790343366.324829 W 386 lat 444 3722 8999 0 exe 105851 459777 559925 resp 563814 1000 pmu 1022700 1028111 8306648 14147944 1186590872
1790343367.376713 W 387 lat 388 4203 8851 0 exe 106907 464981 560629 resp 564962 1000 pmu 1025858 1032745 8345958 14275297 1208036910
1790343368.316905 W 388 lat 351 3759 8925 0 exe 103388 443999 558537 resp 562870 1000 pmu 1023574 1028905 8304777 14317219 1154169386
1790343369.372787 W 389 lat 388 3425 19018 0 exe 108888 428277 560037 resp 566259 1000 pmu 1023163 1024304 8301342 14171891 1103722336
1790343370.324976 W 390 lat 314 3629 9351 0 exe 103314 427055 552611 resp 557092 1000 pmu 1022372 1028284 8299856 14193967 1110980674
1790343371.368961 W 391 lat 314 3518 8499 0 exe 104888 442833 570907 resp 574555 1000 pmu 1022743 1026190 8289869 14029385 1139961667
1790343372.317011 W 392 lat 351 3722 9129 0 exe 103351 443555 560296 resp 563499 1000 pmu 1023460 1029573 8322587 14290212 1153831903
1790343373.368940 W 393 lat 314 3055 9499 0 exe 103592 439444 555462 resp 560277 1000 pmu 1023733 1029725 8318780 14182077 1141733646
1790343374.316900 W 394 lat 314 2796 8499 0 exe 104055 444370 558888 resp 562148 1000 pmu 1022447 1026146 8297320 14120888 1145558275
1790343375.373044 W 395 lat 314 3148 8166 0 exe 102925 460425 556740 resp 560296 1000 pmu 1023526 1029131 8323212 14167895 1190030793
1790343376.312829 W 396 lat 333 3499 10018 0 exe 100888 460444 563703 resp 568277 1000 pmu 1024160 1030922 8324491 14222557 1192470232
1790343377.356880 W 397 lat 370 3537 9240 0 exe 102055 449537 563555 resp 567555 1000 pmu 1024047 1028407 8311416 14298305 1165035973
1790343378.301001 W 398 lat 333 3037 7370 0 exe 100592 450166 568851 resp 573351 1000 pmu 1021759 1024812 8293004 14241897 1156050615
1790343379.352923 W 399 lat 314 2722 7962 0 exe 101018 399740 551962 resp 556833 1000 pmu 1022495 1024829 8290037 14281015 1030873668
1790343380.293005 W 400 lat 351 3259 8314 0 exe 101370 436425 558462 resp 562722 1000 pmu 1022210 1026279 8289002 13865265 1125881299
1790343381.349012 W 401 lat 351 3499 8629 0 exe 101425 441296 560592 resp 565740 1000 pmu 1023283 1027607 8306728 14116956 1142487623
1790343382.293005 W 402 lat 333 3499 8111 0 exe 101685 462870 547425 resp 551944 1000 pmu 1022342 1027899 8296845 14170205 1189595823
1790343383.344786 W 403 lat 314 3611 9111 0 exe 101499 453759 571833 resp 575407 1000 pmu 1023299 1027735 8307449 14141859 1171225957
1790343384.292910 W 404 lat 333 3388 9370 0 exe 101851 425537 556018 resp 560129 1000 pmu 1023051 1028423 8303154 14340274 1102730468
1790343385.345052 W 405 lat 314 2703 9444 0 exe 101037 401185 550240 resp 553499 1000 pmu 1022069 1020834 8285865 14045500 1033099696
1790343386.289015 W 406 lat 333 3759 8259 0 exe 101611 459870 555018 resp 558944 1000 pmu 1023072 1028588 8307532 13854450 1188324384
1790343387.337014 W 407 lat 314 3703 8277 0 exe 101555 467203 570703 resp 574574 1000 pmu 1022986 1029094 8304605 14201489 1202866601
1790343388.385009 W 408 lat 499 4240 8259 0 exe 101296 489999 562499 resp 567666 1000 pmu 1025854 1034128 8359184 14394136 1267156345
1790343389.337069 W 409 lat 499 4203 9055 0 exe 102777 484537 567685 resp 572796 1000 pmu 1024777 1032295 8329119 14434970 1252367042
1790343390.384993 W 410 lat 407 4166 8833 0 exe 102203 483722 567648 resp 574611 1000 pmu 1025175 1034027 8347034 14470516 1250045303
1790343391.329017 W 411 lat 407 3999 9648 0 exe 100407 479055 573370 resp 576351 1000 pmu 1024034 1030495 8321628 14470403 1239031920
1790343392.376980 W 412 lat 499 3962 7740 0 exe 102018 478611 565907 resp 571499 1000 pmu 1024073 1031006 8307241 14478642 1234654027
1790343393.320785 W 413 lat 444 3759 8499 0 exe 102166 468740 569962 resp 572611 1000 pmu 1024138 1029643 8337714 14413717 1209123636
1790343394.380930 W 414 lat 333 3814 8462 0 exe 101796 470759 560759 resp 565611 1000 pmu 1023873 1030083 8315391 14393536 1217632348
1790343395.324766 W 415 lat 314 3611 9222 0 exe 101388 444092 560833 resp 563981 1000 pmu 1023264 1029290 8299230 14320310 1152802655
1790343396.380859 W 416 lat 333 3222 9222 0 exe 101111 439722 559537 resp 564185 1000 pmu 1023018 1026362 8301310 14179542 1127766181
1790343397.340756 W 417 lat 333 3351 8555 0 exe 101333 417388 551574 resp 556499 1000 pmu 1023184 1028444 8306072 14149110 1083848575
1790343398.292979 W 418 lat 314 3092 8629 0 exe 101314 440592 548481 resp 551870 1000 pmu 1022421 1025163 8284483 13957694 1128974292
1790343399.340919 W 419 lat 314 3203 22259 0 exe 101203 412092 556555 resp 562703 1000 pmu 1023141 1027674 8303864 14033905 1069111484
1790343400.396903 W 420 lat 333 2814 9907 0 exe 101574 425129 564148 resp 567111 1000 pmu 1022338 1023843 8277657 14054049 1088605871
1790343401.340760 W 421 lat 314 3111 7759 0 exe 100925 416037 545018 resp 548425 1000 pmu 1022720 1025082 8280274 14117586 1077049204
1790343402.288965 W 422 lat 314 3333 8074 0 exe 100148 451037 556166 resp 560222 1000 pmu 1022335 1025220 8293204 13870329 1157853935
1790343403.348894 W 423 lat 388 3574 8981 0 exe 101722 441444 567574 resp 571203 1000 pmu 1023996 1028967 8319290 14158889 1144849298
1790343404.296940 W 424 lat 333 3074 8611 0 exe 101018 424259 558574 resp 563185 1000 pmu 1022906 1025205 8286918 14237036 1089855790
1790343405.364880 W 425 lat 388 3388 8870 0 exe 100111 437611 568425 resp 573481 1000 pmu 1022661 1027033 8291569 14057749 1131075480
1790343406.313004 W 426 lat 314 3425 8407 0 exe 101759 444425 562851 resp 567037 1000 pmu 1023226 1028293 8304857 14223881 1148503818
1790343407.360931 W 427 lat 314 3499 8555 0 exe 101574 455499 558351 resp 563407 1000 pmu 1022285 1026777 8296310 14203578 1173591910
1790343408.300647 W 428 lat 296 833 7851 0 exe 17074 86499 561351 resp 566351 144 pmu 1023934 201581 8260358 14216121 228783778
1790343409.340614 W 429 lat 296 296 333 0 exe 16740 19407 45907 resp 46203 0 pmu 1023695 38244 8264117 11960718 51967181
1790343410.388913 W 430 lat 296 2833 6629 0 exe 17851 330037 609129 resp 614962 859 pmu 1029821 893456 8417399 6407643 852312921
1790343411.324955 W 431 lat 1814 3499 6185 0 exe 331759 389666 446666 resp 450999 1000 pmu 1032957 1023178 8448535 13671215 1010815339
1790343412.368883 W 432 lat 1425 3499 6185 0 exe 258629 388666 450666 resp 453962 1000 pmu 1032955 1023145 8445596 13915675 1008714616
1790343413.312933 W 433 lat 1296 3499 6722 0 exe 274333 386777 459666 resp 463351 1000 pmu 1032761 1018756 8448910 13577921 1003585910
1790343414.356910 W 434 lat 1796 3444 7074 0 exe 332555 389407 436814 resp 440574 1000 pmu 1033016 1026913 8455182 13741021 1010257797
1790343415.296901 W 435 lat 1611 3499 6148 0 exe 320425 388777 449481 resp 453203 1000 pmu 1032987 1022915 8456765 13820932 1008657592
1790343416.336914 W 436 lat 1370 3499 6611 0 exe 321166 388703 444722 resp 449481 1000 pmu 1033085 1022281 8453516 13878389 1009017672
1790343417.377004 W 437 lat 1203 3481 6814 0 exe 243314 386333 451277 resp 457277 1000 pmu 1032773 1018806 8450637 13840352 1002540712
1790343418.316920 W 438 lat 1333 3425 6148 0 exe 293296 388185 435833 resp 440277 1000 pmu 1032920 1025371 8456191 13511090 1007500743
1790343419.356941 W 439 lat 1814 3499 6925 0 exe 337592 391814 444333 resp 448777 1000 pmu 1033110 1028615 8462120 13605011 1015939944
1790343420.296915 W 440 lat 1166 3592 7944 0 exe 306425 387462 446648 resp 451277 1000 pmu 1032776 1020457 8448878 13936344 1005598904
1790343421.344901 W 441 lat 1740 3574 7111 0 exe 301166 387592 442092 resp 445740 1000 pmu 1032922 1019191 8453765 13785296 1006027837
1790343422.288890 W 442 lat 1777 3592 6740 0 exe 305499 389185 448537 resp 454629 1000 pmu 1032915 1023417 8455241 13707672 1009796070
1790343423.328920 W 443 lat 1499 3537 6222 0 exe 330796 388833 460259 resp 464203 1000 pmu 1032944 1022574 8451727 13812550 1008911493
1790343424.380930 W 444 lat 1425 3407 6944 0 exe 266148 382444 440537 resp 445574 1000 pmu 1032280 1017017 8445192 14039329 993406499
1790343425.316903 W 445 lat 1592 3518 7074 0 exe 313833 389185 452777 resp 456259 1000 pmu 1032860 1023672 8451822 13494940 1009260440
1790343426.360902 W 446 lat 1518 3462 6222 0 exe 261166 387981 445740 resp 449092 1000 pmu 1032869 1024960 8451325 13883786 1007056405
1790343427.296915 W 447 lat 1537 3462 8018 0 exe 324462 389444 443111 resp 447148 1000 pmu 1032940 1028988 8457203 13538502 1010113408
1790343428.364880 W 448 lat 1222 3444 6037 0 exe 292833 388740 445444 resp 448629 1000 pmu 1032756 1027001 8447637 13848346 1008995766
1790343429.316935 W 449 lat 1759 3462 6296 0 exe 341703 391111 441925 resp 445444 1000 pmu 1033067 1028676 8456105 13694390 1014348102
1790343430.360908 W 450 lat 1444 3425 7185 0 exe 326796 390703 438111 resp 442351 1000 pmu 1033093 1029757 8458505 13921061 1013364887
1790343431.296913 W 451 lat 1296 3574 7018 0 exe 279370 388796 440592 resp 443851 1000 pmu 1032684 1025776 8445352 13812656 1008772371
1790343432.348904 W 452 lat 1462 3537 6555 0 exe 286537 388277 441462 resp 444814 1000 pmu 1033035 1024078 8455982 13585229 1007588871
1790343433.388916 W 453 lat 1814 3666 7611 0 exe 316759 388685 450814 resp 454333 1000 pmu 1032892 1022877 8448267 13625901 1008343623
1790343434.328925 W 454 lat 1407 3574 6685 0 exe 306518 387777 452407 resp 456296 1000 pmu 1032993 1022278 8454527 13881068 1006581257
1790343435.376898 W 455 lat 1092 3555 7018 0 exe 290648 387833 447499 resp 451074 1000 pmu 1032960 1021693 8452069 13836074 1006170548
1790343436.312937 W 456 lat 1111 3537 6666 0 exe 259222 386370 442018 resp 445629 1000 pmu 1033043 1021527 8469031 13706196 1003187256
1790343437.364899 W 457 lat 1703 3518 6351 0 exe 338925 389555 450277 resp 453777 1000 pmu 1033049 1023098 8457637 13485339 1009991656
1790343438.320938 W 458 lat 1314 3481 7074 0 exe 256462 386444 448370 resp 452888 1000 pmu 1032832 1019930 8450952 13983368 1003032143
1790343439.364903 W 459 lat 1611 3481 6370 0 exe 298518 388240 452703 resp 457685 1000 pmu 1032866 1024063 8451921 13542683 1007207962
1790343440.300921 W 460 lat 1425 3425 7518 0 exe 284629 384870 437703 resp 442037 1000 pmu 1032848 1021059 8451938 13805634 999691485
1790343441.344921 W 461 lat 1333 3481 6759 0 exe 281611 388814 446074 resp 448574 1000 pmu 1032868 1021685 8454936 13570627 1008860807
1790343442.384944 W 462 lat 1611 3518 6833 0 exe 281981 388351 462111 resp 466259 1000 pmu 1032888 1022644 8460235 13645869 1007760745
1790343443.324815 W 463 lat 1240 3518 6851 0 exe 271166 388944 445611 resp 449851 1000 pmu 1032868 1023347 8459889 13815919 1008983812
1790343444.368915 W 464 lat 1277 3629 7740 0 exe 290333 388444 444999 resp 451518 1000 pmu 1032930 1022288 8453494 13598512 1007865619
1790343445.320950 W 465 lat 1444 3592 6962 0 exe 290944 388388 450740 resp 454444 1000 pmu 1032974 1020008 8452468 13702347 1007503505
1790343446.364898 W 466 lat 1055 3648 6703 0 exe 255870 386592 456277 resp 459944 1000 pmu 1032878 1021002 8456148 13745093 1003201741
1790343447.300932 W 467 lat 1240 3481 6462 0 exe 301333 388777 437648 resp 442648 1000 pmu 1032823 1024045 8451521 13613046 1008519837
1790343448.340900 W 468 lat 1333 3537 6944 0 exe 326037 388592 440222 resp 443944 1000 pmu 1032840 1023452 8442324 13670505 1007879625
1790343449.384901 W 469 lat 1074 3481 6166 0 exe 302999 388407 443499 resp 448388 1000 pmu 1032951 1023873 8454193 13815621 1007922828
1790343450.320823 W 470 lat 1351 3462 6407 0 exe 278388 389370 448240 resp 452759 1000 pmu 1032957 1026705 8452952 13732704 1009712750
1790343451.360893 W 471 lat 1722 3444 6518 0 exe 329037 390333 462851 resp 468851 1000 pmu 1032904 1028078 8449270 13662546 1011768514
1790343452.300918 W 472 lat 1481 3462 6462 0 exe 287962 388481 438111 resp 441388 1000 pmu 1032888 1024346 8453059 14076372 1007393705
1790343453.340920 W 473 lat 1351 3481 7703 0 exe 289111 386629 457314 resp 460611 1000 pmu 1032823 1021534 8457427 13599331 1002508240
1790343454.380794 W 474 lat 1240 3537 6666 0 exe 292703 387111 448555 resp 452888 1000 pmu 1033031 1021492 8458924 13793531 1003222915
1790343455.320926 W 475 lat 1222 3555 7444 0 exe 266740 384481 440722 resp 445203 1000 pmu 1032735 1023170 8458417 13726077 996598745
1790343456.370219 W 476 lat 1518 3611 6777 0 exe 297462 385129 444240 resp 447999 1000 pmu 1032923 1019752 8450638 13509520 998147981
1790343457.304905 W 477 lat 1351 3574 7888 0 exe 265740 381185 448037 resp 453296 1000 pmu 1032706 1019854 8445309 13696388 989553981
1790343458.344910 W 478 lat 1518 3518 7740 0 exe 313611 385240 443592 resp 449648 1000 pmu 1033013 1022131 8460636 13568091 999378401
1790343459.384905 W 479 lat 1611 3537 6518 0 exe 299481 383351 439259 resp 444296 1000 pmu 1032884 1023314 8449911 13786857 995280247
1790343460.324932 W 480 lat 1240 3499 6333 0 exe 321370 383444 450333 resp 455222 1000 pmu 1032841 1021464 8454765 13652947 995426726
1790343461.364928 W 481 lat 1166 3444 6314 0 exe 258203 381537 447574 resp 452444 1000 pmu 1032776 1025705 8462145 13869795 991291110
1790343462.300897 W 482 lat 1685 3481 6351 0 exe 299999 383388 450703 resp 455722 1000 pmu 1032764 1022883 8458994 13516041 995746349
1790343463.340883 W 483 lat 1481 3481 7240 0 exe 301648 382111 440555 resp 446851 1000 pmu 1032932 1021266 8454097 13769333 993040962
1790343464.384905 W 484 lat 1444 3499 6648 0 exe 304962 382999 451444 resp 455629 1000 pmu 1032896 1021563 8455107 13679330 994986186
1790343465.320904 W 485 lat 1740 3518 7277 0 exe 318407 383796 446277 resp 451629 1000 pmu 1032803 1022240 8450353 13795835 997193099
1790343466.360920 W 486 lat 1166 3499 6888 0 exe 263259 383277 443648 resp 449870 1000 pmu 1032800 1021564 8451442 13825933 995780490
1790343467.296932 W 487 lat 1074 3518 7499 0 exe 306796 382333 446185 resp 448685 1000 pmu 1032887 1021137 8455980 13520670 993702015
1790343468.348920 W 488 lat 1444 3574 7703 0 exe 303611 383703 446999 resp 451018 1000 pmu 1032807 1021740 8453916 13743090 996545428
1790343469.388886 W 489 lat 1537 3518 6796 0 exe 311962 382703 440166 resp 444611 1000 pmu 1032978 1022438 8454334 13752835 994502181
1790343470.328647 W 490 lat 296 981 6648 0 exe 16944 94277 447796 resp 451629 210 pmu 1025542 261832 8285914 13716780 246898036
1790343471.368637 W 491 lat 296 296 444 0 exe 17259 23240 127685 resp 127999 10 pmu 1023629 82702 8257677 10852400 61453792
1790343472.312648 W 492 lat 296 296 907 0 exe 17166 24944 213759 resp 214277 28 pmu 1023481 96225 8252243 7245483 64702570
1790343473.368638 W 493 lat 296 296 629 0 exe 17759 23092 113555 resp 113981 8 pmu 1023532 80741 8250751 8117539 59477982
1790343474.320616 W 494 lat 296 296 777 0 exe 17333 19666 44814 resp 45129 0 pmu 1023678 40700 8247485 7107307 49682308
1790343475.368638 W 495 lat 296 296 555 0 exe 17148 22277 114555 resp 115111 7 pmu 1023569 70944 8251818 6400755 56379369
1790343476.324614 W 496 lat 296 296 333 0 exe 17074 19796 43851 resp 44166 0 pmu 1023663 42314 8247760 7110464 50042147
1790343477.368638 W 497 lat 296 296 462 0 exe 17351 23351 109537 resp 109870 7 pmu 1023619 83808 8251939 6388184 59051740
1790343478.312616 W 498 lat 296 296 333 0 exe 17240 19888 56388 resp 56703 0 pmu 1023695 43352 8249608 7065012 50239066
1790343479.364635 W 499 lat 296 296 833 0 exe 17555 22777 120907 resp 121222 10 pmu 1023642 76623 8251674 6514838 57721100
1790343480.304613 W 500 lat 296 296 425 0 exe 17296 19425 43629 resp 43925 0 pmu 1023681 38215 8247288 7178665 49196351
1790343481.360636 W 501 lat 296 296 370 0 exe 17074 23092 123518 resp 123851 10 pmu 1023576 80311 8250736 6385631 58417315
1790343482.308614 W 502 lat 296 296 333 0 exe 17314 20129 47722 resp 48055 0 pmu 1023693 45910 8248208 7201604 50872723
1790343483.356638 W 503 lat 296 296 425 0 exe 17333 22314 112574 resp 112925 7 pmu 1023570 71495 8251709 6429719 56463434
1790343484.312614 W 504 lat 296 296 351 0 exe 17314 19555 62037 resp 62333 0 pmu 1023666 39897 8247488 7090029 49476878
1790343485.368636 W 505 lat 296 296 481 0 exe 17333 22351 118629 resp 119055 7 pmu 1023632 72095 8250257 6570131 56688543
1790343486.308613 W 506 lat 296 296 333 0 exe 17018 19555 46833 resp 47129 0 pmu 1023686 39578 8250037 7151392 49470162
1790343487.368636 W 507 lat 296 296 425 0 exe 17481 22333 116037 resp 116370 9 pmu 1023644 71692 8252153 6416456 56504184
1790343488.316613 W 508 lat 296 296 351 0 exe 17185 19370 42555 resp 42870 0 pmu 1023651 37473 8247950 7125361 49012764
1790343489.364638 W 509 lat 296 296 499 0 exe 17351 22851 117185 resp 117518 6 pmu 1023567 77881 8248829 6373746 57812374
1790343490.300615 W 510 lat 296 296 333 0 exe 17407 19962 60499 resp 60833 0 pmu 1023650 44072 8250232 7139327 50422448
1790343491.340636 W 511 lat 296 296 499 0 exe 17425 22388 124055 resp 124555 8 pmu 1023596 72262 8253084 6557159 56721203
1790343492.380613 W 512 lat 296 296 462 0 exe 17055 19592 45166 resp 45481 0 pmu 1023687 40143 8248056 7206770 49599570
1790343493.320638 W 513 lat 296 296 425 0 exe 17203 22314 112814 resp 113240 8 pmu 1023523 71367 8251275 6400888 56505888
1790343494.360613 W 514 lat 296 296 333 0 exe 17203 19499 48981 resp 49296 0 pmu 1023689 38942 8250308 7091979 49279283
1790343495.296636 W 515 lat 296 296 462 0 exe 17425 22037 121222 resp 121555 7 pmu 1023580 68217 8248173 6438694 55814846
1790343496.336618 W 516 lat 296 296 351 0 exe 17444 20166 45259 resp 45574 0 pmu 1023678 46686 8248005 7175627 50989285
1790343497.376635 W 517 lat 296 296 592 0 exe 17370 23740 117574 resp 117981 14 pmu 1023599 88371 8249874 6406168 60011631
1790343498.312612 W 518 lat 296 296 351 0 exe 17074 19574 46203 resp 46537 0 pmu 1023661 39887 8247636 7148501 49530752
1790343499.352636 W 519 lat 296 296 444 0 exe 17592 23425 118499 resp 118944 10 pmu 1023603 84634 8249202 6410872 59197564
1790343500.288613 W 520 lat 296 296 333 0 exe 17259 19499 42351 resp 42666 0 pmu 1023652 39041 8250368 7156653 49321353
1790343501.328634 W 521 lat 296 296 499 0 exe 17148 22333 110296 resp 110629 8 pmu 1023627 71784 8250312 6372643 56506056
1790343502.368618 W 522 lat 296 296 407 0 exe 17222 20129 49222 resp 49537 0 pmu 1023704 46136 8247329 7066648 50849956
1790343503.304633 W 523 lat 296 296 592 0 exe 17425 22481 118777 resp 119111 7 pmu 1023607 73154 8248792 6444672 56953818
1790343504.344615 W 524 lat 296 296 333 0 exe 17425 20092 44444 resp 44740 0 pmu 1023711 45789 8250304 7154164 50782337
1790343505.384635 W 525 lat 296 296 722 0 exe 17222 22592 145074 resp 145592 11 pmu 1023592 74004 8248946 6397187 57073376
1790343506.320615 W 526 lat 296 296 333 0 exe 17203 19685 44944 resp 45259 0 pmu 1023663 40808 8246272 7418266 49923317
1790343507.364634 W 527 lat 296 296 499 0 exe 16759 22388 109814 resp 110166 10 pmu 1023627 72783 8248997 6399244 56698112
1790343508.300615 W 528 lat 296 296 833 0 exe 17222 19944 48074 resp 48388 0 pmu 1023690 43839 8248592 7060411 50327841
1790343509.340634 W 529 lat 296 296 555 0 exe 17370 22314 115407 resp 115759 7 pmu 1023656 71735 8250588 6434310 56503499
1790343510.380614 W 530 lat 296 296 351 0 exe 17425 19685 43166 resp 43462 0 pmu 1023664 40754 8252196 7119247 49739508
1790343511.316632 W 531 lat 296 296 907 0 exe 17518 21981 112574 resp 112981 8 pmu 1023596 67663 8248143 6382589 55590546
1790343512.356613 W 532 lat 296 296 333 0 exe 17388 20277 43740 resp 44055 0 pmu 1023702 47807 8253152 7092018 51165011
1790343513.292632 W 533 lat 296 296 444 0 exe 17462 22759 113277 resp 113703 7 pmu 1023576 76607 8249972 6390947 57524875
1790343514.332616 W 534 lat 296 296 351 0 exe 17222 19685 46462 resp 46796 0 pmu 1023698 40949 8249336 7100610 49729381
1790343515.372633 W 535 lat 296 296 425 0 exe 17259 22499 118296 resp 118722 7 pmu 1023566 73677 8250512 6414709 56963891
1790343516.308614 W 536 lat 296 296 333 0 exe 17018 19666 44055 resp 44351 0 pmu 1023607 40386 8247048 7148292 49707881
1790343517.348634 W 537 lat 296 296 481 0 exe 17277 22666 131166 resp 131648 7 pmu 1023525 75338 8250017 6389186 57279333
1790343518.284614 W 538 lat 296 296 333 0 exe 17444 19759 45222 resp 45537 0 pmu 1023636 41583 8251136 7278493 49998054
1790343519.324635 W 539 lat 296 296 499 0 exe 17259 21981 114203 resp 114518 7 pmu 1023623 67612 8249545 6403652 55618015
1790343520.364619 W 540 lat 296 296 351 0 exe 17148 20111 45925 resp 46240 0 pmu 1023671 45814 8249048 7104437 50814382
1790343521.300634 W 541 lat 296 296 444 0 exe 17185 22703 117240 resp 117574 9 pmu 1023607 76342 8251040 6410771 57477280
1790343522.340614 W 542 lat 296 296 351 0 exe 17351 19981 43925 resp 44240 0 pmu 1023730 44221 8248254 7137847 50482172
1790343523.380634 W 543 lat 296 296 425 0 exe 17203 22537 117111 resp 117425 10 pmu 1023606 74590 8251974 6391253 57119254
1790343524.316612 W 544 lat 296 296 333 0 exe 17037 19518 44499 resp 44814 0 pmu 1023747 39240 8252769 7135656 49364523
1790343525.356635 W 545 lat 296 296 481 0 exe 17555 22148 122777 resp 123092 7 pmu 1023576 69683 8248056 6393185 56075293
1790343526.292617 W 546 lat 296 296 388 0 exe 17518 20333 51277 resp 51592 0 pmu 1023651 48466 8250312 7192536 51402199
1790343527.332634 W 547 lat 296 296 444 0 exe 16962 22296 113722 resp 114037 13 pmu 1023541 71691 8247910 6467626 56531644
1790343528.372611 W 548 lat 296 296 351 0 exe 17499 19537 47222 resp 47537 0 pmu 1023657 39417 8249752 7099542 49385808
1790343529.308637 W 549 lat 296 296 499 0 exe 17055 22166 119722 resp 120037 7 pmu 1023584 69842 8248661 6422987 56132541
1790343530.348611 W 550 lat 296 296 333 0 exe 16981 19555 51759 resp 52074 0 pmu 1023689 39571 8249037 7159571 49421669
1790343531.284637 W 551 lat 296 296 481 0 exe 16962 22129 122370 resp 122851 8 pmu 1023697 69665 8253991 6465725 56066094
1790343532.324642 W 552 lat 296 296 518 0 exe 17166 23129 107833 resp 108166 5 pmu 1023530 81630 8257248 7186207 58808596
1790343533.364642 W 553 lat 296 296 462 0 exe 16870 22018 119814 resp 120148 7 pmu 1023561 68432 8257039 7046222 56159583
1790343534.304767 W 554 lat 296 3481 13833 0 exe 17277 387444 737777 resp 744833 734 pmu 1027153 782007 8351176 7160917 977524162
1790343535.353164 W 555 lat 481 5351 11425 0 exe 107166 566351 700314 resp 706351 1000 pmu 1029995 1039236 8401922 15287523 1430215314
1790343536.297041 W 556 lat 2018 6037 12203 0 exe 254407 605611 717240 resp 722666 1000 pmu 1031195 1026625 8400562 16249721 1521594892
1790343537.349103 W 557 lat 296 2462 10666 0 exe 99351 317555 695129 resp 699259 999 pmu 1021610 1005598 8304486 17363523 839838145
1790343538.301065 W 558 lat 2092 5703 12092 0 exe 394592 624111 720481 resp 727759 1000 pmu 1029588 1039112 8377997 14886323 1564226100
1790343539.348897 W 559 lat 296 1833 7518 0 exe 101537 290425 641592 resp 645148 1000 pmu 1020889 1011592 8290699 18196823 765654093
1790343540.389201 W 560 lat 333 4240 12777 0 exe 107296 508129 714518 resp 721944 1000 pmu 1027411 1035194 8358450 14204367 1296937078
1790343541.329156 W 561 lat 851 6018 12944 0 exe 164611 605870 713111 resp 718611 1000 pmu 1030854 1040604 8405996 16108795 1521386611
1790343542.372691 W 562 lat 296 5314 12870 0 exe 103018 549203 709999 resp 718499 1000 pmu 1029712 1036188 8388005 16872541 1390706634
1790343543.305300 W 563 lat 296 3240 11074 0 exe 101555 394833 714277 resp 720111 1000 pmu 1023399 1014591 8329296 16258627 1018654360
1790343544.344834 W 564 lat 314 4981 12259 0 exe 98851 576833 732555 resp 741999 998 pmu 1027555 1035654 8367217 15489530 1450030879
1790343545.385271 W 565 lat 296 1981 7185 0 exe 103814 301703 640907 resp 646351 1000 pmu 1022888 1014552 8309915 16601785 801504270
1790343546.325110 W 566 lat 462 4833 10666 0 exe 110481 552944 703685 resp 710851 1000 pmu 1028435 1038365 8376978 14273616 1392160898
1790343547.381105 W 567 lat 2259 6092 12166 0 exe 259111 619925 722370 resp 728129 1000 pmu 1031426 1041956 8412690 16232289 1553607815
1790343548.324729 W 568 lat 296 3870 10240 0 exe 102370 431925 727833 resp 734722 1000 pmu 1025301 1020606 8328546 17512934 1107752585
1790343549.385270 W 569 lat 314 4796 13629 0 exe 102870 530703 725833 resp 734685 1000 pmu 1027200 1027241 8372018 15818914 1339444699
1790343550.324988 W 570 lat 314 3851 12111 0 exe 104777 466722 752629 resp 758851 1000 pmu 1027181 1033604 8354302 16326799 1195856381
1790343551.373051 W 571 lat 296 3074 10574 0 exe 104148 398462 694944 resp 700925 1000 pmu 1023069 1015087 8315355 16258958 1017941817
1790343552.313277 W 572 lat 333 5092 12925 0 exe 107074 550148 718944 resp 723351 1000 pmu 1028883 1037934 8384297 15324731 1388827068
1790343553.353273 W 573 lat 2537 6129 11685 0 exe 460962 615962 728277 resp 737240 1000 pmu 1031343 1038646 8411800 16351993 1544802137
1790343554.304904 W 574 lat 296 2814 11407 0 exe 102185 344833 705592 resp 714555 1000 pmu 1022298 1010845 8298505 18576684 905224452
1790343555.357051 W 575 lat 333 5388 12388 0 exe 104574 614648 727296 resp 731833 1000 pmu 1029162 1038361 8378376 15170962 1540728091
1790343556.296888 W 576 lat 314 2888 8277 0 exe 110703 396703 736388 resp 741796 1000 pmu 1025690 1025226 8334219 16745040 1032828130
1790343557.348793 W 577 lat 296 3296 9944 0 exe 105425 422333 663407 resp 669796 1000 pmu 1024527 1024726 8325479 15747958 1092626209
1790343558.397176 W 578 lat 481 5407 11055 0 exe 124944 576870 711833 resp 718425 1000 pmu 1029888 1039201 8394923 15135330 1452234385
1790343559.356888 W 579 lat 2314 5703 13092 0 exe 257203 588333 707518 resp 716851 1000 pmu 1030615 1031834 8399675 16507660 1480307510
1790343560.297208 W 580 lat 296 3314 10222 0 exe 102740 419314 689925 resp 695296 1000 pmu 1023747 1012458 8307826 17217788 1081303265
1790343561.348880 W 581 lat 296 4629 11055 0 exe 99981 556222 712999 resp 718833 1000 pmu 1026985 1034543 8349757 15368097 1403491782
1790343562.389235 W 582 lat 314 1962 6851 0 exe 103296 305796 622425 resp 626407 1000 pmu 1022895 1018759 8315151 16282800 807409238
1790343563.325303 W 583 lat 796 4759 10203 0 exe 133703 547944 700518 resp 704777 1000 pmu 1028897 1038220 8376802 14097744 1390163135
1790343564.368867 W 584 lat 2018 5666 12648 0 exe 254092 591018 714222 resp 718759 1000 pmu 1030558 1038526 8393097 16276175 1486817242
1790343565.316837 W 585 lat 296 3981 10407 0 exe 88296 494407 660203 resp 666888 975 pmu 1026372 1020426 8331479 17254749 1258049401
1790343566.364976 W 586 lat 314 4518 11388 0 exe 86462 541703 699944 resp 704444 987 pmu 1027458 1031284 8359966 15385085 1372596875
1790343567.313297 W 587 lat 296 2629 9444 0 exe 110870 362703 640666 resp 645592 1000 pmu 1022963 1024629 8308280 16006628 959199840
1790343568.365038 W 588 lat 296 4370 11333 0 exe 105648 518425 703925 resp 711833 1000 pmu 1027252 1035731 8360204 14623591 1314472342
1790343569.325072 W 589 lat 2666 5537 12944 0 exe 247481 585277 712037 resp 717629 1000 pmu 1030134 1040681 8398015 16041685 1473301925
1790343570.372921 W 590 lat 314 4203 12333 0 exe 105907 504240 690259 resp 694814 1000 pmu 1027369 1019595 8344897 17180562 1282830792
1790343571.309096 W 591 lat 314 4444 10055 0 exe 104999 550296 710537 resp 714814 1000 pmu 1025916 1026843 8335997 15822931 1387599538
1790343572.349049 W 592 lat 314 2962 9444 0 exe 108148 409555 687499 resp 691370 1000 pmu 1023875 1023172 8315789 16239960 1050234132
1790343573.389094 W 593 lat 314 3796 10833 0 exe 103499 461203 702925 resp 709055 1000 pmu 1025844 1028841 8349009 15309059 1194445132
1790343574.328931 W 594 lat 1333 5425 12166 0 exe 217833 575981 700759 resp 706259 1000 pmu 1029695 1040036 8395215 15720622 1451175576
1790343575.365176 W 595 lat 314 4666 10388 0 exe 110870 527685 685333 resp 691481 1000 pmu 1029071 1034012 8372956 16861570 1342961931
1790343576.305101 W 596 lat 314 3999 11425 0 exe 88814 495722 677018 resp 685425 989 pmu 1025380 1023904 8330526 15916295 1262851283
1790343577.344863 W 597 lat 314 3462 8074 0 exe 106703 453648 716111 resp 721240 1000 pmu 1025621 1025552 8325872 15576241 1163459862
1790343578.385215 W 598 lat 296 3296 11759 0 exe 102444 422203 714555 resp 719870 1000 pmu 1024934 1029402 8336135 15810398 1097229474
1790343579.321309 W 599 lat 1777 5296 12444 0 exe 252537 576537 699833 resp 708481 1000 pmu 1028990 1037618 8377171 15634720 1449950542
1790343580.364917 W 600 lat 925 4981 13037 0 exe 147592 551351 719166 resp 727092 1000 pmu 1029011 1033738 8379727 17047427 1393105115
1790343581.301050 W 601 lat 314 4111 10851 0 exe 103777 510685 676925 resp 681351 1000 pmu 1026014 1023914 8336196 16583391 1301401660
1790343582.340838 W 602 lat 314 4018 10611 0 exe 111888 505759 707148 resp 713129 1000 pmu 1026076 1028035 8327393 15702556 1285949190
1790343583.381007 W 603 lat 296 2481 9074 0 exe 103166 356129 660518 resp 666462 1000 pmu 1023109 1022469 8311628 16026863 937495658
1790343584.317234 W 604 lat 833 5222 12888 0 exe 141981 566981 699518 resp 706444 1000 pmu 1029103 1039430 8386464 14753209 1427257446
1790343585.361069 W 605 lat 2277 5648 14277 0 exe 397314 587425 707759 resp 717203 1000 pmu 1030530 1033849 8394950 16431947 1478713853
1790343586.297075 W 606 lat 314 3592 8796 0 exe 103555 456925 661277 resp 667222 1000 pmu 1024614 1012937 8324150 17922373 1172792896
1790343587.336735 W 607 lat 314 4740 12425 0 exe 106981 563481 713685 resp 722981 1000 pmu 1027811 1035952 8359505 15271153 1426360064
1790343588.377147 W 608 lat 296 2018 9499 0 exe 97462 317148 640796 resp 646814 998 pmu 1021552 1011829 8288801 16385615 844832094
1790343589.329285 W 609 lat 499 4629 10574 0 exe 117481 534388 684203 resp 689296 1000 pmu 1028830 1037886 8375295 14332706 1359692521
1790343590.373051 W 610 lat 2240 5944 12944 0 exe 253370 606314 718925 resp 727777 1000 pmu 1030943 1040857 8401539 15968080 1522304718
1790343591.316873 W 611 lat 314 3796 9851 0 exe 102074 468648 642499 resp 648740 1000 pmu 1025855 1020030 8324350 17400178 1200502250
1790343592.357162 W 612 lat 314 4796 11166 0 exe 101481 567888 721833 resp 726944 1000 pmu 1027372 1034073 8358202 15142016 1430774686
1790343593.308686 W 613 lat 314 2425 9259 0 exe 102629 342037 618277 resp 624907 1000 pmu 1022643 1020075 8306389 16434716 897234236
1790343594.348650 W 614 lat 296 981 8092 0 exe 17166 129277 649833 resp 655592 336 pmu 1023189 437638 8269523 14259876 344494552
1790343595.284638 W 615 lat 296 296 518 0 exe 16999 21814 117111 resp 117555 6 pmu 1023609 65929 8258671 13065876 59200777
1790343596.328673 W 616 lat 296 648 6148 0 exe 17370 74611 625388 resp 629999 111 pmu 1022803 193275 8255917 7132612 188671261
1790343597.368653 W 617 lat 296 296 518 0 exe 18796 26499 121074 resp 121592 18 pmu 1023404 119149 8253824 12531823 72339333
1790343598.304629 W 618 lat 296 296 425 0 exe 19092 22444 53074 resp 53388 0 pmu 1023684 74015 8257452 7204621 57433978
1790343599.344649 W 619 lat 296 296 574 0 exe 19222 24999 120037 resp 120462 15 pmu 1023547 102600 8253986 6504206 64465549
1790343600.384629 W 620 lat 296 296 425 0 exe 18925 21907 49870 resp 50296 0 pmu 1023728 67722 8245688 7188630 55889691
1790343601.320649 W 621 lat 296 296 814 0 exe 18759 25240 114814 resp 115629 16 pmu 1023483 105289 8249705 6469274 65050484
1790343602.360636 W 622 lat 296 296 425 0 exe 19240 23351 51907 resp 52222 0 pmu 1023637 83811 8250976 7138433 59812712
1790343603.296648 W 623 lat 296 296 685 0 exe 19240 24814 115592 resp 115925 12 pmu 1023534 100508 8252374 6497770 63873284
1790343604.336629 W 624 lat 296 296 425 0 exe 19185 22129 49277 resp 49611 0 pmu 1023622 70457 8250703 7143479 56504716
1790343605.380648 W 625 lat 296 296 703 0 exe 18555 25148 134407 resp 134814 13 pmu 1023568 103809 8258767 6465258 64749278
1790343606.316629 W 626 lat 296 296 425 0 exe 19129 22129 49648 resp 49981 0 pmu 1023676 70113 8252776 7330425 56595565
1790343607.356647 W 627 lat 296 296 537 0 exe 19129 25129 125074 resp 125499 18 pmu 1023493 103890 8254160 6468781 64759037
1790343608.292635 W 628 lat 296 296 407 0 exe 18722 22203 49759 resp 50074 0 pmu 1023632 71268 8254236 7239108 56745944
1790343609.332649 W 629 lat 296 296 499 0 exe 19148 25388 117388 resp 117703 16 pmu 1023433 106783 8254588 6467937 65498158
1790343610.372632 W 630 lat 296 296 407 0 exe 19111 22351 49518 resp 49833 0 pmu 1023581 72818 8250660 7162994 57082392
1790343611.308647 W 631 lat 296 296 555 0 exe 19203 24462 115629 resp 115962 12 pmu 1023455 96120 8253483 6468124 62928020
1790343612.348628 W 632 lat 296 296 425 0 exe 18981 21851 49944 resp 50259 0 pmu 1023611 67102 8252786 7141132 55791183
1790343613.284649 W 633 lat 296 296 592 0 exe 19666 26148 124444 resp 124981 12 pmu 1023513 114931 8254434 6469335 67288109
1790343614.324635 W 634 lat 296 296 481 0 exe 18999 22722 54740 resp 55055 0 pmu 1023576 76994 8253808 7241367 58152918
1790343615.364645 W 635 lat 296 296 574 0 exe 19111 24722 117777 resp 118185 11 pmu 1023453 99150 8253578 6522162 63658403
1790343616.300631 W 636 lat 296 296 425 0 exe 19092 22518 47537 resp 47870 0 pmu 1023640 74757 8252888 7164062 57590554
1790343617.344652 W 637 lat 296 296 537 0 exe 18574 25444 113499 resp 114037 13 pmu 1023539 107239 8252738 6449411 65583758
1790343618.384629 W 638 lat 296 296 407 0 exe 18851 22277 54296 resp 54629 0 pmu 1023652 71940 8253444 7122798 56907122
1790343619.320651 W 639 lat 296 296 703 0 exe 18851 25314 114981 resp 115425 16 pmu 1023467 105780 8251821 6514451 65330342
1790343620.360634 W 640 lat 296 296 407 0 exe 18425 21962 49259 resp 49574 0 pmu 1023674 68443 8252063 7138493 56009126
1790343621.304651 W 641 lat 296 296 759 0 exe 19833 28611 121166 resp 121592 11 pmu 1023456 141737 8255028 6460218 73395443
1790343622.344634 W 642 lat 296 296 425 0 exe 18999 22925 48518 resp 48833 0 pmu 1023595 79041 8253146 7222017 58543694
1790343623.384652 W 643 lat 296 296 481 0 exe 18870 25185 127148 resp 127555 15 pmu 1023591 104100 8248131 6460635 64881528
1790343624.320636 W 644 lat 296 296 425 0 exe 18777 22166 49648 resp 49944 0 pmu 1023663 71000 8253148 7258296 56677044
1790343625.364653 W 645 lat 296 296 518 0 exe 18851 25888 115499 resp 115907 17 pmu 1023564 112402 8255527 6466992 66752770
1790343626.320631 W 646 lat 296 296 425 0 exe 22759 27499 70074 resp 70425 0 pmu 1023619 129573 8253478 7145626 70067484
1790343627.372651 W 647 lat 296 296 703 0 exe 21796 30333 122277 resp 122592 10 pmu 1023541 160922 8252676 6718168 77700185
1790343628.332631 W 648 lat 296 296 499 0 exe 21166 25833 49499 resp 49814 0 pmu 1023646 110691 8251236 7250764 65733698
1790343629.376650 W 649 lat 296 296 555 0 exe 18555 27592 116759 resp 117092 14 pmu 1023489 131053 8251321 6496297 70815529
1790343630.312631 W 650 lat 296 296 462 0 exe 19296 22574 51981 resp 52333 0 pmu 1023616 74903 8252968 7165058 57651842
1790343631.356649 W 651 lat 296 296 629 0 exe 18722 24981 121407 resp 121740 12 pmu 1023531 102000 8254704 6495392 64299371
1790343632.292628 W 652 lat 296 296 407 0 exe 18574 21814 50814 resp 51129 0 pmu 1023649 66675 8252736 7199477 55684398
1790343633.332650 W 653 lat 296 296 685 0 exe 19037 25111 115740 resp 116055 12 pmu 1023543 103407 8255375 6475917 64661671
1790343634.372629 W 654 lat 296 296 425 0 exe 18833 22259 50870 resp 51185 0 pmu 1023673 71769 8255148 7145408 56834488
1790343635.308650 W 655 lat 296 296 648 0 exe 18870 24981 116296 resp 116703 16 pmu 1023472 102027 8254012 6479995 64427799
1790343636.368631 W 656 lat 296 296 462 0 exe 19148 22944 48685 resp 48999 0 pmu 1023604 79115 8250782 7149769 58511102
1790343637.308651 W 657 lat 296 296 518 0 exe 19129 25907 126129 resp 126518 12 pmu 1023555 112158 8253302 6463327 66675070
1790343638.348630 W 658 lat 296 296 425 0 exe 18944 22259 51574 resp 51907 0 pmu 1023648 71617 8252019 7253248 56926843
1790343639.292654 W 659 lat 296 296 611 0 exe 18796 25537 115037 resp 115351 14 pmu 1023469 108114 8253655 6487694 65754140
1790343640.332632 W 660 lat 296 296 481 0 exe 19296 22166 50351 resp 50666 0 pmu 1023649 70706 8253201 7138957 56570504
1790343641.372652 W 661 lat 296 296 481 0 exe 18611 25444 125648 resp 125999 15 pmu 1023419 106983 8251824 6476919 65615070
1790343642.320631 W 662 lat 296 296 444 0 exe 20425 24018 65777 resp 66166 0 pmu 1023662 91074 8253884 7243127 61303924
1790343643.368648 W 663 lat 296 296 666 0 exe 19629 25444 120425 resp 120925 11 pmu 1023532 107154 8253308 6646268 65562434
1790343644.304629 W 664 lat 296 296 407 0 exe 18888 22129 52462 resp 52759 0 pmu 1023681 69982 8251176 7197655 56455273
1790343645.360651 W 665 lat 296 296 1611 0 exe 18759 26796 131703 resp 133314 12 pmu 1023536 122358 8258935 6495460 69229491
1790343646.300630 W 666 lat 296 296 425 0 exe 19092 22777 50388 resp 50759 0 pmu 1023582 77605 8253440 7323256 58430248
1790343647.340647 W 667 lat 296 296 648 0 exe 19240 24740 119518 resp 119907 13 pmu 1023501 99336 8256149 6479356 63695627
1790343648.380629 W 668 lat 296 296 425 0 exe 18555 21962 50944 resp 51351 0 pmu 1023655 68369 8249408 7182569 56010927
1790343649.316649 W 669 lat 296 296 518 0 exe 18925 26240 116777 resp 117166 17 pmu 1023517 116163 8253523 6478327 67677487
1790343650.356630 W 670 lat 296 296 462 0 exe 19148 22314 51185 resp 51499 0 pmu 1023578 72368 8253516 7160586 57018504
1790343651.292649 W 671 lat 296 296 555 0 exe 18907 24814 126407 resp 126851 13 pmu 1023555 100080 8253380 6485142 63899182
1790343652.332633 W 672 lat 296 296 407 0 exe 18814 21888 53629 resp 53944 0 pmu 1023619 67518 8248952 7249782 55905319
1790343653.384141 W 673 lat 296 296 574 0 exe 18833 24981 119740 resp 120314 12 pmu 1023447 102075 8252315 6505591 64541931
1790343654.336634 W 674 lat 296 296 407 0 exe 20092 23999 53037 resp 53351 0 pmu 1023667 91028 8258159 7184356 61326565
1790343655.384646 W 675 lat 296 296 518 0 exe 18351 30925 120685 resp 121018 31 pmu 1023318 170388 8254654 6516662 79903126
1790343656.320616 W 676 lat 296 296 333 0 exe 16870 19351 47925 resp 48240 0 pmu 1023682 37939 8262620 7219666 49048650
1790343657.360645 W 677 lat 296 296 1166 0 exe 17129 26166 125907 resp 126222 23 pmu 1023413 116454 8258544 6425794 67398432
1790343658.296614 W 678 lat 296 296 333 0 exe 17111 19944 45999 resp 46314 0 pmu 1023691 44281 8259416 7245310 50481585
1790343659.336640 W 679 lat 296 296 481 0 exe 17148 21611 114499 resp 114833 7 pmu 1023540 63639 8258167 6410562 54722359
1790343660.376618 W 680 lat 296 296 333 0 exe 17018 19833 50055 resp 50370 0 pmu 1023682 43198 8260487 7105029 50125063
1790343661.312653 W 681 lat 296 296 629 0 exe 16962 21962 118296 resp 118925 6 pmu 1023598 67834 8261486 6449967 55637172
1790343662.352617 W 682 lat 296 296 333 0 exe 17055 19648 54092 resp 54407 0 pmu 1023670 41054 8259072 7146192 49697897
1790343663.288641 W 683 lat 296 296 555 0 exe 17203 21740 127499 resp 127981 8 pmu 1023583 65150 8259733 6489826 55127921
1790343664.328612 W 684 lat 296 296 425 0 exe 16925 19203 50111 resp 50425 0 pmu 1023687 35486 8257352 7237105 48597556
1790343665.368637 W 685 lat 296 296 537 0 exe 16962 21833 112018 resp 112351 8 pmu 1023639 66253 8260690 6447558 55287048
1790343666.304617 W 686 lat 296 296 333 0 exe 16944 19370 49129 resp 49462 0 pmu 1023631 37900 8260368 7080661 48965235
1790343667.344639 W 687 lat 296 296 629 0 exe 16833 21499 115425 resp 115759 7 pmu 1023571 62313 8254275 6438293 54458175
1790343668.384662 W 688 lat 296 296 1314 0 exe 16759 25981 119796 resp 120129 29 pmu 1023442 114794 8258279 7113102 66912919
1790343669.320644 W 689 lat 296 296 944 0 exe 16814 29055 131648 resp 132129 48 pmu 1023199 145783 8257786 7182327 76279052
1790343670.360612 W 690 lat 296 296 333 0 exe 16944 19481 50037 resp 50351 0 pmu 1023726 39040 8260710 7315282 49371159
1790343671.296637 W 691 lat 296 296 333 0 exe 16777 21685 113148 resp 113462 8 pmu 1023522 64811 8259163 6447724 54975633
1790343672.336617 W 692 lat 296 296 333 0 exe 17111 19296 50370 resp 50703 0 pmu 1023669 36885 8254200 7089261 48806115
1790343673.380641 W 693 lat 296 296 574 0 exe 17240 22092 118574 resp 119148 7 pmu 1023563 69412 8259341 6451058 56014316
1790343674.316620 W 694 lat 296 296 333 0 exe 16870 19518 50833 resp 51148 0 pmu 1023706 39366 8259448 7150248 49384721
1790343675.356642 W 695 lat 296 296 425 0 exe 17055 21666 116388 resp 116703 7 pmu 1023601 64637 8258054 6455598 54947309
1790343676.292612 W 696 lat 296 296 333 0 exe 16907 19314 51481 resp 51796 0 pmu 1023659 37258 8256992 7123428 48849500
1790343677.332638 W 697 lat 296 296 425 0 exe 16740 21814 114870 resp 115185 8 pmu 1023626 66667 8259669 6461307 55314710
1790343678.372612 W 698 lat 296 296 333 0 exe 17129 19351 51777 resp 52092 0 pmu 1023637 37447 8257103 7107386 48944166
1790343679.308640 W 699 lat 296 296 444 0 exe 17425 21611 112333 resp 112666 6 pmu 1023596 63844 8258397 6465622 54829096
1790343680.348618 W 700 lat 296 296 333 0 exe 16722 19518 51629 resp 51944 0 pmu 1023657 39501 8256903 7084620 49323055
1790343681.284638 W 701 lat 296 296 481 0 exe 17129 22277 118444 resp 118925 6 pmu 1023587 71490 8259433 6462764 56406696
1790343682.324612 W 702 lat 296 296 333 0 exe 16814 19185 47407 resp 47722 0 pmu 1023585 35758 8257384 7148484 48597661
1790343683.364639 W 703 lat 296 296 518 0 exe 16944 21759 113888 resp 114185 8 pmu 1023587 65521 8258820 6419500 55098583
1790343684.300615 W 704 lat 296 296 333 0 exe 17351 19240 50870 resp 51185 0 pmu 1023694 36296 8259676 7098569 48620292
1790343685.340638 W 705 lat 296 296 555 0 exe 17203 21925 109833 resp 110166 8 pmu 1023611 67692 8259197 6457015 55564124
1790343686.380620 W 706 lat 296 296 333 0 exe 17037 19925 49481 resp 49796 0 pmu 1023726 44313 8262464 7060554 50319062
1790343687.316638 W 707 lat 296 296 462 0 exe 17018 21796 119574 resp 119888 7 pmu 1023607 65651 8257640 6444975 55244748
1790343688.356612 W 708 lat 296 296 351 0 exe 17129 19333 49888 resp 50203 0 pmu 1023660 37314 8251400 7155973 48932392
1790343689.292640 W 709 lat 296 296 611 0 exe 17203 21777 125870 resp 126185 7 pmu 1023662 65729 8256439 6446551 55165987
1790343690.332612 W 710 lat 296 296 333 0 exe 17111 19351 54074 resp 54388 0 pmu 1023651 37362 8253840 7220536 48981298
1790343691.372642 W 711 lat 296 296 592 0 exe 16962 21925 123814 resp 124185 8 pmu 1023578 67195 8260005 6488324 55572576
1790343692.308618 W 712 lat 296 296 333 0 exe 16759 19351 52407 resp 52740 0 pmu 1023675 38166 8262564 7199575 49044124
1790343693.348641 W 713 lat 296 296 499 0 exe 16962 21740 108907 resp 109240 8 pmu 1023547 65518 8258266 6470117 55127805
1790343694.284611 W 714 lat 296 296 333 0 exe 16685 19129 48703 resp 49018 0 pmu 1023694 35058 8258140 7048872 48355518
1790343695.324642 W 715 lat 296 296 537 0 exe 17037 21481 112148 resp 112537 6 pmu 1023653 62511 8260292 6431377 54483692
1790343696.364619 W 716 lat 296 296 333 0 exe 17018 19314 50407 resp 50722 0 pmu 1023656 37247 8255746 7080861 48853636
1790343697.300642 W 717 lat 296 296 425 0 exe 16851 21870 115574 resp 115888 7 pmu 1023593 67010 8257478 6451109 55453607
1790343698.340623 W 718 lat 296 296 333 0 exe 16796 19481 50148 resp 50444 0 pmu 1023668 39063 8255864 7115240 49222908
1790343699.380640 W 719 lat 296 296 499 0 exe 16870 22277 112666 resp 113092 7 pmu 1023610 71636 8259068 6448051 56356849
1790343700.316613 W 720 lat 296 296 333 0 exe 17074 19074 45333 resp 45629 0 pmu 1023699 34461 8255080 7089240 48228942
1790343701.356643 W 721 lat 296 296 685 0 exe 17277 21907 111314 resp 111888 6 pmu 1023623 67331 8257098 6399242 55453547
1790343702.292612 W 722 lat 296 296 351 0 exe 16870 19259 51018 resp 51333 0 pmu 1023662 36535 8253877 7077575 48702280
1790343703.332637 W 723 lat 296 296 574 0 exe 17129 21777 119351 resp 119814 6 pmu 1023623 65595 8256030 6456308 55252229
1790343704.372621 W 724 lat 296 296 333 0 exe 16685 19407 48796 resp 49092 0 pmu 1023641 38141 8258859 7155439 49075320
1790343705.308641 W 725 lat 296 296 1092 0 exe 16833 22055 118222 resp 119314 7 pmu 1023639 69168 8260061 6433693 55866778
1790343706.348616 W 726 lat 296 296 333 0 exe 17111 19222 50074 resp 50370 0 pmu 1023674 36401 8255624 7149795 48681853
1790343707.388621 W 727 lat 296 296 555 0 exe 17222 21796 110611 resp 110981 7 pmu 1023603 65924 8257421 6447625 55153344
1790343708.324612 W 728 lat 296 296 333 0 exe 16925 19203 47925 resp 48222 0 pmu 1023728 35916 8260476 7067995 48530678
1790343709.368641 W 729 lat 296 296 759 0 exe 16925 21685 109981 resp 110351 8 pmu 1023575 64800 8257808 6425225 54945529
1790343710.304619 W 730 lat 296 296 333 0 exe 17111 19555 49222 resp 49518 0 pmu 1023594 39949 8257348 7060670 49415832
1790343711.344639 W 731 lat 296 296 444 0 exe 17148 21722 114518 resp 114907 6 pmu 1023549 64993 8258993 6440783 55066017
1790343712.384627 W 732 lat 296 296 333 0 exe 17148 19499 46833 resp 47148 0 pmu 1023698 39391 8259462 7105853 49313844
1790343713.320641 W 733 lat 296 296 425 0 exe 17074 21925 118814 resp 119148 6 pmu 1023547 67627 8257261 6416963 55563991
1790343714.360653 W 734 lat 296 296 333 0 exe 17055 19259 54333 resp 54648 0 pmu 1023698 36581 8255072 7149200 48721468
1790343715.296637 W 735 lat 296 296 518 0 exe 17185 21962 111666 resp 112185 7 pmu 1023601 68012 8253215 6490252 55601164
1790343716.336622 W 736 lat 296 296 333 0 exe 17111 19166 48240 resp 48537 0 pmu 1023626 35398 8252020 7079621 48460440
1790343717.376640 W 737 lat 296 296 425 0 exe 17018 25296 111111 resp 111444 7 pmu 1023571 107524 8257204 6428946 64175937
1790343718.312615 W 738 lat 296 296 333 0 exe 16759 19351 50499 resp 50833 0 pmu 1023624 37289 8260143 7088650 48888792
1790343719.360672 W 739 lat 296 759 9314 0 exe 16851 61129 562129 resp 565462 128 pmu 1024330 188857 8290494 6451398 158333938
1790343720.300906 W 740 lat 314 2888 8722 0 exe 103666 403851 572148 resp 575537 1000 pmu 1022807 1024277 8276186 11842176 1041179126
1790343721.352969 W 741 lat 314 3574 8962 0 exe 105277 443944 563148 resp 567592 1000 pmu 1023032 1025039 8283707 14098212 1147464453
1790343722.308924 W 742 lat 314 3722 9481 0 exe 103703 435333 571851 resp 577259 1000 pmu 1024007 1027601 8299859 14226650 1134953153
1790343723.357002 W 743 lat 314 2703 8462 0 exe 103425 406685 562166 resp 567092 1000 pmu 1022047 1020012 8270554 14270906 1041882477
1790343724.304887 W 744 lat 314 3018 7870 0 exe 103277 405351 567333 resp 572481 1000 pmu 1023265 1025688 8278237 14016700 1049525884
1790343725.352778 W 745 lat 407 3388 9388 0 exe 102611 438944 564129 resp 568333 1000 pmu 1023770 1025659 8298281 14060791 1129444545
1790343726.300904 W 746 lat 333 3277 8759 0 exe 105722 414092 569592 resp 574648 1000 pmu 1023051 1026865 8285911 14198571 1078116043
1790343727.349029 W 747 lat 314 2703 9629 0 exe 103444 402648 555388 resp 559296 1000 pmu 1022503 1021163 8278311 14144755 1031726524
1790343728.292880 W 748 lat 314 3425 9648 0 exe 102444 424259 568203 resp 573944 1000 pmu 1023225 1027045 8278404 13929655 1100065382
1790343729.356781 W 749 lat 333 3222 8407 0 exe 103537 432333 586722 resp 591870 1000 pmu 1022925 1023099 8296099 14173686 1110846207
1790343730.304958 W 750 lat 314 2722 8648 0 exe 103666 385481 557037 resp 560722 1000 pmu 1022065 1023681 8270164 14394701 995928648
1790343731.364931 W 751 lat 314 3129 8333 0 exe 109833 422685 573611 resp 576999 1000 pmu 1022514 1022696 8268279 13855506 1087218323
1790343732.308927 W 752 lat 314 3518 7074 0 exe 103018 437703 562888 resp 566925 1000 pmu 1022841 1027590 8289228 14237176 1137663486
1790343733.356775 W 753 lat 351 3333 8722 0 exe 103018 436777 573037 resp 577388 1000 pmu 1023133 1022635 8294525 14169835 1123681007
1790343734.308941 W 754 lat 333 3407 8722 0 exe 105777 421870 575037 resp 580092 1000 pmu 1022706 1026929 8283138 14275774 1099753879
1790343735.361040 W 755 lat 333 3370 8851 0 exe 103259 443666 550481 resp 555518 1000 pmu 1023618 1026625 8286217 14238912 1139377765
1790343736.312757 W 756 lat 333 3611 8074 0 exe 102814 449499 577722 resp 581259 1000 pmu 1023210 1027733 8295044 14090068 1163348168
1790343737.352866 W 757 lat 314 3851 8759 0 exe 104703 444185 579370 resp 582407 1000 pmu 1024572 1028155 8299377 14379102 1153393881
1790343738.297039 W 758 lat 314 3537 8851 0 exe 103037 447037 571055 resp 574981 1000 pmu 1023804 1026364 8300818 14380616 1151604065
1790343739.352913 W 759 lat 333 3944 10370 0 exe 102314 450722 577074 resp 582425 1000 pmu 1024744 1029505 8310747 14306559 1169204510
1790343740.392906 W 760 lat 333 3870 8796 0 exe 103314 444333 585222 resp 588685 1000 pmu 1024588 1029674 8307326 14398472 1156911887
1790343741.340972 W 761 lat 555 3703 10333 0 exe 108055 449833 563740 resp 568148 1000 pmu 1024280 1027095 8307653 14435437 1157209423
1790343742.389052 W 762 lat 388 3944 9833 0 exe 106666 452648 571648 resp 575092 1000 pmu 1024294 1029234 8308378 14284438 1173217937
1790343743.340944 W 763 lat 555 4185 8999 0 exe 108203 468574 578537 resp 585407 1000 pmu 1025763 1031640 8322269 14363797 1214453484
1790343744.388930 W 764 lat 333 3759 9240 0 exe 103870 444111 577870 resp 582092 1000 pmu 1024245 1029307 8300809 14535048 1151636150
1790343745.345917 W 765 lat 407 3629 9037 0 exe 101925 448999 577518 resp 582185 1000 pmu 1023848 1027313 8306985 14368848 1156483205
1790343746.400719 W 766 lat 314 3351 8888 0 exe 103148 409222 576148 resp 579777 1000 pmu 1023522 1027759 8292645 14381158 1065056048
1790343747.340970 W 767 lat 351 3314 9129 0 exe 104259 428851 549481 resp 553888 1000 pmu 1023229 1024780 8273230 14166867 1101279625
1790343748.392896 W 768 lat 425 3870 10037 0 exe 103407 445648 578722 resp 582555 1000 pmu 1023864 1029240 8315686 14008930 1155109330
1790343749.337027 W 769 lat 333 4129 9129 0 exe 106481 469907 568944 resp 574962 1000 pmu 1024488 1031172 8310793 14385843 1217321088
1790343750.388999 W 770 lat 537 4259 9055 0 exe 102777 473296 572870 resp 577388 1000 pmu 1025753 1032394 8319115 14432035 1224322790
1790343751.332938 W 771 lat 333 4018 8277 0 exe 103796 471018 584240 resp 588277 1000 pmu 1023788 1029945 8308037 14463615 1217680330
1790343752.380859 W 772 lat 314 3666 9370 0 exe 101518 468888 573055 resp 576425 1000 pmu 1024527 1030187 8315777 14562397 1214770094
1790343753.332887 W 773 lat 296 3333 9388 0 exe 106537 480518 581388 resp 586333 1000 pmu 1025671 1032502 8323370 14428906 1240947160
1790343754.384855 W 774 lat 351 3592 8462 0 exe 102518 481925 573777 resp 581296 1000 pmu 1025934 1032759 8335480 14601544 1248342315
1790343755.332918 W 775 lat 333 3796 8222 0 exe 102351 480166 571629 resp 576648 1000 pmu 1025649 1031980 8322602 14522240 1242072376
1790343756.385003 W 776 lat 314 3740 9574 0 exe 100925 485018 573055 resp 575518 1000 pmu 1024353 1030164 8306410 14478302 1252528826
1790343757.328952 W 777 lat 425 3814 8962 0 exe 100462 484185 574814 resp 579685 1000 pmu 1024765 1031004 8307329 14503232 1247347771
1790343758.380909 W 778 lat 611 4092 9185 0 exe 101333 492333 575296 resp 579685 1000 pmu 1025919 1032538 8331278 14524366 1268951080
1790343759.332732 W 779 lat 314 3629 9722 0 exe 100814 462037 583592 resp 589462 1000 pmu 1023735 1028540 8289763 14575316 1194980217
1790343760.384799 W 780 lat 314 2425 8166 0 exe 101981 391148 569537 resp 573796 1000 pmu 1022897 1022169 8277177 14510512 999242319
1790343761.329034 W 781 lat 314 3425 9166 0 exe 101129 436555 563907 resp 569203 1000 pmu 1022530 1027909 8283874 13999454 1131521432
1790343762.377002 W 782 lat 351 3518 9444 0 exe 101685 454166 567925 resp 571592 1000 pmu 1024076 1026909 8289998 14181063 1165102146
1790343763.321055 W 783 lat 333 3666 9074 0 exe 101259 452314 580740 resp 584055 1000 pmu 1023524 1028526 8302876 14305981 1168568761
1790343764.376969 W 784 lat 333 3740 9944 0 exe 101185 457074 561462 resp 565962 1000 pmu 1023861 1028101 8303241 14419783 1181575235
1790343765.325046 W 785 lat 333 3703 8648 0 exe 101388 472907 565962 resp 570537 1000 pmu 1023780 1028577 8292952 14261040 1219051466
1790343766.384747 W 786 lat 370 3685 8166 0 exe 100796 470666 570222 resp 574462 1000 pmu 1023721 1028739 8295620 14380015 1211624368
1790343767.329021 W 787 lat 314 3722 9259 0 exe 100851 452166 564981 resp 570407 1000 pmu 1023949 1030035 8303334 14404415 1172123521
1790343768.384975 W 788 lat 333 3981 9277 0 exe 102037 472592 578148 resp 581851 1000 pmu 1025113 1030362 8312550 14270965 1219988532
1790343769.324993 W 789 lat 462 3851 7722 0 exe 101166 476351 576999 resp 581870 1000 pmu 1024650 1029691 8309774 14503671 1226433065
1790343770.377035 W 790 lat 499 4037 8888 0 exe 102111 485611 575777 resp 579555 1000 pmu 1025782 1030413 8322976 14504803 1252254146
1790343771.328694 W 791 lat 351 3851 8925 0 exe 101703 471814 577092 resp 581444 1000 pmu 1024196 1030317 8308924 14545011 1220561775
1790343772.376879 W 792 lat 351 3703 8722 0 exe 101037 459518 578722 resp 581240 1000 pmu 1023982 1029974 8298578 14488391 1187765392
1790343773.321008 W 793 lat 462 3592 9037 0 exe 101351 461111 574037 resp 578740 1000 pmu 1023962 1027742 8308402 14429171 1182439244
1790343774.380876 W 794 lat 314 3592 9425 0 exe 101111 438388 576222 resp 581333 1000 pmu 1024408 1029494 8308996 14404160 1137399935
1790343775.328944 W 795 lat 351 3555 7907 0 exe 101074 452999 559740 resp 563092 1000 pmu 1023145 1027369 8285862 14314426 1165578834
1790343776.388911 W 796 lat 333 3259 8537 0 exe 100777 440425 567870 resp 573351 1000 pmu 1022871 1026514 8293127 14206274 1133262967
1790343777.336753 W 797 lat 333 3407 8629 0 exe 101574 437518 566037 resp 571407 1000 pmu 1023237 1027653 8286826 14235468 1131263371
1790343778.388890 W 798 lat 351 3185 9018 0 exe 101907 442629 573314 resp 577351 1000 pmu 1023145 1023422 8295695 14207270 1135756365
1790343779.344652 W 799 lat 296 2944 10277 0 exe 18722 385148 564037 resp 567333 917 pmu 1023358 965079 8278258 14301177 1000253153
1790343780.384637 W 800 lat 296 296 333 0 exe 16851 21740 120685 resp 121018 5 pmu 1023678 65063 8262559 13503502 59329143
1790343781.324866 W 801 lat 296 425 5425 0 exe 17092 41462 548888 resp 554314 76 pmu 1023099 111740 8261344 7165465 105976806
1790343782.376888 W 802 lat 981 3388 6703 0 exe 238055 384111 433999 resp 437481 1000 pmu 1032501 1028275 8458044 11601824 996168329
1790343783.312904 W 803 lat 1833 3555 6944 0 exe 332092 388611 434296 resp 440185 1000 pmu 1033209 1030844 8454474 13286047 1007871461
1790343784.360899 W 804 lat 1537 3518 6592 0 exe 308240 386796 435148 resp 439240 1000 pmu 1033233 1031390 8458116 13800093 1004263084
1790343785.308906 W 805 lat 833 3425 7111 0 exe 262425 382555 445351 resp 450185 1000 pmu 1032837 1026774 8458899 13667805 993314682
1790343786.356893 W 806 lat 1814 3444 6037 0 exe 302037 387018 450944 resp 454537 1000 pmu 1033128 1030734 8452846 13522041 1004272804
1790343787.324888 W 807 lat 1574 3481 6240 0 exe 319481 388499 440240 resp 443648 1000 pmu 1033146 1031954 8459087 13791580 1007707761
1790343788.388868 W 808 lat 1444 3462 6833 0 exe 310092 386296 437870 resp 440722 1000 pmu 1033106 1030918 8457378 13778392 1002571946
1790343789.328920 W 809 lat 1296 3370 5648 0 exe 270148 385166 436777 resp 441092 1000 pmu 1033175 1030488 8465686 13696207 1000169268
1790343790.288925 W 810 lat 1574 3425 6037 0 exe 326907 387833 431462 resp 436240 1000 pmu 1033271 1032705 8465459 13480143 1006333783
1790343791.348913 W 811 lat 1981 3444 6425 0 exe 300759 387314 445037 resp 448111 1000 pmu 1033317 1033456 8471787 13729981 1005370521
1790343792.300917 W 812 lat 1111 3370 5796 0 exe 252925 385351 435222 resp 438185 1000 pmu 1032961 1029927 8465263 13727945 1000427723
1790343793.372893 W 813 lat 1685 3444 6296 0 exe 262203 387370 430055 resp 433851 1000 pmu 1033255 1032265 8464074 13372426 1005418428
1790343794.324893 W 814 lat 1555 3574 7722 0 exe 312499 388092 455055 resp 459388 1000 pmu 1033165 1033097 8467281 13387064 1006720706
1790343795.392895 W 815 lat 1259 3444 7259 0 exe 325870 386222 436537 resp 439388 1000 pmu 1033073 1031050 8459323 13902100 1002734030
1790343796.356936 W 816 lat 1129 3499 9148 0 exe 302240 385796 437018 resp 443240 1000 pmu 1033129 1029610 8454278 13762373 1001172029
1790343797.328904 W 817 lat 1740 3444 6629 0 exe 315314 386888 442351 resp 446037 1000 pmu 1033281 1031712 8465746 13672861 1004259586
1790343798.384930 W 818 lat 1759 3462 6314 0 exe 328685 387870 442092 resp 445370 1000 pmu 1033097 1031512 8461649 13774658 1006366976
1790343799.328877 W 819 lat 1277 3407 6074 0 exe 274018 385185 441851 resp 447611 1000 pmu 1033086 1029868 8461433 13840491 1000134493
1790343800.372928 W 820 lat 1574 3388 6277 0 exe 282777 386907 431092 resp 435962 1000 pmu 1033108 1030140 8463838 13559614 1004097025
1790343801.332908 W 821 lat 1425 3351 7777 0 exe 300407 384481 435537 resp 439277 1000 pmu 1032987 1030650 8460659 13502480 998452070
1790343802.384904 W 822 lat 1240 3388 6592 0 exe 315074 387592 434018 resp 437277 1000 pmu 1032962 1030894 8459120 13623881 1005803289
1790343803.328870 W 823 lat 1240 3407 6499 0 exe 256685 385092 452148 resp 455629 1000 pmu 1032911 1030699 8464330 13688447 1000027046
1790343804.368908 W 824 lat 1629 3574 7999 0 exe 334222 388129 440611 resp 443685 1000 pmu 1033076 1031025 8461787 13566028 1007070879
1790343805.320889 W 825 lat 1240 3481 6981 0 exe 263537 386185 436722 resp 440296 1000 pmu 1033122 1031409 8460918 13861877 1002854322
1790343806.372908 W 826 lat 1185 3537 6999 0 exe 318759 386907 430481 resp 435055 1000 pmu 1033040 1029893 8458675 13454732 1003796195
1790343807.308898 W 827 lat 1333 3444 7259 0 exe 284092 386629 432833 resp 437611 1000 pmu 1033028 1031072 8457109 13677353 1003518165
1790343808.348903 W 828 lat 1833 3499 6944 0 exe 323777 388129 435574 resp 439814 1000 pmu 1033226 1031288 8465191 13528621 1006782008
1790343809.388925 W 829 lat 1555 3444 6592 0 exe 302259 386611 444222 resp 447185 1000 pmu 1033094 1031749 8460326 13760485 1003484554
1790343810.328975 W 830 lat 1592 3444 6407 0 exe 290240 386259 436648 resp 441796 1000 pmu 1033107 1029638 8463509 13721921 1002458148
1790343811.372793 W 831 lat 1092 3388 6907 0 exe 274296 385518 434759 resp 439277 1000 pmu 1033045 1030560 8460249 13594472 1000771839
1790343812.304890 W 832 lat 1407 3388 6351 0 exe 327111 386574 435055 resp 440703 1000 pmu 1033110 1030071 8457289 13488833 1003015965
1790343813.344935 W 833 lat 1388 3388 6314 0 exe 281499 386129 431537 resp 435407 1000 pmu 1033041 1030446 8462665 13765448 1002555111
1790343814.384886 W 834 lat 1592 3425 6222 0 exe 311851 386981 437722 resp 440555 1000 pmu 1032989 1031598 8461414 13490870 1004188705
1790343815.320929 W 835 lat 1833 3499 12388 0 exe 255814 387296 430425 resp 435129 1000 pmu 1033232 1031996 8467966 13704272 1005520169
1790343816.360958 W 836 lat 1333 3537 6481 0 exe 321703 386814 433555 resp 438129 1000 pmu 1033094 1031662 8461405 13394619 1003553804
1790343817.300929 W 837 lat 1499 3518 6444 0 exe 293907 385814 425740 resp 430277 1000 pmu 1033067 1031047 8462737 13720338 1001613920
1790343818.340910 W 838 lat 1203 3407 6240 0 exe 277018 383037 437592 resp 441055 1000 pmu 1032780 1027293 8446225 13498614 994420953
1790343819.380924 W 839 lat 1555 3462 6611 0 exe 309370 386666 446944 resp 450796 1000 pmu 1033108 1031435 8462934 13510303 1003629794
1790343820.320782 W 840 lat 1444 3407 6018 0 exe 305518 385814 434240 resp 437592 1000 pmu 1033084 1030445 8464747 13789660 1001506793
1790343821.356926 W 841 lat 1888 3444 6037 0 exe 325148 387370 432148 resp 435814 1000 pmu 1033258 1031811 8465548 13632676 1005121449
1790343822.292951 W 842 lat 1722 3444 6462 0 exe 300185 386259 437370 resp 441666 1000 pmu 1033211 1032411 8474184 13721790 1002193787
1790343823.332815 W 843 lat 1611 3407 6203 0 exe 333944 387111 440499 resp 443833 1000 pmu 1033058 1031191 8460132 13648083 1003747573
1790343824.372919 W 844 lat 925 3481 7685 0 exe 263962 384888 434185 resp 438962 1000 pmu 1033139 1030541 8469094 13845546 998479641
1790343825.312911 W 845 lat 1537 3499 6999 0 exe 316333 385944 439314 resp 443888 1000 pmu 1033117 1030886 8467664 13433088 999904322
1790343826.380899 W 846 lat 1462 3537 7481 0 exe 290166 383981 434740 resp 439444 1000 pmu 1033208 1030379 8461161 13750290 995758003
1790343827.320924 W 847 lat 1259 3555 7037 0 exe 298981 383351 438462 resp 442166 1000 pmu 1033268 1030094 8466657 13566631 994274261
1790343828.380933 W 848 lat 1666 3499 6611 0 exe 282759 382981 437740 resp 441166 1000 pmu 1033127 1031507 8460893 13636790 993885343
1790343829.320985 W 849 lat 1481 3444 6296 0 exe 310907 381833 443037 resp 449018 1000 pmu 1032891 1029999 8461368 13544828 990953941
1790343830.360894 W 850 lat 1388 3444 6166 0 exe 308166 382018 433259 resp 437759 1000 pmu 1033330 1031975 8465088 13742655 992334664
1790343831.296879 W 851 lat 1555 3462 7407 0 exe 301851 381722 435222 resp 439351 1000 pmu 1033121 1030919 8458337 13623663 991515726
1790343832.344901 W 852 lat 1611 3462 6277 0 exe 297999 381203 433685 resp 438240 1000 pmu 1033225 1031744 8459714 13615447 990735893
1790343833.396958 W 853 lat 925 3444 6444 0 exe 297074 380685 437925 resp 441648 1000 pmu 1032820 1028549 8451355 13575092 989225911
1790343834.340798 W 854 lat 1388 3407 6981 0 exe 291759 379555 453611 resp 457703 1000 pmu 1033019 1031295 8460669 13603307 987045715
1790343835.376909 W 855 lat 1018 3407 6518 0 exe 270055 381648 432907 resp 437314 1000 pmu 1033063 1030663 8464450 13734726 991916527
1790343836.316898 W 856 lat 1129 3481 7351 0 exe 274166 379703 432555 resp 436981 1000 pmu 1033062 1031335 8468277 13426942 987262544
1790343837.356937 W 857 lat 1870 3537 7388 0 exe 321277 382037 435425 resp 438425 1000 pmu 1033162 1031386 8470885 13439550 992638487
1790343838.292911 W 858 lat 1444 3537 6907 0 exe 302055 380962 429314 resp 433277 1000 pmu 1033177 1032800 8476991 13712517 990435937
1790343839.332975 W 859 lat 1499 3518 7518 0 exe 315259 382129 434148 resp 438851 1000 pmu 1033229 1031673 8480180 13550158 993021744
1790343840.372908 W 860 lat 1277 3407 7240 0 exe 294981 380277 429925 resp 432722 1000 pmu 1033014 1031927 8473884 13677141 988679515
1790343841.308656 W 861 lat 296 3351 6759 0 exe 64148 373351 436296 resp 440388 982 pmu 1032878 1028224 8451519 13511807 970525355
1790343842.348639 W 862 lat 296 296 574 0 exe 17148 23481 122259 resp 122740 8 pmu 1023614 84846 8260203 12382594 62893484
1790343843.396652 W 863 lat 296 296 425 0 exe 16925 21018 203092 resp 203407 14 pmu 1023611 54878 8260199 7193157 54257707
1790343844.344641 W 864 lat 296 296 981 0 exe 17703 27148 187537 resp 188518 26 pmu 1023451 124235 8254391 7986586 70167921
1790343845.392615 W 865 lat 296 296 333 0 exe 17333 19833 46333 resp 46648 0 pmu 1023669 42661 8254571 7871777 50567260
1790343846.340635 W 866 lat 296 296 481 0 exe 17574 22685 111981 resp 112314 11 pmu 1023588 76187 8254271 6414691 57452848
1790343847.384613 W 867 lat 296 296 333 0 exe 17259 19499 46685 resp 46999 0 pmu 1023586 39134 8253612 7087373 49337515
1790343848.328633 W 868 lat 296 296 685 0 exe 17148 22611 111611 resp 111925 7 pmu 1023634 75095 8255684 6416188 57226488
1790343849.376614 W 869 lat 296 296 333 0 exe 17222 20166 44203 resp 44518 0 pmu 1023739 46540 8254308 7082046 50897657
1790343850.316635 W 870 lat 296 296 444 0 exe 17074 23148 109796 resp 110203 10 pmu 1023592 81374 8256705 6394265 58555914
1790343851.376614 W 871 lat 296 296 333 0 exe 17074 19592 44499 resp 44814 0 pmu 1023621 39537 8252632 7065482 49460197
1790343852.324637 W 872 lat 296 296 555 0 exe 17296 22166 112166 resp 112481 7 pmu 1023609 69680 8251358 6393695 56040660
1790343853.372614 W 873 lat 296 296 333 0 exe 17203 19851 49296 resp 49611 0 pmu 1023661 42881 8251456 7085495 50126809
1790343854.324639 W 874 lat 296 296 388 0 exe 17592 22462 109407 resp 109796 10 pmu 1023610 73612 8255868 6443533 56947083
1790343855.376614 W 875 lat 296 296 333 0 exe 17425 19611 50259 resp 50574 0 pmu 1023646 40378 8255996 7060453 49545462
1790343856.320641 W 876 lat 296 296 518 0 exe 17444 23259 115240 resp 115629 9 pmu 1023610 83000 8256405 6453165 58951438
1790343857.372617 W 877 lat 296 296 333 0 exe 17222 19888 48518 resp 48833 0 pmu 1023687 43704 8257060 7122511 50298012
1790343858.324634 W 878 lat 296 296 537 0 exe 17499 22296 131462 resp 131796 7 pmu 1023599 71170 8254172 6435991 56417452
1790343859.384613 W 879 lat 296 296 333 0 exe 17259 19685 47592 resp 47907 0 pmu 1023704 41091 8257200 7280258 49870413
1790343860.336633 W 880 lat 296 296 592 0 exe 17444 23796 131925 resp 132388 10 pmu 1023599 88310 8253480 6425989 60074664
1790343861.292615 W 881 lat 296 296 351 0 exe 17092 20129 45629 resp 45944 0 pmu 1023632 46334 8255544 7292889 50980799
1790343862.352632 W 882 lat 296 296 407 0 exe 17444 22351 121222 resp 121629 7 pmu 1023648 71918 8255380 6407817 56595584
1790343863.304612 W 883 lat 296 296 333 0 exe 17592 19814 48277 resp 48592 0 pmu 1023694 42329 8253944 7177396 50095887
1790343864.352633 W 884 lat 296 296 425 0 exe 17499 22370 130055 resp 130388 6 pmu 1023530 71449 8252216 6435247 56620068
1790343865.304615 W 885 lat 296 296 333 0 exe 17240 20055 51370 resp 51685 0 pmu 1023674 45140 8254122 7265769 50770230
1790343866.352636 W 886 lat 296 296 481 0 exe 17370 22166 115537 resp 115851 8 pmu 1023646 69662 8255371 6465431 56103343
1790343867.288612 W 887 lat 296 296 351 0 exe 17203 19925 65018 resp 65333 0 pmu 1023639 43728 8255574 7119228 50351318
1790343868.332636 W 888 lat 296 296 407 0 exe 17277 21925 118685 resp 118999 7 pmu 1023572 66747 8253185 6601254 55600962
1790343869.372612 W 889 lat 296 296 333 0 exe 16925 19722 48851 resp 49166 0 pmu 1023675 41506 8253920 7148738 49860755
1790343870.324634 W 890 lat 296 296 425 0 exe 17462 22611 119685 resp 120018 8 pmu 1023603 75073 8257612 6437152 57232266
1790343871.368611 W 891 lat 296 296 333 0 exe 17074 19425 46296 resp 46592 0 pmu 1023676 38201 8254120 7163124 49173021
1790343872.324638 W 892 lat 296 296 518 0 exe 17333 22203 108203 resp 108537 10 pmu 1023581 70453 8249964 6410642 56183053
1790343873.384616 W 893 lat 296 296 333 0 exe 17296 20351 68481 resp 68796 0 pmu 1023657 48809 8254416 7046008 51364092
1790343874.324639 W 894 lat 296 296 425 0 exe 17074 22370 113444 resp 113759 7 pmu 1023585 72055 8251327 6638375 56750654
1790343875.368611 W 895 lat 296 296 333 0 exe 17185 19481 54111 resp 54407 0 pmu 1023639 38506 8251096 7097621 49237380
1790343876.316639 W 896 lat 296 296 499 0 exe 17388 22370 111425 resp 111925 10 pmu 1023590 72475 8253737 6489671 56710338
1790343877.356617 W 897 lat 296 296 388 0 exe 17222 20611 71148 resp 71481 0 pmu 1023651 51794 8253452 7080302 52035613
1790343878.300640 W 898 lat 296 296 444 0 exe 17574 22314 127685 resp 127999 8 pmu 1023640 71517 8254654 6666239 56605311
1790343879.340615 W 899 lat 296 296 333 0 exe 17129 19888 48277 resp 48592 0 pmu 1023680 43457 8256084 7242342 50311269
1790343880.384727 W 900 lat 296 296 481 0 exe 17277 22722 124148 resp 124537 12 pmu 1023618 76251 8254020 6433209 57493576
1790343881.324616 W 901 lat 296 296 333 0 exe 17333 20203 66074 resp 66388 0 pmu 1023688 46905 8255208 7207980 51066604
1790343882.372641 W 902 lat 296 296 574 0 exe 17222 22222 112314 resp 112888 11 pmu 1023576 70630 8254920 6613687 56373683
1790343883.308610 W 903 lat 296 296 333 0 exe 16981 19722 53074 resp 53388 0 pmu 1023650 41347 8254348 7088253 49817096
1790343884.356637 W 904 lat 296 296 388 0 exe 17185 22814 113481 resp 113814 5 pmu 1023604 77561 8253273 6479571 57755473
1790343885.292618 W 905 lat 296 296 333 0 exe 17203 20111 72407 resp 72722 0 pmu 1023595 46125 8253768 7100633 50823309
1790343886.336640 W 906 lat 296 296 499 0 exe 17499 22592 109759 resp 110074 9 pmu 1023619 74896 8255257 6675877 57331446
1790343887.380613 W 907 lat 296 296 333 0 exe 16962 19592 53888 resp 54185 0 pmu 1023660 39887 8252128 7064475 49497134
1790343888.324638 W 908 lat 296 296 407 0 exe 17148 22092 114092 resp 114444 6 pmu 1023574 69339 8254143 6486977 56002343
1790343889.372615 W 909 lat 296 296 333 0 exe 17092 19888 50444 resp 50740 0 pmu 1023595 43307 8251208 7103006 50248454
1790343890.308637 W 910 lat 296 296 592 0 exe 17462 22111 110499 resp 111074 8 pmu 1023574 69327 8251555 6454410 55975160
1790343891.356613 W 911 lat 296 296 333 0 exe 17055 19925 64888 resp 65203 0 pmu 1023669 43994 8255924 7070770 50344450
1790343892.304636 W 912 lat 296 296 425 0 exe 17462 21981 116777 resp 117203 8 pmu 1023558 67444 8253662 6599129 55772888
1790343893.348619 W 913 lat 296 296 333 0 exe 17314 20185 51037 resp 51351 0 pmu 1023621 46609 8251792 7131512 50991640
1790343894.388636 W 914 lat 296 296 518 0 exe 17240 22555 110055 resp 110388 10 pmu 1023610 74732 8255538 6463084 57219006
1790343895.324614 W 915 lat 296 296 333 0 exe 17370 19685 51999 resp 52314 0 pmu 1023704 40910 8257685 7065809 49712588
1790343896.364637 W 916 lat 296 296 499 0 exe 17333 22111 120203 resp 120611 9 pmu 1023610 69221 8255859 6470630 56011971
1790343897.304608 W 917 lat 296 296 425 0 exe 17240 21092 74037 resp 74333 0 pmu 1023524 57309 8252912 7165789 53260515
1790343898.344639 W 918 lat 296 296 722 0 exe 17537 22259 114907 resp 115296 7 pmu 1023597 70870 8252819 6697729 56512688
1790343899.388610 W 919 lat 296 296 333 0 exe 17277 19833 53370 resp 53685 0 pmu 1023649 42577 8252481 7115919 50114143
1790343900.324639 W 920 lat 296 296 444 0 exe 17037 22111 110444 resp 110777 10 pmu 1023631 69318 8256506 6484653 56032894
1790343901.364614 W 921 lat 296 296 333 0 exe 17037 20055 52481 resp 52796 0 pmu 1023697 45464 8258280 7066143 50685657
1790343902.300646 W 922 lat 296 296 1685 0 exe 17629 22537 120092 resp 121777 10 pmu 1023621 74131 8257039 6475647 57103607
1790343903.348649 W 923 lat 296 296 333 0 exe 17574 20462 55425 resp 55722 0 pmu 1023650 49983 8251960 7180867 51721303
1790343904.388639 W 924 lat 296 296 444 0 exe 16944 24648 122888 resp 123203 9 pmu 1023590 99165 8262735 6509685 62754250
1790343905.324614 W 925 lat 296 296 333 0 exe 16925 19814 46555 resp 46888 0 pmu 1023657 42672 8264135 7202806 50146989
1790343906.377119 W 926 lat 296 4203 11981 0 exe 17907 493074 715666 resp 721462 958 pmu 1028155 998282 8381063 6417585 1249829278
1790343907.325150 W 927 lat 611 5851 13555 0 exe 157314 602333 713907 resp 721092 1000 pmu 1031014 1034909 8420156 15585639 1512371389
1790343908.376699 W 928 lat 296 5240 12907 0 exe 102703 532740 701222 resp 710851 1000 pmu 1029694 1014071 8394384 16835904 1348720566
1790343909.321238 W 929 lat 296 3444 12944 0 exe 100629 413666 733685 resp 746629 1000 pmu 1024261 1014296 8339806 16092373 1062002089
1790343910.365061 W 930 lat 314 4685 10870 0 exe 107648 547499 719092 resp 726814 1000 pmu 1028120 1036594 8372019 15819078 1388602244
1790343911.312737 W 931 lat 296 2037 7222 0 exe 103740 318574 673888 resp 677388 1000 pmu 1023674 1021335 8319344 16347183 846104794
1790343912.365030 W 932 lat 388 5018 14259 0 exe 113907 564129 704277 resp 709648 1000 pmu 1028617 1039251 8384521 14678358 1420659108
1790343913.308898 W 933 lat 2222 6074 12925 0 exe 252814 607944 720574 resp 728574 1000 pmu 1030934 1037624 8413883 16320766 1526021968
1790343914.352777 W 934 lat 296 3944 11333 0 exe 103481 473111 688537 resp 699870 1000 pmu 1026001 1023182 8337866 17418325 1208024257
1790343915.397206 W 935 lat 296 4407 10796 0 exe 87685 540055 679703 resp 683685 973 pmu 1027341 1030094 8362853 15665374 1362077483
1790343916.348784 W 936 lat 296 2907 9759 0 exe 107037 407018 695240 resp 704259 1000 pmu 1025353 1028673 8338354 15795974 1050954583
1790343917.397118 W 937 lat 296 3833 12351 0 exe 102222 462759 673703 resp 679981 1000 pmu 1026171 1031261 8352681 15395300 1177622050
1790343918.349124 W 938 lat 685 5037 10999 0 exe 223074 562240 696166 resp 705259 1000 pmu 1028864 1039091 8382616 15438351 1417890351
1790343919.297140 W 939 lat 1351 5499 11407 0 exe 210851 587962 723685 resp 730925 1000 pmu 1030117 1037219 8396191 16779954 1480760435
1790343920.345052 W 940 lat 296 3370 8537 0 exe 91462 437592 651203 resp 655018 971 pmu 1025316 1017743 8335608 17121094 1125027130
1790343921.304801 W 941 lat 314 4259 9925 0 exe 102388 531203 689277 resp 693796 1000 pmu 1025905 1030260 8338179 14999938 1345338109
1790343922.361035 W 942 lat 314 3240 9185 0 exe 113537 433574 657888 resp 660981 1000 pmu 1026517 1022079 8349413 15918471 1113533429
1790343923.324941 W 943 lat 314 4037 9574 0 exe 104222 489796 683925 resp 691444 1000 pmu 1026581 1033635 8347473 15156201 1248369248
1790343924.369208 W 944 lat 703 5796 12611 0 exe 213703 604148 718629 resp 726611 1000 pmu 1030720 1039427 8410536 15679228 1518370536
1790343925.304960 W 945 lat 314 3518 11277 0 exe 104037 420351 706833 resp 714888 1000 pmu 1025798 1013146 8337184 17173654 1084414316
1790343926.345019 W 946 lat 314 4425 11740 0 exe 103851 540555 670018 resp 676166 1000 pmu 1026976 1032177 8353399 15568718 1366943468
1790343927.300767 W 947 lat 314 3814 9537 0 exe 109537 479037 664462 resp 671499 1000 pmu 1026210 1018577 8338154 15798089 1219824194
1790343928.365160 W 948 lat 314 3296 9962 0 exe 103999 434888 674074 resp 678166 1000 pmu 1024572 1022998 8319850 15453731 1118441192
1790343929.313273 W 949 lat 962 5351 12944 0 exe 239555 590907 722574 resp 730037 1000 pmu 1029812 1040084 8394837 15286159 1485776237
1790343930.364707 W 950 lat 314 4759 12314 0 exe 118481 535685 721907 resp 730537 1000 pmu 1028459 1023017 8363302 17274386 1356357447
1790343931.305071 W 951 lat 314 3277 8425 0 exe 105703 430407 667925 resp 673333 1000 pmu 1024683 1021911 8330547 16382718 1109956680
1790343932.356997 W 952 lat 314 4240 10888 0 exe 107907 515722 691796 resp 702685 1000 pmu 1026888 1028582 8361341 15209541 1305494287
1790343933.308937 W 953 lat 296 2759 9592 0 exe 103740 378037 631296 resp 637666 1000 pmu 1024137 1007821 8319477 15930368 985228411
1790343934.357032 W 954 lat 333 5092 12166 0 exe 105092 565037 724296 resp 728814 1000 pmu 1028838 1038407 8386817 14579652 1427297133
1790343935.296935 W 955 lat 499 4888 11462 0 exe 163518 552648 705740 resp 712981 1000 pmu 1028579 1031310 8373813 16466835 1399656737
1790343936.337064 W 956 lat 314 3407 8611 0 exe 104259 454314 639685 resp 644666 1000 pmu 1024113 1012849 8322634 16521461 1157975655
1790343937.377197 W 957 lat 314 4518 9407 0 exe 108666 546129 704944 resp 709592 1000 pmu 1027155 1035512 8350385 15038933 1380125707
1790343938.316720 W 958 lat 314 3648 8444 0 exe 119481 463314 643351 resp 648703 1000 pmu 1025969 1014921 8336510 16180459 1181158060
1790343939.353053 W 959 lat 314 4018 12037 0 exe 103277 473981 693092 resp 702185 1000 pmu 1026715 1033732 8361379 15198788 1211540512
1790343940.392768 W 960 lat 703 5351 12166 0 exe 246870 579629 717037 resp 725870 1000 pmu 1029376 1038881 8379001 15707147 1459787116
1790343941.333038 W 961 lat 314 3333 7592 0 exe 105111 442574 625722 resp 630055 1000 pmu 1024794 1007178 8322466 17200938 1134798681
1790343942.373162 W 962 lat 314 4370 10907 0 exe 105648 534740 689703 resp 694740 1000 pmu 1027297 1033104 8360732 14836101 1353004229
1790343943.312989 W 963 lat 333 3796 9481 0 exe 119481 476185 660944 resp 665314 1000 pmu 1026395 1007479 8337943 15964653 1211825194
1790343944.353154 W 964 lat 314 3740 14407 0 exe 102722 444425 722611 resp 728870 1000 pmu 1025595 1030413 8347679 15440450 1144663973
1790343945.393053 W 965 lat 611 5444 11703 0 exe 251814 594388 713074 resp 719333 1000 pmu 1029355 1039100 8383175 15848028 1494876470
1790343946.332943 W 966 lat 314 3407 9462 0 exe 104111 442462 700259 resp 708592 1000 pmu 1025858 1005669 8331785 17244452 1138849160
1790343947.385051 W 967 lat 314 4314 10055 0 exe 103018 528796 710537 resp 714648 1000 pmu 1026690 1032288 8347153 15605572 1342133392
1790343948.340791 W 968 lat 314 3870 8777 0 exe 108037 489444 646111 resp 651111 1000 pmu 1026601 1015066 8341187 16121010 1245461875
1790343949.295368 W 969 lat 296 2999 9999 0 exe 102259 394518 685907 resp 694185 1000 pmu 1024402 1025635 8328638 15300803 1031802098
1790343950.340968 W 970 lat 1370 5370 12574 0 exe 214962 593944 714425 resp 720888 1000 pmu 1029730 1039955 8383273 15213359 1494435566
1790343951.380741 W 971 lat 296 3814 12407 0 exe 103740 470796 663351 resp 669444 1000 pmu 1026981 1015469 8347511 17080435 1204610669
1790343952.333128 W 972 lat 296 3962 9703 0 exe 102037 495537 670703 resp 679240 1000 pmu 1025206 1026972 8331810 15381907 1263503170
1790343953.380822 W 973 lat 314 4166 11037 0 exe 107407 523314 679814 resp 685296 1000 pmu 1026917 1029889 8351543 15569977 1322767334
1790343954.328978 W 974 lat 296 2759 9018 0 exe 103833 386851 626370 resp 632462 1000 pmu 1023996 1016178 8306773 15819597 1004311384
1790343955.381233 W 975 lat 425 4833 12037 0 exe 239962 585851 715666 resp 722425 1000 pmu 1028858 1038633 8387085 14570639 1474339245
1790343956.333043 W 976 lat 1222 5333 12370 0 exe 222611 572814 714888 resp 719407 1000 pmu 1029394 1031276 8380365 17168766 1442494232
1790343957.377148 W 977 lat 296 2722 12981 0 exe 103055 365499 702666 resp 710037 1000 pmu 1023556 1007417 8316826 17005983 953626978
1790343958.321095 W 978 lat 314 4777 13222 0 exe 104999 551833 721351 resp 727314 1000 pmu 1027304 1032156 8356728 15248988 1395695103
1790343959.361094 W 979 lat 314 3685 9296 0 exe 105037 470574 677777 resp 682981 1000 pmu 1025711 1006068 8341604 16381756 1199711811
1790343960.300892 W 980 lat 296 3796 11611 0 exe 102685 457703 718333 resp 723240 1000 pmu 1025809 1030479 8346587 15511055 1176552928
1790343961.337035 W 981 lat 1685 5685 11592 0 exe 223407 592833 710351 resp 714444 1000 pmu 1030122 1033152 8398349 15850985 1491454422
1790343962.377148 W 982 lat 296 3018 9074 0 exe 103055 398611 673499 resp 678851 1000 pmu 1024125 999177 8314373 17062593 1027209995
1790343963.316955 W 983 lat 407 4999 11129 0 exe 104796 576240 707685 resp 716851 1000 pmu 1027786 1035892 8359984 15094695 1451261450
1790343964.356760 W 984 lat 314 3648 7999 0 exe 107518 462018 652833 resp 655259 1000 pmu 1026206 1008157 8345663 16373281 1182526802
1790343965.396716 W 985 lat 296 3148 10999 0 exe 101648 406129 706944 resp 714444 1000 pmu 1024507 1026017 8327039 15210598 1052386006
1790343966.332649 W 986 lat 296 796 9833 0 exe 17111 82537 697055 resp 704629 125 pmu 1024114 244728 8264398 15477962 216586426
1790343967.372612 W 987 lat 296 296 333 0 exe 16962 19351 54629 resp 54944 0 pmu 1023654 37398 8258497 13320873 52649320
1790343968.328670 W 988 lat 296 666 7592 0 exe 17314 78611 639499 resp 643407 120 pmu 1022577 217801 8258830 6493708 198616306
1790343969.376633 W 989 lat 296 296 425 0 exe 19111 23018 51851 resp 52166 0 pmu 1023673 80164 8257408 12696422 62155875
1790343970.328650 W 990 lat 296 296 481 0 exe 19222 26129 116185 resp 116666 21 pmu 1023445 114432 8255232 6494981 67415783
1790343971.368627 W 991 lat 296 296 425 0 exe 19166 22222 56203 resp 56499 0 pmu 1023664 71212 8251928 7155601 56714459
1790343972.304649 W 992 lat 296 296 648 0 exe 18796 24499 125611 resp 126055 10 pmu 1023543 96473 8253272 6534671 62982746
1790343973.344635 W 993 lat 296 296 444 0 exe 18851 23481 59851 resp 60166 0 pmu 1023546 85159 8251676 7240356 60173862
1790343974.384652 W 994 lat 296 296 499 0 exe 18592 25888 122722 resp 123055 19 pmu 1023426 112187 8251080 6576132 66820914
1790343975.320627 W 995 lat 296 296 425 0 exe 18888 22629 55666 resp 55962 0 pmu 1023665 75917 8251728 7215937 57895022
1790343976.360652 W 996 lat 296 296 537 0 exe 19166 24796 114462 resp 114907 12 pmu 1023517 100025 8253402 6530152 63829762
1790343977.296626 W 997 lat 296 296 592 0 exe 19111 22462 59592 resp 59907 0 pmu 1023606 73785 8250756 7131541 57391140
1790343978.336651 W 998 lat 296 296 537 0 exe 18999 25333 119666 resp 120055 15 pmu 1023478 106165 8254025 6570507 65413673
1790343979.376627 W 999 lat 296 296 462 0 exe 19074 22759 57759 resp 58092 0 pmu 1023669 77220 8253916 7185261 58159798
1790343980.312654 W 1000 lat 296 296 555 0 exe 19518 25777 120518 resp 121074 16 pmu 1023486 111183 8254542 6553031 66503093
1790343981.352630 W 1001 lat 296 296 425 0 exe 20222 24314 55555 resp 55851 0 pmu 1023702 94340 8254404 7199327 61970557
1790343982.288652 W 1002 lat 296 296 518 0 exe 19148 26537 124388 resp 124722 17 pmu 1023436 119420 8252632 6543883 68423302
1790343983.328633 W 1003 lat 296 296 425 0 exe 19481 22518 57259 resp 57574 0 pmu 1023642 74944 8252896 7238706 57648397
1790343984.368651 W 1004 lat 296 296 555 0 exe 19277 25703 121777 resp 122111 19 pmu 1023370 110078 8250225 6548560 66260433
1790343985.304628 W 1005 lat 296 296 462 0 exe 19129 22925 53703 resp 54018 0 pmu 1023689 79340 8257315 7209275 58650088
1790343986.344649 W 1006 lat 296 296 555 0 exe 18925 25333 120296 resp 120851 17 pmu 1023493 105870 8252163 6513284 65249084
1790343987.384631 W 1007 lat 296 296 481 0 exe 18870 21999 57203 resp 57518 0 pmu 1023695 68828 8253726 7191953 56168865
1790343988.320653 W 1008 lat 296 296 666 0 exe 18870 27444 121740 resp 122148 18 pmu 1023448 129997 8255175 6542601 70967186
1790343989.360636 W 1009 lat 296 296 425 0 exe 18888 22555 58462 resp 58759 0 pmu 1023619 75329 8253018 7216577 57730171
1790343990.296650 W 1010 lat 296 296 685 0 exe 18851 28555 113796 resp 114166 13 pmu 1023537 142344 8253411 6557674 73276193
1790343991.336630 W 1011 lat 296 296 462 0 exe 18888 22444 56074 resp 56537 0 pmu 1023641 73926 8253132 7142583 57351001
1790343992.376652 W 1012 lat 296 296 518 0 exe 18888 25148 123851 resp 124222 14 pmu 1023488 103748 8253815 6534103 64776227
1790343993.312635 W 1013 lat 296 296 537 0 exe 18777 23148 59925 resp 60240 0 pmu 1023609 81952 8252125 7225282 59366825
1790343994.352652 W 1014 lat 296 296 592 0 exe 18981 25462 111314 resp 111722 20 pmu 1023507 107960 8257089 6575295 65814867
1790343995.288631 W 1015 lat 296 296 407 0 exe 18944 22222 57111 resp 57518 0 pmu 1023606 71281 8252308 7102562 56728960
1790343996.328654 W 1016 lat 296 296 499 0 exe 19074 26092 123537 resp 123851 17 pmu 1023480 114042 8254440 6543038 67366340
1790343997.368636 W 1017 lat 296 296 462 0 exe 20481 24425 55240 resp 55555 0 pmu 1023651 95784 8253724 7227416 62532353
1790343998.304653 W 1018 lat 296 296 462 0 exe 18611 25537 121814 resp 122203 15 pmu 1023450 108539 8255716 6542958 65985809
1790343999.344632 W 1019 lat 296 296 592 0 exe 19185 22296 57814 resp 58129 0 pmu 1023605 72158 8250216 7205309 57017443
1790344000.388633 W 1020 lat 296 296 555 0 exe 18907 24833 122277 resp 122666 13 pmu 1023543 100720 8254546 6552149 64059483
1790344001.320631 W 1021 lat 296 296 407 0 exe 18944 22388 55814 resp 56129 0 pmu 1023618 73135 8248336 7208384 57212271
1790344002.360652 W 1022 lat 296 296 537 0 exe 19018 25851 112203 resp 112592 14 pmu 1023519 111607 8255899 6530483 66625480
1790344003.296631 W 1023 lat 296 296 444 0 exe 18907 22518 56425 resp 56740 0 pmu 1023617 74616 8254712 7113140 57480981
1790344004.336653 W 1024 lat 296 296 611 0 exe 19111 26685 122055 resp 122592 18 pmu 1023516 121094 8255413 6537273 68976718
1790344005.376644 W 1025 lat 296 296 629 0 exe 18962 22240 57166 resp 57481 0 pmu 1023628 71680 8252248 7217477 56852479
1790344006.312653 W 1026 lat 296 296 592 0 exe 19037 25111 117407 resp 117722 14 pmu 1023503 103645 8252677 6544603 64701780
1790344007.352630 W 1027 lat 296 296 462 0 exe 18666 22055 58222 resp 58537 0 pmu 1023674 69351 8253811 7161546 56275290
1790344008.288652 W 1028 lat 296 296 611 0 exe 19222 24962 123962 resp 124388 13 pmu 1023475 101848 8251091 6551894 64319482
1790344009.328628 W 1029 lat 296 296 611 0 exe 19314 23851 57129 resp 57444 0 pmu 1023616 89432 8251321 7227844 61136580
1790344010.368661 W 1030 lat 296 296 555 0 exe 18999 25333 112462 resp 112925 18 pmu 1023427 106323 8251805 6553834 65320117
1790344011.304629 W 1031 lat 296 296 499 0 exe 18907 22407 57518 resp 57833 0 pmu 1023631 73065 8252353 7113537 57093480
1790344012.344652 W 1032 lat 296 296 722 0 exe 18925 25999 119777 resp 120277 16 pmu 1023531 113190 8254854 6548000 66939452
1790344013.384634 W 1033 lat 296 296 444 0 exe 19129 22870 57203 resp 57518 0 pmu 1023658 78457 8253040 7190754 58467314
1790344014.320652 W 1034 lat 296 296 740 0 exe 19425 25203 121518 resp 122259 10 pmu 1023439 104765 8255108 6547962 64963322
1790344015.360630 W 1035 lat 296 296 499 0 exe 18888 22055 55592 resp 56092 0 pmu 1023632 69468 8251164 7207884 56327979
1790344016.296649 W 1036 lat 296 296 499 0 exe 19074 25240 121481 resp 121981 13 pmu 1023576 105270 8252528 6527847 65112162
1790344017.336634 W 1037 lat 296 296 407 0 exe 19055 23407 84481 resp 84796 0 pmu 1023686 84670 8250577 7203548 59966622
1790344018.376650 W 1038 lat 296 296 648 0 exe 18574 26259 116555 resp 117203 18 pmu 1023517 116699 8252672 6822968 67913555
1790344019.312629 W 1039 lat 296 296 425 0 exe 18833 22277 57814 resp 58129 0 pmu 1023592 71649 8248928 7158573 56823708
1790344020.352658 W 1040 lat 296 296 648 0 exe 18407 25370 122851 resp 123351 10 pmu 1023554 106349 8249893 6549598 65331626
1790344021.288632 W 1041 lat 296 296 425 0 exe 19111 22685 61425 resp 61740 0 pmu 1023656 76655 8248915 7215345 58051718
1790344022.332650 W 1042 lat 296 296 611 0 exe 19092 26611 113833 resp 114296 12 pmu 1023555 120349 8257021 6589021 68637433
1790344023.372626 W 1043 lat 296 296 425 0 exe 19203 22240 55518 resp 55833 0 pmu 1023684 71481 8250507 7134341 56796973
1790344024.308653 W 1044 lat 296 296 629 0 exe 18814 25537 131629 resp 132074 14 pmu 1023500 108453 8254961 6528210 65895261
1790344025.348629 W 1045 lat 296 296 499 0 exe 19499 23129 58907 resp 59203 0 pmu 1023649 80838 8249528 7305551 59102363
1790344026.284653 W 1046 lat 296 296 555 0 exe 18685 25351 113703 resp 114259 15 pmu 1023453 106486 8253111 6568318 65374447
1790344027.324648 W 1047 lat 296 296 481 0 exe 17759 27666 118037 resp 118351 19 pmu 1023487 133734 8252074 7125088 70937706
1790344028.364637 W 1048 lat 296 296 740 0 exe 17055 21944 125092 resp 125833 7 pmu 1023585 67351 8260865 7173841 55985114
1790344029.300645 W 1049 lat 296 296 888 0 exe 16925 23203 174962 resp 175351 17 pmu 1023519 80896 8254613 7215557 59789285
1790344030.340637 W 1050 lat 296 296 851 0 exe 17259 22555 120370 resp 121222 8 pmu 1023636 74428 8259464 7719007 57857666
1790344031.381081 W 1051 lat 296 296 333 0 exe 16870 19166 45648 resp 45962 0 pmu 1023635 35274 8259760 7173494 48525749
1790344032.316637 W 1052 lat 296 296 574 0 exe 17296 21796 128129 resp 128703 7 pmu 1023586 65563 8257616 6402140 55158679
1790344033.356615 W 1053 lat 296 296 333 0 exe 17037 19740 52277 resp 52574 0 pmu 1023693 42049 8261960 7244770 49950949
1790344034.292639 W 1054 lat 296 296 499 0 exe 17148 22537 111259 resp 111666 7 pmu 1023575 74558 8258700 6471989 57048213
1790344035.332617 W 1055 lat 296 296 333 0 exe 16740 19481 46388 resp 46685 0 pmu 1023704 39246 8259872 7077781 49240531
1790344036.372637 W 1056 lat 296 296 425 0 exe 16703 21833 118499 resp 118925 7 pmu 1023631 66353 8259975 6410298 55283677
1790344037.308613 W 1057 lat 296 296 425 0 exe 16740 19388 53185 resp 53481 0 pmu 1023668 37941 8256312 7144208 49016117
1790344038.352638 W 1058 lat 296 296 592 0 exe 16981 21703 111777 resp 112203 7 pmu 1023598 64657 8256679 6478167 54959518
1790344039.288627 W 1059 lat 296 296 333 0 exe 17111 19203 49444 resp 49740 0 pmu 1023669 35648 8256796 7078614 48528668
1790344040.328639 W 1060 lat 296 296 462 0 exe 17037 22425 119388 resp 119703 7 pmu 1023607 73211 8257080 6441349 56784749
1790344041.368622 W 1061 lat 296 296 333 0 exe 17037 19962 46740 resp 47055 0 pmu 1023702 44711 8256876 7157252 50470590
1790344042.304639 W 1062 lat 296 296 796 0 exe 16944 21925 114611 resp 115407 7 pmu 1023612 67623 8258594 6417779 55490205
1790344043.344616 W 1063 lat 296 296 333 0 exe 16925 19444 48833 resp 49148 0 pmu 1023636 38778 8258476 7110659 49155546
1790344044.284638 W 1064 lat 296 296 444 0 exe 16944 21703 117018 resp 117351 7 pmu 1023631 64876 8257536 6435624 54948170
1790344045.324614 W 1065 lat 296 296 333 0 exe 17222 19499 50574 resp 50888 0 pmu 1023681 39268 8256592 7129500 49352984
1790344046.364639 W 1066 lat 296 296 388 0 exe 17111 21833 122574 resp 122962 6 pmu 1023615 66043 8256920 6454698 55301897
1790344047.300620 W 1067 lat 296 296 333 0 exe 16962 19314 50574 resp 50888 0 pmu 1023634 36978 8261024 7186513 48884617
1790344048.340637 W 1068 lat 296 296 555 0 exe 17129 21925 113444 resp 113888 7 pmu 1023606 67214 8258933 6452498 55511471
1790344049.380616 W 1069 lat 296 296 333 0 exe 17092 19499 46185 resp 46499 0 pmu 1023639 39244 8254040 7096890 49313122
1790344050.320641 W 1070 lat 296 296 462 0 exe 17518 22148 120888 resp 121203 7 pmu 1023651 69849 8260490 6410126 56046833
1790344051.360614 W 1071 lat 296 296 333 0 exe 16962 19166 50888 resp 51203 0 pmu 1023661 35516 8256140 7173113 48518835
1790344052.300637 W 1072 lat 296 296 574 0 exe 16907 21518 113222 resp 113574 8 pmu 1023606 62640 8254669 6454821 54491284
1790344053.340621 W 1073 lat 296 296 333 0 exe 16999 19851 61148 resp 61444 0 pmu 1023675 43638 8258768 7091100 50202135
1790344054.380640 W 1074 lat 296 296 518 0 exe 17333 22148 113129 resp 113444 6 pmu 1023585 69835 8257286 6560941 56136347
1790344055.316616 W 1075 lat 296 296 333 0 exe 17018 19370 50981 resp 51314 0 pmu 1023677 37858 8259176 7095072 48988296
1790344056.356638 W 1076 lat 296 296 444 0 exe 16814 21814 133740 resp 134074 6 pmu 1023621 65926 8257306 6457262 55239204
1790344057.292614 W 1077 lat 296 296 333 0 exe 16851 19462 49722 resp 50037 0 pmu 1023544 38777 8258661 7296585 49292816
1790344058.332638 W 1078 lat 296 296 444 0 exe 17185 21685 115481 resp 115796 7 pmu 1023540 64518 8258284 6444271 54912992
1790344059.372621 W 1079 lat 296 296 351 0 exe 17129 19666 53574 resp 53888 0 pmu 1023666 41270 8260080 7115127 49728022
1790344060.308641 W 1080 lat 296 296 444 0 exe 16740 22129 120037 resp 120481 7 pmu 1023604 69959 8259582 6485146 56065702
1790344061.348614 W 1081 lat 296 296 333 0 exe 17129 19425 49259 resp 49574 0 pmu 1023705 38548 8258472 7161238 49182314
1790344062.284639 W 1082 lat 296 296 555 0 exe 17074 21833 117722 resp 118037 6 pmu 1023636 66144 8260062 6440697 55170492
1790344063.324615 W 1083 lat 296 296 333 0 exe 16981 19370 51574 resp 51888 0 pmu 1023702 37845 8260632 7138258 49016520
1790344064.364637 W 1084 lat 296 296 425 0 exe 16666 21944 112611 resp 112944 6 pmu 1023607 67780 8258765 6462792 55640678
1790344065.300620 W 1085 lat 296 296 333 0 exe 16962 19740 48944 resp 49259 0 pmu 1023624 42204 8258376 7085204 49873115
1790344066.340640 W 1086 lat 296 296 444 0 exe 17055 21685 117740 resp 118055 6 pmu 1023574 64825 8259025 6438276 54928701
1790344067.380614 W 1087 lat 296 296 333 0 exe 16944 19092 50481 resp 50796 0 pmu 1023622 34692 8258036 7137062 48331630
1790344068.316639 W 1088 lat 296 296 444 0 exe 16925 21499 114222 resp 114648 7 pmu 1023652 62576 8259156 6450304 54459440
1790344069.356615 W 1089 lat 296 296 333 0 exe 16888 19499 48666 resp 48962 0 pmu 1023688 39367 8255892 7100822 49299804
1790344070.292639 W 1090 lat 296 296 629 0 exe 17277 21759 118555 resp 118944 7 pmu 1023583 65280 8255622 6433921 55160192
1790344071.332622 W 1091 lat 296 296 333 0 exe 17314 19444 47481 resp 47777 0 pmu 1023686 38646 8256476 7148022 49154160
1790344072.372637 W 1092 lat 296 296 462 0 exe 17111 21814 117962 resp 118314 6 pmu 1023604 65965 8256927 6423917 55203866
1790344073.308616 W 1093 lat 296 296 333 0 exe 16888 19425 44944 resp 45259 0 pmu 1023648 38285 8258960 7140493 49098921
1790344074.348638 W 1094 lat 296 296 444 0 exe 17055 21629 115444 resp 115870 6 pmu 1023630 63889 8256664 6396333 54785871
1790344075.284620 W 1095 lat 296 296 333 0 exe 16944 19629 57240 resp 57555 0 pmu 1023574 40693 8258680 7114459 49615731
1790344076.324644 W 1096 lat 296 296 1666 0 exe 17037 21814 130851 resp 132518 7 pmu 1023614 65814 8257764 6520703 55260933
1790344077.364625 W 1097 lat 296 296 425 0 exe 16999 20648 75499 resp 75814 0 pmu 1023657 52514 8257744 7281660 52202124
1790344078.300641 W 1098 lat 296 296 481 0 exe 16962 21962 121518 resp 121925 7 pmu 1023614 67751 8259391 6709093 55762114
1790344079.340614 W 1099 lat 296 296 333 0 exe 16907 19055 51259 resp 51574 0 pmu 1023704 34385 8258828 7176435 48235818
1790344080.280638 W 1100 lat 296 296 555 0 exe 16888 21629 118925 resp 119259 6 pmu 1023626 64111 8257859 6457784 54767609
1790344081.320615 W 1101 lat 296 296 333 0 exe 16759 19574 44240 resp 44555 0 pmu 1023587 40275 8255800 7148544 49534050
1790344082.360640 W 1102 lat 296 296 537 0 exe 17296 21925 115333 resp 115777 6 pmu 1023616 67280 8258936 6389343 55455043
1790344083.296619 W 1103 lat 296 296 333 0 exe 17185 19685 50851 resp 51166 0 pmu 1023638 41493 8258664 7116637 49778393
1790344084.336639 W 1104 lat 296 296 351 0 exe 16925 21481 121722 resp 122037 7 pmu 1023629 62547 8257688 6458313 54456677
1790344085.376619 W 1105 lat 296 296 333 0 exe 17074 19314 48518 resp 48814 0 pmu 1023698 37375 8259292 7174803 48923817
1790344086.312642 W 1106 lat 296 296 462 0 exe 16537 21796 132796 resp 133129 7 pmu 1023609 65392 8255059 6432407 55137452
1790344087.352614 W 1107 lat 296 296 333 0 exe 17203 19185 50203 resp 50518 0 pmu 1023690 35628 8260733 7285869 48581154
1790344088.288639 W 1108 lat 296 296 462 0 exe 16851 21351 121537 resp 121870 8 pmu 1023596 60749 8257636 6449252 54098504
1790344089.328645 W 1109 lat 296 296 351 0 exe 17055 21611 101388 resp 101703 3 pmu 1023645 63930 8251852 7172520 54745979
1790344090.368652 W 1110 lat 296 296 407 0 exe 17259 21870 119277 resp 119685 6 pmu 1023579 66915 8256314 6972672 55728876
1790344091.316668 W 1111 lat 296 870 9314 0 exe 17129 70296 531759 resp 535703 149 pmu 1024510 188622 8296280 7155318 181267181
1790344092.356894 W 1112 lat 333 2833 8222 0 exe 100944 415962 561962 resp 566314 1000 pmu 1022355 1024149 8271160 11589213 1068122167
1790344093.300896 W 1113 lat 314 2574 8092 0 exe 100888 391555 567666 resp 571314 1000 pmu 1021772 1023246 8269640 14045300 1006595570
1790344094.352906 W 1114 lat 314 3092 8314 0 exe 100870 440222 564981 resp 571296 1000 pmu 1022196 1022757 8278538 13974550 1127564064
1790344095.300775 W 1115 lat 314 2703 8870 0 exe 101481 419907 579499 resp 583444 1000 pmu 1022002 1025023 8291263 14207981 1084792928
1790344096.352903 W 1116 lat 388 3703 8999 0 exe 106925 445407 570333 resp 576148 1000 pmu 1022893 1027311 8297647 14243531 1151668108
1790344097.304973 W 1117 lat 370 3666 8037 0 exe 103055 458555 576851 resp 579666 1000 pmu 1021629 1024474 8284186 14322150 1182991165
1790344098.352981 W 1118 lat 629 4111 9185 0 exe 104351 467481 570814 resp 575018 1000 pmu 1022708 1028533 8309972 14413651 1212001147
1790344099.297082 W 1119 lat 518 4185 9388 0 exe 102499 468722 573240 resp 579018 1000 pmu 1024020 1030032 8314226 14420354 1215885790
1790344100.348939 W 1120 lat 351 3685 8314 0 exe 108537 465425 573666 resp 578851 1000 pmu 1020926 1026448 8282417 14450280 1201145206
1790344101.296798 W 1121 lat 351 3722 8351 0 exe 106148 463444 569481 resp 573999 1000 pmu 1022362 1027106 8299517 14456644 1196055115
1790344102.344748 W 1122 lat 351 3851 8685 0 exe 102611 461666 566685 resp 572185 1000 pmu 1021657 1026642 8281982 14390078 1195311719
1790344103.288988 W 1123 lat 351 3870 8703 0 exe 101462 454981 571055 resp 573796 1000 pmu 1022474 1028208 8295501 14342796 1177801138
1790344104.340952 W 1124 lat 388 3777 8685 0 exe 101314 466240 570499 resp 573333 1000 pmu 1020831 1025571 8275227 14333652 1202512149
1790344105.289008 W 1125 lat 333 3722 8796 0 exe 101018 460074 569907 resp 575351 1000 pmu 1022611 1027473 8294262 14383771 1189548429
1790344106.352821 W 1126 lat 333 3740 9407 0 exe 101666 443796 563814 resp 568148 1000 pmu 1022324 1027244 8293508 14358641 1151536094
1790344107.296844 W 1127 lat 537 3499 8055 0 exe 100574 456907 566722 resp 571240 1000 pmu 1022181 1024403 8275254 14217089 1171862347
1790344108.356996 W 1128 lat 370 3537 8462 0 exe 100962 455999 567703 resp 571240 1000 pmu 1021870 1026008 8298153 14300261 1174809745
1790344109.304994 W 1129 lat 314 3518 8407 0 exe 101037 441962 578685 resp 581944 1000 pmu 1022728 1027660 8295817 14303896 1139664012
1790344110.352809 W 1130 lat 314 3148 7425 0 exe 101351 447722 569759 resp 573629 1000 pmu 1021264 1024037 8277201 14341900 1148005703
1790344111.300926 W 1131 lat 314 3333 9777 0 exe 100092 434629 572685 resp 577462 1000 pmu 1021642 1026627 8275406 14279211 1124427892
1790344112.348922 W 1132 lat 314 3018 8851 0 exe 101407 437722 568648 resp 571240 1000 pmu 1021467 1023185 8279768 14254114 1120156511
1790344113.300897 W 1133 lat 333 2888 8111 0 exe 101185 411833 570111 resp 573592 1000 pmu 1022005 1022791 8283262 14218468 1060978034
1790344114.344969 W 1134 lat 314 3314 9129 0 exe 101166 458592 565111 resp 568999 1000 pmu 1021154 1024594 8283438 14102647 1178694605
1790344115.304890 W 1135 lat 314 3148 8722 0 exe 100925 412796 575814 resp 578611 1000 pmu 1022689 1026277 8286961 14295669 1067426052
1790344116.356771 W 1136 lat 314 3129 8629 0 exe 100037 440018 575481 resp 579666 1000 pmu 1022015 1024613 8285314 14164327 1129153057
1790344117.308852 W 1137 lat 296 3203 9277 0 exe 100907 435814 563240 resp 569833 1000 pmu 1021677 1023047 8292446 14298869 1122117495
1790344118.356933 W 1138 lat 314 3203 8666 0 exe 100222 433333 567944 resp 571462 1000 pmu 1021797 1025477 8285736 14175473 1116156095
1790344119.300973 W 1139 lat 314 3185 7999 0 exe 102240 467703 558333 resp 562444 1000 pmu 1021470 1025948 8280881 14188415 1205251287
1790344120.360754 W 1140 lat 314 3555 8999 0 exe 102870 427611 562777 resp 566407 1000 pmu 1022034 1026828 8293672 14273586 1111195572
1790344121.308861 W 1141 lat 314 2537 8240 0 exe 103703 397537 571388 resp 575092 1000 pmu 1021863 1021903 8266933 14125317 1015739853
1790344122.368762 W 1142 lat 333 3296 9240 0 exe 103648 414203 572277 resp 577018 1000 pmu 1021974 1025721 8284147 14056679 1075732181
1790344123.316933 W 1143 lat 314 3333 8944 0 exe 103925 434314 572722 resp 580111 1000 pmu 1022689 1025219 8299187 14162681 1115215476
1790344124.372770 W 1144 lat 407 3259 8685 0 exe 104055 411037 574259 resp 578314 1000 pmu 1021673 1026195 8282678 14280831 1068189092
1790344125.316758 W 1145 lat 333 3240 8759 0 exe 108277 432018 572407 resp 576055 1000 pmu 1023026 1025168 8287733 14162615 1110117435
1790344126.368979 W 1146 lat 314 2925 8055 0 exe 103777 403092 568259 resp 571777 1000 pmu 1022146 1023662 8288860 14268019 1041213477
1790344127.312941 W 1147 lat 333 2925 12092 0 exe 101925 415870 562370 resp 565592 1000 pmu 1022190 1024300 8282254 14053601 1065433345
1790344128.372929 W 1148 lat 314 3370 8907 0 exe 101925 419185 568111 resp 571629 1000 pmu 1021716 1025717 8287196 14067987 1088540813
1790344129.324756 W 1149 lat 314 3185 8092 0 exe 100666 442370 561999 resp 566092 1000 pmu 1020976 1023590 8266019 14129789 1135603072
1790344130.376880 W 1150 lat 333 3296 9407 0 exe 99370 432648 574037 resp 578962 999 pmu 1021540 1024847 8281638 14176147 1113200218
1790344131.324759 W 1151 lat 314 3203 8666 0 exe 100388 424740 568462 resp 571611 1000 pmu 1022628 1025539 8288882 14252867 1098259300
1790344132.380762 W 1152 lat 277 2388 7981 0 exe 100981 387611 562555 resp 566870 1000 pmu 1022160 1021976 8276958 14149417 992435355
1790344133.324763 W 1153 lat 314 3222 7740 0 exe 100611 448314 569333 resp 573611 1000 pmu 1021202 1024051 8268428 13905991 1148669547
1790344134.376914 W 1154 lat 333 2944 8888 0 exe 101037 416129 558907 resp 562407 1000 pmu 1021634 1024309 8280323 14278219 1072629968
1790344135.320778 W 1155 lat 314 2407 8018 0 exe 100962 400222 565370 resp 568703 1000 pmu 1022040 1018976 8265618 14015765 1021218975
1790344136.372938 W 1156 lat 333 2888 9462 0 exe 100722 399555 554666 resp 557277 1000 pmu 1021796 1024256 8271772 13992382 1031417606
1790344137.316985 W 1157 lat 370 2851 8166 0 exe 101296 419814 581092 resp 585333 1000 pmu 1021832 1020703 8270499 13887278 1074281863
1790344138.364851 W 1158 lat 314 2814 8055 0 exe 100722 410240 559629 resp 563518 1000 pmu 1022205 1023404 8269243 14257149 1055242589
1790344139.309025 W 1159 lat 314 2907 9592 0 exe 100444 425277 563462 resp 567129 1000 pmu 1022101 1023891 8285384 13988870 1088836188
1790344140.369025 W 1160 lat 314 2388 8962 0 exe 100870 388870 571925 resp 575555 1000 pmu 1022384 1022278 8266744 14108162 994672703
1790344141.321038 W 1161 lat 314 2574 8851 0 exe 100796 389796 566222 resp 569203 1000 pmu 1022623 1024045 8285532 14007001 1005709302
1790344142.364896 W 1162 lat 314 3351 7407 0 exe 101648 458888 567148 resp 570351 1000 pmu 1021371 1025386 8275536 13951225 1173464321
1790344143.324886 W 1163 lat 314 3037 8462 0 exe 101444 419296 567629 resp 570944 1000 pmu 1022126 1025694 8283024 14308144 1086176826
1790344144.368988 W 1164 lat 314 2925 7499 0 exe 102666 451888 571518 resp 576333 1000 pmu 1021007 1024030 8272823 14118157 1161222885
1790344145.312859 W 1165 lat 314 3425 9296 0 exe 102370 421129 570074 resp 574314 1000 pmu 1022504 1026374 8286161 14328231 1092799600
1790344146.360983 W 1166 lat 314 3444 7518 0 exe 103888 444111 564074 resp 568055 1000 pmu 1020919 1025060 8271738 14167101 1145577223
1790344147.304800 W 1167 lat 333 3537 9611 0 exe 110629 444222 570611 resp 573555 1000 pmu 1022760 1026612 8299833 14219529 1142911856
1790344148.356912 W 1168 lat 333 3499 9259 0 exe 103907 426203 566814 resp 570462 1000 pmu 1022145 1026559 8286058 14325096 1107464353
1790344149.308719 W 1169 lat 333 3148 9222 0 exe 103851 432185 556537 resp 561111 1000 pmu 1021567 1023233 8270826 14164990 1109321008
1790344150.356934 W 1170 lat 351 3314 8351 0 exe 104222 427037 576370 resp 582074 1000 pmu 1021069 1023933 8276534 14094406 1108078133
1790344151.308661 W 1171 lat 296 2499 8425 0 exe 18074 366759 567851 resp 571203 892 pmu 1021938 939560 8264071 14270798 948094892
1790344152.348635 W 1172 lat 296 296 611 0 exe 17240 21370 120111 resp 120722 6 pmu 1023602 61115 8257429 13435208 58439069
1790344153.288891 W 1173 lat 296 518 5370 0 exe 16740 52833 637592 resp 642037 100 pmu 1023136 132772 8267943 7162623 134828022
1790344154.356885 W 1174 lat 1962 3537 6851 0 exe 310351 390259 463888 resp 467462 1000 pmu 1032940 1030124 8461934 12539370 1010362723
1790344155.308921 W 1175 lat 1814 3537 7185 0 exe 334666 393277 466222 resp 471185 1000 pmu 1032772 1028690 8456420 13984150 1018357083
1790344156.364901 W 1176 lat 1648 3574 7481 0 exe 286185 393537 460592 resp 463592 1000 pmu 1032782 1030767 8458562 14152145 1020238980
1790344157.308888 W 1177 lat 1166 3462 7296 0 exe 281370 391314 462074 resp 465907 1000 pmu 1032457 1024879 8444191 13845761 1014153055
1790344158.368869 W 1178 lat 1481 3499 6629 0 exe 255240 393148 471666 resp 475962 1000 pmu 1032920 1030698 8458932 13825632 1019198439
1790344159.308903 W 1179 lat 1777 3574 6499 0 exe 327518 394185 464722 resp 471018 1000 pmu 1032802 1028544 8456325 13800840 1021571369
1790344160.360899 W 1180 lat 1648 3499 7203 0 exe 303296 393074 481907 resp 485333 1000 pmu 1032736 1029646 8442481 14109133 1019218231
1790344161.308909 W 1181 lat 981 3499 8685 0 exe 274499 391296 493648 resp 499592 1000 pmu 1032748 1026690 8472145 14142362 1014790849
1790344162.372875 W 1182 lat 1592 3462 7666 0 exe 319462 393240 503388 resp 509370 1000 pmu 1032807 1029747 8452417 14123688 1019599347
1790344163.336910 W 1183 lat 1277 3425 6074 0 exe 298925 391277 467148 resp 470611 1000 pmu 1032629 1026677 8448134 14453595 1014732442
1790344164.376915 W 1184 lat 1388 3499 7370 0 exe 301981 391833 488203 resp 494370 1000 pmu 1032686 1029201 8459457 13956430 1016126840
1790344165.316934 W 1185 lat 1148 3462 6629 0 exe 306499 394351 499759 resp 503574 1000 pmu 1032809 1029127 8457654 14205799 1021991686
1790344166.356955 W 1186 lat 1629 3574 8481 0 exe 330833 394351 471962 resp 479333 1000 pmu 1033021 1030828 8459457 14339866 1022499649
1790344167.292934 W 1187 lat 1592 3462 7351 0 exe 272111 394111 474370 resp 478388 1000 pmu 1032608 1027475 8447843 14213545 1021521878
1790344168.332899 W 1188 lat 870 3481 7166 0 exe 265814 392296 471814 resp 475999 1000 pmu 1032665 1026212 8448363 13919564 1017182558
1790344169.376913 W 1189 lat 1499 3537 7185 0 exe 335499 396222 464055 resp 468703 1000 pmu 1032719 1029229 8449739 13849891 1026497758
1790344170.312920 W 1190 lat 629 3425 7203 0 exe 269962 394314 472518 resp 473629 1000 pmu 1032782 1030465 8448524 14146351 1022224828
1790344171.352902 W 1191 lat 851 3407 7129 0 exe 292166 389018 463611 resp 467925 1000 pmu 1032747 1027538 8448442 13870953 1008911831
1790344172.292898 W 1192 lat 962 3499 7240 0 exe 263944 387259 456574 resp 461870 1000 pmu 1032678 1027424 8449354 13883132 1005128099
1790344173.332927 W 1193 lat 1685 3555 6148 0 exe 325129 389759 473981 resp 477351 1000 pmu 1032776 1029213 8455045 13669397 1010828105
1790344174.372899 W 1194 lat 1555 3499 6481 0 exe 292518 388444 459407 resp 463425 1000 pmu 1032785 1028520 8448918 14150817 1008161350
1790344175.312944 W 1195 lat 1259 3499 8740 0 exe 261203 388814 458314 resp 463648 1000 pmu 1032544 1026563 8452373 13839193 1008464013
1790344176.352886 W 1196 lat 1166 3555 7481 0 exe 268796 388185 481648 resp 485907 1000 pmu 1032667 1028669 8450796 13689990 1007015381
1790344177.292916 W 1197 lat 1703 3462 8444 0 exe 321574 388444 461537 resp 465925 1000 pmu 1032903 1028343 8453281 13946480 1007880169
1790344178.332880 W 1198 lat 1314 3481 6481 0 exe 304037 386981 456333 resp 460333 1000 pmu 1032755 1029278 8459439 14018065 1004634164
1790344179.372921 W 1199 lat 1370 3518 7259 0 exe 298148 387166 470944 resp 474981 1000 pmu 1032388 1027155 8447216 13857389 1004488716
1790344180.308913 W 1200 lat 1462 3499 6407 0 exe 290370 387574 460240 resp 464351 1000 pmu 1032717 1027916 8455970 13979685 1005723859
1790344181.348928 W 1201 lat 1740 3555 7407 0 exe 321574 391074 470907 resp 476555 1000 pmu 1032820 1029183 8458679 13832226 1012923286
1790344182.288901 W 1202 lat 1444 3481 6518 0 exe 299259 393481 463777 resp 467148 1000 pmu 1032720 1028491 8450201 14126691 1019277756
1790344183.328928 W 1203 lat 1555 3537 7592 0 exe 287814 393055 470055 resp 475055 1000 pmu 1032662 1027234 8450135 13938178 1018127854
1790344184.368897 W 1204 lat 1796 3518 7499 0 exe 332370 393611 470425 resp 473833 1000 pmu 1032864 1028548 8452000 13955992 1020428129
1790344185.324921 W 1205 lat 1629 3444 7037 0 exe 333277 393444 485148 resp 491222 1000 pmu 1032591 1026937 8443931 14177854 1019386191
1790344186.292911 W 1206 lat 1777 3499 8518 0 exe 287166 393148 459999 resp 465296 1000 pmu 1032816 1028499 8457074 14338696 1019581121
1790344187.332888 W 1207 lat 981 3444 7092 0 exe 326018 394351 464037 resp 469574 1000 pmu 1032756 1029244 8456054 13859836 1021818026
1790344188.372869 W 1208 lat 1759 3499 7222 0 exe 327851 393444 459148 resp 464240 1000 pmu 1032750 1029529 8448146 14090087 1019963823
1790344189.312911 W 1209 lat 1537 3462 6962 0 exe 307648 394129 474129 resp 478370 1000 pmu 1032730 1027953 8451700 14048419 1021308741
1790344190.352905 W 1210 lat 1388 3518 7703 0 exe 267370 393759 487629 resp 492777 1000 pmu 1032799 1028864 8452164 14093801 1020639250
1790344191.288871 W 1211 lat 1648 3555 7999 0 exe 276944 394037 460703 resp 467481 1000 pmu 1032682 1029718 8461208 14033427 1021233811
1790344192.328797 W 1212 lat 1481 3462 7740 0 exe 327055 393703 482981 resp 486203 1000 pmu 1032724 1029095 8454436 13824446 1020144632
1790344193.368904 W 1213 lat 1333 3518 6999 0 exe 251018 392740 469277 resp 472388 1000 pmu 1032818 1027532 8454389 14275660 1018369181
1790344194.308915 W 1214 lat 1314 3481 6314 0 exe 284333 393648 468388 resp 473129 1000 pmu 1032624 1027545 8447270 13749055 1020262756
1790344195.348933 W 1215 lat 1629 3481 6611 0 exe 329407 394037 470685 resp 473944 1000 pmu 1032876 1029978 8458609 13915677 1021537260
1790344196.284934 W 1216 lat 1185 3481 6962 0 exe 279722 390870 460240 resp 463722 1000 pmu 1032423 1025423 8446278 14161735 1013489647
1790344197.328942 W 1217 lat 1370 3425 6703 0 exe 282277 393444 477537 resp 482944 1000 pmu 1032677 1026524 8447731 13793542 1020138015
1790344198.368910 W 1218 lat 648 3314 7814 0 exe 314092 393370 458740 resp 462722 1000 pmu 1032620 1028613 8446371 14001237 1019433760
1790344199.304883 W 1219 lat 1388 3499 6870 0 exe 294333 387574 465555 resp 471629 1000 pmu 1032721 1028680 8446566 13965982 1005945369
1790344200.344902 W 1220 lat 1499 3537 7018 0 exe 309092 391018 481259 resp 485981 1000 pmu 1032744 1028759 8452786 13917059 1014043989
1790344201.280910 W 1221 lat 1481 3555 6833 0 exe 292499 387333 477685 resp 480981 1000 pmu 1032734 1026784 8455040 14159643 1005437821
1790344202.324911 W 1222 lat 1407 3518 7444 0 exe 303499 389092 460388 resp 464944 1000 pmu 1032781 1028527 8459236 14014512 1009488417
1790344203.364927 W 1223 lat 1592 3518 7703 0 exe 291703 387740 477796 resp 483944 1000 pmu 1032781 1028998 8460222 13914000 1006516195
1790344204.300886 W 1224 lat 1611 3555 6962 0 exe 315666 389055 461277 resp 465388 1000 pmu 1032763 1027867 8456226 14032613 1009476522
1790344205.344913 W 1225 lat 1740 3518 6722 0 exe 294037 388425 457555 resp 461796 1000 pmu 1032774 1029415 8457031 13980342 1008398656
1790344206.280965 W 1226 lat 1444 3462 6796 0 exe 307166 387629 450592 resp 453851 1000 pmu 1032462 1027734 8453809 13831673 1005902949
1790344207.320928 W 1227 lat 1203 3574 8629 0 exe 313333 388814 477055 resp 480481 1000 pmu 1032827 1030037 8453185 13817424 1008828483
1790344208.360916 W 1228 lat 1555 3499 7407 0 exe 306370 388092 454203 resp 460074 1000 pmu 1032623 1027303 8452660 14128005 1007064867
1790344209.300903 W 1229 lat 1277 3518 6388 0 exe 296962 388333 465999 resp 469666 1000 pmu 1032790 1027386 8455080 13868520 1006765653
1790344210.340909 W 1230 lat 1703 3555 6611 0 exe 284629 392740 459962 resp 463999 1000 pmu 1032775 1028598 8457490 13923549 1016610879
1790344211.380876 W 1231 lat 1444 3462 6518 0 exe 308055 392870 477111 resp 481777 1000 pmu 1032771 1028702 8453276 13828775 1018362732
1790344212.316887 W 1232 lat 1222 3518 7388 0 exe 287481 390574 473407 resp 477388 1000 pmu 1032448 1024912 8449530 14118906 1012449902
1790344213.360648 W 1233 lat 296 3277 6648 0 exe 31037 374462 461796 resp 466314 956 pmu 1031919 1006050 8430353 13967360 970910460
1790344214.296612 W 1234 lat 296 296 333 0 exe 17277 20092 50092 resp 50388 0 pmu 1023677 46119 8257660 12478810 54010667
1790344215.340659 W 1235 lat 296 296 740 0 exe 16481 25592 234462 resp 235203 38 pmu 1023352 103857 8257375 6453120 66538343
1790344216.276617 W 1236 lat 296 296 351 0 exe 17333 21555 80185 resp 80481 0 pmu 1023659 62927 8247013 8324678 55090103
1790344217.316639 W 1237 lat 296 296 574 0 exe 17129 23425 119574 resp 120037 10 pmu 1023580 84552 8250065 6761594 59524610
1790344218.356619 W 1238 lat 296 296 333 0 exe 17425 20333 49129 resp 49425 0 pmu 1023637 48301 8246646 7165886 51367939
1790344219.292636 W 1239 lat 296 296 999 0 exe 17444 22425 120648 resp 120981 7 pmu 1023597 72819 8250124 6445416 56753019
1790344220.332616 W 1240 lat 296 296 351 0 exe 17148 19814 47962 resp 48259 0 pmu 1023579 42452 8246512 7174662 50125297
1790344221.376642 W 1241 lat 296 296 592 0 exe 17333 22796 118018 resp 118351 11 pmu 1023584 77202 8247904 6429799 57688886
1790344222.312614 W 1242 lat 296 296 351 0 exe 17148 20074 52222 resp 52518 0 pmu 1023704 45556 8247655 7147712 50738786
1790344223.352637 W 1243 lat 296 296 518 0 exe 17777 22481 136870 resp 137203 7 pmu 1023565 72778 8246313 6473686 56884988
1790344224.288618 W 1244 lat 296 296 333 0 exe 17185 20166 49685 resp 49999 0 pmu 1023623 46532 8247396 7336617 51081459
1790344225.336644 W 1245 lat 296 296 499 0 exe 16851 22611 116999 resp 117314 10 pmu 1023591 74934 8249678 6449066 57290586
1790344226.276612 W 1246 lat 296 296 351 0 exe 17574 20037 53388 resp 53685 0 pmu 1023710 44951 8250196 7133653 50623446
1790344227.328640 W 1247 lat 296 296 444 0 exe 17333 22685 112518 resp 112925 11 pmu 1023542 75864 8247324 6487312 57494783
1790344228.372611 W 1248 lat 296 296 333 0 exe 17444 19851 51148 resp 51444 0 pmu 1023668 42653 8246304 7091777 50138527
1790344229.312702 W 1249 lat 296 296 425 0 exe 17314 22574 113074 resp 113499 10 pmu 1023607 74327 8249262 6463218 57067430
1790344230.356617 W 1250 lat 296 296 351 0 exe 17222 20222 65407 resp 65722 0 pmu 1023618 46857 8249364 7096634 51026035
1790344231.304649 W 1251 lat 296 296 407 0 exe 17555 22277 118407 resp 118740 7 pmu 1023590 70990 8248601 6606697 56545504
1790344232.344618 W 1252 lat 296 296 333 0 exe 17370 20444 54462 resp 54777 0 pmu 1023685 49769 8248644 7149118 51641235
1790344233.280643 W 1253 lat 296 296 425 0 exe 17203 22592 109203 resp 109537 10 pmu 1023611 75144 8249204 6499121 57245140
1790344234.320614 W 1254 lat 296 296 351 0 exe 17388 19888 49129 resp 49425 0 pmu 1023640 43185 8248428 7056845 50208193
1790344235.360639 W 1255 lat 296 296 481 0 exe 17240 22944 108981 resp 109351 10 pmu 1023613 79180 8248922 6442951 58093283
1790344236.296613 W 1256 lat 296 296 333 0 exe 17370 19962 48074 resp 48388 0 pmu 1023720 44069 8249780 7057038 50396557
1790344237.336636 W 1257 lat 296 296 425 0 exe 17666 22555 108111 resp 108537 8 pmu 1023560 74168 8247754 6432793 57034275
1790344238.376621 W 1258 lat 296 296 333 0 exe 17425 20111 50444 resp 50759 0 pmu 1023620 45750 8250032 7048740 50754333
1790344239.312641 W 1259 lat 296 296 425 0 exe 17296 23018 119537 resp 119962 9 pmu 1023601 80043 8249780 6457334 58296068
1790344240.356619 W 1260 lat 296 296 351 0 exe 17333 20296 49814 resp 50129 0 pmu 1023674 48035 8246188 7163358 51284800
1790344241.292637 W 1261 lat 296 296 537 0 exe 16944 22555 112240 resp 112555 6 pmu 1023624 74627 8250383 6451613 57121984
1790344242.332614 W 1262 lat 296 296 333 0 exe 17166 19888 48222 resp 48555 0 pmu 1023645 43322 8245380 7086323 50241301
1790344243.372639 W 1263 lat 296 296 592 0 exe 17277 22962 121185 resp 121518 10 pmu 1023581 79139 8247819 6432847 58187134
1790344244.312618 W 1264 lat 296 296 425 0 exe 17518 20666 50999 resp 51314 0 pmu 1023697 52370 8248804 7179903 52255993
1790344245.352636 W 1265 lat 296 296 407 0 exe 17462 22666 118129 resp 118462 7 pmu 1023589 75927 8249280 6466783 57453831
1790344246.288619 W 1266 lat 296 296 333 0 exe 17555 20518 59574 resp 59870 0 pmu 1023696 50705 8248232 7147931 51849467
1790344247.328642 W 1267 lat 296 296 648 0 exe 17148 23166 121962 resp 122611 11 pmu 1023543 81448 8248401 6551489 58682024
1790344248.368615 W 1268 lat 296 296 333 0 exe 17407 19833 51592 resp 51925 0 pmu 1023688 42538 8249692 7189787 50167237
1790344249.304636 W 1269 lat 296 296 537 0 exe 17055 22648 111796 resp 112092 9 pmu 1023587 75727 8247634 6467688 57342057
1790344250.344615 W 1270 lat 296 296 333 0 exe 17351 20370 49518 resp 49833 0 pmu 1023648 48959 8246172 7083005 51417131
1790344251.280638 W 1271 lat 296 296 499 0 exe 17240 22685 116629 resp 117055 10 pmu 1023573 76037 8249260 6449097 57539512
1790344252.320619 W 1272 lat 296 296 333 0 exe 17037 20222 51907 resp 52203 0 pmu 1023639 47221 8247588 7132817 51083780
1790344253.360635 W 1273 lat 296 296 425 0 exe 17277 22722 112925 resp 113351 7 pmu 1023527 76664 8249020 6470556 57573897
1790344254.296613 W 1274 lat 296 296 333 0 exe 17296 19925 49314 resp 49629 0 pmu 1023700 43810 8246500 7095828 50337818
1790344255.336639 W 1275 lat 296 296 518 0 exe 17259 22259 106925 resp 107296 10 pmu 1023600 71117 8252138 6444557 56370288
1790344256.376617 W 1276 lat 296 296 333 0 exe 16925 20203 51759 resp 52074 0 pmu 1023661 47210 8246998 7033494 51009766
1790344257.312641 W 1277 lat 296 296 444 0 exe 17259 23370 113944 resp 114259 10 pmu 1023613 84274 8248166 6468614 59150935
1790344258.352617 W 1278 lat 296 296 425 0 exe 17444 20277 50999 resp 51333 0 pmu 1023710 48130 8246684 7108604 51245433
1790344259.288637 W 1279 lat 296 296 685 0 exe 17148 22259 121740 resp 122055 7 pmu 1023615 71024 8247162 6464442 56391796
1790344260.328614 W 1280 lat 296 296 351 0 exe 17240 19981 45574 resp 45888 0 pmu 1023710 44136 8242644 7181636 50501244
1790344261.368636 W 1281 lat 296 296 425 0 exe 17148 22425 113388 resp 113722 10 pmu 1023661 73061 8245104 6407175 56734059
1790344262.304615 W 1282 lat 296 296 333 0 exe 17407 20777 52129 resp 52444 0 pmu 1023716 53767 8250244 7097663 52453490
1790344263.344639 W 1283 lat 296 296 592 0 exe 17203 22685 110407 resp 110999 10 pmu 1023596 76021 8248063 6477662 57504588
1790344264.280617 W 1284 lat 296 296 351 0 exe 17296 20222 49740 resp 50055 0 pmu 1023637 47184 8247300 7071632 51039810
1790344265.320633 W 1285 lat 296 296 425 0 exe 17314 22722 109055 resp 109370 9 pmu 1023621 76812 8245042 6450303 57590188
1790344266.360613 W 1286 lat 296 296 333 0 exe 17351 19888 49351 resp 49685 0 pmu 1023639 43158 8247360 7056493 50218229
1790344267.296638 W 1287 lat 296 296 444 0 exe 17240 21888 110907 resp 111222 7 pmu 1023623 67095 8248919 6445199 55464857
1790344268.336613 W 1288 lat 296 296 351 0 exe 16925 20333 49981 resp 50296 0 pmu 1023722 48521 8250702 7070675 51322290
1790344269.376636 W 1289 lat 296 296 555 0 exe 17333 22388 109999 resp 110499 7 pmu 1023574 72826 8250071 6451453 56761420
1790344270.312618 W 1290 lat 296 296 333 0 exe 17222 20314 52185 resp 52499 0 pmu 1023659 48060 8246936 7066100 51240758
1790344271.356640 W 1291 lat 296 296 425 0 exe 17055 22851 111907 resp 112222 11 pmu 1023598 78165 8249629 6474772 57926800
1790344272.292613 W 1292 lat 296 296 351 0 exe 17240 19981 51388 resp 51722 0 pmu 1023670 44344 8248840 7084503 50470172
1790344273.332635 W 1293 lat 296 296 462 0 exe 17333 22333 124759 resp 125092 6 pmu 1023657 71432 8249053 6465391 56526795
1790344274.372615 W 1294 lat 296 296 333 0 exe 17592 20703 48629 resp 48925 0 pmu 1023682 52799 8247864 7212193 52326906
1790344275.308648 W 1295 lat 296 296 481 0 exe 17296 22814 124314 resp 124629 11 pmu 1023601 77393 8249702 6443088 57828196
1790344276.348616 W 1296 lat 296 296 370 0 exe 17148 21814 107740 resp 108055 6 pmu 1023613 66517 8255519 7209880 55419750
1790344277.284687 W 1297 lat 296 296 444 0 exe 16851 21259 111944 resp 112277 7 pmu 1023587 59888 8256716 7037816 54252320
1790344278.340997 W 1298 lat 296 4203 12759 0 exe 21685 477851 716111 resp 723055 984 pmu 1027926 1021650 8372160 7079107 1227714194
1790344279.289119 W 1299 lat 777 5888 12981 0 exe 250166 596851 700814 resp 708037 1000 pmu 1030996 1021595 8413847 15542461 1498930432
1790344280.344757 W 1300 lat 296 5092 11648 0 exe 104222 526981 698592 resp 704185 1000 pmu 1029310 1018106 8381173 17140288 1334904050
1790344281.293054 W 1301 lat 296 3481 13814 0 exe 101555 407870 712740 resp 720870 1000 pmu 1024202 1003543 8332934 16017557 1050631869
1790344282.352813 W 1302 lat 314 4722 13740 0 exe 101981 547648 716277 resp 722981 1000 pmu 1027806 1023040 8362426 15565637 1387291884
1790344283.297090 W 1303 lat 296 2185 9925 0 exe 105111 332592 739574 resp 743907 1000 pmu 1024035 1018820 8322757 16300990 865472657
1790344284.361067 W 1304 lat 481 4685 12666 0 exe 105740 534870 703074 resp 709851 1000 pmu 1028659 1032663 8368040 15430569 1360085997
1790344285.313171 W 1305 lat 2444 5925 11907 0 exe 281148 600462 697444 resp 705629 1000 pmu 1031460 1021181 8422280 16119484 1508706597
1790344286.364922 W 1306 lat 296 3333 11351 0 exe 102425 376685 697185 resp 702666 1000 pmu 1024754 1002036 8320688 17287348 978129478
1790344287.313031 W 1307 lat 314 5111 12925 0 exe 104666 562388 703611 resp 708148 1000 pmu 1028696 1018329 8385134 15232450 1418937294
1790344288.364796 W 1308 lat 296 3277 10685 0 exe 74351 426574 703740 resp 709333 972 pmu 1027252 1016676 8349505 16248329 1103915882
1790344289.309078 W 1309 lat 314 2999 10074 0 exe 102111 407074 679981 resp 687685 1000 pmu 1024194 1022227 8326651 15404032 1049048664
1790344290.365275 W 1310 lat 685 5092 11629 0 exe 110555 558111 704722 resp 709240 1000 pmu 1029677 1033828 8384919 15213701 1409388265
1790344291.308885 W 1311 lat 1555 5777 11185 0 exe 432981 589185 696962 resp 702388 1000 pmu 1031105 1026593 8403481 16262738 1482093160
1790344292.357221 W 1312 lat 296 3055 8074 0 exe 103370 415277 646388 resp 651944 1000 pmu 1024235 1021010 8312673 17962854 1073282942
1790344293.309064 W 1313 lat 314 4499 11037 0 exe 103388 590277 723703 resp 728185 1000 pmu 1027828 1035280 8356987 14904589 1481869568
1790344294.356891 W 1314 lat 296 2037 10666 0 exe 102611 321833 655981 resp 662833 1000 pmu 1023179 1019506 8323575 16569727 845586244
1790344295.293006 W 1315 lat 314 4925 10333 0 exe 112314 548796 704222 resp 712111 1000 pmu 1028960 1038403 8382256 14543997 1386440574
1790344296.337142 W 1316 lat 2240 5777 13037 0 exe 373611 579499 709499 resp 716814 1000 pmu 1030673 1026505 8404024 16227617 1461021841
1790344297.380725 W 1317 lat 314 4037 9185 0 exe 106185 491703 644851 resp 649222 1000 pmu 1026860 1024873 8343773 17765123 1256240446
1790344298.312740 W 1318 lat 314 4592 9685 0 exe 96555 551833 701018 resp 705851 991 pmu 1027500 1031241 8357728 15290093 1390325234
1790344299.353038 W 1319 lat 296 2592 7722 0 exe 104629 382277 662277 resp 669925 1000 pmu 1023944 1024024 8315822 16111792 999440209
1790344300.289441 W 1320 lat 314 4166 10870 0 exe 105648 493462 695833 resp 699537 1000 pmu 1027312 1032448 8361803 14911245 1262650343
1790344301.333161 W 1321 lat 2018 5648 13259 0 exe 266277 580444 717018 resp 722537 1000 pmu 1030573 1032800 8404015 15811734 1462451084
1790344302.372931 W 1322 lat 425 4314 9166 0 exe 112962 507981 660240 resp 663314 1000 pmu 1027999 1017772 8357734 17298569 1289330331
1790344303.317084 W 1323 lat 314 4370 9888 0 exe 102370 535685 675351 resp 680648 1000 pmu 1026455 1028618 8346285 15554719 1356365248
1790344304.365082 W 1324 lat 314 2888 8444 0 exe 105888 415777 670333 resp 677148 1000 pmu 1024789 1024669 8320695 15805830 1071692898
1790344305.304958 W 1325 lat 314 3999 10203 0 exe 107999 486666 672740 resp 676666 1000 pmu 1026415 1033923 8347721 15166681 1240102472
1790344306.341259 W 1326 lat 2166 5462 10703 0 exe 256925 586092 705148 resp 713203 1000 pmu 1030055 1036309 8399159 15555660 1473963311
1790344307.281064 W 1327 lat 333 4592 10629 0 exe 198833 522740 689481 resp 696870 1000 pmu 1028948 1024719 8374364 17161197 1325618098
1790344308.321051 W 1328 lat 314 4129 8888 0 exe 102722 508425 693870 resp 698055 1000 pmu 1026419 1025217 8340340 16380133 1295971110
1790344309.360879 W 1329 lat 296 3203 9259 0 exe 110277 435148 682648 resp 687833 1000 pmu 1025516 1021422 8332442 15844482 1110307773
1790344310.297140 W 1330 lat 314 3462 9740 0 exe 103796 451796 669833 resp 674518 1000 pmu 1025479 1031700 8337300 15405927 1157525886
1790344311.340998 W 1331 lat 388 5444 12166 0 exe 249629 583907 721851 resp 729203 1000 pmu 1030053 1035577 8390640 15329989 1467744111
1790344312.301016 W 1332 lat 462 4999 13240 0 exe 159018 536777 691907 resp 700185 1000 pmu 1029837 1017230 8378004 17275620 1360451536
1790344313.345053 W 1333 lat 296 3611 10907 0 exe 101518 451314 676037 resp 681777 1000 pmu 1024700 1012927 8332141 16295633 1155476023
1790344314.280959 W 1334 lat 296 3796 10629 0 exe 107333 479796 657240 resp 663611 1000 pmu 1027444 1026054 8349913 15389936 1220445327
1790344315.320975 W 1335 lat 296 2592 8944 0 exe 101907 373222 717925 resp 723092 1000 pmu 1023924 1020800 8318636 15376312 967100188
1790344316.365006 W 1336 lat 481 4981 10740 0 exe 109944 552574 722777 resp 729851 1000 pmu 1029460 1038572 8390415 15402455 1402588774
1790344317.300992 W 1337 lat 2648 5870 13259 0 exe 276499 594777 707407 resp 714518 1000 pmu 1031446 1026666 8417382 16419426 1496407075
1790344318.345158 W 1338 lat 296 3018 10703 0 exe 103222 378851 686888 resp 694092 1000 pmu 1023763 1012721 8319139 17337808 984089363
1790344319.281061 W 1339 lat 648 5481 11796 0 exe 108851 615129 753444 resp 758555 1000 pmu 1029057 1037107 8369015 15147953 1544304070
1790344320.321026 W 1340 lat 296 2018 7907 0 exe 101944 330203 676074 resp 683259 1000 pmu 1022808 1021103 8302871 17032196 865811691
1790344321.361199 W 1341 lat 333 4148 11555 0 exe 111518 511111 665296 resp 670407 1000 pmu 1028039 1036941 8372901 14770932 1302148318
1790344322.301168 W 1342 lat 1018 5777 10925 0 exe 240444 599814 731074 resp 738259 1000 pmu 1030735 1032292 8402870 15634380 1508292149
1790344323.341007 W 1343 lat 296 4296 12851 0 exe 102074 480240 724018 resp 731592 1000 pmu 1027693 1015194 8355464 17399176 1223442916
1790344324.381187 W 1344 lat 314 4462 11148 0 exe 102981 536111 669629 resp 674722 1000 pmu 1026791 1029553 8349228 16039500 1359582659
1790344325.320791 W 1345 lat 314 3648 10240 0 exe 112777 479796 714518 resp 723592 1000 pmu 1026503 1032255 8344428 15759492 1218580780
1790344326.360993 W 1346 lat 296 2685 8666 0 exe 102796 389407 678666 resp 685759 1000 pmu 1024103 1023870 8328490 15987115 1015818494
1790344327.297103 W 1347 lat 444 5055 11259 0 exe 106666 561370 719259 resp 725962 1000 pmu 1029376 1035826 8383373 15104086 1417103849
1790344328.336802 W 1348 lat 1592 5759 11981 0 exe 266277 592592 697388 resp 703833 1000 pmu 1031144 1022192 8400504 16412802 1490456131
1790344329.381050 W 1349 lat 314 2888 8611 0 exe 103944 401425 681888 resp 687796 1000 pmu 1023949 1014702 8318391 17159745 1034592368
1790344330.316995 W 1350 lat 666 5129 11018 0 exe 112777 595962 701611 resp 707203 1000 pmu 1028199 1037564 8357964 15196951 1495032630
1790344331.357138 W 1351 lat 314 1870 7981 0 exe 103648 310888 660907 resp 663833 1000 pmu 1023128 1017390 8315805 16434560 823784938
1790344332.297054 W 1352 lat 333 4685 12666 0 exe 112203 534444 687537 resp 695277 1000 pmu 1028627 1037095 8376359 14509759 1357671222
1790344333.336944 W 1353 lat 2259 5962 12722 0 exe 258574 590796 703462 resp 710499 1000 pmu 1031037 1035053 8414501 15998607 1487657331
1790344334.377045 W 1354 lat 314 4240 10055 0 exe 105129 503740 705055 resp 710666 1000 pmu 1027449 1024282 8346731 17184162 1283577698
1790344335.313113 W 1355 lat 296 4444 9870 0 exe 94074 538240 690148 resp 696814 986 pmu 1026816 1029681 8350487 15958564 1356863108
1790344336.357085 W 1356 lat 296 3148 10111 0 exe 107481 421370 734648 resp 740388 1000 pmu 1024849 1029240 8332045 15932101 1087719864
1790344337.293130 W 1357 lat 314 3814 9833 0 exe 102851 459666 684555 resp 691574 1000 pmu 1026298 1030471 8349969 15849745 1177296620
1790344338.332650 W 1358 lat 296 555 10722 0 exe 16962 61203 655074 resp 661166 146 pmu 1023517 203508 8249843 15523313 163437069
1790344339.372637 W 1359 lat 296 296 370 0 exe 17037 21870 111203 resp 111555 8 pmu 1023571 66934 8254208 12789441 59251962
1790344340.312679 W 1360 lat 296 648 7129 0 exe 17111 74648 636703 resp 641703 112 pmu 1022879 196966 8255761 7072739 188890577
1790344341.352655 W 1361 lat 296 296 907 0 exe 18870 25777 117481 resp 117796 18 pmu 1023433 110535 8256755 12650844 70324474
1790344342.288629 W 1362 lat 296 296 555 0 exe 18611 23055 61351 resp 61666 0 pmu 1023601 80822 8257129 7166540 59092796
1790344343.328650 W 1363 lat 296 296 518 0 exe 18648 25666 121870 resp 122314 19 pmu 1023373 110071 8251364 6588335 66515677
1790344344.368629 W 1364 lat 296 296 425 0 exe 18518 21999 56537 resp 56851 0 pmu 1023577 68918 8251719 7207382 56191247
1790344345.308654 W 1365 lat 296 296 592 0 exe 18796 25481 123611 resp 123925 16 pmu 1023460 107925 8254060 6533934 65905135
1790344346.348633 W 1366 lat 296 296 555 0 exe 18629 22074 53185 resp 53481 0 pmu 1023644 69567 8253428 7224286 56385984
1790344347.284650 W 1367 lat 296 296 740 0 exe 19166 27685 123851 resp 124592 15 pmu 1023376 132852 8254615 6501877 71704987
1790344348.324627 W 1368 lat 296 296 425 0 exe 18462 22037 53185 resp 53499 0 pmu 1023633 69384 8253948 7242551 56337817
1790344349.364653 W 1369 lat 296 296 555 0 exe 18962 25388 115851 resp 116296 18 pmu 1023484 106940 8253852 6500290 65545177
1790344350.300629 W 1370 lat 296 296 407 0 exe 19407 23481 59222 resp 59518 0 pmu 1023579 85140 8252660 7147510 59994295
1790344351.344655 W 1371 lat 296 296 592 0 exe 19203 26037 120944 resp 121370 13 pmu 1023443 113529 8253771 6572309 67264665
1790344352.280635 W 1372 lat 296 296 444 0 exe 21018 25648 56425 resp 56759 0 pmu 1023598 108426 8253201 7203007 65328887
1790344353.320653 W 1373 lat 296 296 574 0 exe 20722 30092 121537 resp 122111 17 pmu 1023409 158780 8250872 6563625 77395818
1790344354.360627 W 1374 lat 296 296 425 0 exe 18740 22555 51111 resp 51444 0 pmu 1023601 75022 8255860 7237449 57568939
1790344355.296650 W 1375 lat 296 296 555 0 exe 18814 25185 111703 resp 112055 18 pmu 1023491 104593 8250733 6483520 64976083
1790344356.336629 W 1376 lat 296 296 407 0 exe 18129 22018 55592 resp 55907 0 pmu 1023680 69104 8255136 7103746 56159702
1790344357.272650 W 1377 lat 296 296 611 0 exe 20351 26685 126370 resp 126777 17 pmu 1023466 121097 8256231 6522426 68809269
1790344358.312630 W 1378 lat 296 296 444 0 exe 19277 22759 53333 resp 53648 0 pmu 1023616 77519 8256223 7266323 58334559
1790344359.352652 W 1379 lat 296 296 851 0 exe 19055 24907 121703 resp 122166 16 pmu 1023471 101376 8252574 6509658 64367241
1790344360.288626 W 1380 lat 296 296 407 0 exe 19111 22111 54740 resp 55055 0 pmu 1023590 70156 8253156 7205709 56524365
1790344361.328652 W 1381 lat 296 296 574 0 exe 18944 25129 115648 resp 116037 15 pmu 1023459 104051 8254437 6519159 64853146
1790344362.368627 W 1382 lat 296 296 518 0 exe 18907 22074 55759 resp 56055 0 pmu 1023668 69704 8253606 7143900 56374514
1790344363.304651 W 1383 lat 296 296 592 0 exe 18740 25351 120666 resp 120981 14 pmu 1023456 105953 8250678 6528757 65365259
1790344364.344631 W 1384 lat 296 296 481 0 exe 19185 23277 54481 resp 54796 0 pmu 1023622 83175 8255356 7193971 59664268
1790344365.280651 W 1385 lat 296 296 592 0 exe 18851 25203 117685 resp 118166 18 pmu 1023470 104590 8253043 6523394 65012719
1790344366.320626 W 1386 lat 296 296 425 0 exe 19129 22148 53018 resp 53314 0 pmu 1023639 70497 8256413 7164667 56518751
1790344367.360652 W 1387 lat 296 296 611 0 exe 18833 25425 125370 resp 125851 15 pmu 1023464 106723 8256641 6502361 65492425
1790344368.296632 W 1388 lat 296 296 499 0 exe 21037 25185 50092 resp 50407 0 pmu 1023657 103921 8256470 7242682 64218163
1790344369.340660 W 1389 lat 296 296 574 0 exe 18740 25851 114592 resp 114999 16 pmu 1023385 111736 8254760 6498211 66521138
1790344370.276634 W 1390 lat 296 296 462 0 exe 22629 27796 56740 resp 57037 0 pmu 1023622 132598 8256689 7136055 70822962
1790344371.316649 W 1391 lat 296 296 574 0 exe 19296 27296 116925 resp 117351 17 pmu 1023427 127893 8255971 6585623 70233391
1790344372.356627 W 1392 lat 296 296 462 0 exe 18999 22240 55037 resp 55333 0 pmu 1023605 71761 8254774 7169625 56867607
1790344373.292651 W 1393 lat 296 296 537 0 exe 19166 26444 115759 resp 116259 16 pmu 1023390 118927 8253098 6522662 68494025
1790344374.332628 W 1394 lat 296 296 425 0 exe 20444 23555 54518 resp 54814 0 pmu 1023608 85992 8255680 7153152 60064032
1790344375.272655 W 1395 lat 296 296 629 0 exe 20351 27055 116314 resp 116629 12 pmu 1023462 125072 8253826 6530803 69282256
1790344376.312629 W 1396 lat 296 296 425 0 exe 18759 22370 55796 resp 56203 0 pmu 1023606 73197 8254459 7167096 57240927
1790344377.352652 W 1397 lat 296 296 537 0 exe 18962 26277 122999 resp 123314 14 pmu 1023407 117048 8255314 6530089 67925281
1790344378.288626 W 1398 lat 296 296 425 0 exe 19074 22444 57648 resp 57944 0 pmu 1023603 73673 8251448 7222749 57402813
1790344379.328653 W 1399 lat 296 296 592 0 exe 18740 25055 123037 resp 123574 19 pmu 1023494 103031 8255407 6549889 64742488
1790344380.368630 W 1400 lat 296 296 425 0 exe 18777 22351 59111 resp 59425 0 pmu 1023599 72768 8252148 7217263 57195097
1790344381.304660 W 1401 lat 296 296 518 0 exe 18814 24759 121240 resp 121574 17 pmu 1023336 99608 8250520 6562668 63975872
1790344382.344629 W 1402 lat 296 296 666 0 exe 18796 23962 52537 resp 52851 0 pmu 1023599 91008 8257924 7196740 61577862
1790344383.280654 W 1403 lat 296 296 499 0 exe 18962 26111 122722 resp 123185 17 pmu 1023430 114965 8256412 6506336 67581867
1790344384.320625 W 1404 lat 296 296 481 0 exe 18833 22537 58796 resp 59111 0 pmu 1023766 74810 8250640 7219642 57653543
1790344385.360651 W 1405 lat 296 296 685 0 exe 18962 24851 121703 resp 122277 19 pmu 1023477 100751 8251434 6560973 64096507
1790344386.296627 W 1406 lat 296 296 407 0 exe 18851 23092 55425 resp 55833 0 pmu 1023627 81304 8254955 7204661 59112548
1790344387.340654 W 1407 lat 296 296 518 0 exe 19129 24481 118999 resp 119314 13 pmu 1023496 96304 8254844 6530106 62913936
1790344388.276628 W 1408 lat 296 296 462 0 exe 18685 24055 82499 resp 82796 0 pmu 1023552 91718 8251231 7174384 61672957
1790344389.316654 W 1409 lat 296 296 574 0 exe 19092 23351 115537 resp 115870 8 pmu 1023546 83790 8256068 6804660 60147282
1790344390.356628 W 1410 lat 296 296 481 0 exe 18833 24481 109759 resp 110074 10 pmu 1023467 96662 8250061 7134318 63041817
1790344391.292651 W 1411 lat 296 296 425 0 exe 18759 21814 51944 resp 52259 0 pmu 1023633 66522 8255560 7080208 55629587
1790344392.332630 W 1412 lat 296 296 592 0 exe 19111 25407 120462 resp 120833 14 pmu 1023409 106662 8249364 6488102 65514834
1790344393.372649 W 1413 lat 296 296 444 0 exe 19537 23277 49944 resp 50277 0 pmu 1023608 83074 8254038 7194095 59600848
1790344394.308629 W 1414 lat 296 296 574 0 exe 19148 26259 119592 resp 119907 19 pmu 1023363 116720 8257010 6479546 68004388
1790344395.348651 W 1415 lat 296 296 425 0 exe 19185 22333 69518 resp 69851 0 pmu 1023672 72620 8256188 7189630 57100490
1790344396.284629 W 1416 lat 296 296 592 0 exe 18888 24962 122944 resp 123537 14 pmu 1023450 101778 8256791 6668658 64506874
1790344397.324650 W 1417 lat 296 296 444 0 exe 18870 22018 49722 resp 50055 0 pmu 1023644 69147 8254649 7216944 56285788
1790344398.364631 W 1418 lat 296 296 629 0 exe 19074 25055 122592 resp 122999 14 pmu 1023424 102866 8253074 6467687 64643040
1790344399.300645 W 1419 lat 296 296 518 0 exe 18499 28629 157259 resp 157777 22 pmu 1023523 144620 8253981 7214066 73438977
1790344400.340638 W 1420 lat 296 296 685 0 exe 16851 21962 120277 resp 120962 8 pmu 1023589 67566 8253406 7575852 56318513
1790344401.192794 Closing cell "rt-bench"
1790344401.192875 [MG] Initializing memguard on CPU 3
1790344401.192902 [SMMUv2] Exiting SMMUv2 on cell 1
1790344401.193901 [COL] Colored OP 1: PHYS 0x30000000 -> VIRT 0x00000000 (SIZE: 0x00400000, COL: 0x000000ff, extra: 0x0000000000000000)
1790344401.193946 [COL] Result: 0
1790344401.194007 [COL] Colored OP 4: PHYS 0x30000000 -> VIRT 0x00000000 (SIZE: 0x00400000, COL: 0x000000ff, extra: 0x0000000000000001)
1790344401.194040 [COL] Result: 0
1790344401.194080 Page pool usage after cell destruction: mem 85/4061, remap 5/131072
1790344401.194106 [MG] Initializing memguard on CPU 3
1790352390.924410 <missed 1296 bytes of console log>
1790352390.926998 map 5/131072
1790352390.927024 Activating hypervisor
1790352390.927052 [MG] Initializing memguard on CPU 3
1790352390.927079 [MG] Initializing memguard on CPU 3
1790352390.927102 Created cell "rt-bench"
1790352390.927139 Page pool usage after cell creation: mem 88/4061, remap 5/131072
1790352390.927168 [MG] Initializing memguard on CPU 3
1790352390.927193 Cell "rt-bench" can be loaded
1790352390.927214 Started cell "rt-bench"
1790352390.927240 [MG] Initializing memguard on CPU 3
1790352390.927273 rt-bench: ws 768 KB, 1024 loads/period, window 1000
1790352390.927324 W 0 lat 296 462 981 0 exe 13037 22333 109314 resp 109740 3 pmu 792058 37936 6392101 5307486 40263475
1790352390.927377 W 1 lat 296 296 592 0 exe 12870 17018 102907 resp 103370 2 pmu 791671 38769 6388907 7039839 44059846
1790352390.927427 W 2 lat 277 296 351 0 exe 12925 13314 16444 resp 16796 0 pmu 790115 532 6370100 6945831 34080132
1790352390.927478 W 3 lat 296 296 407 0 exe 12870 13499 27296 resp 27592 0 pmu 789979 2521 6377276 6060789 34176740
1790352390.927529 W 4 lat 296 296 574 0 exe 12870 14555 97851 resp 98425 0 pmu 790350 14420 6380225 6170402 37534101
1790352390.927579 W 5 lat 296 296 333 0 exe 12796 13259 15277 resp 15592 0 pmu 788841 205 6365809 6883210 33923161
1790352390.927602 Closing cell "rt-bench"
1790352390.927628 [MG] Initializing memguard on CPU 3
1790352390.927653 [SMMUv2] Exiting SMMUv2 on cell 1
1790352390.927691 Page pool usage after cell destruction: mem 77/4061, remap 5/131072
1790352390.927723 [MG] Initializing memguard on CPU 3
1790352390.927749 [MG] Initializing memguard on CPU 3
1790352390.927805 [COL] Colored OP 0: PHYS 0x30000000 -> VIRT 0x00000000 (SIZE: 0x00400000, COL: 0x000000ff, extra: 0x0000000000000000)
1790352390.927826 [COL] Result: 0
1790352390.927852 [MG] Initializing memguard on CPU 3
1790352390.927874 Created cell "rt-bench"
1790352390.927910 Page pool usage after cell creation: mem 98/4061, remap 5/131072
1790352390.927967 [COL] Colored OP 3: PHYS 0x30000000 -> VIRT 0x00000000 (SIZE: 0x00400000, COL: 0x000000ff, extra: 0x0000000000000000)
1790352390.927999 [MG] Initializing memguard on CPU 3
1790352390.928018 [COL] Result: 0
1790352390.928041 Cell "rt-bench" can be loaded
1790352390.928097 [COL] Colored OP 2: PHYS 0x30000000 -> VIRT 0x00000000 (SIZE: 0x00400000, COL: 0x000000ff, extra: 0x0000000000000000)
1790352390.928118 [COL] Result: 0
1790352390.928173 [COL] Colored OP 4: PHYS 0x30000000 -> VIRT 0x00000000 (SIZE: 0x00400000, COL: 0x000000ff, extra: 0x0000000000000001)
1790352390.928194 [COL] Result: 0
1790352390.928215 Started cell "rt-bench"
1790352390.928241 [MG] Initializing memguard on CPU 3
1790352390.928274 rt-bench: ws 768 KB, 1024 loads/period, window 1000
1790352391.964411 W 0 lat 296 462 796 0 exe 24240 35388 141592 resp 141944 42 pmu 1023276 128712 8251532 5307599 60247647
1790352392.900397 W 1 lat 296 314 703 0 exe 17203 27259 138925 resp 139574 27 pmu 1023183 122550 8254793 7482841 67804000
1790352393.940366 W 2 lat 296 296 333 0 exe 17092 19888 51370 resp 51685 0 pmu 1023456 42901 8252253 7380475 50405733
1790352394.876401 W 3 lat 296 296 462 0 exe 16740 22925 122462 resp 122796 6 pmu 1023368 78321 8255051 6463789 58115469
1790352395.916367 W 4 lat 296 296 333 0 exe 17037 19574 54351 resp 54666 0 pmu 1023400 39450 8249965 7189021 49554659
1790352396.956401 W 5 lat 296 296 444 0 exe 17037 21907 113240 resp 113666 8 pmu 1023376 66523 8252182 6491851 55588654
1790352397.106909 Closing cell "rt-bench"
1790352397.107010 [MG] Initializing memguard on CPU 3
1790352397.107054 [SMMUv2] Exiting SMMUv2 on cell 1
1790352397.107137 [COL] Colored OP 1: PHYS 0x30000000 -> VIRT 0x00000000 (SIZE: 0x00400000, COL: 0x000000ff, extra: 0x0000000000000000)
1790352397.107174 [COL] Result: 0
1790352397.107260 [COL] Colored OP 4: PHYS 0x30000000 -> VIRT 0x00000000 (SIZE: 0x00400000, COL: 0x000000ff, extra: 0x0000000000000001)
1790352397.107342 [COL] Result: 0
1790352397.107395 Page pool usage after cell destruction: mem 85/4061, remap 5/131072
1790352397.107433 [MG] Initializing memguard on CPU 3
1790352397.107469 [MG] Initializing memguard on CPU 3
1790352397.107547 [COL] Colored OP 0: PHYS 0x30000000 -> VIRT 0x00000000 (SIZE: 0x00400000, COL: 0x000000ff, extra: 0x0000000000000000)
1790352397.107575 [COL] Result: 0
1790352397.107611 [MG] Initializing memguard on CPU 3
1790352397.107640 Created cell "rt-bench"
1790352397.107690 Page pool usage after cell creation: mem 98/4061, remap 5/131072
1790357559.133614 <missed 1298 bytes of console log>
1790357559.136087 p 5/131072
1790357559.136112 Activating hypervisor
1790357559.136137 [MG] Initializing memguard on CPU 3
1790357559.136163 [MG] Initializing memguard on CPU 3
1790357559.136183 Created cell "rt-bench"
1790357559.136217 Page pool usage after cell creation: mem 88/4061, remap 5/131072
1790357559.136244 [MG] Initializing memguard on CPU 3
1790357559.136267 Cell "rt-bench" can be loaded
1790357559.136287 Started cell "rt-bench"
1790357559.136311 [MG] Initializing memguard on CPU 3
1790357559.136341 rt-bench: ws 768 KB, 1024 loads/period, window 1000
1790357559.136388 W 0 lat 296 444 1574 0 exe 12981 21907 112796 resp 113333 4 pmu 791577 34886 6386996 5307459 40112704
1790357559.136457 W 1 lat 277 296 722 0 exe 12833 16777 121333 resp 122055 2 pmu 791713 35229 6388032 7075832 42974859
1790357559.136505 W 2 lat 277 296 351 0 exe 12870 13277 15092 resp 15388 0 pmu 790250 232 6383392 7130608 34119572
1790357559.136553 W 3 lat 277 296 481 0 exe 12888 14629 95999 resp 96425 0 pmu 790612 15645 6382694 6046593 37726045
1790357559.136599 W 4 lat 277 296 370 0 exe 12944 13314 14166 resp 14481 0 pmu 791308 391 6391409 6864093 34093774
1790357559.136646 W 5 lat 277 296 462 0 exe 12888 14518 86555 resp 87018 0 pmu 792727 14177 6398544 6038100 37293654
1790357559.136667 Closing cell "rt-bench"
1790357559.136691 [MG] Initializing memguard on CPU 3
1790357559.136715 [SMMUv2] Exiting SMMUv2 on cell 1
1790357559.136749 Page pool usage after cell destruction: mem 77/4061, remap 5/131072
1790357559.136774 [MG] Initializing memguard on CPU 3
1790357559.136799 [MG] Initializing memguard on CPU 3
1790357559.136850 [COL] Colored OP 0: PHYS 0x30000000 -> VIRT 0x00000000 (SIZE: 0x00400000, COL: 0x000000ff, extra: 0x0000000000000000)
1790357559.136870 [COL] Result: 0
1790357559.136893 [MG] Initializing memguard on CPU 3
1790357559.136914 Created cell "rt-bench"
1790357559.136947 Page pool usage after cell creation: mem 98/4061, remap 5/131072
1790357559.137000 [COL] Colored OP 3: PHYS 0x30000000 -> VIRT 0x00000000 (SIZE: 0x00400000, COL: 0x000000ff, extra: 0x0000000000000000)
1790357559.137029 [MG] Initializing memguard on CPU 3
1790357559.137046 [COL] Result: 0
1790357559.137068 Cell "rt-bench" can be loaded
1790357559.137120 [COL] Colored OP 2: PHYS 0x30000000 -> VIRT 0x00000000 (SIZE: 0x00400000, COL: 0x000000ff, extra: 0x0000000000000000)
1790357559.137139 [COL] Result: 0
1790357559.137190 [COL] Colored OP 4: PHYS 0x30000000 -> VIRT 0x00000000 (SIZE: 0x00400000, COL: 0x000000ff, extra: 0x0000000000000001)
1790357559.137209 [COL] Result: 0
1790357559.137228 Started cell "rt-bench"
1790357559.137252 [MG] Initializing memguard on CPU 3
1790357559.137282 rt-bench: ws 768 KB, 1024 loads/period, window 1000
1790357560.172511 W 0 lat 314 462 1055 0 exe 24370 35166 171296 resp 172092 40 pmu 1023238 125907 8251212 5307603 59570769
1790357561.108516 W 1 lat 277 314 629 0 exe 17240 26574 133944 resp 134574 28 pmu 1023286 115975 8250589 7782994 66549536
1790357562.148491 W 2 lat 277 296 351 0 exe 16925 19981 53018 resp 53333 0 pmu 1023369 44140 8255565 7327076 50615724
1790357563.188534 W 3 lat 296 296 611 0 exe 16981 22925 123851 resp 124166 7 pmu 1023365 78637 8254098 6479979 58069512
1790357564.124536 W 4 lat 277 296 333 0 exe 17092 19518 52333 resp 52629 0 pmu 1023381 38907 8254283 7204838 49409764
1790357565.164576 W 5 lat 277 296 333 0 exe 17111 21703 125648 resp 125962 8 pmu 1023290 64120 8254115 6471433 54963872
1790357565.294489 Closing cell "rt-bench"
1790357565.294579 [MG] Initializing memguard on CPU 3
1790357565.295019 [SMMUv2] Exiting SMMUv2 on cell 1
1790357565.295127 [COL] Colored OP 1: PHYS 0x30000000 -> VIRT 0x00000000 (SIZE: 0x00400000, COL: 0x000000ff, extra: 0x0000000000000000)
1790357565.295153 [COL] Result: 0
1790357565.295219 [COL] Colored OP 4: PHYS 0x30000000 -> VIRT 0x00000000 (SIZE: 0x00400000, COL: 0x000000ff, extra: 0x0000000000000001)
1790357565.295244 [COL] Result: 0
1790357565.295287 Page pool usage after cell destruction: mem 85/4061, remap 5/131072
1790357565.295319 [MG] Initializing memguard on CPU 3
1790357565.295348 [MG] Initializing memguard on CPU 3
1790357565.295413 [COL] Colored OP 0: PHYS 0x30000000 -> VIRT 0x00000000 (SIZE: 0x00400000, COL: 0x000000ff, extra: 0x0000000000000000)
1790357565.295437 [COL] Result: 0
1790357565.295467 [MG] Initializing memguard on CPU 3
1790357565.295491 Created cell "rt-bench"
1790357565.295535 Page pool usage after cell creation: mem 98/4061, remap 5/131072
1790359423.988896 <missed 1297 bytes of console log>
1790359423.991336 ap 5/131072
1790359423.991360 Activating hypervisor
1790359423.991385 [MG] Initializing memguard on CPU 3
1790359423.991410 [MG] Initializing memguard on CPU 3
1790359423.991431 Created cell "rt-bench"
1790359423.991465 Page pool usage after cell creation: mem 88/4061, remap 5/131072
1790359423.991491 [MG] Initializing memguard on CPU 3
1790359423.991513 Cell "rt-bench" can be loaded
1790359423.991533 Started cell "rt-bench"
1790359423.991557 [MG] Initializing memguard on CPU 3
1790359423.991587 rt-bench: ws 768 KB, 1024 loads/period, window 1000
1790359423.991634 W 0 lat 333 462 1333 0 exe 18166 22185 126277 resp 126907 5 pmu 791458 33159 6386047 5307452 39308830
1790359423.991682 W 1 lat 296 296 833 0 exe 12907 16499 99777 resp 100111 1 pmu 791069 33024 6382486 7237453 42863603
1790359423.991729 W 2 lat 296 296 351 0 exe 12851 13277 14018 resp 14314 0 pmu 788315 238 6355114 6912638 33967486
1790359423.991776 W 3 lat 296 296 648 0 exe 12833 14666 95314 resp 95777 0 pmu 789488 16141 6366499 6035897 37901963
1790359423.991822 W 4 lat 296 296 333 0 exe 12833 13277 14314 resp 14629 0 pmu 788880 274 6362938 6858332 33954388
1790359423.991868 W 5 lat 296 296 611 0 exe 12888 14481 86611 resp 87222 0 pmu 790444 14100 6377148 6038838 37255906
1790359423.991890 Closing cell "rt-bench"
1790359423.991914 [MG] Initializing memguard on CPU 3
1790359423.991937 [SMMUv2] Exiting SMMUv2 on cell 1
1790359423.991972 Page pool usage after cell destruction: mem 77/4061, remap 5/131072
1790359423.991997 [MG] Initializing memguard on CPU 3
1790359423.992021 [MG] Initializing memguard on CPU 3
1790359423.992073 [COL] Colored OP 0: PHYS 0x30000000 -> VIRT 0x00000000 (SIZE: 0x00400000, COL: 0x000000ff, extra: 0x0000000000000000)
1790359423.992092 [COL] Result: 0
1790359423.992116 [MG] Initializing memguard on CPU 3
1790359423.992136 Created cell "rt-bench"
1790359423.992169 Page pool usage after cell creation: mem 98/4061, remap 5/131072
1790359423.992222 [COL] Colored OP 3: PHYS 0x30000000 -> VIRT 0x00000000 (SIZE: 0x00400000, COL: 0x000000ff, extra: 0x0000000000000000)
1790359423.992252 [MG] Initializing memguard on CPU 3
1790359423.992269 [COL] Result: 0
1790359423.992291 Cell "rt-bench" can be loaded
1790359423.992342 [COL] Colored OP 2: PHYS 0x30000000 -> VIRT 0x00000000 (SIZE: 0x00400000, COL: 0x000000ff, extra: 0x0000000000000000)
1790359423.992361 [COL] Result: 0
1790359423.992500 [COL] Colored OP 4: PHYS 0x30000000 -> VIRT 0x00000000 (SIZE: 0x00400000, COL: 0x000000ff, extra: 0x0000000000000001)
1790359423.992524 [COL] Result: 0
1790359423.992544 Started cell "rt-bench"
1790359423.992568 [MG] Initializing memguard on CPU 3
1790359423.992598 rt-bench: ws 768 KB, 1024 loads/period, window 1000
1790359425.028470 W 0 lat 314 462 2055 0 exe 24444 35259 171629 resp 173685 39 pmu 1023605 129518 8258342 5307587 60242648
1790359425.964470 W 1 lat 296 314 999 0 exe 17018 26629 147259 resp 148259 28 pmu 1023443 117982 8261684 7798519 66780292
1790359427.004446 W 2 lat 296 296 333 0 exe 16962 19722 46074 resp 46388 0 pmu 1023594 42441 8255729 7463119 50073698
1790359428.044476 W 3 lat 296 296 444 0 exe 17055 22777 114092 resp 114407 8 pmu 1023585 78469 8259758 6409440 57727941
1790359428.980442 W 4 lat 296 296 333 0 exe 16888 19425 47444 resp 47777 0 pmu 1023661 39357 8258828 7106011 49159165
1790359430.020500 W 5 lat 296 296 648 0 exe 16962 22129 111518 resp 111833 8 pmu 1023547 70438 8259052 6421408 56064288
1790359430.142707 Closing cell "rt-bench"
1790359430.142797 [MG] Initializing memguard on CPU 3
1790359430.142836 [SMMUv2] Exiting SMMUv2 on cell 1
1790359430.142916 [COL] Colored OP 1: PHYS 0x30000000 -> VIRT 0x00000000 (SIZE: 0x00400000, COL: 0x000000ff, extra: 0x0000000000000000)
1790359430.142946 [COL] Result: 0
1790359430.143024 [COL] Colored OP 4: PHYS 0x30000000 -> VIRT 0x00000000 (SIZE: 0x00400000, COL: 0x000000ff, extra: 0x0000000000000001)
1790359430.143052 [COL] Result: 0
1790359430.143104 Page pool usage after cell destruction: mem 85/4061, remap 5/131072
1790359430.143141 [MG] Initializing memguard on CPU 3
1790359430.143177 [MG] Initializing memguard on CPU 3
1790359430.143255 [COL] Colored OP 0: PHYS 0x30000000 -> VIRT 0x00000000 (SIZE: 0x00400000, COL: 0x000000ff, extra: 0x0000000000000000)
1790359430.143283 [COL] Result: 0
1790359430.143317 [MG] Initializing memguard on CPU 3
1790359430.143347 Created cell "rt-bench"
1790359430.143397 Page pool usage after cell creation: mem 98/4061, remap 5/131072
