1790319271.358426 <missed 2141445 bytes of console log>
1790319271.358523 370 0 pmu 789114 30503 6364346 6063506 42561856
1790319271.358575 W 1112 lat 296 296 537 0 exe 13685 14481 16037 resp 16351 0 pmu 789626 13249 6368952 6874060 37572803
1790319271.358628 W 1113 lat 296 296 555 0 exe 13666 15833 92444 resp 92888 0 pmu 789205 28604 6363582 6067572 42035450
1790319271.358675 W 1114 lat 296 296 388 0 exe 13759 14870 16240 resp 16537 0 pmu 787994 18030 6353892 6839014 38477184
1790319271.358724 W 1115 lat 296 296 611 0 exe 13574 16148 93796 resp 94351 0 pmu 789260 32104 6363168 6071066 42906545
1790319271.358769 W 1116 lat 296 296 407 0 exe 13814 14444 16351 resp 16648 0 pmu 789876 13015 6367958 6854474 37400439
1790319271.358814 W 1117 lat 296 296 666 0 exe 13685 15888 97055 resp 97370 0 pmu 789838 29025 6370229 6070424 42081906
1790319271.358859 W 1118 lat 296 296 407 0 exe 13611 14444 16722 resp 17111 0 pmu 788780 13093 6359232 6885416 37689151
1790319271.358905 W 1119 lat 296 296 833 0 exe 12796 16722 95203 resp 96037 0 pmu 790847 39159 6384300 6073512 44187044
1790319271.358949 W 1120 lat 296 296 333 0 exe 12888 13277 14333 resp 14629 0 pmu 788710 291 6364249 6870026 33918646
1790319271.358969 Closing cell "rt-bench"
1790319271.358991 [MG] Initializing memguard on CPU 3
1790319271.359013 [SMMUv2] Exiting SMMUv2 on cell 1
1790319271.359045 Page pool usage after cell destruction: mem 77/4061, remap 5/131072
1790319271.359069 [MG] Initializing memguard on CPU 3
1790319271.359091 [MG] Initializing memguard on CPU 3
1790319271.359140 [COL] Colored OP 0: PHYS 0x30000000 -> VIRT 0x00000000 (SIZE: 0x00400000, COL: 0x000000ff, extra: 0x0000000000000000)
1790319271.359158 [COL] Result: 0
1790319271.359180 [MG] Initializing memguard on CPU 3
1790319271.359199 Created cell "rt-bench"
1790319271.359230 Page pool usage after cell creation: mem 98/4061, remap 5/131072
1790319271.359280 [COL] Colored OP 3: PHYS 0x30000000 -> VIRT 0x00000000 (SIZE: 0x00400000, COL: 0x000000ff, extra: 0x0000000000000000)
1790319271.359304 [MG] Initializing memguard on CPU 3
1790319271.359320 [COL] Result: 0
1790319271.359340 Cell "rt-bench" can be loaded
1790319271.359389 [COL] Colored OP 2: PHYS 0x30000000 -> VIRT 0x00000000 (SIZE: 0x00400000, COL: 0x000000ff, extra: 0x0000000000000000)
1790319271.359406 [COL] Result: 0
1790319271.359454 [COL] Colored OP 4: PHYS 0x30000000 -> VIRT 0x00000000 (SIZE: 0x00400000, COL: 0x000000ff, extra: 0x0000000000000001)
1790319271.359472 [COL] Result: 0
1790319271.359490 Started cell "rt-bench"
1790319271.359512 [MG] Initializing memguard on CPU 3
1790319271.359539 rt-bench: ws 768 KB, 1024 loads/period, window 1000
1790319272.398014 W 0 lat 296 314 1518 0 exe 17037 30574 185185 resp 186166 39 pmu 1023474 166022 8263547 5307596 78238321
1790319273.437976 W 1 lat 296 296 407 0 exe 17166 20999 98888 resp 99203 0 pmu 1023666 57216 8251389 7864676 53589606
1790319274.374011 W 2 lat 296 296 555 0 exe 17111 21925 112407 resp 112722 7 pmu 1023669 67770 8254620 6945456 55776397
1790319275.413991 W 3 lat 296 296 333 0 exe 17111 21148 85499 resp 85814 0 pmu 1023789 58719 8252392 7085788 53388307
1790319276.350028 W 4 lat 296 296 462 0 exe 16925 22314 115629 resp 116092 7 pmu 1023633 72218 8256737 6811558 56737413
1790319277.390048 W 5 lat 296 462 518 0 exe 17388 26925 66592 resp 67074 0 pmu 1023799 40126 8259032 7119230 43041558
1790319278.430046 W 6 lat 462 462 648 0 exe 24203 32499 136074 resp 136629 34 pmu 1023701 95910 8258617 6655362 52161859
1790319279.366024 W 7 lat 462 462 499 0 exe 24444 28351 71481 resp 71962 0 pmu 1023776 53085 8254285 7414049 45116115
1790319280.406043 W 8 lat 462 462 722 0 exe 24296 29981 130611 resp 131333 19 pmu 1023704 69629 8252392 6747343 47908305
1790319281.342020 W 9 lat 462 462 518 0 exe 24185 27499 58962 resp 59462 0 pmu 1023825 44546 8251830 7348455 43765487
1790319282.382045 W 10 lat 462 462 759 0 exe 24314 29944 135851 resp 136388 18 pmu 1023712 69557 8254680 6616889 47807755
1790319283.422022 W 11 lat 462 462 499 0 exe 23907 27111 58611 resp 59092 0 pmu 1023827 40648 8256239 7400161 43192665
1790319284.358047 W 12 lat 462 462 981 0 exe 24388 30203 129999 resp 130518 19 pmu 1023757 72411 8260046 6609734 48226983
1790319285.398019 W 13 lat 462 462 518 0 exe 24314 26925 59962 resp 60462 0 pmu 1023817 39119 8258028 7344163 42909708
1790319286.438045 W 14 lat 462 462 777 0 exe 24074 30018 135611 resp 136388 19 pmu 1023665 70204 8254147 6624565 47979505
1790319287.374025 W 15 lat 462 462 611 0 exe 23944 27203 59981 resp 60462 0 pmu 1023767 41510 8260210 7398163 43329974
1790319288.414047 W 16 lat 462 462 629 0 exe 24259 29870 135277 resp 135759 19 pmu 1023658 68794 8260691 6624665 47713865
1790319289.350021 W 17 lat 407 462 499 0 exe 21833 26574 57018 resp 57518 0 pmu 1023818 41281 8260136 7392982 43420236
1790319290.390042 W 18 lat 462 462 592 0 exe 24222 30055 137611 resp 138166 19 pmu 1023647 70759 8260416 6580598 47931371
1790319291.430021 W 19 lat 462 462 499 0 exe 23999 27666 57629 resp 58092 0 pmu 1023793 46408 8260428 7417017 44052337
1790319292.366044 W 20 lat 462 462 666 0 exe 24037 30240 132240 resp 132907 19 pmu 1023650 72829 8258351 6603234 48259564
1790319293.406019 W 21 lat 462 462 499 0 exe 24240 26944 58666 resp 59166 0 pmu 1023778 38914 8257396 7364120 42899484
1790319294.342048 W 22 lat 462 462 777 0 exe 24351 29870 133314 resp 133907 19 pmu 1023648 68920 8254381 6611374 47683430
1790319295.382022 W 23 lat 462 462 518 0 exe 24037 27259 57574 resp 58074 0 pmu 1023839 42067 8261266 7374891 43400756
1790319296.426047 W 24 lat 462 462 629 0 exe 24499 30037 133685 resp 134166 19 pmu 1023719 70408 8261002 6601089 47952725
1790319297.362031 W 25 lat 462 462 518 0 exe 23981 27240 58037 resp 58518 0 pmu 1023711 41882 8259772 7378806 43363527
1790319298.402051 W 26 lat 462 462 629 0 exe 24203 29981 131851 resp 132333 19 pmu 1023697 69730 8261420 6605213 47828039
1790319299.338027 W 27 lat 462 462 499 0 exe 23999 27222 59185 resp 59685 0 pmu 1023800 41878 8262075 7358711 43340342
1790319300.382046 W 28 lat 462 462 833 0 exe 24407 30129 134370 resp 134851 18 pmu 1023731 71645 8264738 6616687 48052005
1790319301.422039 W 29 lat 462 462 518 0 exe 23907 27185 56907 resp 57388 0 pmu 1023782 41640 8262144 7386679 43338923
1790319302.358044 W 30 lat 462 462 740 0 exe 24351 30518 133499 resp 134055 18 pmu 1023707 75698 8263189 6593331 48698289
1790319303.398029 W 31 lat 462 462 537 0 exe 24037 27425 57796 resp 58277 0 pmu 1023851 43889 8259568 7379626 43678584
1790319304.438048 W 32 lat 462 462 648 0 exe 24537 30129 134166 resp 134685 18 pmu 1023685 71491 8258986 6604331 48116648
1790319305.374019 W 33 lat 462 462 518 0 exe 23981 26703 58037 resp 58537 0 pmu 1023834 36416 8265040 7384626 42540828
1790319306.414050 W 34 lat 370 462 703 0 exe 20740 30240 130833 resp 131444 18 pmu 1023736 77080 8262364 6602573 49043016
1790319307.350019 W 35 lat 462 462 499 0 exe 24222 26944 59240 resp 59703 0 pmu 1023821 39331 8263008 7332964 42920076
1790319308.390048 W 36 lat 462 462 537 0 exe 24462 29907 139018 resp 139537 18 pmu 1023714 69289 8257314 6616671 47730966
1790319309.430021 W 37 lat 462 462 518 0 exe 24277 27277 56722 resp 57185 0 pmu 1023755 42214 8259988 7431239 43484067
1790319310.366047 W 38 lat 462 462 1592 0 exe 24444 30074 138629 resp 139111 19 pmu 1023691 70853 8261733 6593744 47974488
1790319311.406032 W 39 lat 462 462 499 0 exe 24240 27351 58981 resp 59481 0 pmu 1023764 43340 8258920 7433138 43625267
1790319312.342041 W 40 lat 462 462 648 0 exe 24425 30296 132518 resp 133111 19 pmu 1023689 73164 8256509 6616475 48350598
1790319313.382019 W 41 lat 462 462 518 0 exe 24259 26925 57537 resp 58018 0 pmu 1023786 38860 8253660 7368755 42910974
1790319314.422045 W 42 lat 462 462 629 0 exe 24222 29925 132629 resp 133259 19 pmu 1023722 69327 8259390 6600083 47755598
1790319315.358027 W 43 lat 462 462 499 0 exe 23999 27481 58018 resp 58518 0 pmu 1023817 44537 8261761 7367148 43758604
1790319316.398047 W 44 lat 462 462 611 0 exe 24203 30111 133629 resp 134166 18 pmu 1023644 71175 8259397 6606370 48040069
1790319317.438022 W 45 lat 462 462 499 0 exe 24259 27222 62222 resp 62722 0 pmu 1023798 41795 8260898 7377273 43346689
1790319318.374045 W 46 lat 462 462 666 0 exe 24333 32592 127944 resp 128537 23 pmu 1023714 97286 8264627 6648472 51942569
1790319319.414025 W 47 lat 462 462 518 0 exe 24351 27388 59851 resp 60314 0 pmu 1023874 43402 8262846 7334308 43560245
1790319320.350045 W 48 lat 462 462 629 0 exe 24259 29962 126944 resp 127574 18 pmu 1023717 69992 8260325 6625767 47830350
1790319321.390028 W 49 lat 462 462 499 0 exe 24333 27092 57407 resp 57888 0 pmu 1023793 40478 8257988 7310767 43124131
1790319322.434045 W 50 lat 388 462 611 0 exe 20851 29685 130537 resp 131018 18 pmu 1023796 71178 8261029 6599902 48189731
1790319323.370025 W 51 lat 462 462 499 0 exe 24333 26962 54444 resp 54907 0 pmu 1023828 39430 8263120 7326864 42945070
1790319324.410045 W 52 lat 462 462 537 0 exe 24333 29870 137962 resp 138462 18 pmu 1023727 68766 8260590 6569401 47630294
1790319325.346018 W 53 lat 462 462 518 0 exe 24351 26796 54888 resp 55370 0 pmu 1023811 37378 8256389 7419712 42734635
1790319326.390047 W 54 lat 462 462 944 0 exe 24166 30166 129907 resp 130407 18 pmu 1023682 71696 8258496 6573446 48069481
1790319327.430027 W 55 lat 462 462 499 0 exe 24425 27388 76499 resp 76981 0 pmu 1023822 43465 8262706 7341769 43606136
1790319328.366048 W 56 lat 462 462 777 0 exe 24018 30018 133555 resp 134277 18 pmu 1023633 70318 8260660 6792820 48065160
1790319329.406014 W 57 lat 462 462 499 0 exe 24277 27018 62703 resp 63185 0 pmu 1023784 39786 8262272 7376955 43033141
1790319330.342048 W 58 lat 462 462 611 0 exe 24537 29703 137111 resp 137611 19 pmu 1023700 67226 8262207 6652260 47493001
1790319331.382018 W 59 lat 462 462 518 0 exe 24203 26962 56259 resp 56759 0 pmu 1023766 39211 8258040 7411581 42969719
1790319332.422046 W 60 lat 462 462 537 0 exe 24333 29907 130574 resp 131074 18 pmu 1023688 69267 8258556 6587271 47752087
1790319333.358020 W 61 lat 462 462 518 0 exe 24296 27203 58481 resp 58962 0 pmu 1023786 41610 8264056 7346052 43298031
1790319334.402045 W 62 lat 462 462 870 0 exe 24037 29870 136296 resp 136777 18 pmu 1023766 68968 8260772 6610941 47713712
1790319335.338018 W 63 lat 462 462 518 0 exe 23814 26944 60037 resp 60499 0 pmu 1023722 39147 8257993 7403205 42958404
1790319336.378047 W 64 lat 462 462 648 0 exe 24499 29907 136907 resp 137407 19 pmu 1023716 69065 8258731 6622742 47720650
1790319337.418020 W 65 lat 462 462 499 0 exe 23888 27277 62166 resp 62648 0 pmu 1023802 42524 8261424 7410738 43475290
1790319338.354071 W 66 lat 462 462 555 0 exe 24259 29777 132907 resp 133462 19 pmu 1023614 68291 8260983 6646125 47611079
1790319339.394025 W 67 lat 388 462 518 0 exe 21148 27499 63648 resp 64037 0 pmu 1023837 49297 8264716 7368689 44659266
1790319340.434048 W 68 lat 462 462 629 0 exe 24333 29925 135129 resp 135685 19 pmu 1023602 69490 8259634 6647807 47844640
1790319341.370013 W 69 lat 462 462 499 0 exe 24111 26833 59685 resp 60166 0 pmu 1023726 37915 8257760 7392370 42780584
1790319342.410047 W 70 lat 462 462 648 0 exe 24481 29703 133629 resp 134111 19 pmu 1023683 66951 8257842 6620300 47424743
1790319343.346021 W 71 lat 462 462 518 0 exe 24185 27092 55037 resp 55518 0 pmu 1023783 40573 8258923 7376607 43160322
1790319344.386047 W 72 lat 462 462 759 0 exe 24148 29851 132777 resp 133277 18 pmu 1023735 68605 8259172 6575491 47616214
1790319345.426024 W 73 lat 462 462 499 0 exe 24203 27240 58037 resp 58518 0 pmu 1023832 42244 8262904 7368014 43410682
1790319346.362049 W 74 lat 462 462 870 0 exe 24018 29777 134740 resp 135611 18 pmu 1023691 68067 8260916 6606074 47510065
1790319347.402017 W 75 lat 462 462 518 0 exe 24037 27129 60240 resp 60740 0 pmu 1023797 41019 8262131 7388863 43244462
1790319348.342048 W 76 lat 444 462 555 0 exe 24462 30203 134203 resp 134759 18 pmu 1023671 71915 8260584 6626963 48197660
1790319349.382021 W 77 lat 462 462 537 0 exe 24166 27111 60944 resp 61425 0 pmu 1023825 40580 8257888 7384635 43181595
1790319350.422047 W 78 lat 462 462 685 0 exe 24351 29796 136240 resp 136722 18 pmu 1023741 68024 8259908 6634646 47610964
1790319351.358027 W 79 lat 462 462 518 0 exe 23962 27740 69759 resp 70259 0 pmu 1023809 47199 8259665 7402835 44187615
1790319352.402050 W 80 lat 462 462 666 0 exe 24259 30537 128814 resp 129388 18 pmu 1023736 75955 8262153 6725057 48817359
1790319353.338015 W 81 lat 462 462 518 0 exe 24111 26925 64148 resp 64611 0 pmu 1023834 38805 8260680 7332223 42875128
1790319354.382045 W 82 lat 462 462 648 0 exe 24129 29407 135537 resp 136037 19 pmu 1023670 64194 8257776 6665137 47007886
1790319355.422023 W 83 lat 407 462 518 0 exe 21907 27055 66407 resp 66870 0 pmu 1023749 44603 8256376 7392734 43903022
1790319356.358052 W 84 lat 462 462 740 0 exe 24425 30259 140759 resp 141499 21 pmu 1023684 72617 8257610 6677296 48284076
1790319357.398021 W 85 lat 462 462 518 0 exe 24074 27277 80388 resp 80851 0 pmu 1023711 42463 8264537 7452244 43513939
1790319358.338052 W 86 lat 462 462 907 0 exe 24314 30166 130722 resp 131499 19 pmu 1023584 72071 8261880 6829249 48277409
1790319359.378021 W 87 lat 462 462 499 0 exe 23925 27611 57833 resp 58314 0 pmu 1023762 45729 8262167 7351771 43933780
1790319360.422044 W 88 lat 462 462 648 0 exe 24370 29759 132925 resp 133574 18 pmu 1023576 67721 8260524 6604789 47509955
1790319361.358017 W 89 lat 462 462 518 0 exe 24240 27222 60129 resp 60611 0 pmu 1023764 42021 8258564 7370326 43372308
1790319362.398050 W 90 lat 462 462 611 0 exe 24222 30037 132074 resp 132574 19 pmu 1023622 70402 8260042 6627201 47935303
1790319363.438024 W 91 lat 462 462 537 0 exe 24259 27703 79296 resp 79777 0 pmu 1023759 46714 8264591 7361175 44103030
1790319364.374054 W 92 lat 462 462 759 0 exe 24425 29944 134999 resp 135499 18 pmu 1023654 69497 8259386 6821737 47909101
1790319365.414020 W 93 lat 462 462 518 0 exe 24037 27129 63703 resp 64185 0 pmu 1023777 40979 8261430 7392066 43201232
1790319366.350052 W 94 lat 462 462 703 0 exe 24425 29388 133703 resp 134185 18 pmu 1023640 63852 8259568 6661565 46951182
1790319367.390019 W 95 lat 462 462 518 0 exe 24370 27537 60888 resp 61370 0 pmu 1023714 45158 8263837 7375821 43857455
1790319368.430052 W 96 lat 462 462 685 0 exe 24537 31388 129240 resp 129777 18 pmu 1023626 84475 8260260 6637257 50105145
1790319369.366026 W 97 lat 462 462 518 0 exe 24148 27870 64925 resp 65388 0 pmu 1023681 48128 8261178 7341977 44333622
1790319370.406054 W 98 lat 462 462 611 0 exe 24037 29759 126685 resp 127185 19 pmu 1023668 67938 8258476 6678015 47561362
1790319371.342025 W 99 lat 370 462 499 0 exe 21092 27259 61388 resp 61870 0 pmu 1023706 46324 8252422 7305357 44150837
1790319372.382051 W 100 lat 462 462 629 0 exe 24129 29814 128407 resp 128925 19 pmu 1023629 68563 8260593 6623793 47646517
1790319373.422021 W 101 lat 462 462 499 0 exe 24111 27277 60685 resp 61185 0 pmu 1023722 42496 8261660 7323384 43417021
1790319374.358044 W 102 lat 462 462 648 0 exe 24037 29444 148944 resp 149425 19 pmu 1023698 64418 8257064 6632452 47027302
1790319375.398027 W 103 lat 462 462 518 0 exe 24185 27814 61851 resp 62333 0 pmu 1023690 47706 8261988 7526255 44357174
1790319376.438051 W 104 lat 462 462 777 0 exe 24240 29592 135907 resp 136444 19 pmu 1023636 66151 8263505 6647285 47289743
1790319377.374020 W 105 lat 462 462 518 0 exe 24185 27462 57814 resp 58314 0 pmu 1023768 44202 8259971 7398740 43728068
1790319378.414055 W 106 lat 462 462 629 0 exe 24092 30666 132259 resp 132777 19 pmu 1023584 77622 8258876 6605231 48995303
1790319379.350025 W 107 lat 462 462 518 0 exe 24444 27592 58925 resp 59407 0 pmu 1023740 45456 8263034 7366021 43906679
1790319380.390053 W 108 lat 462 462 777 0 exe 24203 29499 132870 resp 133462 19 pmu 1023652 65490 8259209 6618205 47155553
1790319381.430026 W 109 lat 462 462 518 0 exe 24314 27574 61814 resp 62277 0 pmu 1023689 45342 8263515 7367890 43865069
1790319382.366067 W 110 lat 462 462 851 0 exe 24129 29314 131203 resp 132055 18 pmu 1023616 63363 8256876 6646302 46855307
1790319383.406020 W 111 lat 462 462 518 0 exe 24333 27722 64129 resp 64629 0 pmu 1023661 46812 8261870 7351523 44119107
1790319384.342072 W 112 lat 462 462 685 0 exe 23925 29296 132203 resp 132759 19 pmu 1023646 63355 8263706 6670354 46869937
1790319385.382018 W 113 lat 462 462 499 0 exe 24407 27277 71833 resp 72333 0 pmu 1023694 42523 8261402 7358298 43445881
1790319386.422055 W 114 lat 462 462 833 0 exe 24407 29129 132055 resp 132555 18 pmu 1023666 61609 8260720 6745513 46636802
1790319387.358029 W 115 lat 462 462 592 0 exe 24148 28185 58759 resp 59259 0 pmu 1023730 51580 8262642 7358680 44816020
1790319388.398065 W 116 lat 388 462 703 0 exe 20722 29444 128240 resp 128833 19 pmu 1023644 68709 8261134 6618426 47783256
1790319389.438018 W 117 lat 462 462 499 0 exe 24351 27759 59925 resp 60425 0 pmu 1023704 47445 8262489 7303133 44148172
1790319390.374056 W 118 lat 462 462 666 0 exe 23685 28555 139259 resp 139740 19 pmu 1023614 55326 8260482 6628579 45672492
1790319391.414020 W 119 lat 462 462 518 0 exe 24333 28092 77870 resp 78351 0 pmu 1023763 51034 8261637 7423477 44738233
1790319392.350053 W 120 lat 462 462 648 0 exe 24444 28259 147425 resp 147925 14 pmu 1023629 51972 8261281 6809642 45321357
1790319393.390029 W 121 lat 462 462 574 0 exe 24018 28629 112611 resp 113092 5 pmu 1023721 56614 8261119 7507330 45608308
1790319394.430069 W 122 lat 462 462 740 0 exe 23907 27240 142981 resp 143518 5 pmu 1023699 41369 8262416 7158261 43699855
1790319395.366021 W 123 lat 462 462 537 0 exe 24333 29703 127925 resp 128425 14 pmu 1023583 67745 8257999 7455778 47450754
1790319396.406068 W 124 lat 462 462 499 0 exe 24166 26796 43833 resp 44314 0 pmu 1023779 37204 8259328 7318643 42638805
1790319397.342019 W 125 lat 462 462 592 0 exe 24240 29759 134148 resp 134629 19 pmu 1023514 67969 8259547 6461836 47492824
1790319398.382053 W 126 lat 462 462 499 0 exe 24037 27111 48759 resp 49240 0 pmu 1023675 40226 8256408 7380747 43164967
1790319399.422027 W 127 lat 462 462 666 0 exe 24407 30629 134148 resp 134777 19 pmu 1023602 76400 8261864 6512003 48804942
1790319400.358075 W 128 lat 462 462 518 0 exe 24148 26925 53388 resp 53888 0 pmu 1023643 38777 8261592 7386883 42912389
1790319401.398045 W 129 lat 462 462 703 0 exe 24333 29333 138481 resp 138999 19 pmu 1023647 63133 8256300 6558145 46845907
1790319402.438070 W 130 lat 462 462 499 0 exe 23962 26944 61055 resp 61518 0 pmu 1023812 38815 8257080 7423096 42960609
1790319403.374020 W 131 lat 462 462 648 0 exe 24592 30277 137629 resp 138129 18 pmu 1023686 72944 8264448 6633543 48341164
1790319404.414056 W 132 lat 370 462 518 0 exe 21129 27166 70148 resp 70629 0 pmu 1023750 45416 8262276 7420268 44054879
1790319405.350033 W 133 lat 462 462 685 0 exe 24333 30203 137574 resp 138259 18 pmu 1023653 72298 8261729 6711191 48258778
1790319406.394059 W 134 lat 462 462 518 0 exe 24018 27037 54185 resp 54685 0 pmu 1023783 39863 8261768 7419159 43107335
1790319407.434034 W 135 lat 462 462 648 0 exe 24222 30092 134518 resp 135166 19 pmu 1023607 71000 8259931 6565990 47996438
1790319408.370018 W 136 lat 462 462 518 0 exe 24148 26962 63870 resp 64351 0 pmu 1023781 38991 8260684 7387013 42945172
1790319409.410046 W 137 lat 462 462 925 0 exe 24407 29944 136055 resp 136537 18 pmu 1023640 69232 8255120 6663008 47788046
1790319410.346022 W 138 lat 462 462 499 0 exe 24222 26907 61666 resp 62148 0 pmu 1023754 38547 8255184 7403156 42890317
1790319411.386046 W 139 lat 462 462 740 0 exe 24444 29981 132111 resp 132629 18 pmu 1023648 69926 8263226 6640979 47880917
1790319412.426049 W 140 lat 462 462 518 0 exe 23796 27092 62203 resp 62703 0 pmu 1023637 40586 8256520 7363362 43170653
1790319413.362024 W 141 lat 462 462 851 0 exe 24537 29851 137740 resp 138592 19 pmu 1023628 68700 8259497 6645305 47698878
1790319414.402017 W 142 lat 462 462 518 0 exe 24240 27074 51259 resp 51722 0 pmu 1023669 40245 8257728 7421774 43152738
1790319415.338046 W 143 lat 462 462 629 0 exe 24148 30259 141444 resp 142055 19 pmu 1023630 72598 8260219 6537819 48216280
1790319416.378008 W 144 lat 462 462 518 0 exe 23962 26833 65129 resp 65611 0 pmu 1023647 37802 8260536 7456370 42807765
1790319417.422049 W 145 lat 462 462 629 0 exe 24499 29648 141277 resp 141814 19 pmu 1023534 66302 8259320 6674090 47378207
1790319418.358029 W 146 lat 462 462 518 0 exe 24148 26925 62240 resp 62740 0 pmu 1023683 38894 8258604 7453174 42944564
1790319419.398048 W 147 lat 462 462 648 0 exe 23981 30722 132425 resp 132944 19 pmu 1023559 77602 8262375 6646578 49023351
1790319420.438001 W 148 lat 462 462 499 0 exe 24166 26722 69148 resp 69629 0 pmu 1023653 36388 8257000 7367481 42575756
1790319421.374043 W 149 lat 370 462 518 0 exe 21796 28796 128148 resp 128648 14 pmu 1023516 65537 8257669 6714695 48077264
1790319422.414022 W 150 lat 444 462 499 0 exe 23981 26962 72555 resp 73055 0 pmu 1023534 39068 8260654 7303052 42928716
1790319423.350048 W 151 lat 462 462 759 0 exe 24055 30222 132240 resp 132722 20 pmu 1023566 72408 8262674 6748937 48355177
1790319424.390022 W 152 lat 462 462 499 0 exe 24074 27296 56907 resp 57388 0 pmu 1023756 42458 8261816 7363814 43447224
1790319425.430045 W 153 lat 462 462 648 0 exe 24148 29555 134740 resp 135222 18 pmu 1023612 65690 8262546 6594664 47203742
1790319426.366016 W 154 lat 462 462 499 0 exe 24129 26907 59166 resp 59629 0 pmu 1023743 38688 8267532 7385408 42875991
1790319427.406046 W 155 lat 462 481 1759 0 exe 23999 29814 135111 resp 135740 18 pmu 1023501 68351 8264172 6615552 47583286
1790319428.342018 W 156 lat 462 462 499 0 exe 24092 27055 58388 resp 58888 0 pmu 1023701 40157 8266080 7396075 43112143
1790319429.382044 W 157 lat 462 462 648 0 exe 24277 29944 132666 resp 133314 18 pmu 1023593 69486 8260362 6608301 47841403
1790319430.422020 W 158 lat 462 462 499 0 exe 23870 26888 60277 resp 60777 0 pmu 1023728 38394 8260412 7368087 42869044
1790319431.362050 W 159 lat 462 462 629 0 exe 23814 31666 128703 resp 129203 26 pmu 1023588 87739 8253236 6625418 50451292
1790319432.402036 W 160 lat 462 462 499 0 exe 23851 26796 62333 resp 62833 0 pmu 1023648 37320 8253198 7333908 42683598
1790319433.338051 W 161 lat 462 462 555 0 exe 24185 30055 128703 resp 129259 18 pmu 1023541 70730 8261637 6645383 47973282
1790319434.378029 W 162 lat 462 462 499 0 exe 24148 26740 61999 resp 62462 0 pmu 1023672 37043 8264116 7327614 42618344
1790319435.418054 W 163 lat 462 462 629 0 exe 24111 30370 136481 resp 137111 18 pmu 1023652 73964 8268514 6643010 48453660
1790319436.354021 W 164 lat 462 462 518 0 exe 24129 26814 62092 resp 62574 0 pmu 1023652 37619 8264804 7407240 42734626
1790319437.394051 W 165 lat 388 462 722 0 exe 20870 29870 133907 resp 134370 18 pmu 1023646 74880 8268414 6644362 48759317
1790319438.434021 W 166 lat 462 462 518 0 exe 23907 26518 66277 resp 66740 0 pmu 1023621 34927 8264396 7362183 42277589
1790319439.370061 W 167 lat 444 462 537 0 exe 24407 30796 130499 resp 131018 18 pmu 1023576 78334 8267591 6683708 49159401
1790319440.410018 W 168 lat 462 462 537 0 exe 24092 26888 65981 resp 66444 0 pmu 1023614 38574 8260731 7350074 42837610
1790319441.346048 W 169 lat 462 462 722 0 exe 23925 29759 126888 resp 127444 19 pmu 1023604 68145 8267165 6683485 47591718
1790319442.386016 W 170 lat 462 462 499 0 exe 24240 26555 60814 resp 61296 0 pmu 1023652 35217 8265355 7307647 42292153
1790319443.430044 W 171 lat 462 462 703 0 exe 24166 30148 130222 resp 130759 18 pmu 1023530 71500 8255533 6630788 48149315
1790319444.366016 W 172 lat 462 462 518 0 exe 24185 26999 59666 resp 60148 0 pmu 1023719 39703 8264285 7343693 43010628
1790319445.410045 W 173 lat 462 462 537 0 exe 24129 29851 136888 resp 137351 19 pmu 1023582 68793 8265809 6621384 47710564
1790319446.346015 W 174 lat 462 462 518 0 exe 24129 26518 58055 resp 58537 0 pmu 1023709 35010 8265980 7407696 42300998
1790319447.386048 W 175 lat 462 462 796 0 exe 24111 30759 142685 resp 143166 19 pmu 1023575 77952 8260650 6602499 49075703
1790319448.426022 W 176 lat 462 462 499 0 exe 24074 26685 60185 resp 60666 0 pmu 1023683 36229 8260672 7471511 42568553
1790319449.362046 W 177 lat 462 462 611 0 exe 24259 30018 134388 resp 134888 19 pmu 1023496 70552 8258894 6624392 47955331
1790319450.402021 W 178 lat 462 462 518 0 exe 24185 27111 61111 resp 61592 0 pmu 1023743 40685 8260808 7384668 43196129
1790319451.338047 W 179 lat 462 462 574 0 exe 23888 30111 131240 resp 131759 19 pmu 1023634 71618 8265331 6636264 48115119
1790319452.378024 W 180 lat 462 462 499 0 exe 24166 27481 67962 resp 68462 0 pmu 1023723 44545 8265997 7351640 43741996
1790319453.418047 W 181 lat 370 462 648 0 exe 21037 30092 133296 resp 133777 18 pmu 1023556 75527 8263466 6706746 48960839
1790319454.354018 W 182 lat 462 462 499 0 exe 24148 26629 63314 resp 63796 0 pmu 1023584 35604 8262192 7357751 42433457
1790319455.394049 W 183 lat 462 462 833 0 exe 24111 30333 136314 resp 136999 18 pmu 1023568 73739 8263778 6655767 48431180
1790319456.434016 W 184 lat 462 462 518 0 exe 23814 26703 66203 resp 66703 0 pmu 1023655 36514 8263317 7406887 42590287
1790319457.374049 W 185 lat 462 462 666 0 exe 24222 29722 131685 resp 132259 19 pmu 1023537 67126 8262347 6683488 47501808
1790319458.414025 W 186 lat 462 462 518 0 exe 24018 27592 63185 resp 63666 0 pmu 1023749 45779 8266101 7356641 43951467
1790319459.350040 W 187 lat 462 462 555 0 exe 24240 30481 136907 resp 137388 18 pmu 1023655 75090 8262979 6658778 48689782
1790319460.390023 W 188 lat 462 462 499 0 exe 24166 27203 63296 resp 63759 0 pmu 1023610 41537 8260528 7411811 43343190
1790319461.430048 W 189 lat 462 462 648 0 exe 24629 29907 129499 resp 129999 18 pmu 1023624 69402 8264973 6658333 47833681
1790319462.366016 W 190 lat 462 462 499 0 exe 23555 26629 61333 resp 61796 0 pmu 1023660 35851 8255416 7337374 42448433
1790319463.406048 W 191 lat 462 462 629 0 exe 24259 30129 136277 resp 136907 18 pmu 1023564 71413 8263692 6632913 48084228
1790319464.342023 W 192 lat 462 462 518 0 exe 24259 27314 61611 resp 62074 0 pmu 1023714 43034 8267190 7404826 43540160
1790319465.382047 W 193 lat 462 462 611 0 exe 24092 29944 139425 resp 139944 19 pmu 1023568 69247 8253289 6642496 47804713
1790319466.422017 W 194 lat 462 462 518 0 exe 24092 26722 65925 resp 66388 0 pmu 1023665 36737 8251644 7433958 42621157
1790319467.358052 W 195 lat 462 462 611 0 exe 23888 29962 134314 resp 134925 19 pmu 1023513 69657 8258529 6682092 47906210
1790319468.398016 W 196 lat 462 462 499 0 exe 24148 26537 63240 resp 63703 0 pmu 1023734 35219 8265640 7382337 42332500
1790319469.438045 W 197 lat 462 462 685 0 exe 24166 29851 132648 resp 133148 18 pmu 1023461 68794 8264729 6654403 47716778
1790319470.374027 W 198 lat 388 462 518 0 exe 20981 27407 75203 resp 75703 0 pmu 1023632 48375 8264609 7366472 44488282
1790319471.414050 W 199 lat 462 462 648 0 exe 24462 30277 132222 resp 132722 19 pmu 1023625 72934 8264481 6762490 48421282
1790319472.350016 W 200 lat 462 462 518 0 exe 24037 26999 62999 resp 63462 0 pmu 1023674 39290 8256014 7365446 42987259
1790319473.390045 W 201 lat 462 462 722 0 exe 24166 29870 131777 resp 132277 18 pmu 1023598 69023 8264229 6653890 47690002
1790319474.430019 W 202 lat 462 462 537 0 exe 23870 26999 62833 resp 63314 0 pmu 1023681 39489 8259568 7357883 42998472
1790319475.366050 W 203 lat 462 462 888 0 exe 24277 30740 133018 resp 133685 18 pmu 1023596 77690 8263708 6651651 49059616
1790319476.406020 W 204 lat 462 462 499 0 exe 24074 26888 64277 resp 64777 0 pmu 1023699 38630 8263534 7376908 42854919
1790319477.346046 W 205 lat 462 462 703 0 exe 24129 29666 129648 resp 130351 18 pmu 1023575 67044 8261860 6666483 47404670
1790319478.386016 W 206 lat 462 462 499 0 exe 23925 26777 59259 resp 59759 0 pmu 1023705 37397 8266784 7336328 42644985
1790319479.426050 W 207 lat 462 462 518 0 exe 23925 30111 133592 resp 134074 20 pmu 1023622 71381 8266519 6615128 48031072
1790319480.362019 W 208 lat 462 462 499 0 exe 23999 26648 58037 resp 58518 0 pmu 1023619 36148 8263618 7374771 42509628
1790319481.402049 W 209 lat 462 462 629 0 exe 24166 29796 138296 resp 138851 19 pmu 1023530 68146 8262676 6602351 47534056
1790319482.338018 W 210 lat 462 462 499 0 exe 24314 27351 62796 resp 63259 0 pmu 1023667 43180 8266328 7422600 43590559
1790319483.378070 W 211 lat 462 462 629 0 exe 24166 29944 131851 resp 132351 19 pmu 1023560 69726 8264947 6654853 47841130
1790319484.418019 W 212 lat 462 462 611 0 exe 23796 26851 66018 resp 66481 0 pmu 1023628 37928 8264035 7358537 42764636
1790319485.354045 W 213 lat 462 462 648 0 exe 24018 29685 133074 resp 133722 19 pmu 1023524 66980 8263845 6682630 47438100
1790319486.394024 W 214 lat 388 462 499 0 exe 20962 27240 63074 resp 63555 0 pmu 1023675 45987 8264580 7369489 44110354
1790319487.434070 W 215 lat 462 462 703 0 exe 24388 30351 134407 resp 134925 20 pmu 1023578 73833 8267454 6640089 48458224
1790319488.370018 W 216 lat 462 462 518 0 exe 23999 27203 65833 resp 66333 0 pmu 1023748 41763 8265448 7387640 43345796
1790319489.414044 W 217 lat 462 462 944 0 exe 24259 29999 133629 resp 134259 19 pmu 1023592 70073 8263979 6683333 47918407
1790319490.350019 W 218 lat 462 462 518 0 exe 24296 26722 58499 resp 58981 0 pmu 1023646 36804 8264776 7379424 42585420
1790319491.390049 W 219 lat 462 462 759 0 exe 24370 30666 137759 resp 138277 18 pmu 1023587 76820 8265402 6608919 48876470
1790319492.430018 W 220 lat 462 462 499 0 exe 24240 26888 57148 resp 57648 0 pmu 1023701 38516 8267016 7423129 42866399
1790319493.366046 W 221 lat 462 462 555 0 exe 24240 29814 139185 resp 139740 19 pmu 1023526 67702 8262809 6595881 47568116
1790319494.406020 W 222 lat 462 462 499 0 exe 23925 26814 62870 resp 63351 0 pmu 1023662 37676 8263233 7431490 42765362
1790319495.342054 W 223 lat 462 462 796 0 exe 24351 29999 132407 resp 133018 19 pmu 1023548 70154 8264812 6651132 47857735
1790319496.382023 W 224 lat 462 462 518 0 exe 24055 27388 61944 resp 62425 0 pmu 1023571 43238 8263696 7366703 43592475
1790319497.422047 W 225 lat 462 462 833 0 exe 24037 29888 132981 resp 133814 19 pmu 1023670 69163 8267973 6645488 47706684
1790319498.358024 W 226 lat 462 462 629 0 exe 24185 28185 98777 resp 99259 0 pmu 1023696 51753 8266240 7371700 44898063
1790319499.398048 W 227 lat 462 462 962 0 exe 24611 30537 132092 resp 133055 18 pmu 1023625 75583 8266759 7019036 48975586
1790319500.334022 W 228 lat 462 462 499 0 exe 24296 26999 63425 resp 63888 0 pmu 1023787 39704 8262936 7370182 43013218
1790319501.374045 W 229 lat 462 462 944 0 exe 24129 30129 128722 resp 129222 19 pmu 1023470 71658 8262167 6659362 48123411
1790319502.414335 W 230 lat 462 462 499 0 exe 24499 26870 57499 resp 57999 0 pmu 1023611 38358 8262052 7329492 42830011
1790319503.354048 W 231 lat 407 462 592 0 exe 21518 29777 130722 resp 131222 18 pmu 1023581 74304 8265461 6600604 48675761
1790319504.394019 W 232 lat 462 462 499 0 exe 24166 26703 58870 resp 59351 0 pmu 1023603 36499 8265325 7332651 42534763
1790319505.434047 W 233 lat 462 462 907 0 exe 23999 29851 144351 resp 144870 19 pmu 1023612 68661 8265559 6611794 47691727
1790319506.370020 W 234 lat 462 462 499 0 exe 24314 26925 61111 resp 61574 0 pmu 1023766 38730 8263692 7483845 42970009
1790319507.410050 W 235 lat 462 462 629 0 exe 24185 30370 143740 resp 144296 19 pmu 1023586 73750 8266050 6635881 48373372
1790319508.346019 W 236 lat 462 462 499 0 exe 24222 26981 61425 resp 61925 0 pmu 1023729 39172 8265772 7479957 43009889
1790319509.386049 W 237 lat 462 462 685 0 exe 24277 29888 131759 resp 132425 19 pmu 1023629 69245 8264991 6639129 47728760
1790319510.426018 W 238 lat 462 462 518 0 exe 24037 27166 61370 resp 61851 0 pmu 1023782 41323 8268796 7359172 43238446
1790319511.362047 W 239 lat 462 462 648 0 exe 24055 30351 130759 resp 131277 19 pmu 1023563 73718 8264715 6638530 48452748
1790319512.402014 W 240 lat 462 462 499 0 exe 24259 26833 60148 resp 60629 0 pmu 1023642 37774 8264092 7349355 42741610
1790319513.338044 W 241 lat 462 462 592 0 exe 24481 29759 131240 resp 131814 19 pmu 1023600 67812 8265849 6625589 47514737
1790319514.378035 W 242 lat 462 462 499 0 exe 23925 26870 60962 resp 61462 0 pmu 1023680 38384 8266720 7353249 42811848
1790319515.418050 W 243 lat 462 462 703 0 exe 24629 30537 133314 resp 133796 19 pmu 1023625 76038 8267198 6632322 48716018
1790319516.354021 W 244 lat 462 462 499 0 exe 24166 26759 58555 resp 59055 0 pmu 1023612 37181 8265427 7378764 42665286
1790319517.394046 W 245 lat 462 462 611 0 exe 24240 30814 140925 resp 141425 29 pmu 1023519 78753 8264275 6609126 49191547
1790319518.434019 W 246 lat 462 462 499 0 exe 24129 27074 61777 resp 62259 0 pmu 1023637 40103 8264240 7453837 43158335
1790319519.370049 W 247 lat 370 462 518 0 exe 21981 30370 131999 resp 132518 16 pmu 1023562 79392 8264159 6642488 49865580
1790319520.410017 W 248 lat 462 462 518 0 exe 24055 26851 63981 resp 64481 0 pmu 1023760 38338 8268676 7350317 42781766
1790319521.350050 W 249 lat 462 462 555 0 exe 24351 30185 130074 resp 130592 18 pmu 1023677 72155 8268433 6663253 48200095
1790319522.390013 W 250 lat 462 462 499 0 exe 24018 26611 64907 resp 65388 0 pmu 1023708 35963 8265010 7342559 42412071
1790319523.434048 W 251 lat 462 462 629 0 exe 24425 30185 136148 resp 136666 19 pmu 1023685 72078 8266667 6670789 48240943
1790319524.370033 W 252 lat 462 462 499 0 exe 23814 26759 58981 resp 59462 0 pmu 1023683 37280 8265641 7404197 42677242
1790319525.410050 W 253 lat 462 462 648 0 exe 24314 30074 128611 resp 129259 18 pmu 1023646 71154 8265095 6611409 47995866
1790319526.346019 W 254 lat 462 462 499 0 exe 24259 26999 60111 resp 60592 0 pmu 1023625 39699 8260800 7328353 43019738
1790319527.386051 W 255 lat 462 462 685 0 exe 24481 30444 136944 resp 137629 18 pmu 1023620 74824 8259873 6626044 48603302
1790319528.426016 W 256 lat 462 462 499 0 exe 24203 26796 62555 resp 63055 0 pmu 1023610 37111 8254998 7414705 42694701
1790319529.362047 W 257 lat 462 462 648 0 exe 24518 29759 129962 resp 130444 19 pmu 1023453 67768 8258024 6649315 47572066
1790319530.402014 W 258 lat 462 462 518 0 exe 24037 26611 60296 resp 60796 0 pmu 1023576 35565 8262712 7340595 42396447
1790319531.338047 W 259 lat 462 462 814 0 exe 23999 30296 133092 resp 133666 19 pmu 1023619 73330 8266250 6625150 48334626
1790319532.378030 W 260 lat 462 462 499 0 exe 24240 27240 71185 resp 71666 0 pmu 1023539 42003 8261540 7373177 43409983
1790319533.422044 W 261 lat 462 462 611 0 exe 23796 30722 141222 resp 141833 25 pmu 1023524 77919 8262739 6737887 49058390
1790319534.358015 W 262 lat 462 462 499 0 exe 24055 26518 54462 resp 54944 0 pmu 1023560 34257 8261955 7454810 42307808
1790319535.402037 W 263 lat 388 462 759 0 exe 24148 30111 140629 resp 141185 19 pmu 1023590 72379 8260707 6566104 48261615
1790319536.338020 W 264 lat 388 462 537 0 exe 21388 26685 64370 resp 64851 0 pmu 1023649 38981 8260016 7447555 43063066
1790319537.378049 W 265 lat 462 462 777 0 exe 24129 29981 139962 resp 140629 19 pmu 1023655 70046 8264272 6652585 47838403
1790319538.418019 W 266 lat 462 462 499 0 exe 24314 26759 61981 resp 62444 0 pmu 1023696 37316 8266710 7441310 42701221
1790319539.354041 W 267 lat 462 462 648 0 exe 23944 30074 133166 resp 133685 19 pmu 1023586 70918 8262573 6643728 48012930
1790319540.394020 W 268 lat 462 462 518 0 exe 24092 26814 54314 resp 54814 0 pmu 1023717 37600 8261049 7371458 42726831
1790319541.434054 W 269 lat 462 462 833 0 exe 24518 29648 131870 resp 132703 19 pmu 1023605 66746 8258547 6566469 47348296
1790319542.370018 W 270 lat 462 462 518 0 exe 23907 27425 60425 resp 60888 0 pmu 1023677 43895 8266776 7361831 43678747
1790319543.410046 W 271 lat 462 462 814 0 exe 24185 30185 139259 resp 140074 19 pmu 1023638 72262 8266711 6629753 48158706
1790319544.346018 W 272 lat 462 462 499 0 exe 23981 26740 58203 resp 58666 0 pmu 1023620 36742 8261863 7436417 42645432
1790319545.386046 W 273 lat 462 462 796 0 exe 24092 29388 132981 resp 133499 19 pmu 1023609 64003 8265759 6604250 46906167
1790319546.426020 W 274 lat 462 462 518 0 exe 24166 26870 60481 resp 60962 0 pmu 1023704 38253 8266575 7367657 42808650
1790319547.362049 W 275 lat 462 462 759 0 exe 23703 30037 133222 resp 133981 19 pmu 1023595 70671 8263207 6628817 47975003
1790319548.402020 W 276 lat 462 462 518 0 exe 24074 27351 59796 resp 60296 0 pmu 1023673 42997 8265236 7372403 43543770
1790319549.338045 W 277 lat 462 462 777 0 exe 24277 29833 133388 resp 134166 19 pmu 1023538 68499 8264655 6624096 47616308
1790319550.378017 W 278 lat 462 462 499 0 exe 23796 26925 53796 resp 54259 0 pmu 1023691 38743 8264921 7376231 42876305
1790319551.418047 W 279 lat 462 462 592 0 exe 24277 30055 136796 resp 137314 19 pmu 1023628 70824 8263175 6560319 47884905
1790319552.354020 W 280 lat 370 462 518 0 exe 20870 27018 68259 resp 68740 0 pmu 1023631 43764 8265712 7409093 43791679
1790319553.394045 W 281 lat 462 462 851 0 exe 24037 29537 129277 resp 129907 18 pmu 1023449 65442 8264967 6690338 47198840
1790319554.434017 W 282 lat 462 462 666 0 exe 23981 27037 57666 resp 58129 0 pmu 1023726 39827 8266553 7331952 43038372
1790319555.370049 W 283 lat 462 462 611 0 exe 24148 30185 135074 resp 135592 18 pmu 1023598 71892 8266174 6601317 48123396
1790319556.410021 W 284 lat 462 462 518 0 exe 24388 27407 62499 resp 62999 0 pmu 1023691 43425 8263723 7391833 43644323
1790319557.346047 W 285 lat 462 462 611 0 exe 24296 30111 130814 resp 131314 19 pmu 1023539 71202 8264098 6652884 48063124
1790319558.386014 W 286 lat 462 462 499 0 exe 23851 27999 83092 resp 83592 0 pmu 1023662 49550 8264348 7349364 44548759
1790319559.426050 W 287 lat 462 462 611 0 exe 24148 30203 131685 resp 132240 18 pmu 1023536 72071 8262435 6859047 48374371
1790319560.362026 W 288 lat 462 462 518 0 exe 24407 27296 67351 resp 67851 0 pmu 1023707 42613 8263358 7358181 43479426
1790319561.402047 W 289 lat 462 462 611 0 exe 23888 29666 143444 resp 143907 18 pmu 1023610 66742 8265113 6700955 47415131
1790319562.338022 W 290 lat 462 462 499 0 exe 24277 27203 58574 resp 59074 0 pmu 1023636 41299 8260552 7471389 43384147
1790319563.378046 W 291 lat 462 462 611 0 exe 24092 29759 140537 resp 141018 19 pmu 1023575 67546 8262741 6611969 47479873
1790319564.418023 W 292 lat 462 462 499 0 exe 24351 27203 52222 resp 52703 0 pmu 1023735 41611 8262530 7444008 43383037
1790319565.354049 W 293 lat 462 462 611 0 exe 24037 29518 136185 resp 136685 19 pmu 1023616 65303 8264148 6548523 47143060
1790319566.394022 W 294 lat 462 462 518 0 exe 24166 26981 59370 resp 59870 0 pmu 1023702 39337 8263416 7398978 42990662
1790319567.334054 W 295 lat 462 462 592 0 exe 24388 30129 132907 resp 133388 19 pmu 1023562 71675 8261022 6618402 48109564
1790319568.374026 W 296 lat 388 462 499 0 exe 20703 26796 57944 resp 58425 0 pmu 1023611 43096 8260737 7370785 43698151
1790319569.414045 W 297 lat 462 462 796 0 exe 24481 29666 129703 resp 130185 19 pmu 1023590 66545 8261454 6585352 47294845
1790319570.350025 W 298 lat 462 462 518 0 exe 24296 27037 55092 resp 55555 0 pmu 1023603 40029 8265512 7338085 43041411
1790319571.390052 W 299 lat 462 462 703 0 exe 24185 29944 136148 resp 136648 19 pmu 1023620 69372 8265022 6576153 47742333
1790319572.430022 W 300 lat 462 462 499 0 exe 24092 26870 53185 resp 53685 0 pmu 1023761 38408 8267004 7402026 42830527
1790319573.366045 W 301 lat 462 462 777 0 exe 24074 29759 132759 resp 133259 18 pmu 1023635 67889 8264917 6555290 47463877
1790319574.406023 W 302 lat 462 462 537 0 exe 24370 26888 53944 resp 54444 0 pmu 1023691 38409 8261305 7367205 42843690
1790319575.342054 W 303 lat 462 462 592 0 exe 23981 29722 134629 resp 135111 19 pmu 1023562 67409 8261246 6564632 47402883
1790319576.382038 W 304 lat 462 462 499 0 exe 24296 26888 57685 resp 58148 0 pmu 1023620 38465 8266660 7383977 42829284
1790319577.422063 W 305 lat 462 462 999 0 exe 24111 29499 136574 resp 137111 18 pmu 1023614 65291 8266143 6601437 47111671
1790319578.358027 W 306 lat 462 462 518 0 exe 24333 29944 132074 resp 132574 15 pmu 1023664 69432 8264321 7405314 47967677
1790319579.398051 W 307 lat 462 462 722 0 exe 24222 29999 135055 resp 135666 19 pmu 1023591 70126 8264384 7361178 48322940
1790319580.334018 W 308 lat 462 462 518 0 exe 24092 26888 54296 resp 54759 0 pmu 1023672 38583 8267017 7392174 42862314
1790319581.374051 W 309 lat 462 462 592 0 exe 24129 29999 136018 resp 136499 18 pmu 1023584 69893 8261219 6566561 47784807
1790319582.414019 W 310 lat 462 462 499 0 exe 24333 26907 57907 resp 58388 0 pmu 1023667 38370 8254924 7400112 42897339
1790319583.350055 W 311 lat 462 462 555 0 exe 24277 30277 131111 resp 131648 18 pmu 1023514 72704 8259864 6603956 48270833
1790319584.390019 W 312 lat 462 462 499 0 exe 24259 26907 54851 resp 55351 0 pmu 1023731 38535 8264415 7353151 42852903
1790319585.430044 W 313 lat 407 462 740 0 exe 21851 29259 131944 resp 132462 18 pmu 1023580 68905 8264559 6573108 47790325
1790319586.366020 W 314 lat 462 462 518 0 exe 24388 26962 57518 resp 57999 0 pmu 1023640 38796 8262676 7344799 42922780
1790319587.406052 W 315 lat 462 462 833 0 exe 24296 29592 134851 resp 135351 18 pmu 1023548 65881 8260233 6600850 47229485
1790319588.342022 W 316 lat 462 462 518 0 exe 24277 27111 55296 resp 55777 0 pmu 1023737 40537 8268344 7388389 43170794
1790319589.382050 W 317 lat 462 462 629 0 exe 24499 30055 135388 resp 135925 18 pmu 1023513 70218 8264863 6578822 47915548
1790319590.422016 W 318 lat 462 462 518 0 exe 24037 26962 53277 resp 53777 0 pmu 1023615 38708 8258752 7396340 42961926
1790319591.358056 W 319 lat 462 462 611 0 exe 24129 29574 129018 resp 129537 18 pmu 1023567 66057 8261825 6556749 47224229
1790319592.398016 W 320 lat 462 462 499 0 exe 24296 27148 60425 resp 60907 0 pmu 1023615 40757 8264669 7328246 43208530
1790319593.334064 W 321 lat 462 462 722 0 exe 24166 29870 130240 resp 130925 18 pmu 1023595 68939 8266568 6630122 47721183
1790319594.374019 W 322 lat 462 462 518 0 exe 24314 27092 63351 resp 63833 0 pmu 1023722 40495 8266899 7343391 43144264
1790319595.414050 W 323 lat 462 462 666 0 exe 24111 29962 128537 resp 129037 19 pmu 1023672 70138 8266362 6659274 47929584
1790319596.350019 W 324 lat 462 462 518 0 exe 24129 27074 58277 resp 58740 0 pmu 1023686 40173 8265383 7325525 43101287
1790319597.390053 W 325 lat 462 462 759 0 exe 24259 29462 142777 resp 143388 18 pmu 1023626 64643 8267346 6607449 47055856
1790319598.430027 W 326 lat 462 462 518 0 exe 24129 27685 63185 resp 63648 0 pmu 1023611 46176 8257996 7467233 44131317
1790319599.366055 W 327 lat 462 462 629 0 exe 23962 29462 140499 resp 140981 19 pmu 1023590 64543 8257321 6659694 47097118
1790319600.406017 W 328 lat 462 462 499 0 exe 24203 27148 58592 resp 59074 0 pmu 1023637 40947 8262793 7441553 43284279
1790319601.342067 W 329 lat 388 444 611 0 exe 20277 29111 135555 resp 136074 19 pmu 1023588 69656 8266320 6611430 47963588
1790319602.382018 W 330 lat 462 462 592 0 exe 24240 27537 63185 resp 63666 0 pmu 1023724 45025 8264409 7371542 43851272
1790319603.422051 W 331 lat 462 462 629 0 exe 24407 29814 133703 resp 134203 19 pmu 1023629 68291 8262296 6659879 47617043
1790319604.358023 W 332 lat 462 462 518 0 exe 24185 27444 59425 resp 59925 0 pmu 1023700 44017 8258960 7377654 43703140
1790319605.402055 W 333 lat 462 462 648 0 exe 24203 29277 131351 resp 131851 19 pmu 1023597 62889 8258218 6621216 46797806
1790319606.338025 W 334 lat 462 462 518 0 exe 24092 27611 60148 resp 60629 0 pmu 1023715 45656 8267200 7350514 43948820
1790319607.378080 W 335 lat 462 462 555 0 exe 24129 29351 133703 resp 134203 18 pmu 1023621 63732 8262816 6628641 46892472
1790319608.418023 W 336 lat 462 462 518 0 exe 24314 27814 63611 resp 64074 0 pmu 1023725 47632 8266003 7373533 44260143
1790319609.358053 W 337 lat 462 462 796 0 exe 24518 29111 131925 resp 132444 18 pmu 1023600 61480 8266987 6665399 46565738
1790319610.398021 W 338 lat 462 462 518 0 exe 24425 27518 60759 resp 61222 0 pmu 1023737 44863 8261441 7357877 43804211
1790319611.338056 W 339 lat 462 462 740 0 exe 23999 28814 132074 resp 132537 19 pmu 1023626 58030 8261314 6635998 46076287
1790319612.378023 W 340 lat 462 462 518 0 exe 23907 27462 78111 resp 78611 0 pmu 1023714 44575 8265168 7354702 43781173
1790319613.418066 W 341 lat 462 462 592 0 exe 23814 27944 136074 resp 136555 18 pmu 1023528 49177 8257982 6806825 44898230
1790319614.354019 W 342 lat 462 462 499 0 exe 23944 27907 86314 resp 86777 0 pmu 1023577 48630 8261067 7388774 44419929
1790319615.394067 W 343 lat 462 462 555 0 exe 24166 27537 139592 resp 140092 11 pmu 1023617 44874 8264119 6891136 44267067
1790319616.434023 W 344 lat 462 462 499 0 exe 24370 28685 113333 resp 113796 7 pmu 1023635 57155 8264393 7423619 45649029
1790319617.370035 W 345 lat 462 462 518 0 exe 24111 26722 124314 resp 124814 2 pmu 1023637 36476 8261689 7167329 42688899
1790319618.410039 W 346 lat 351 462 648 0 exe 20055 29925 137296 resp 137759 16 pmu 1023627 75955 8258407 7266284 48963953
1790319619.346067 W 347 lat 462 462 518 0 exe 24333 27185 53574 resp 54055 0 pmu 1023612 41329 8261140 7391901 43302421
1790319620.386040 W 348 lat 462 462 574 0 exe 24203 29592 145870 resp 146351 19 pmu 1023663 66129 8265604 6561947 47271167
1790319621.426058 W 349 lat 462 462 518 0 exe 23740 26314 58388 resp 58870 0 pmu 1023603 32934 8265100 7496867 42065073
1790319622.362025 W 350 lat 462 462 537 0 exe 24277 29666 132333 resp 132851 18 pmu 1023595 66944 8259195 6602867 47395358
1790319623.402054 W 351 lat 462 462 518 0 exe 24240 26666 47888 resp 48351 0 pmu 1023691 36068 8263840 7362316 42469056
1790319624.338029 W 352 lat 462 462 666 0 exe 24703 30444 130833 resp 131481 18 pmu 1023593 74770 8260591 6502046 48542519
1790319625.378071 W 353 lat 462 462 518 0 exe 24018 26444 51648 resp 52129 0 pmu 1023654 33749 8261607 7354379 42145481
1790319626.418029 W 354 lat 462 462 537 0 exe 24462 29685 131407 resp 131907 18 pmu 1023671 66869 8264791 6537512 47366702
1790319627.354025 W 355 lat 462 462 499 0 exe 24166 26685 50425 resp 50925 0 pmu 1023657 36594 8263644 7353958 42563211
1790319628.394049 W 356 lat 462 462 592 0 exe 24166 29611 130018 resp 130537 18 pmu 1023444 66012 8260564 6527358 47215631
1790319629.434053 W 357 lat 462 462 518 0 exe 24277 26907 57370 resp 57851 0 pmu 1023576 38504 8260912 7338385 42851825
1790319630.370025 W 358 lat 462 462 666 0 exe 24481 29962 131999 resp 132666 19 pmu 1023582 69766 8264003 6598470 47831680
1790319631.410091 W 359 lat 462 462 499 0 exe 23685 26666 47351 resp 47814 0 pmu 1023767 36338 8264384 7362805 42512082
1790319632.346029 W 360 lat 462 462 648 0 exe 24333 29722 129203 resp 129703 19 pmu 1023638 67447 8263702 6493944 47388954
1790319633.386017 W 361 lat 462 462 499 0 exe 23740 26518 49925 resp 50425 0 pmu 1023718 34710 8262040 7331948 42239952
1790319634.426049 W 362 lat 370 462 611 0 exe 21185 30999 135907 resp 136388 17 pmu 1023544 84543 8260934 6519241 50069050
1790319635.362027 W 363 lat 462 462 499 0 exe 24166 27240 58629 resp 59111 0 pmu 1023563 41639 8257380 7388738 43413447
1790319636.402045 W 364 lat 462 462 611 0 exe 24351 29722 130685 resp 131166 18 pmu 1023569 67213 8257770 6612045 47474977
1790319637.338020 W 365 lat 462 462 499 0 exe 24129 26629 55962 resp 56425 0 pmu 1023721 35906 8267348 7346594 42420416
1790319638.378048 W 366 lat 462 462 666 0 exe 24685 31370 136759 resp 137351 25 pmu 1023556 84633 8263666 6582071 50138540
1790319639.422275 W 367 lat 462 462 537 0 exe 24425 27851 62888 resp 63370 0 pmu 1023697 48219 8258877 7418128 44374488
1790319640.370271 W 368 lat 314 2925 10296 0 exe 25425 382592 544796 resp 549351 970 pmu 1024576 997273 8318157 6662113 945788197
1790319641.422104 W 369 lat 333 2703 9685 0 exe 101240 419814 557037 resp 560777 1000 pmu 1022614 1024258 8274848 13341223 1072062689
1790319642.366241 W 370 lat 314 3333 19259 0 exe 101388 427851 559351 resp 564037 1000 pmu 1023786 1029556 8306777 14020521 1109332247
1790319643.414390 W 371 lat 314 2703 9666 0 exe 100796 407222 547925 resp 551870 1000 pmu 1023008 1023521 8287467 14140316 1041698154
1790319644.362292 W 372 lat 314 3203 8166 0 exe 101111 431092 553388 resp 560296 1000 pmu 1023686 1027960 8302349 13864969 1113890063
1790319645.414321 W 373 lat 314 3499 10851 0 exe 99962 460296 558037 resp 563277 1000 pmu 1023442 1028817 8305894 14050318 1183951831
1790319646.358176 W 374 lat 314 3703 8240 0 exe 101648 452796 574777 resp 577537 1000 pmu 1024770 1031125 8319889 14243755 1171830953
1790319647.406197 W 375 lat 314 3555 8555 0 exe 101462 448314 550592 resp 554592 1000 pmu 1024514 1029539 8300375 14357815 1159513120
1790319648.358317 W 376 lat 499 3481 9629 0 exe 100981 457462 574407 resp 577814 1000 pmu 1024493 1028670 8315784 14099476 1176084973
1790319649.410352 W 377 lat 314 3537 9444 0 exe 100444 443740 559037 resp 564129 1000 pmu 1023850 1029696 8305198 14384089 1150716158
1790319650.362258 W 378 lat 351 3685 8666 0 exe 100814 470611 569574 resp 574962 1000 pmu 1025065 1030364 8326655 14165775 1213719876
1790319651.418339 W 379 lat 333 3166 9129 0 exe 101611 431685 569537 resp 573907 1000 pmu 1023385 1027910 8296896 14406061 1112083660
1790319652.362328 W 380 lat 333 3185 8925 0 exe 101499 430407 560351 resp 564314 1000 pmu 1024000 1027517 8296294 14209433 1110708389
1790319653.418101 W 381 lat 351 3092 8870 0 exe 101240 433555 559499 resp 564277 1000 pmu 1023279 1025334 8295430 14107480 1113995884
1790319654.362287 W 382 lat 314 3129 9444 0 exe 101111 413333 568074 resp 571370 1000 pmu 1023492 1027010 8304388 14116965 1070793165
1790319655.418329 W 383 lat 314 3277 9370 0 exe 101148 453499 563537 resp 567296 1000 pmu 1022916 1026115 8290473 14096300 1165631733
1790319656.366435 W 384 lat 370 4055 8999 0 exe 100907 472592 568351 resp 573148 1000 pmu 1025393 1032242 8332857 14254822 1222854912
1790319657.418364 W 385 lat 592 4185 9407 0 exe 101851 480407 565481 resp 569222 1000 pmu 1026417 1032933 8333104 14404657 1242931597
1790319658.370322 W 386 lat 611 4370 9314 0 exe 105388 497499 564703 resp 572222 1000 pmu 1027029 1034439 8353734 14418243 1283781265
1790319659.426257 W 387 lat 314 3944 8666 0 exe 100037 481333 570814 resp 575796 1000 pmu 1025227 1031657 8323813 14533136 1242155259
1790319660.374303 W 388 lat 333 3999 8648 0 exe 101888 483592 563592 resp 567685 1000 pmu 1025019 1032418 8323195 14467165 1248699833
1790319661.426311 W 389 lat 462 3925 9055 0 exe 100999 480518 568425 resp 574999 1000 pmu 1025086 1032392 8324816 14411377 1240506751
1790319662.366163 W 390 lat 537 4111 10796 0 exe 101851 480685 572055 resp 576666 1000 pmu 1026617 1033461 8340393 14454496 1244043551
1790319663.422288 W 391 lat 333 3648 8962 0 exe 101277 462962 563074 resp 568148 1000 pmu 1024086 1030758 8301890 14496108 1198236599
1790319664.370067 W 392 lat 314 3111 8925 0 exe 101648 444351 558074 resp 563259 1000 pmu 1023736 1025574 8302399 14304609 1138991510
1790319665.418232 W 393 lat 314 3055 8185 0 exe 101370 404814 575999 resp 579759 1000 pmu 1023569 1028328 8299502 14160920 1050043033
1790319666.370376 W 394 lat 314 2759 9074 0 exe 101092 414611 556777 resp 559074 1000 pmu 1022884 1022716 8285274 14129970 1063811534
1790319667.418276 W 395 lat 333 2611 9018 0 exe 98851 398166 557425 resp 561037 999 pmu 1022777 1023507 8275493 13981080 1023114406
1790319668.362170 W 396 lat 314 3314 8425 0 exe 101388 447703 567185 resp 569888 1000 pmu 1023065 1026103 8294074 13899813 1153762675
1790319669.406190 W 397 lat 333 3222 9203 0 exe 101333 422296 569574 resp 572759 1000 pmu 1024144 1029149 8307161 14253730 1095062916
1790319670.354283 W 398 lat 351 3240 9092 0 exe 101777 443685 561222 resp 565370 1000 pmu 1023603 1024570 8301968 14156179 1139825586
1790319671.402403 W 399 lat 333 3759 9055 0 exe 100722 456222 568074 resp 572666 1000 pmu 1024561 1032271 8319208 14186258 1182373565
1790319672.354332 W 400 lat 537 4129 9129 0 exe 102870 480055 561333 resp 567314 1000 pmu 1026064 1033815 8338775 14316778 1240148610
1790319673.414165 W 401 lat 333 3648 9296 0 exe 101407 469259 561629 resp 567111 1000 pmu 1023940 1029501 8303961 14389332 1208493211
1790319674.362313 W 402 lat 314 3851 8944 0 exe 101370 470277 562148 resp 565648 1000 pmu 1024534 1031890 8318583 14325876 1216105663
1790319675.414370 W 403 lat 314 3685 10277 0 exe 100629 458037 567333 resp 570722 1000 pmu 1023803 1030453 8301729 14325282 1183924586
1790319676.362286 W 404 lat 333 3277 8537 0 exe 101074 440351 569722 resp 572481 1000 pmu 1024140 1027081 8303080 14317532 1136613699
1790319677.418161 W 405 lat 351 3314 7240 0 exe 101055 460796 570981 resp 575240 1000 pmu 1023031 1026940 8300735 14241339 1184242278
1790319678.362316 W 406 lat 314 3499 8870 0 exe 101851 444129 561870 resp 566314 1000 pmu 1023778 1030988 8315602 14357262 1152373011
1790319679.412605 W 407 lat 314 3240 9129 0 exe 101370 451277 566129 resp 569944 1000 pmu 1023909 1027584 8301655 14196733 1159427072
1790319680.358262 W 408 lat 499 3592 8277 0 exe 100870 444499 564999 resp 570185 1000 pmu 1024421 1030551 8316434 14269587 1152720124
1790319681.402345 W 409 lat 462 3777 8240 0 exe 100537 463240 574185 resp 579277 1000 pmu 1025453 1032412 8328005 14227139 1197149399
1790319682.350123 W 410 lat 537 3648 8907 0 exe 101574 466407 562574 resp 567944 1000 pmu 1024755 1029429 8303652 14411179 1200055243
1790319683.398228 W 411 lat 296 3425 9851 0 exe 76333 438944 557425 resp 560685 971 pmu 1024830 1018486 8312166 14320467 1131951018
1790319684.354279 W 412 lat 314 3611 9222 0 exe 101685 444333 562740 resp 566185 1000 pmu 1024546 1030028 8320249 13997362 1150964967
1790319685.402301 W 413 lat 333 3592 8944 0 exe 101648 461796 575351 resp 579518 1000 pmu 1024220 1029805 8309760 14202971 1191683705
1790319686.354262 W 414 lat 351 3555 8481 0 exe 100611 462518 563907 resp 566888 1000 pmu 1023608 1030609 8309771 14418465 1192565119
1790319687.418301 W 415 lat 314 3703 9111 0 exe 101814 447166 559166 resp 564240 1000 pmu 1024481 1029985 8311450 14294071 1159866609
1790319688.362347 W 416 lat 333 3462 8462 0 exe 101703 454333 569407 resp 574611 1000 pmu 1024282 1027470 8304692 14190023 1166836479
1790319689.414263 W 417 lat 314 3518 8999 0 exe 101370 445388 569277 resp 572814 1000 pmu 1024559 1030181 8326324 14324080 1153106680
1790319690.362361 W 418 lat 481 3611 8555 0 exe 101259 456259 570259 resp 574611 1000 pmu 1024752 1031156 8323526 14270869 1180846283
1790319691.410129 W 419 lat 462 3777 8296 0 exe 100277 472925 575962 resp 581666 1000 pmu 1024986 1031017 8311305 14337700 1219576516
1790319692.350245 W 420 lat 370 3611 8425 0 exe 101648 466555 563814 resp 567351 1000 pmu 1024586 1029705 8318946 14479548 1199698276
1790319693.394232 W 421 lat 499 4074 8944 0 exe 101814 477055 570388 resp 573740 1000 pmu 1026887 1034623 8362062 14321555 1233567373
1790319694.346142 W 422 lat 314 3722 8203 0 exe 102037 459314 565666 resp 569537 1000 pmu 1024893 1031458 8314949 14445190 1191226108
1790319695.402292 W 423 lat 370 3444 9555 0 exe 101462 456333 566222 resp 571722 1000 pmu 1024568 1029029 8311075 14306472 1172600871
1790319696.354228 W 424 lat 425 3611 8833 0 exe 101648 448777 566981 resp 570518 1000 pmu 1024512 1030586 8330189 14308055 1163633398
1790319697.410306 W 425 lat 518 3666 9740 0 exe 102240 450777 567481 resp 571444 1000 pmu 1024719 1030365 8313231 14266490 1167262316
1790319698.354318 W 426 lat 370 3277 8944 0 exe 101277 450925 562185 resp 565759 1000 pmu 1023375 1028457 8300115 14291923 1159392582
1790319699.406039 W 427 lat 314 3037 8611 0 exe 101592 415185 561833 resp 564981 1000 pmu 1023405 1026230 8309698 14226316 1072654680
1790319700.341990 W 428 lat 296 481 8092 0 exe 16592 45907 539444 resp 543351 58 pmu 1023724 114671 8257528 14037446 125780521
1790319701.382008 W 429 lat 277 296 462 0 exe 16685 21981 113703 resp 114166 7 pmu 1023606 68220 8267752 11530208 58709197
1790319702.426300 W 430 lat 296 3370 7407 0 exe 17370 373629 609055 resp 615777 943 pmu 1031583 965352 8432406 7099934 962693008
1790319703.362305 W 431 lat 1722 3592 7370 0 exe 260314 393777 477333 resp 481111 1000 pmu 1033399 1029190 8454955 13897159 1020847775
1790319704.406273 W 432 lat 1240 3611 8037 0 exe 353259 396037 470925 resp 476703 1000 pmu 1033324 1030798 8460106 13888830 1026102336
1790319705.350279 W 433 lat 592 3537 6611 0 exe 272796 390148 466888 resp 470333 1000 pmu 1032978 1022001 8453843 14311591 1012686952
1790319706.394280 W 434 lat 1611 3499 6222 0 exe 323185 394999 468203 resp 473333 1000 pmu 1033280 1028701 8450520 13817098 1023471178
1790319707.338262 W 435 lat 1537 3462 7185 0 exe 296166 394999 472240 resp 476666 1000 pmu 1033298 1031768 8448071 14117791 1024085129
1790319708.394287 W 436 lat 1888 3444 6259 0 exe 342592 395944 462555 resp 466055 1000 pmu 1033174 1032461 8447021 14024004 1026064568
1790319709.342186 W 437 lat 1333 3425 6574 0 exe 276944 391314 471074 resp 476037 1000 pmu 1033124 1027890 8451902 14156228 1014927165
1790319710.390309 W 438 lat 1833 3499 6222 0 exe 337944 395351 456796 resp 461814 1000 pmu 1033271 1029967 8458510 13896124 1024425692
1790319711.342275 W 439 lat 1055 3537 7814 0 exe 303740 393092 459240 resp 465185 1000 pmu 1033261 1027481 8466249 14080004 1019311869
1790319712.402285 W 440 lat 1444 3499 6240 0 exe 277907 392703 463518 resp 466796 1000 pmu 1033035 1024977 8460192 13930806 1017809148
1790319713.370309 W 441 lat 907 3592 7185 0 exe 297851 391907 462759 resp 466370 1000 pmu 1033308 1025123 8456358 13823170 1016448801
1790319714.426270 W 442 lat 537 3351 9685 0 exe 337814 393962 461925 resp 465611 1000 pmu 1033495 1027146 8467441 13915443 1020986889
1790319715.362283 W 443 lat 574 2851 6055 0 exe 322555 390388 483111 resp 484148 1000 pmu 1033334 1027048 8470246 14127105 1012633798
1790319716.422294 W 444 lat 499 2962 6592 0 exe 288425 385055 454870 resp 459685 1000 pmu 1032852 1027790 8451012 14210888 999423694
1790319717.358267 W 445 lat 1240 3611 7222 0 exe 277740 386759 455092 resp 459018 1000 pmu 1033295 1026767 8464934 13753000 1004166463
1790319718.398270 W 446 lat 1833 3611 7962 0 exe 313962 390166 460999 resp 464925 1000 pmu 1033394 1033830 8464534 13716035 1011853046
1790319719.338293 W 447 lat 1555 3574 7222 0 exe 270351 387944 470870 resp 474037 1000 pmu 1033141 1034839 8465121 13979924 1007233012
1790319720.402271 W 448 lat 1648 3648 7537 0 exe 282259 387462 450148 resp 454518 1000 pmu 1033151 1025803 8466056 13840377 1005533660
1790319721.358277 W 449 lat 1555 3574 7203 0 exe 289981 386666 491574 resp 497944 1000 pmu 1033149 1025131 8463982 13698725 1004084334
1790319722.406285 W 450 lat 1925 3537 6444 0 exe 324796 389444 473055 resp 476759 1000 pmu 1033261 1030870 8466669 14155180 1010717397
1790319723.346233 W 451 lat 1296 3481 6814 0 exe 282574 386537 465203 resp 469759 1000 pmu 1032977 1024439 8459577 14142538 1003935486
1790319724.390283 W 452 lat 1333 3574 6370 0 exe 280666 388277 460981 resp 463685 1000 pmu 1033245 1025936 8471614 13841089 1007678996
1790319725.342299 W 453 lat 1814 3574 7018 0 exe 262981 387481 470296 resp 474185 1000 pmu 1033160 1026793 8455771 13787168 1005798038
1790319726.386255 W 454 lat 1444 3499 6944 0 exe 293018 387574 471499 resp 475388 1000 pmu 1033199 1029082 8470578 13799451 1005899734
1790319727.426263 W 455 lat 1629 3537 6981 0 exe 267851 387629 464925 resp 469685 1000 pmu 1033171 1025016 8458747 13959589 1006063445
1790319728.366274 W 456 lat 1037 3574 7185 0 exe 280777 387666 450351 resp 453851 1000 pmu 1033280 1030915 8463867 13773988 1006293347
1790319729.410231 W 457 lat 1851 3611 6907 0 exe 320444 388999 456833 resp 463185 1000 pmu 1033187 1027877 8460990 13684987 1008962856
1790319730.350284 W 458 lat 1259 3555 6555 0 exe 279685 386185 455999 resp 461240 1000 pmu 1033211 1027970 8461919 13971895 1002801570
1790319731.390257 W 459 lat 1222 3685 6888 0 exe 303222 387425 449333 resp 453611 1000 pmu 1033230 1024463 8464389 13735075 1005502524
1790319732.430269 W 460 lat 1444 3574 6462 0 exe 251259 382055 462407 resp 465962 1000 pmu 1033039 1021792 8460043 13789493 992641857
1790319733.370261 W 461 lat 1277 3722 8055 0 exe 272314 386462 462999 resp 467370 1000 pmu 1033310 1021702 8456820 13628442 1003105773
1790319734.414259 W 462 lat 1425 3537 8037 0 exe 256925 387296 458814 resp 463037 1000 pmu 1033160 1030359 8464145 13773572 1005412298
1790319735.354300 W 463 lat 1425 3537 6259 0 exe 298055 389111 453092 resp 457666 1000 pmu 1033322 1029732 8473751 13658014 1009574499
1790319736.394274 W 464 lat 1592 3444 6851 0 exe 274685 388944 462888 resp 467962 1000 pmu 1033373 1033188 8465583 13808434 1009666685
1790319737.434275 W 465 lat 1370 3518 7592 0 exe 273944 389388 476481 resp 481018 1000 pmu 1033180 1030427 8465101 13794579 1010290003
1790319738.390266 W 466 lat 1296 3537 6833 0 exe 228055 386666 471388 resp 477999 1000 pmu 1033058 1030602 8453744 13929076 1003992433
1790319739.434249 W 467 lat 944 3481 6981 0 exe 306833 388777 467981 resp 471629 1000 pmu 1033151 1032577 8462520 13641631 1008692383
1790319740.370273 W 468 lat 1425 3518 8129 0 exe 289518 387703 462240 resp 466166 1000 pmu 1033513 1033284 8471362 13995832 1006489250
1790319741.414263 W 469 lat 1462 3481 6962 0 exe 291703 387555 476777 resp 480499 1000 pmu 1033165 1031683 8464241 13856094 1006026252
1790319742.350287 W 470 lat 1537 3537 7222 0 exe 308592 388370 454444 resp 459185 1000 pmu 1033431 1034259 8464295 14004888 1008014338
1790319743.390279 W 471 lat 1481 3537 7574 0 exe 255611 387722 460277 resp 466629 1000 pmu 1033245 1025929 8468530 13876969 1006032228
1790319744.342272 W 472 lat 1740 3462 6185 0 exe 298148 386999 453592 resp 458129 1000 pmu 1033206 1029378 8459441 13676901 1004629208
1790319745.382270 W 473 lat 944 3574 7722 0 exe 298925 386685 458685 resp 462370 1000 pmu 1033281 1024952 8457569 13803913 1003602083
1790319746.442243 W 474 lat 1444 3592 6740 0 exe 282962 385388 470796 resp 476296 1000 pmu 1033038 1027087 8456085 13857184 1000449013
1790319747.382270 W 475 lat 1648 3648 7648 0 exe 310148 388518 456814 resp 460629 1000 pmu 1033225 1030129 8462307 13898722 1008244405
1790319748.430266 W 476 lat 1185 3574 7129 0 exe 267055 385944 451981 resp 456851 1000 pmu 1033085 1026176 8458218 13907787 1002521718
1790319749.366272 W 477 lat 1370 3537 7259 0 exe 289425 387537 467592 resp 470925 1000 pmu 1032972 1032276 8455291 13631291 1005477127
1790319750.406284 W 478 lat 1240 3499 6666 0 exe 283074 388296 454592 resp 458462 1000 pmu 1033125 1033231 8455834 13901063 1007933280
1790319751.342280 W 479 lat 1648 3499 7481 0 exe 325666 389611 464185 resp 467111 1000 pmu 1033221 1032023 8450036 13741736 1010496879
1790319752.386271 W 480 lat 1203 3388 6722 0 exe 265740 385962 467944 resp 472611 1000 pmu 1033029 1031421 8443011 14058631 1002049520
1790319753.426326 W 481 lat 1666 3481 6740 0 exe 319666 389759 469981 resp 475055 1000 pmu 1033185 1032507 8460508 13780260 1011318567
1790319754.362267 W 482 lat 1296 3444 6462 0 exe 286981 387555 464925 resp 469055 1000 pmu 1033239 1033981 8454910 14094409 1006129187
1790319755.414297 W 483 lat 1296 3462 7555 0 exe 321574 388055 466629 resp 471462 1000 pmu 1033052 1033244 8449588 13861191 1006655523
1790319756.354286 W 484 lat 1740 3499 6296 0 exe 294370 388259 461370 resp 466240 1000 pmu 1033369 1034423 8462190 14062817 1007958752
1790319757.402270 W 485 lat 1462 3518 6037 0 exe 307722 388259 444037 resp 447370 1000 pmu 1033219 1031684 8466242 13871500 1007592617
1790319758.338275 W 486 lat 1333 3499 6888 0 exe 289814 388037 468499 resp 472518 1000 pmu 1033396 1034253 8463743 13754638 1007278525
1790319759.382301 W 487 lat 944 3481 6944 0 exe 303462 387129 464814 resp 469259 1000 pmu 1032948 1030279 8449321 13915716 1004420569
1790319760.426272 W 488 lat 1611 3592 6685 0 exe 302148 388574 472074 resp 477592 1000 pmu 1033277 1034328 8454967 13942724 1008390622
1790319761.362245 W 489 lat 1314 3537 6981 0 exe 271037 388370 461277 resp 465222 1000 pmu 1033229 1031756 8462728 14024083 1007651535
1790319762.406012 W 490 lat 296 611 6425 0 exe 16944 58870 459018 resp 462370 110 pmu 1024511 194262 8273645 13748700 155242039
1790319763.341979 W 491 lat 277 296 370 0 exe 17037 19777 56870 resp 57185 0 pmu 1023697 43248 8266232 10781984 52219794
1790319764.414008 W 492 lat 296 296 777 0 exe 17611 26129 273907 resp 274333 23 pmu 1023477 110700 8261112 6518418 66686574
1790319765.373985 W 493 lat 296 296 333 0 exe 17092 19944 48351 resp 48666 0 pmu 1023639 44500 8255193 8726101 51355187
1790319766.346004 W 494 lat 296 296 537 0 exe 17259 22611 123185 resp 123722 8 pmu 1023558 75479 8252382 6434011 57194374
1790319767.393991 W 495 lat 296 296 333 0 exe 17388 20055 58314 resp 58629 0 pmu 1023677 45975 8253488 7198775 50724425
1790319768.346003 W 496 lat 296 296 518 0 exe 16814 22407 114129 resp 114444 6 pmu 1023599 73326 8255564 6535838 56752453
1790319769.401986 W 497 lat 296 296 351 0 exe 17203 19888 59055 resp 59351 0 pmu 1023686 43992 8253680 7103769 50278616
1790319770.346006 W 498 lat 296 296 537 0 exe 17444 22574 121777 resp 122259 10 pmu 1023599 75122 8255459 6541417 57230350
1790319771.401983 W 499 lat 296 296 333 0 exe 17185 19555 45296 resp 45592 0 pmu 1023624 40247 8255924 7185208 49503316
1790319772.354002 W 500 lat 296 296 999 0 exe 17333 23203 117814 resp 118814 6 pmu 1023617 82941 8258180 6401927 58657172
1790319773.425982 W 501 lat 296 296 333 0 exe 17055 19574 44499 resp 44796 0 pmu 1023666 40409 8255524 7152905 49535500
1790319774.382003 W 502 lat 296 296 425 0 exe 16981 22333 112648 resp 112981 8 pmu 1023652 72339 8253804 6393394 56440440
1790319775.433983 W 503 lat 296 296 333 0 exe 17444 20148 44055 resp 44370 0 pmu 1023704 47046 8259033 7088894 50883707
1790319776.382001 W 504 lat 296 296 444 0 exe 17222 22296 112648 resp 112981 7 pmu 1023562 72166 8254896 6393751 56439917
1790319777.341981 W 505 lat 296 296 333 0 exe 17277 19499 45092 resp 45407 0 pmu 1023661 39484 8252228 7090173 49306412
1790319778.422002 W 506 lat 296 296 759 0 exe 17055 22962 110037 resp 110481 11 pmu 1023536 79904 8252653 6400110 58128066
1790319779.377980 W 507 lat 296 296 333 0 exe 17240 19962 45944 resp 46259 0 pmu 1023653 44967 8253336 7068506 50431396
1790319780.342002 W 508 lat 296 296 481 0 exe 16870 22203 121074 resp 121555 7 pmu 1023606 70871 8253185 6410864 56223800
1790319781.409983 W 509 lat 296 296 333 0 exe 17092 19888 46925 resp 47240 0 pmu 1023666 44089 8253896 7172893 50323343
1790319782.362000 W 510 lat 296 296 462 0 exe 17370 22537 122907 resp 123370 8 pmu 1023591 74752 8253618 6419517 57040985
1790319783.421984 W 511 lat 296 296 333 0 exe 17203 20037 44555 resp 44851 0 pmu 1023721 45407 8255216 7195396 50654556
1790319784.370001 W 512 lat 296 296 425 0 exe 17166 22518 117962 resp 118277 11 pmu 1023604 74477 8257862 6396978 57044030
1790319785.421981 W 513 lat 296 296 333 0 exe 17259 19537 46759 resp 47092 0 pmu 1023657 39779 8255844 7143992 49394122
1790319786.378001 W 514 lat 296 296 462 0 exe 17203 21944 114648 resp 115074 7 pmu 1023617 68073 8258014 6417180 55515833
1790319787.333983 W 515 lat 296 296 333 0 exe 17222 20203 45907 resp 46203 0 pmu 1023656 47868 8257221 7108723 51073867
1790319788.394000 W 516 lat 296 296 425 0 exe 17444 22611 114055 resp 114481 6 pmu 1023579 75587 8253133 6411399 57229985
1790319789.353984 W 517 lat 296 296 425 0 exe 16703 19833 46555 resp 46851 0 pmu 1023599 42790 8250536 7107273 50085260
1790319790.430002 W 518 lat 296 296 425 0 exe 17351 22555 117611 resp 117944 11 pmu 1023518 75279 8255306 6413948 57176471
1790319791.381984 W 519 lat 296 296 351 0 exe 17148 19740 42351 resp 42666 0 pmu 1023596 42181 8253128 7141674 49923344
1790319792.342000 W 520 lat 296 296 537 0 exe 17333 22259 111462 resp 111944 7 pmu 1023640 71507 8255925 6373345 56295803
1790319793.405986 W 521 lat 296 296 333 0 exe 17462 20074 60648 resp 60962 0 pmu 1023647 46069 8251794 7079841 50739500
1790319794.366000 W 522 lat 296 296 518 0 exe 17166 22370 114796 resp 115314 6 pmu 1023645 72920 8255049 6559466 56729274
1790319795.429983 W 523 lat 296 296 333 0 exe 17222 19851 44629 resp 44944 0 pmu 1023682 43306 8253550 7113051 50150558
1790319796.378002 W 524 lat 296 296 425 0 exe 17296 22407 120499 resp 120833 7 pmu 1023551 73218 8254624 6396862 56717375
1790319797.345979 W 525 lat 296 296 333 0 exe 17277 19648 45462 resp 45759 0 pmu 1023689 41091 8255109 7169520 49710363
1790319798.406002 W 526 lat 296 296 537 0 exe 17499 23796 126296 resp 126611 11 pmu 1023536 89027 8255844 6404568 60212657
1790319799.353983 W 527 lat 296 296 370 0 exe 17537 20370 60222 resp 60537 0 pmu 1023627 49635 8254624 7235969 51553285
1790319800.406000 W 528 lat 296 296 462 0 exe 17370 22314 112796 resp 113129 7 pmu 1023597 72025 8255455 6557366 56578260
1790319801.357983 W 529 lat 296 296 333 0 exe 17166 19629 46481 resp 46777 0 pmu 1023597 40549 8252222 7092631 49579810
1790319802.409999 W 530 lat 296 296 611 0 exe 17148 22240 124925 resp 125240 7 pmu 1023598 71296 8256691 6414116 56278619
1790319803.357983 W 531 lat 296 296 351 0 exe 17074 19814 43870 resp 44185 0 pmu 1023740 43286 8254361 7212933 50196788
1790319804.418004 W 532 lat 296 296 592 0 exe 17296 22444 122111 resp 122685 7 pmu 1023650 73713 8254319 6388513 56804228
1790319805.365982 W 533 lat 296 296 333 0 exe 17259 19666 45648 resp 45962 0 pmu 1023703 41361 8254394 7187754 49767103
1790319806.422003 W 534 lat 296 296 425 0 exe 17018 22592 117444 resp 117870 12 pmu 1023527 75260 8253669 6406577 57262204
1790319807.381985 W 535 lat 296 296 333 0 exe 17314 19851 45944 resp 46240 0 pmu 1023675 43530 8254977 7138966 50171448
1790319808.430003 W 536 lat 296 296 1388 0 exe 17166 22444 127907 resp 129296 8 pmu 1023534 73492 8251383 6410568 56821387
1790319809.373984 W 537 lat 296 296 333 0 exe 17148 19703 44518 resp 44833 0 pmu 1023677 41677 8258236 7253260 49914661
1790319810.430004 W 538 lat 296 296 462 0 exe 17259 22333 117722 resp 118037 7 pmu 1023606 72100 8257088 6394857 56481297
1790319811.385982 W 539 lat 296 296 333 0 exe 17203 19814 48962 resp 49277 0 pmu 1023622 43138 8254140 7141260 50090206
1790319812.338006 W 540 lat 296 296 444 0 exe 17259 22574 118537 resp 118944 9 pmu 1023534 75355 8255662 6439905 57187929
1790319813.405987 W 541 lat 296 296 351 0 exe 16962 19462 47370 resp 47685 0 pmu 1023600 39195 8255796 7151066 49263944
1790319814.358006 W 542 lat 296 296 388 0 exe 17166 22444 123999 resp 124314 7 pmu 1023610 73584 8252704 6421314 56801590
1790319815.413983 W 543 lat 296 296 333 0 exe 17351 19907 44055 resp 44370 0 pmu 1023638 44333 8253256 7203630 50389257
1790319816.362003 W 544 lat 296 296 425 0 exe 17166 22629 108925 resp 109240 9 pmu 1023586 75680 8253666 6392180 57310276
1790319817.429982 W 545 lat 296 296 351 0 exe 16907 19592 46648 resp 46962 0 pmu 1023640 40558 8255576 7054093 49499279
1790319818.386002 W 546 lat 296 296 499 0 exe 17259 22037 122148 resp 122462 7 pmu 1023557 68899 8251657 6414494 55796486
1790319819.337983 W 547 lat 296 296 351 0 exe 17574 20407 46740 resp 47055 0 pmu 1023701 49724 8253840 7184322 51581093
1790319820.390000 W 548 lat 296 296 425 0 exe 16851 22444 134518 resp 134833 8 pmu 1023594 73090 8253840 6422675 56800433
1790319821.341983 W 549 lat 296 296 333 0 exe 16981 19611 46148 resp 46462 0 pmu 1023631 40491 8252148 7307435 49657432
1790319822.402000 W 550 lat 296 296 444 0 exe 17222 22240 111074 resp 111388 7 pmu 1023597 71526 8255872 6409746 56312583
1790319823.349983 W 551 lat 296 296 351 0 exe 17351 20055 45370 resp 45666 0 pmu 1023693 46057 8257504 7073962 50652046
1790319824.390006 W 552 lat 296 296 518 0 exe 17111 24444 125907 resp 126333 8 pmu 1023520 96580 8261627 6406097 61957894
1790319825.429980 W 553 lat 296 296 333 0 exe 16777 19129 43222 resp 43537 0 pmu 1023579 35819 8266112 7233702 48530977
1790319826.370525 W 554 lat 296 3740 12814 0 exe 17444 446537 727037 resp 732259 869 pmu 1028137 908627 8367661 6379840 1139664535
1790319827.410571 W 555 lat 703 5907 13888 0 exe 255314 613740 734981 resp 740240 1000 pmu 1030786 1040136 8397828 15463441 1538991893
1790319828.350424 W 556 lat 999 5962 13759 0 exe 144814 614907 737777 resp 744240 1000 pmu 1030646 1036402 8389736 17586526 1542593079
1790319829.390611 W 557 lat 296 2888 11388 0 exe 101814 371351 735759 resp 741518 1000 pmu 1022550 1012563 8304801 17075219 956435741
1790319830.430088 W 558 lat 870 5685 12944 0 exe 114777 637092 749833 resp 755611 1000 pmu 1029320 1038869 8371231 15587642 1593765244
1790319831.366217 W 559 lat 296 1833 10666 0 exe 104611 313499 680166 resp 684148 1000 pmu 1022446 1017919 8292381 17146894 824932382
1790319832.410506 W 560 lat 314 4592 12111 0 exe 103259 534314 721370 resp 727888 1000 pmu 1027271 1035890 8369499 14738684 1352114550
1790319833.346464 W 561 lat 388 5833 10851 0 exe 171314 605407 727166 resp 731703 1000 pmu 1030724 1040329 8401466 16281828 1520043223
1790319834.386390 W 562 lat 314 4851 10925 0 exe 106981 564907 726314 resp 731203 1000 pmu 1028623 1037569 8349567 17025781 1426371395
1790319835.430512 W 563 lat 314 3944 10555 0 exe 89574 495037 701185 resp 706370 970 pmu 1025527 1025879 8332779 16490096 1259723469
1790319836.370409 W 564 lat 314 3703 10925 0 exe 104074 470296 706888 resp 713129 1000 pmu 1026065 1030677 8330087 15797692 1197336680
1790319837.410497 W 565 lat 296 3499 10092 0 exe 101999 452759 738462 resp 742277 1000 pmu 1024910 1030236 8337637 15809357 1156470307
1790319838.346517 W 566 lat 1259 5296 12796 0 exe 248870 589592 747944 resp 758185 1000 pmu 1029415 1038011 8380414 16009675 1482775366
1790319839.394287 W 567 lat 1203 5314 12203 0 exe 233796 583962 731999 resp 739518 1000 pmu 1028991 1036590 8370782 17582506 1470230864
1790319840.430264 W 568 lat 296 4037 11259 0 exe 94055 486370 723018 resp 732111 988 pmu 1025910 1024950 8326896 17302695 1238905256
1790319841.366541 W 569 lat 296 4666 10611 0 exe 115907 567185 718074 resp 724314 1000 pmu 1027350 1034973 8348957 16018377 1428691686
1790319842.406246 W 570 lat 314 3333 8962 0 exe 113907 450685 702240 resp 706777 1000 pmu 1026027 1032674 8342252 16468063 1167209105
1790319843.342473 W 571 lat 351 3777 10999 0 exe 117685 477259 783203 resp 789814 1000 pmu 1026569 1016727 8341382 15693639 1219518119
1790319844.386471 W 572 lat 333 4648 11981 0 exe 104833 532111 748925 resp 759407 1000 pmu 1028152 1036594 8368128 16678294 1347989557
1790319845.426594 W 573 lat 2203 5814 12351 0 exe 250111 618777 744185 resp 753574 1000 pmu 1030146 1040528 8389529 16573907 1552756005
1790319846.362445 W 574 lat 296 2555 11018 0 exe 103148 347481 717981 resp 723055 1000 pmu 1022606 1017663 8303067 17697777 911672992
1790319847.410394 W 575 lat 314 5203 10592 0 exe 102185 597259 739148 resp 745129 1000 pmu 1028896 1038403 8365895 15290403 1501654040
1790319848.350452 W 576 lat 314 3722 10388 0 exe 115314 481703 721851 resp 728851 1000 pmu 1026729 1013590 8350181 16761703 1226843696
1790319849.398349 W 577 lat 296 3296 12388 0 exe 102314 411018 712277 resp 720407 1000 pmu 1023373 1019469 8320875 16073354 1056032150
1790319850.438621 W 578 lat 333 5129 12907 0 exe 136740 581462 709462 resp 716037 1000 pmu 1028134 1038183 8368266 15572537 1461804777
1790319851.374490 W 579 lat 1055 5092 9685 0 exe 243759 583870 710648 resp 717092 1000 pmu 1029209 1028693 8363059 16573082 1467926531
1790319852.426437 W 580 lat 296 2870 11129 0 exe 102259 376999 706129 resp 712129 1000 pmu 1023064 1014316 8301050 17118778 977835865
1790319853.370295 W 581 lat 1037 5481 12092 0 exe 215333 613999 743092 resp 750370 1000 pmu 1029548 1038583 8377185 15321639 1544532617
1790319854.434118 W 582 lat 314 2981 9999 0 exe 101425 411499 685092 resp 689518 1000 pmu 1024746 1017003 8316036 17469760 1061947986
1790319855.378377 W 583 lat 296 4111 10740 0 exe 104870 495240 714648 resp 719944 1000 pmu 1026274 1026686 8344478 15266795 1252235185
1790319856.430348 W 584 lat 314 4833 10629 0 exe 104351 566759 720259 resp 726462 1000 pmu 1027414 1036755 8355832 16011884 1426623924
1790319857.370122 W 585 lat 296 4481 11796 0 exe 102648 520962 707481 resp 715185 1000 pmu 1027127 1031878 8335918 16430696 1319112192
1790319858.414545 W 586 lat 296 3666 9851 0 exe 103259 468129 737592 resp 743222 1000 pmu 1025355 1026821 8336676 16076908 1198486352
1790319859.354364 W 587 lat 703 5222 11499 0 exe 199944 590074 734203 resp 740759 1000 pmu 1029061 1035741 8368202 16092803 1485892814
1790319860.394457 W 588 lat 296 2148 8722 0 exe 103111 330351 693888 resp 699666 1000 pmu 1022523 1016143 8298610 17174625 874294920
1790319861.438397 W 589 lat 333 4777 11240 0 exe 120833 574370 686388 resp 692203 1000 pmu 1028292 1037130 8356522 14953447 1448874012
1790319862.378481 W 590 lat 833 4759 10018 0 exe 180888 575703 715999 resp 723407 1000 pmu 1028270 1037633 8365785 16213366 1451953540
1790319863.418357 W 591 lat 314 3499 10925 0 exe 102740 456166 677037 resp 682351 1000 pmu 1024947 1023157 8322644 16820773 1168936528
1790319864.354542 W 592 lat 296 4999 11296 0 exe 90814 575481 722185 resp 727129 997 pmu 1027456 1035980 8362657 15427848 1448199269
1790319865.398172 W 593 lat 314 4259 10537 0 exe 124888 528740 735703 resp 743074 1000 pmu 1027590 1023371 8340187 16423849 1338024726
1790319866.438570 W 594 lat 296 3055 11203 0 exe 105129 401833 700777 resp 705888 1000 pmu 1023195 1021242 8309961 16500266 1035957688
1790319867.374178 W 595 lat 314 4703 9351 0 exe 112666 566759 725092 resp 730611 1000 pmu 1027972 1037273 8361128 15403439 1431248993
1790319868.414291 W 596 lat 462 4407 10148 0 exe 185833 524740 670629 resp 675425 1000 pmu 1027880 1020382 8356007 16510171 1330719353
1790319869.354553 W 597 lat 314 3722 11722 0 exe 101796 476166 736648 resp 743425 1000 pmu 1025246 1026118 8333303 16120816 1210673083
1790319870.394615 W 598 lat 537 5129 11296 0 exe 168740 593462 724796 resp 733944 1000 pmu 1028338 1034787 8358409 16131597 1492306547
1790319871.342255 W 599 lat 296 2240 7814 0 exe 102388 345833 680166 resp 686148 1000 pmu 1022718 1010936 8299101 16952364 908339999
1790319872.390145 W 600 lat 333 4703 10092 0 exe 108574 579851 702833 resp 709259 1000 pmu 1028683 1038075 8362456 14886979 1464433664
1790319873.430477 W 601 lat 314 4481 9814 0 exe 108888 556944 710555 resp 717518 1000 pmu 1028334 1037364 8375910 16340906 1403032609
1790319874.366204 W 602 lat 296 3111 10037 0 exe 103333 421333 679518 resp 684703 1000 pmu 1025029 1012744 8327764 16305090 1083368210
1790319875.410401 W 603 lat 296 4296 11685 0 exe 103703 552481 765888 resp 769611 1000 pmu 1028525 1036822 8379943 15274122 1395269469
1790319876.346193 W 604 lat 314 4259 10333 0 exe 109351 568037 717259 resp 724277 1000 pmu 1027986 1036465 8369020 16802550 1430760223
1790319877.390565 W 605 lat 296 2462 8407 0 exe 104722 343648 665629 resp 673796 1000 pmu 1023268 1018404 8313323 16431802 898419776
1790319878.430154 W 606 lat 296 4759 11425 0 exe 105111 542777 734814 resp 741129 1000 pmu 1027811 1037150 8367026 14757427 1371160505
1790319879.370604 W 607 lat 944 5074 10444 0 exe 168592 571129 690037 resp 694333 1000 pmu 1028614 1038274 8371962 16464182 1439678612
1790319880.410445 W 608 lat 296 3092 10870 0 exe 97851 412074 705648 resp 713185 995 pmu 1023720 1026085 8318390 16465434 1066338552
1790319881.346550 W 609 lat 2499 6092 11685 0 exe 363166 632944 731055 resp 738759 1000 pmu 1030644 1038203 8399182 15477681 1584820879
1790319882.390104 W 610 lat 296 3296 9407 0 exe 108629 423499 704611 resp 708777 1000 pmu 1025275 1028698 8329578 18193775 1088232299
1790319883.430857 W 611 lat 296 4259 11129 0 exe 104370 500851 718999 resp 725888 1000 pmu 1026307 1029404 8358355 15555350 1273336904
1790319884.370493 W 612 lat 314 4425 9962 0 exe 102277 523333 697166 resp 703296 1000 pmu 1027626 1036016 8353260 16091562 1332983723
1790319885.422434 W 613 lat 314 4574 10351 0 exe 106833 526851 689111 resp 694092 1000 pmu 1028109 1033891 8355028 15966530 1334064757
1790319886.358017 W 614 lat 296 462 4740 0 exe 17370 60814 432851 resp 433370 188 pmu 1022851 240572 8263267 15920804 170417656
1790319887.397980 W 615 lat 296 296 333 0 exe 16888 19722 53314 resp 53629 0 pmu 1023626 42308 8261551 10508868 51905806
1790319888.338045 W 616 lat 296 648 7611 0 exe 17277 74407 627092 resp 633888 102 pmu 1022954 195245 8260585 6481793 187098332
1790319889.377996 W 617 lat 296 296 444 0 exe 18629 22592 54537 resp 54851 0 pmu 1023603 75784 8258716 12565580 60932299
1790319890.418018 W 618 lat 296 296 666 0 exe 18851 26518 130203 resp 130703 20 pmu 1023496 119847 8261451 6517504 68477577
1790319891.353996 W 619 lat 296 296 425 0 exe 18833 23148 58592 resp 58925 0 pmu 1023579 82027 8259680 7296961 59252678
1790319892.394017 W 620 lat 296 296 592 0 exe 18759 24833 120499 resp 121092 13 pmu 1023461 100684 8261377 6561822 63897594
1790319893.433994 W 621 lat 296 296 407 0 exe 18870 21944 51851 resp 52259 0 pmu 1023544 68504 8256912 7191076 55934101
1790319894.374014 W 622 lat 296 296 611 0 exe 19388 26833 117814 resp 118296 13 pmu 1023460 122977 8259633 6488675 68815251
1790319895.413996 W 623 lat 296 296 407 0 exe 18703 23388 62574 resp 62907 0 pmu 1023579 84543 8257913 7177000 59741393
1790319896.350013 W 624 lat 296 296 611 0 exe 18703 24925 120166 resp 120537 11 pmu 1023511 101952 8260206 6602089 64132452
1790319897.389997 W 625 lat 296 296 407 0 exe 18685 22537 54592 resp 54907 0 pmu 1023561 75361 8260549 7186710 57535263
1790319898.430013 W 626 lat 296 296 611 0 exe 18481 24796 128148 resp 128666 13 pmu 1023469 100727 8256298 6517861 63752524
1790319899.365992 W 627 lat 296 296 481 0 exe 18944 22814 53574 resp 53888 0 pmu 1023622 78461 8259372 7265796 58336919
1790319900.406015 W 628 lat 296 296 518 0 exe 18833 25166 122333 resp 122796 17 pmu 1023471 104843 8256884 6510761 64852727
1790319901.341993 W 629 lat 296 296 407 0 exe 18907 22296 56703 resp 56999 0 pmu 1023595 72613 8255436 7210511 56947675
1790319902.382015 W 630 lat 296 296 555 0 exe 19092 24888 121425 resp 121851 15 pmu 1023551 101573 8254064 6538818 64098166
1790319903.421996 W 631 lat 296 296 444 0 exe 18555 23037 53018 resp 53351 0 pmu 1023563 80922 8253693 7201176 58979891
1790319904.358013 W 632 lat 296 296 648 0 exe 18888 24814 124296 resp 124722 13 pmu 1023565 100895 8260332 6504144 63799912
1790319905.397990 W 633 lat 296 296 481 0 exe 18611 22148 52722 resp 53037 0 pmu 1023595 70946 8258830 7229008 56540380
1790319906.334014 W 634 lat 296 296 499 0 exe 18777 25148 123462 resp 123888 16 pmu 1023538 104350 8258412 6497007 64831226
1790319907.373993 W 635 lat 296 296 425 0 exe 18925 22629 52222 resp 52518 0 pmu 1023579 76465 8257780 7221076 57880868
1790319908.422016 W 636 lat 296 296 1055 0 exe 18814 25333 116296 resp 117351 16 pmu 1023444 106632 8258630 6495807 65286727
1790319909.357996 W 637 lat 296 296 574 0 exe 18888 22833 66777 resp 67074 0 pmu 1023612 78600 8259116 7156563 58364931
1790319910.398017 W 638 lat 296 296 666 0 exe 18888 25222 121611 resp 122277 19 pmu 1023434 105128 8259388 6643019 65100875
1790319911.337996 W 639 lat 296 296 407 0 exe 18703 22888 52907 resp 53222 0 pmu 1023672 79349 8262852 7205475 58503858
1790319912.378015 W 640 lat 296 296 537 0 exe 18888 25111 115814 resp 116240 10 pmu 1023525 104306 8261561 6502781 64666621
1790319913.417990 W 641 lat 296 296 444 0 exe 18851 22333 53555 resp 53851 0 pmu 1023568 72956 8259315 7145016 56974832
1790319914.354014 W 642 lat 296 296 592 0 exe 19185 24740 119518 resp 119981 11 pmu 1023542 100035 8264458 6507334 63635725
1790319915.393998 W 643 lat 296 296 481 0 exe 18833 23351 51703 resp 52037 0 pmu 1023532 84316 8257556 7182235 59714688
1790319916.334016 W 644 lat 296 296 1777 0 exe 18999 25351 120888 resp 121462 13 pmu 1023527 106771 8259941 6494152 65338148
1790319917.373994 W 645 lat 296 296 518 0 exe 18629 22407 55481 resp 55907 0 pmu 1023544 73848 8257908 7204692 57186471
1790319918.414016 W 646 lat 296 296 629 0 exe 18703 26055 125259 resp 125888 13 pmu 1023479 114950 8263359 6526874 67169391
1790319919.349994 W 647 lat 296 296 425 0 exe 18740 22888 54833 resp 55129 0 pmu 1023572 79233 8257332 7244999 58529501
1790319920.390013 W 648 lat 296 296 481 0 exe 18740 25092 113555 resp 114037 15 pmu 1023493 104025 8258841 6522259 64677923
1790319921.430000 W 649 lat 296 296 425 0 exe 18925 23314 71037 resp 71370 0 pmu 1023642 83924 8259419 7121691 59641855
1790319922.370016 W 650 lat 296 296 518 0 exe 18851 25092 123962 resp 124351 13 pmu 1023527 103952 8258916 6687478 64736027
1790319923.409996 W 651 lat 296 296 425 0 exe 19074 22777 53499 resp 53814 0 pmu 1023620 77839 8260836 7226117 58137324
1790319924.346013 W 652 lat 296 296 685 0 exe 19259 25037 120444 resp 121129 12 pmu 1023571 103798 8266706 6510138 64487365
1790319925.385994 W 653 lat 296 296 407 0 exe 19148 22407 52999 resp 53314 0 pmu 1023593 74006 8260292 7194982 57209142
1790319926.426017 W 654 lat 296 296 537 0 exe 19055 26037 117018 resp 117444 11 pmu 1023502 114880 8265139 6503432 67157835
1790319927.365994 W 655 lat 296 296 425 0 exe 18814 22814 53240 resp 53537 0 pmu 1023677 78833 8261748 7162631 58323007
1790319928.406013 W 656 lat 296 296 574 0 exe 19388 25166 119388 resp 119814 12 pmu 1023570 104587 8259491 6506280 64732353
1790319929.341994 W 657 lat 296 296 407 0 exe 19111 22481 54185 resp 54499 0 pmu 1023610 74433 8258944 7183921 57384336
1790319930.382012 W 658 lat 296 296 592 0 exe 19129 25166 128962 resp 129314 15 pmu 1023429 104645 8260742 6515525 64900046
1790319931.421990 W 659 lat 296 296 462 0 exe 18870 22777 55222 resp 55537 0 pmu 1023548 78151 8263949 7277986 58300702
1790319932.358015 W 660 lat 296 296 555 0 exe 19314 25444 117814 resp 118240 15 pmu 1023473 107823 8259714 6526591 65627173
1790319933.397991 W 661 lat 296 296 425 0 exe 18555 22148 54166 resp 54462 0 pmu 1023617 71024 8261951 7169081 56478168
1790319934.334014 W 662 lat 296 296 537 0 exe 19314 25129 116814 resp 117129 15 pmu 1023490 104017 8257064 6510888 64666094
1790319935.373993 W 663 lat 296 296 462 0 exe 18999 22722 54537 resp 54851 0 pmu 1023543 77311 8257156 7156767 57985619
1790319936.414019 W 664 lat 296 296 574 0 exe 20203 28851 123611 resp 124092 16 pmu 1023541 145435 8263026 6520212 74206866
1790319937.349997 W 665 lat 296 296 407 0 exe 19351 25018 53629 resp 53944 0 pmu 1023581 102714 8258600 7248760 63857689
1790319938.390014 W 666 lat 296 296 592 0 exe 18962 24851 117814 resp 118259 13 pmu 1023524 101093 8258078 6523904 63920426
1790319939.429995 W 667 lat 296 296 425 0 exe 18703 23111 51814 resp 52129 0 pmu 1023685 81905 8258768 7164541 59106768
1790319940.366013 W 668 lat 296 296 537 0 exe 19037 25648 125351 resp 125685 17 pmu 1023429 110388 8257076 6493026 66161320
1790319941.405991 W 669 lat 296 296 425 0 exe 19037 22166 55055 resp 55370 0 pmu 1023600 71118 8258787 7243545 56584740
1790319942.342015 W 670 lat 296 296 481 0 exe 19148 25055 114888 resp 115277 12 pmu 1023606 103484 8264892 6522413 64445814
1790319943.381996 W 671 lat 296 296 425 0 exe 18722 23314 53018 resp 53314 0 pmu 1023646 83880 8262216 7136365 59598524
1790319944.422014 W 672 lat 296 296 629 0 exe 18666 24999 127055 resp 127685 12 pmu 1023606 103009 8258866 6506058 64327333
1790319945.357990 W 673 lat 277 296 425 0 exe 19240 22259 51240 resp 51537 0 pmu 1023618 72422 8257397 7257465 56841978
1790319946.402015 W 674 lat 296 296 574 0 exe 19148 27574 124555 resp 124944 11 pmu 1023557 131015 8261463 6485608 70752616
1790319947.338018 W 675 lat 296 296 481 0 exe 17962 29148 163814 resp 164129 19 pmu 1023572 150404 8259780 7246344 74527430
1790319948.378005 W 676 lat 296 296 648 0 exe 17203 21999 116907 resp 117240 7 pmu 1023626 68628 8266181 7639937 56392962
1790319949.418003 W 677 lat 296 296 592 0 exe 16759 21462 129425 resp 129759 4 pmu 1023626 62144 8263407 7132321 54352049
1790319950.354038 W 678 lat 296 388 574 0 exe 16962 28185 125907 resp 126314 17 pmu 1023610 88011 8267646 7252260 53958302
1790319951.394017 W 679 lat 462 462 499 0 exe 24444 27388 58777 resp 59259 0 pmu 1023697 43660 8267660 7252355 43572342
1790319952.434048 W 680 lat 462 462 592 0 exe 24777 30648 146222 resp 146722 19 pmu 1023639 76772 8265154 6615844 48876720
1790319953.370013 W 681 lat 462 462 518 0 exe 24111 27092 57703 resp 58203 0 pmu 1023695 40482 8265460 7508772 43220449
1790319954.410041 W 682 lat 462 462 814 0 exe 24333 29685 132481 resp 133074 19 pmu 1023586 67316 8266375 6601806 47406120
1790319955.346023 W 683 lat 462 462 518 0 exe 23999 27870 57018 resp 57499 0 pmu 1023587 48445 8266308 7365749 44373083
1790319956.386041 W 684 lat 462 462 611 0 exe 24296 29833 130888 resp 131388 19 pmu 1023606 68784 8269090 6598440 47653437
1790319957.426012 W 685 lat 462 462 499 0 exe 24351 27203 56777 resp 57259 0 pmu 1023708 41407 8265719 7348925 43286661
1790319958.362042 W 686 lat 462 462 629 0 exe 24425 29981 132833 resp 133351 19 pmu 1023667 70358 8267992 6594357 47871546
1790319959.402016 W 687 lat 462 462 499 0 exe 23999 27537 58499 resp 58962 0 pmu 1023737 45214 8268280 7370108 43849276
1790319960.342044 W 688 lat 462 462 555 0 exe 24129 30166 131759 resp 132277 19 pmu 1023671 72250 8269952 6611403 48094858
1790319961.382034 W 689 lat 462 462 518 0 exe 23777 27333 56444 resp 56925 0 pmu 1023745 42951 8266788 7358279 43485367
1790319962.422045 W 690 lat 351 462 592 0 exe 21129 30166 133037 resp 133555 19 pmu 1023651 78279 8263764 6589016 49474291
1790319963.358018 W 691 lat 462 462 518 0 exe 24370 27444 56351 resp 56833 0 pmu 1023761 44145 8260472 7355730 43687528
1790319964.398047 W 692 lat 462 462 555 0 exe 24462 30037 134203 resp 134703 19 pmu 1023638 70300 8258842 6591410 47890457
1790319965.334018 W 693 lat 462 462 499 0 exe 24018 26944 56759 resp 57240 0 pmu 1023710 39300 8265877 7383533 42948061
1790319966.374047 W 694 lat 462 462 629 0 exe 24203 29851 133574 resp 134185 18 pmu 1023623 68919 8268076 6591098 47630433
1790319967.414027 W 695 lat 462 462 518 0 exe 24425 27907 55518 resp 55999 0 pmu 1023732 49060 8268864 7376078 44430426
1790319968.350046 W 696 lat 462 462 833 0 exe 24129 30055 128314 resp 128981 18 pmu 1023623 71025 8268440 6585680 47978110
1790319969.390021 W 697 lat 462 462 499 0 exe 24111 27518 57574 resp 58074 0 pmu 1023790 44994 8269710 7325288 43795935
1790319970.430046 W 698 lat 462 462 685 0 exe 24333 29962 139018 resp 139703 18 pmu 1023651 69879 8269344 6602795 47801594
1790319971.366021 W 699 lat 462 462 518 0 exe 24333 27185 59759 resp 60240 0 pmu 1023687 41806 8266568 7432441 43333748
1790319972.406047 W 700 lat 462 462 592 0 exe 24203 29907 140499 resp 140999 19 pmu 1023618 69028 8266103 6624009 47716479
1790319973.342025 W 701 lat 462 462 499 0 exe 23833 27222 58999 resp 59499 0 pmu 1023670 41975 8267796 7444782 43424914
1790319974.382048 W 702 lat 462 462 611 0 exe 23888 29796 133111 resp 133722 19 pmu 1023580 68510 8267058 6614166 47586637
1790319975.422020 W 703 lat 462 462 499 0 exe 23999 27148 55666 resp 56129 0 pmu 1023764 41260 8268852 7369489 43230603
1790319976.358046 W 704 lat 462 462 629 0 exe 24314 29888 131425 resp 132055 19 pmu 1023700 69230 8269397 6581059 47694390
1790319977.398023 W 705 lat 462 462 518 0 exe 24351 27425 53962 resp 54462 0 pmu 1023712 43879 8267216 7355361 43640555
1790319978.334048 W 706 lat 462 462 685 0 exe 23981 30518 132425 resp 132944 18 pmu 1023677 75794 8268185 6567427 48673506
1790319979.374027 W 707 lat 370 462 518 0 exe 20796 27574 57999 resp 58481 0 pmu 1023714 49714 8270424 7366739 44648262
1790319980.414054 W 708 lat 462 462 796 0 exe 24222 30425 131740 resp 132277 19 pmu 1023622 74731 8266716 6590320 48484625
1790319981.350022 W 709 lat 462 462 518 0 exe 24111 27018 64722 resp 65222 0 pmu 1023759 40002 8260248 7361145 43035820
1790319982.390060 W 710 lat 462 462 685 0 exe 24240 30796 133148 resp 133629 19 pmu 1023617 78629 8261602 6671514 49183452
1790319983.430018 W 711 lat 462 462 537 0 exe 24037 27425 62499 resp 62962 0 pmu 1023718 43988 8266276 7376314 43672410
1790319984.366046 W 712 lat 462 462 666 0 exe 24685 30185 140537 resp 141129 18 pmu 1023594 72109 8265612 6651195 48190316
1790319985.406024 W 713 lat 462 462 499 0 exe 24351 27592 60018 resp 60518 0 pmu 1023709 45946 8269176 7449791 43995640
1790319986.346048 W 714 lat 462 462 703 0 exe 24185 30222 128518 resp 129018 18 pmu 1023626 72519 8267681 6628735 48223105
1790319987.386017 W 715 lat 462 462 518 0 exe 24185 27277 60851 resp 61351 0 pmu 1023742 42836 8268188 7326972 43451903
1790319988.430047 W 716 lat 462 462 1518 0 exe 24703 31222 128833 resp 130351 19 pmu 1023613 83111 8265129 6634708 49825887
1790319989.366019 W 717 lat 462 462 518 0 exe 24111 27037 59944 resp 60444 0 pmu 1023690 39984 8264872 7346917 43059517
1790319990.406046 W 718 lat 462 462 666 0 exe 24499 30074 128407 resp 129074 19 pmu 1023595 71092 8263803 6624091 48031547
1790319991.342020 W 719 lat 462 462 537 0 exe 24407 27611 76166 resp 76666 0 pmu 1023718 45837 8266512 7327395 43924125
1790319992.382048 W 720 lat 462 462 648 0 exe 24314 30055 137462 resp 138111 18 pmu 1023584 70814 8264079 6790882 48117692
1790319993.422023 W 721 lat 462 462 499 0 exe 24259 27240 60981 resp 61462 0 pmu 1023686 42228 8265754 7416695 43409604
1790319994.362049 W 722 lat 462 462 1055 0 exe 24314 29907 149129 resp 150185 19 pmu 1023603 69077 8265296 6635965 47704281
1790319995.402019 W 723 lat 370 462 537 0 exe 21222 27092 62259 resp 62740 0 pmu 1023718 44676 8263979 7536856 43975932
1790319996.338045 W 724 lat 462 462 722 0 exe 24314 30203 132222 resp 132944 19 pmu 1023660 72611 8264295 6632726 48245888
1790319997.378022 W 725 lat 462 462 518 0 exe 24148 27444 59499 resp 59981 0 pmu 1023745 44128 8266310 7365768 43686745
1790319998.418047 W 726 lat 462 462 740 0 exe 24111 29981 131722 resp 132222 19 pmu 1023651 69873 8266966 6621828 47819535
1790319999.354025 W 727 lat 462 462 518 0 exe 24277 27592 62370 resp 62870 0 pmu 1023792 45743 8268280 7357742 43900208
1790320000.394047 W 728 lat 462 462 611 0 exe 24444 29999 132703 resp 133314 19 pmu 1023663 70003 8263527 6651957 47899610
1790320001.434019 W 729 lat 462 462 499 0 exe 24240 27037 66444 resp 66925 0 pmu 1023738 40212 8268188 7369230 43057929
1790320002.370043 W 730 lat 462 462 574 0 exe 24314 29796 132444 resp 132944 18 pmu 1023621 68149 8268455 6689509 47603268
1790320003.410024 W 731 lat 462 462 518 0 exe 24259 27759 63185 resp 63666 0 pmu 1023740 47228 8267640 7364228 44165792
1790320004.346046 W 732 lat 462 462 537 0 exe 24444 30222 131722 resp 132240 18 pmu 1023669 72408 8265725 6660825 48250968
1790320005.386017 W 733 lat 462 462 499 0 exe 24148 26851 61888 resp 62388 0 pmu 1023661 38365 8269144 7359609 42790761
1790320006.426046 W 734 lat 462 462 629 0 exe 24185 29888 129444 resp 130074 18 pmu 1023624 69370 8267265 6642718 47709258
1790320007.362018 W 735 lat 462 462 518 0 exe 24185 27259 64740 resp 65222 0 pmu 1023697 42234 8265958 7334992 43366492
1790320008.402047 W 736 lat 462 462 1685 0 exe 24537 29925 131981 resp 132481 19 pmu 1023691 69348 8261542 6673486 47803606
1790320009.338039 W 737 lat 462 462 611 0 exe 24370 28759 117444 resp 117925 7 pmu 1023627 57947 8266060 7367037 45850960
1790320010.378048 W 738 lat 462 462 962 0 exe 23944 30037 132888 resp 133499 18 pmu 1023583 70408 8265473 7209552 48287308
1790320011.430102 W 739 lat 333 999 9370 0 exe 24462 86907 549629 resp 551407 242 pmu 1024539 316086 8291144 7371258 182854275
1790320012.374313 W 740 lat 314 2703 8111 0 exe 101222 421185 567351 resp 570166 1000 pmu 1023007 1023021 8295510 11878047 1078210601
1790320013.434127 W 741 lat 314 2611 8333 0 exe 101666 392388 562351 resp 564685 1000 pmu 1023009 1025809 8280148 14117533 1010451881
1790320014.386287 W 742 lat 296 2074 7611 0 exe 101092 364537 555703 resp 559907 1000 pmu 1022545 1023610 8282516 13924149 933370554
1790320015.430372 W 743 lat 351 3092 9907 0 exe 101129 440537 572462 resp 575203 1000 pmu 1023297 1025444 8292175 13718644 1129452355
1790320016.378110 W 744 lat 370 3537 9092 0 exe 101518 449740 575814 resp 580870 1000 pmu 1023684 1029506 8322069 14275993 1163497232
1790320017.426171 W 745 lat 314 3259 9018 0 exe 101370 440777 556277 resp 559962 1000 pmu 1023538 1029032 8299533 14367304 1136984065
1790320018.374071 W 746 lat 351 3388 7666 0 exe 101981 452574 568018 resp 571851 1000 pmu 1023796 1028335 8317074 14117564 1163090540
1790320019.422214 W 747 lat 333 3314 9240 0 exe 101537 421685 558185 resp 562499 1000 pmu 1023604 1029239 8301331 14291750 1095896494
1790320020.370285 W 748 lat 314 3129 8314 0 exe 101388 442925 567462 resp 571537 1000 pmu 1023357 1026654 8315389 14046528 1135420759
1790320021.426355 W 749 lat 333 3166 9277 0 exe 101148 413796 572055 resp 575203 1000 pmu 1023644 1028515 8302888 14237963 1071278156
1790320022.378424 W 750 lat 333 2944 9388 0 exe 101574 430722 555407 resp 558685 1000 pmu 1022841 1025168 8291145 14137521 1102551531
1790320023.442088 W 751 lat 314 3055 9240 0 exe 101537 407018 563277 resp 566425 1000 pmu 1023886 1028376 8297478 14057759 1052434597
1790320024.391033 W 752 lat 333 3111 8203 0 exe 101111 434111 558111 resp 563092 1000 pmu 1023598 1026228 8305902 14017038 1113288567
1790320025.338326 W 753 lat 314 3074 8222 0 exe 101444 406666 568388 resp 571703 1000 pmu 1023579 1027988 8299217 14102654 1056316590
1790320026.386361 W 754 lat 314 2462 8185 0 exe 100833 394833 546722 resp 549814 1000 pmu 1022611 1023796 8282603 14061648 1008406180
1790320027.434381 W 755 lat 314 3370 7796 0 exe 101277 445611 566055 resp 571018 1000 pmu 1023948 1029984 8308152 13778250 1151113037
1790320028.378400 W 756 lat 351 4203 8703 0 exe 105962 499370 575129 resp 579685 1000 pmu 1028161 1036896 8393543 14239810 1286066937
1790320029.434399 W 757 lat 462 4555 8888 0 exe 103574 516462 574203 resp 577518 1000 pmu 1029653 1038795 8395821 14629707 1328664731
1790320030.378412 W 758 lat 499 4370 8388 0 exe 105907 507333 573518 resp 579370 1000 pmu 1027761 1036341 8376542 14691115 1307977471
1790320031.426414 W 759 lat 703 4314 9148 0 exe 105777 508240 572185 resp 577499 1000 pmu 1028220 1037891 8384696 14659712 1310778607
1790320032.366389 W 760 lat 759 4388 8981 0 exe 105444 512925 581518 resp 586092 1000 pmu 1028397 1038882 8388993 14652043 1321875596
1790320033.418409 W 761 lat 499 3999 8833 0 exe 108314 492259 567388 resp 570555 1000 pmu 1026809 1035912 8368458 14763174 1271832832
1790320034.362417 W 762 lat 518 3777 9666 0 exe 105814 485611 568444 resp 573462 1000 pmu 1025850 1035073 8357158 14521965 1257479267
1790320035.410317 W 763 lat 425 3648 7944 0 exe 107833 494314 567907 resp 574296 1000 pmu 1027907 1036554 8378345 14499233 1276716747
1790320036.354422 W 764 lat 462 3481 8888 0 exe 117833 497685 573129 resp 578425 1000 pmu 1026940 1036526 8371209 14544696 1285864864
1790320037.406266 W 765 lat 407 3444 8314 0 exe 106555 488129 579962 resp 583759 1000 pmu 1026747 1035936 8365876 14662249 1261909138
1790320038.346371 W 766 lat 722 3999 8962 0 exe 109814 478018 565462 resp 569092 1000 pmu 1025775 1032779 8342058 14615638 1237009093
1790320039.410423 W 767 lat 462 4111 9259 0 exe 102129 475666 584388 resp 588722 1000 pmu 1024753 1033474 8337964 14443051 1228861343
1790320040.358174 W 768 lat 462 3944 9425 0 exe 102037 471851 563277 resp 566870 1000 pmu 1023793 1031486 8332519 14586343 1221262151
1790320041.418191 W 769 lat 481 4370 9240 0 exe 106240 474277 570259 resp 574592 1000 pmu 1027333 1035319 8369504 14351965 1228238847
1790320042.362265 W 770 lat 388 3888 8370 0 exe 103370 458259 561722 resp 566685 1000 pmu 1024171 1032532 8324214 14459941 1189862631
1790320043.410262 W 771 lat 555 4055 9018 0 exe 117074 475981 567462 resp 571259 1000 pmu 1024782 1032683 8339811 14275994 1233492131
1790320044.354398 W 772 lat 499 3833 9074 0 exe 102018 468629 560759 resp 564240 1000 pmu 1024066 1031025 8331061 14489694 1211156263
1790320045.406263 W 773 lat 666 4296 8111 0 exe 105222 482518 573777 resp 579129 1000 pmu 1027022 1035798 8368763 14307775 1248678906
1790320046.346377 W 774 lat 333 3870 8833 0 exe 107666 452648 568555 resp 572240 1000 pmu 1024846 1032992 8334068 14531407 1175951994
1790320047.390224 W 775 lat 314 3481 10629 0 exe 103314 438444 560518 resp 561499 1000 pmu 1023970 1028850 8323380 14333422 1132464217
1790320048.338075 W 776 lat 314 3425 8388 0 exe 110185 444277 561425 resp 564296 1000 pmu 1023094 1028831 8311668 14153496 1147461215
1790320049.386219 W 777 lat 314 3351 8333 0 exe 103092 416277 567240 resp 570999 1000 pmu 1024264 1028483 8316892 14224122 1083489172
1790320050.434186 W 778 lat 351 3166 8685 0 exe 102925 431407 559907 resp 563703 1000 pmu 1022771 1026745 8302877 14110609 1108949055
1790320051.374352 W 779 lat 370 3666 9592 0 exe 103111 428222 571074 resp 575240 1000 pmu 1024477 1030938 8331934 14113343 1115178748
1790320052.422265 W 780 lat 351 3407 8981 0 exe 102407 440907 563999 resp 566962 1000 pmu 1023629 1027759 8307989 14218954 1135068590
1790320053.366104 W 781 lat 370 3722 9611 0 exe 102962 437518 559981 resp 562666 1000 pmu 1023927 1028471 8326725 14197713 1135114776
1790320054.422265 W 782 lat 314 3555 8259 0 exe 102055 438574 549055 resp 554222 1000 pmu 1023394 1029618 8310112 14146877 1138004636
1790320055.366332 W 783 lat 388 3518 9777 0 exe 104518 445962 574240 resp 578537 1000 pmu 1023354 1027073 8326275 14042672 1148393855
1790320056.410238 W 784 lat 333 3111 8999 0 exe 103888 396703 580629 resp 584944 1000 pmu 1023536 1028307 8305678 14347428 1035784032
1790320057.352397 W 785 lat 370 3277 9185 0 exe 106037 429518 559981 resp 565944 1000 pmu 1023840 1025867 8321752 14155656 1103354574
1790320058.398369 W 786 lat 314 3462 8629 0 exe 108777 438870 564833 resp 569999 1000 pmu 1022936 1029779 8307018 14134246 1140250991
1790320059.354070 W 787 lat 314 2185 6722 0 exe 103388 371129 534074 resp 537462 1000 pmu 1022409 1019307 8276681 14237107 948475564
1790320060.402192 W 788 lat 333 3222 8018 0 exe 102592 414962 557370 resp 561425 1000 pmu 1023072 1029285 8310240 13538980 1079547936
1790320061.366323 W 789 lat 314 2870 8333 0 exe 59796 394925 556518 resp 559962 962 pmu 1023520 1002848 8309242 14002037 1015500727
1790320062.418241 W 790 lat 370 3407 9296 0 exe 102925 421277 572425 resp 575370 1000 pmu 1023605 1028946 8316227 13676145 1092028209
1790320063.366391 W 791 lat 351 3555 9148 0 exe 116611 451777 572629 resp 575648 1000 pmu 1023449 1028707 8308209 14187942 1164387550
1790320064.410225 W 792 lat 314 2740 9648 0 exe 105759 387259 569018 resp 572555 1000 pmu 1022962 1025886 8287767 14411285 1006304315
1790320065.354336 W 793 lat 314 2537 9314 0 exe 106055 383851 572166 resp 575703 1000 pmu 1022851 1023504 8303674 13999134 983850177
1790320066.402341 W 794 lat 314 3740 8944 0 exe 103037 441444 561629 resp 566722 1000 pmu 1024761 1031492 8329980 14012309 1145880592
1790320067.346362 W 795 lat 351 3537 8759 0 exe 103203 448962 561907 resp 565777 1000 pmu 1023379 1029810 8317952 14191633 1157134100
1790320068.402191 W 796 lat 314 3574 9481 0 exe 103518 444407 568870 resp 573907 1000 pmu 1023836 1029953 8325106 14225164 1150443342
1790320069.346246 W 797 lat 314 2703 8407 0 exe 107796 391111 561092 resp 565796 1000 pmu 1022977 1024275 8287883 14282920 1006829784
1790320070.394353 W 798 lat 333 3314 9537 0 exe 103740 411277 551981 resp 557111 1000 pmu 1023700 1029182 8315092 13948759 1071724539
1790320071.342017 W 799 lat 296 2907 7777 0 exe 17999 369944 563203 resp 566870 820 pmu 1022951 872542 8292146 13948556 963383076
1790320072.382006 W 800 lat 296 296 611 0 exe 17203 22018 108944 resp 109277 6 pmu 1023506 68879 8256748 13404791 59970449
1790320073.430288 W 801 lat 296 814 6777 0 exe 17092 85925 611203 resp 615537 181 pmu 1024165 214689 8288970 7052977 219927059
1790320074.374284 W 802 lat 1555 3388 5907 0 exe 276574 382333 442148 resp 446629 1000 pmu 1033071 1031324 8467197 12450685 992998947
1790320075.422294 W 803 lat 1777 3425 6240 0 exe 308592 384462 446351 resp 449703 1000 pmu 1032936 1034713 8468394 13555381 998287329
1790320076.382261 W 804 lat 1462 3388 6481 0 exe 284333 382759 440074 resp 443999 1000 pmu 1032881 1034448 8471097 13765429 994736511
1790320077.426266 W 805 lat 1444 3333 5648 0 exe 297388 380574 443685 resp 447999 1000 pmu 1032437 1032650 8453210 13575122 988569867
1790320078.370259 W 806 lat 1648 3425 7555 0 exe 272851 381592 448759 resp 452314 1000 pmu 1032776 1032484 8453737 13663065 991657554
1790320079.414281 W 807 lat 1759 3462 6777 0 exe 316777 383907 447833 resp 453055 1000 pmu 1032919 1029051 8458602 13603510 996866372
1790320080.354275 W 808 lat 1351 3425 7018 0 exe 271499 380944 454055 resp 457870 1000 pmu 1032720 1029703 8463882 13830642 990373560
1790320081.394274 W 809 lat 1574 3537 6851 0 exe 268037 382555 439018 resp 444074 1000 pmu 1032887 1028960 8466903 13643353 994027538
1790320082.434288 W 810 lat 1648 3462 6981 0 exe 295055 383092 450611 resp 455185 1000 pmu 1032990 1032795 8466338 13490891 995185779
1790320083.382158 W 811 lat 1888 3555 7722 0 exe 327537 385277 459203 resp 462777 1000 pmu 1032898 1032986 8466094 13742808 1000464816
1790320084.418280 W 812 lat 1351 3555 6851 0 exe 288499 381111 457037 resp 460166 1000 pmu 1032635 1029369 8462911 14002529 990693875
1790320085.354292 W 813 lat 1888 3499 7962 0 exe 314537 385166 444333 resp 448629 1000 pmu 1033027 1030552 8469504 13755435 1000601801
1790320086.398280 W 814 lat 1703 3462 6277 0 exe 314499 382703 454629 resp 457222 1000 pmu 1032809 1030599 8464562 13792640 994569687
1790320087.338259 W 815 lat 1222 3425 6777 0 exe 304425 382629 454111 resp 457740 1000 pmu 1032707 1028458 8455656 13865201 994131675
1790320088.382277 W 816 lat 1444 3425 6444 0 exe 306777 383351 442166 resp 445499 1000 pmu 1032943 1032347 8462637 13814285 996269906
1790320089.438266 W 817 lat 1814 3407 5962 0 exe 329518 384351 434944 resp 439851 1000 pmu 1032988 1034031 8467625 13708237 998007686
1790320090.382276 W 818 lat 1370 3444 6074 0 exe 305055 383851 446333 resp 450259 1000 pmu 1032938 1031461 8462078 13761877 997419111
1790320091.422285 W 819 lat 1333 3425 6925 0 exe 309666 382185 444222 resp 449185 1000 pmu 1032677 1028687 8462384 13744523 992763833
1790320092.362279 W 820 lat 1629 3462 6518 0 exe 252777 382222 438944 resp 442499 1000 pmu 1032963 1030818 8469237 13747436 992946275
1790320093.414173 W 821 lat 1462 3444 6759 0 exe 292055 381037 459444 resp 463407 1000 pmu 1032673 1027698 8458227 13402991 989505172
1790320094.350286 W 822 lat 1296 3425 6499 0 exe 301370 381018 439037 resp 443814 1000 pmu 1032699 1028602 8461992 13800683 989329984
1790320095.390257 W 823 lat 1277 3444 6074 0 exe 332611 384740 437148 resp 440648 1000 pmu 1032863 1030238 8465959 13644819 997961029
1790320096.430296 W 824 lat 1277 3425 7462 0 exe 276537 383407 442740 resp 445870 1000 pmu 1032919 1030846 8464486 13792334 994628236
1790320097.366248 W 825 lat 1740 3592 7074 0 exe 345185 387166 446833 resp 450888 1000 pmu 1032986 1033728 8466032 13566299 1003052777
1790320098.410279 W 826 lat 1240 3499 7518 0 exe 303407 384722 453259 resp 456296 1000 pmu 1032902 1033023 8459313 13975110 998093392
1790320099.350304 W 827 lat 1370 3592 7296 0 exe 326703 387333 445592 resp 452277 1000 pmu 1032963 1032156 8465238 13812275 1003649923
1790320100.390282 W 828 lat 1611 3592 7296 0 exe 320648 386666 449833 resp 453444 1000 pmu 1032911 1024887 8463728 13883553 1002777533
1790320101.430252 W 829 lat 1092 3351 6907 0 exe 322740 388074 444648 resp 449259 1000 pmu 1032842 1029429 8465755 13878190 1005318449
1790320102.370276 W 830 lat 1314 3425 6685 0 exe 301870 387462 445999 resp 448703 1000 pmu 1033003 1030084 8463573 13842950 1004604321
1790320103.414167 W 831 lat 833 3407 5870 0 exe 310203 389648 454388 resp 456981 1000 pmu 1032817 1033023 8462310 13739753 1010101884
1790320104.346278 W 832 lat 1648 3425 6907 0 exe 267759 387351 451722 resp 456499 1000 pmu 1032796 1030801 8465486 13869091 1004918826
1790320105.386300 W 833 lat 1277 3425 6703 0 exe 323685 389277 457129 resp 460648 1000 pmu 1032953 1029645 8464719 13639258 1009377495
1790320106.426294 W 834 lat 1481 3388 6407 0 exe 273166 386203 443685 resp 448555 1000 pmu 1032746 1027027 8450876 13973538 1002531701
1790320107.362287 W 835 lat 1351 3444 6666 0 exe 319740 388333 444962 resp 448092 1000 pmu 1032833 1028175 8462620 13577085 1007201344
1790320108.402269 W 836 lat 1555 3481 6555 0 exe 270518 386148 445888 resp 449592 1000 pmu 1033027 1025313 8470316 13825516 1002514178
1790320109.342335 W 837 lat 1296 3407 6425 0 exe 297925 389166 451722 resp 458018 1000 pmu 1032883 1032886 8465941 13581269 1009263648
1790320110.390287 W 838 lat 1185 3499 6722 0 exe 287629 383074 444111 resp 448481 1000 pmu 1032536 1028987 8459952 13802487 995349874
1790320111.350269 W 839 lat 1240 3481 6907 0 exe 295185 388481 436944 resp 440518 1000 pmu 1032954 1028908 8466599 13636179 1007752620
1790320112.406242 W 840 lat 1740 3481 7055 0 exe 285314 387222 439703 resp 444314 1000 pmu 1032872 1029847 8466197 13626415 1005178251
1790320113.366274 W 841 lat 1944 3518 7537 0 exe 334111 391037 446148 resp 449166 1000 pmu 1033137 1034784 8466756 13606716 1013906230
1790320114.406280 W 842 lat 1277 3351 6685 0 exe 310962 388203 446870 resp 451333 1000 pmu 1032827 1031259 8456997 13929965 1007796683
1790320115.342290 W 843 lat 1574 3425 6351 0 exe 280648 389148 452333 resp 456740 1000 pmu 1032758 1027794 8460341 13806165 1009532986
1790320116.382290 W 844 lat 1259 3425 6574 0 exe 285333 385259 448666 resp 451814 1000 pmu 1032813 1023015 8454930 13713738 1000528743
1790320117.422270 W 845 lat 1037 3425 6685 0 exe 311481 389111 453148 resp 457481 1000 pmu 1032871 1031909 8460692 13674251 1009280028
1790320118.358272 W 846 lat 1666 3425 7481 0 exe 304648 389185 442296 resp 445925 1000 pmu 1032968 1030328 8466569 13874326 1010148397
1790320119.402265 W 847 lat 1129 3425 6166 0 exe 284185 388129 443648 resp 448592 1000 pmu 1032854 1030048 8461079 13735833 1007008541
1790320120.338285 W 848 lat 1666 3370 6796 0 exe 300611 387499 444074 resp 447462 1000 pmu 1032938 1030603 8458119 13638907 1005728463
1790320121.378276 W 849 lat 1351 3407 5777 0 exe 302592 388629 434499 resp 438722 1000 pmu 1032917 1031403 8474305 13720034 1008180626
1790320122.418261 W 850 lat 1203 3481 6888 0 exe 308944 386407 444259 resp 448796 1000 pmu 1032878 1025254 8458373 13637488 1002971234
1790320123.354273 W 851 lat 1425 3425 6574 0 exe 262333 386722 447592 resp 452370 1000 pmu 1032722 1029323 8465226 13762528 1003547889
1790320124.398287 W 852 lat 1185 3425 6407 0 exe 278407 387981 442796 resp 448092 1000 pmu 1032918 1028484 8465403 13564909 1006397791
1790320125.334261 W 853 lat 2074 3481 6037 0 exe 325203 389111 428240 resp 432351 1000 pmu 1032871 1030568 8458406 13604111 1009538570
1790320126.382176 W 854 lat 1166 3518 6870 0 exe 283759 384685 442722 resp 446740 1000 pmu 1032416 1027868 8457308 13694895 998349064
1790320127.334284 W 855 lat 1814 3518 8907 0 exe 314240 389722 449148 resp 452851 1000 pmu 1033039 1030055 8465938 13610023 1011029552
1790320128.382287 W 856 lat 1592 3629 7166 0 exe 297074 389425 444055 resp 447296 1000 pmu 1033004 1029681 8465881 13863430 1010101698
1790320129.422274 W 857 lat 1333 3462 6888 0 exe 294611 385388 449537 resp 453685 1000 pmu 1032825 1024952 8456740 13713784 1000675009
1790320130.378277 W 858 lat 1629 3462 6574 0 exe 309518 388814 460388 resp 464111 1000 pmu 1032871 1022905 8459501 13737199 1008736900
1790320131.434293 W 859 lat 999 3407 6611 0 exe 280685 387722 443148 resp 446944 1000 pmu 1032820 1031272 8468035 13935040 1006628158
1790320132.370309 W 860 lat 1814 3444 6537 0 exe 333574 390388 454722 resp 459222 1000 pmu 1033171 1033525 8476842 13610103 1012617474
1790320133.418016 W 861 lat 296 2999 6907 0 exe 18166 334518 451814 resp 454870 863 pmu 1031454 909698 8420267 14010747 868952426
1790320134.353982 W 862 lat 296 296 370 0 exe 17055 19462 47314 resp 47629 0 pmu 1023661 39190 8264447 12107413 52221338
1790320135.398016 W 863 lat 296 296 666 0 exe 17185 25055 178129 resp 178444 22 pmu 1023528 100647 8262554 6421279 63889139
1790320136.349986 W 864 lat 296 296 333 0 exe 17666 20925 53759 resp 54055 0 pmu 1023778 55950 8250044 7759687 53263896
1790320137.402003 W 865 lat 296 296 444 0 exe 17407 22685 114462 resp 114907 7 pmu 1023532 76701 8256484 6495969 57562313
1790320138.345981 W 866 lat 296 296 351 0 exe 17037 19833 61574 resp 61888 0 pmu 1023590 43241 8253156 7111778 50137912
1790320139.390004 W 867 lat 296 296 666 0 exe 17222 22537 114759 resp 115092 7 pmu 1023606 74360 8254870 6565521 57052445
1790320140.333980 W 868 lat 296 296 333 0 exe 17388 19722 49814 resp 50129 0 pmu 1023669 41705 8255569 7113615 49808486
1790320141.386002 W 869 lat 296 296 425 0 exe 17444 22296 116999 resp 117314 6 pmu 1023642 71571 8256289 6449045 56405891
1790320142.333979 W 870 lat 296 296 333 0 exe 17259 19888 50925 resp 51222 0 pmu 1023681 43652 8253968 7134612 50244592
1790320143.378009 W 871 lat 296 296 481 0 exe 17370 22129 118777 resp 119259 6 pmu 1023586 69785 8254307 6460185 56022958
1790320144.417981 W 872 lat 296 296 333 0 exe 16870 19833 66648 resp 66944 0 pmu 1023594 43066 8254987 7152316 50126705
1790320145.354004 W 873 lat 296 296 481 0 exe 17074 22037 127203 resp 127518 7 pmu 1023510 68383 8257035 6615322 55860186
1790320146.397979 W 874 lat 296 296 333 0 exe 16907 19574 51888 resp 52203 0 pmu 1023648 40521 8257537 7233702 49588179
1790320147.334005 W 875 lat 296 296 499 0 exe 17462 22499 111074 resp 111462 9 pmu 1023609 74321 8252208 6466682 56926924
1790320148.377979 W 876 lat 296 296 333 0 exe 17074 19555 48537 resp 48870 0 pmu 1023657 40174 8258091 7077147 49431768
1790320149.418004 W 877 lat 296 296 407 0 exe 16999 22611 125759 resp 126092 11 pmu 1023563 75306 8250873 6434078 57242609
1790320150.357982 W 878 lat 296 296 333 0 exe 17148 19925 63037 resp 63351 0 pmu 1023557 44124 8250582 7221600 50422519
1790320151.402003 W 879 lat 296 296 425 0 exe 17092 22814 111037 resp 111351 10 pmu 1023477 77827 8255301 6580995 57816585
1790320152.337981 W 880 lat 296 296 333 0 exe 17444 19740 48592 resp 48907 0 pmu 1023567 42002 8254352 7075795 49859421
1790320153.382002 W 881 lat 296 296 833 0 exe 17314 22185 110888 resp 111370 7 pmu 1023574 70520 8254170 6437171 56206038
1790320154.425980 W 882 lat 296 296 333 0 exe 17481 19740 45333 resp 45629 0 pmu 1023632 42026 8254452 7074989 49864630
1790320155.362008 W 883 lat 296 296 537 0 exe 17388 22351 119444 resp 119870 6 pmu 1023580 72376 8255836 6404667 56511784
1790320156.401983 W 884 lat 296 296 333 0 exe 17148 20055 70166 resp 70481 0 pmu 1023620 45797 8256134 7160190 50713978
1790320157.338009 W 885 lat 296 296 425 0 exe 17518 22351 110148 resp 110574 8 pmu 1023544 72447 8254518 6652966 56679685
1790320158.377980 W 886 lat 296 296 351 0 exe 17555 20055 51333 resp 51648 0 pmu 1023670 45712 8256180 7067280 50600973
1790320159.418008 W 887 lat 296 296 555 0 exe 17129 22685 117185 resp 117537 7 pmu 1023609 76162 8254267 6466740 57387636
1790320160.353979 W 888 lat 296 296 351 0 exe 17185 19777 50851 resp 51148 0 pmu 1023620 42515 8254260 7137842 49971224
1790320161.394009 W 889 lat 296 296 518 0 exe 17111 22314 123574 resp 123888 7 pmu 1023609 71850 8254968 6458617 56481679
1790320162.329982 W 890 lat 296 296 333 0 exe 17537 20111 51518 resp 51814 0 pmu 1023615 46398 8251096 7199235 50859865
1790320163.370009 W 891 lat 296 296 444 0 exe 17537 22425 121611 resp 122055 6 pmu 1023565 73136 8254915 6468624 56801515
1790320164.409981 W 892 lat 296 296 333 0 exe 16999 19666 55166 resp 55481 0 pmu 1023636 41340 8254073 7182500 49758517
1790320165.346008 W 893 lat 296 296 537 0 exe 17462 22370 118555 resp 119055 7 pmu 1023589 72970 8257429 6500384 56675412
1790320166.385981 W 894 lat 296 296 351 0 exe 17592 19925 51314 resp 51629 0 pmu 1023648 44458 8255037 7152139 50369338
1790320167.426007 W 895 lat 296 296 574 0 exe 17648 23370 119444 resp 120018 7 pmu 1023517 84264 8253320 6466189 59103327
1790320168.361981 W 896 lat 296 296 333 0 exe 17185 19814 52518 resp 52851 0 pmu 1023634 42922 8254032 7167414 50094654
1790320169.402006 W 897 lat 296 296 407 0 exe 17425 22314 112666 resp 113018 8 pmu 1023610 72346 8255275 6475529 56499854
1790320170.337978 W 898 lat 296 296 351 0 exe 17018 19685 49259 resp 49555 0 pmu 1023680 41457 8257857 7091361 49710365
1790320171.378008 W 899 lat 296 296 444 0 exe 17277 22833 126314 resp 126685 13 pmu 1023540 77805 8254162 6441528 57797900
1790320172.417985 W 900 lat 296 296 333 0 exe 17240 20277 52037 resp 52351 0 pmu 1023640 48209 8252788 7230017 51293884
1790320173.354008 W 901 lat 296 296 462 0 exe 17203 22407 110296 resp 110722 8 pmu 1023563 73387 8251387 6473145 56756159
1790320174.401971 W 902 lat 296 296 333 0 exe 17111 19777 53759 resp 54074 0 pmu 1023607 42536 8254688 7067622 49958244
1790320175.338009 W 903 lat 296 296 462 0 exe 17537 22740 109166 resp 109574 11 pmu 1023582 77316 8256136 6487468 57624664
1790320176.389981 W 904 lat 296 296 388 0 exe 17240 19833 51592 resp 51888 0 pmu 1023666 43210 8252052 7059692 50083680
1790320177.338007 W 905 lat 296 296 518 0 exe 17407 22240 112944 resp 113333 7 pmu 1023634 71118 8253313 6466674 56347408
1790320178.389985 W 906 lat 296 296 333 0 exe 17037 19981 52277 resp 52592 0 pmu 1023672 44950 8250760 7094329 50465327
1790320179.334010 W 907 lat 296 296 925 0 exe 17518 22777 112833 resp 113759 9 pmu 1023664 77589 8257701 6473242 57629321
1790320180.385978 W 908 lat 296 296 407 0 exe 17407 19888 50981 resp 51296 0 pmu 1023638 43865 8252588 7101398 50218984
1790320181.426007 W 909 lat 296 296 444 0 exe 17259 23037 111703 resp 112148 10 pmu 1023495 80732 8250933 6461942 58352526
1790320182.369978 W 910 lat 296 296 333 0 exe 17444 19962 51944 resp 52259 0 pmu 1023708 44471 8246531 7085055 50401183
1790320183.414007 W 911 lat 296 296 444 0 exe 17444 22481 112870 resp 113185 7 pmu 1023627 74027 8252045 6471698 56909352
1790320184.353981 W 912 lat 296 296 333 0 exe 16907 20018 66981 resp 67296 0 pmu 1023653 45476 8253500 7094231 50561189
1790320185.394008 W 913 lat 296 296 481 0 exe 17296 22814 120481 resp 120907 10 pmu 1023575 77879 8255342 6619745 57855709
1790320186.333978 W 914 lat 296 296 333 0 exe 17222 19703 50888 resp 51185 0 pmu 1023634 41719 8251904 7172143 49836764
1790320187.382007 W 915 lat 296 296 425 0 exe 17222 22481 109203 resp 109518 8 pmu 1023595 74030 8253717 6458723 56923165
1790320188.433984 W 916 lat 296 296 333 0 exe 17185 20166 53925 resp 54222 0 pmu 1023691 46939 8254764 7056353 50857879
1790320189.378009 W 917 lat 296 296 425 0 exe 17518 22722 112055 resp 112370 6 pmu 1023596 76773 8253894 6491350 57566999
1790320190.329979 W 918 lat 296 296 351 0 exe 17259 19907 50592 resp 50907 0 pmu 1023672 43955 8251805 7087747 50271918
1790320191.378007 W 919 lat 296 296 518 0 exe 17592 22833 117666 resp 117981 10 pmu 1023614 78007 8257686 6457222 57805277
1790320192.417979 W 920 lat 296 296 333 0 exe 17425 20185 52055 resp 52370 0 pmu 1023703 47272 8255128 7145245 50987050
1790320193.354009 W 921 lat 296 296 462 0 exe 17370 22166 112462 resp 112777 7 pmu 1023635 70469 8259303 6473830 56113723
1790320194.393985 W 922 lat 296 296 351 0 exe 17499 20018 53037 resp 53370 0 pmu 1023677 45501 8254012 7088393 50588798
1790320195.330015 W 923 lat 296 296 537 0 exe 16981 24833 111370 resp 111703 12 pmu 1023582 101679 8256918 6483453 63041980
1790320196.369977 W 924 lat 296 296 333 0 exe 17129 19518 51870 resp 52185 0 pmu 1023651 39816 8264516 7089267 49334867
1790320197.414294 W 925 lat 296 629 12055 0 exe 17037 68185 624203 resp 628444 124 pmu 1024300 182889 8294748 6467708 173764557
1790320198.362498 W 926 lat 314 4185 11962 0 exe 105370 531907 735018 resp 741962 1000 pmu 1028362 1037592 8379219 12516738 1354051009
1790320199.406464 W 927 lat 1777 6055 12777 0 exe 252611 617833 722222 resp 732537 1000 pmu 1031372 1039831 8412495 16416164 1549997289
1790320200.346133 W 928 lat 296 4796 12277 0 exe 102814 500759 709407 resp 718388 1000 pmu 1027665 1031196 8360849 17491927 1273122601
1790320201.394482 W 929 lat 296 4203 13314 0 exe 102740 472296 733537 resp 741277 1000 pmu 1025595 1023698 8352984 16006427 1199724046
1790320202.342165 W 930 lat 314 4296 14148 0 exe 102703 512092 727055 resp 734240 1000 pmu 1027210 1034545 8351801 16100984 1307463354
1790320203.406081 W 931 lat 296 2351 8092 0 exe 102685 343388 647407 resp 651314 1000 pmu 1023643 1026128 8322644 16236671 900471463
1790320204.354454 W 932 lat 444 4907 12277 0 exe 108407 549685 697462 resp 706888 1000 pmu 1028688 1035880 8374518 14540186 1391034697
1790320205.406398 W 933 lat 2148 5851 12759 0 exe 256314 592018 709814 resp 717203 1000 pmu 1031229 1037757 8413042 16163054 1490615548
1790320206.350106 W 934 lat 296 3722 9351 0 exe 103074 461444 656777 resp 661333 1000 pmu 1025145 1026290 8328655 17243159 1179271335
1790320207.398438 W 935 lat 407 4870 9296 0 exe 109629 577925 722037 resp 729888 1000 pmu 1027549 1037013 8355980 15242691 1459181351
1790320208.342392 W 936 lat 314 2314 9370 0 exe 97833 338851 671629 resp 677037 999 pmu 1023211 1023690 8312826 16532953 892443376
1790320209.394445 W 937 lat 351 4481 10333 0 exe 107870 523129 688259 resp 691759 1000 pmu 1027649 1036700 8367615 14749460 1326585929
1790320210.354503 W 938 lat 1425 5722 12703 0 exe 245222 592555 725870 resp 731037 1000 pmu 1030536 1039269 8404637 15893652 1493076659
1790320211.402277 W 939 lat 462 4759 12148 0 exe 118666 543018 701222 resp 711499 1000 pmu 1028292 1034016 8370821 17335450 1373923412
1790320212.346443 W 940 lat 314 4277 9425 0 exe 101759 518333 681814 resp 687611 1000 pmu 1026455 1028429 8339489 16221445 1316857553
1790320213.402256 W 941 lat 296 3092 8499 0 exe 110092 418759 674888 resp 679296 1000 pmu 1024714 1028521 8324078 15780287 1074189342
1790320214.350283 W 942 lat 314 3796 9666 0 exe 106203 462666 690925 resp 695277 1000 pmu 1025874 1032122 8349480 15237217 1190452280
1790320215.406416 W 943 lat 1055 5537 12555 0 exe 197870 580203 719055 resp 725648 1000 pmu 1030035 1038917 8395375 15606865 1461135769
1790320216.342280 W 944 lat 555 5314 13166 0 exe 177555 560018 715944 resp 722574 1000 pmu 1029863 1025340 8384336 16972401 1414036637
1790320217.382432 W 945 lat 314 3722 9722 0 exe 103703 468722 698074 resp 702685 1000 pmu 1025070 1022884 8334289 16738359 1205718646
1790320218.422197 W 946 lat 296 4351 9277 0 exe 107888 529574 721574 resp 725444 1000 pmu 1026890 1034790 8343511 15697352 1339471339
1790320219.358378 W 947 lat 314 2444 13277 0 exe 102870 344870 655703 resp 661537 1000 pmu 1023808 1023085 8325784 16254801 914677244
1790320220.402537 W 948 lat 537 5055 11166 0 exe 219240 557574 707518 resp 712740 1000 pmu 1029162 1039215 8381686 14667662 1412582604
1790320221.342279 W 949 lat 1166 5611 12370 0 exe 251888 582722 711314 resp 717740 1000 pmu 1030764 1036518 8407017 16831820 1468177632
1790320222.378139 W 950 lat 296 3796 8444 0 exe 87759 471796 712185 resp 717444 975 pmu 1025985 1020308 8335252 17176664 1201993684
1790320223.418385 W 951 lat 314 4777 11703 0 exe 103833 576796 703703 resp 712333 1000 pmu 1028079 1037118 8366590 15771435 1454056958
1790320224.354337 W 952 lat 314 2444 8870 0 exe 102648 341999 648907 resp 653222 1000 pmu 1022924 1023989 8308378 16330054 901720218
1790320225.394503 W 953 lat 314 4518 10370 0 exe 103092 518851 707833 resp 715462 1000 pmu 1027653 1036837 8369878 14554511 1327685850
1790320226.438311 W 954 lat 1592 5759 11185 0 exe 180370 589259 727277 resp 732499 1000 pmu 1030410 1035989 8406414 16064892 1485260522
1790320227.374048 W 955 lat 907 4648 11499 0 exe 170444 540018 660092 resp 663537 1000 pmu 1028162 1032129 8365353 17002404 1366563610
1790320228.418402 W 956 lat 444 4425 9703 0 exe 102499 543185 736722 resp 742462 1000 pmu 1026247 1029949 8342256 16018299 1372697509
1790320229.366223 W 957 lat 296 3129 8425 0 exe 106240 421648 676018 resp 681870 1000 pmu 1024330 1027897 8323845 16459891 1087560233
1790320230.422552 W 958 lat 314 3851 9407 0 exe 104425 470259 699722 resp 705796 1000 pmu 1026377 1034260 8353278 15250704 1211203994
1790320231.374626 W 959 lat 1185 5499 11759 0 exe 224444 580796 770037 resp 776092 1000 pmu 1030132 1040558 8401741 15731456 1465288506
1790320232.426544 W 960 lat 870 4685 11814 0 exe 184296 539425 721074 resp 725481 1000 pmu 1028553 1033684 8368761 17611772 1365767113
1790320233.378340 W 961 lat 333 4314 10907 0 exe 104148 530555 667203 resp 671833 1000 pmu 1025981 1025651 8338308 16700979 1345287611
1790320234.430186 W 962 lat 314 3814 10407 0 exe 106259 480222 726759 resp 731944 1000 pmu 1026414 1032514 8343066 15709062 1234491756
1790320235.374430 W 963 lat 314 3074 9314 0 exe 103499 396185 661351 resp 668444 1000 pmu 1023947 1026202 8319872 16061175 1027256094
1790320236.426522 W 964 lat 1444 5277 11925 0 exe 166203 569499 717925 resp 722703 1000 pmu 1029603 1039536 8388579 14973507 1440622361
1790320237.366400 W 965 lat 1611 5537 13111 0 exe 246925 584055 727722 resp 731796 1000 pmu 1030116 1038238 8391526 16737697 1470826143
1790320238.418418 W 966 lat 296 3611 11444 0 exe 87407 455444 724851 resp 731981 974 pmu 1025451 1020666 8333156 17316546 1169946024
1790320239.362394 W 967 lat 296 4925 10314 0 exe 105407 582314 719962 resp 726111 1000 pmu 1027379 1036625 8346823 15837894 1462131178
1790320240.418319 W 968 lat 296 2296 8481 0 exe 104222 341685 638611 resp 643611 1000 pmu 1023320 1026569 8323537 16509341 895926199
1790320241.358430 W 969 lat 481 5055 10518 0 exe 113407 567074 718740 resp 725888 1000 pmu 1028867 1037753 8372453 14458576 1432791394
1790320242.398455 W 970 lat 814 5092 12240 0 exe 150703 563814 692129 resp 697981 1000 pmu 1029120 1039631 8388380 16468586 1427212726
1790320243.438289 W 971 lat 648 4888 10925 0 exe 187092 560444 675055 resp 683277 1000 pmu 1028657 1033018 8369181 16376430 1413817914
1790320244.378513 W 972 lat 296 3574 9870 0 exe 105259 456851 681388 resp 686129 1000 pmu 1026137 1031512 8339540 16374337 1177858896
1790320245.418326 W 973 lat 314 3833 9722 0 exe 106537 499555 684018 resp 691944 1000 pmu 1024367 1030491 8325663 15479588 1266359491
1790320246.354501 W 974 lat 333 4037 11370 0 exe 110129 493148 702407 resp 708685 1000 pmu 1026998 1034320 8350393 15742368 1262344334
1790320247.398325 W 975 lat 1055 5277 11444 0 exe 204981 572314 723796 resp 731740 1000 pmu 1029178 1039283 8378145 15913132 1444911196
1790320248.438422 W 976 lat 333 4462 11111 0 exe 109203 534425 688018 resp 692259 1000 pmu 1027753 1033859 8358697 17015754 1354883205
1790320249.374147 W 977 lat 296 4888 11925 0 exe 109259 539666 728351 resp 735407 1000 pmu 1027942 1024601 8375176 15961744 1362980544
1790320250.418420 W 978 lat 314 3314 8351 0 exe 106166 434518 643148 resp 648870 1000 pmu 1025044 1026070 8325032 16411760 1118662752
1790320251.354294 W 979 lat 333 4148 10499 0 exe 113611 507074 679518 resp 684333 1000 pmu 1027457 1036029 8361743 14985891 1292728510
1790320252.398453 W 980 lat 1111 4796 9722 0 exe 251888 540092 663777 resp 668351 1000 pmu 1029025 1034836 8377324 15760278 1368514384
1790320253.438616 W 981 lat 314 3796 10148 0 exe 104796 463092 671740 resp 676129 1000 pmu 1026366 1033037 8349278 16461416 1184744812
1790320254.378467 W 982 lat 1092 5629 11592 0 exe 234259 610870 734333 resp 740111 1000 pmu 1030066 1036437 8392976 15412772 1536873735
1790320255.418508 W 983 lat 296 2166 11574 0 exe 104592 322574 680499 resp 687092 1000 pmu 1022748 1021951 8308284 17452169 849698695
1790320256.354346 W 984 lat 333 4574 11537 0 exe 106962 527796 692833 resp 697481 1000 pmu 1028025 1037153 8368279 14806643 1340821934
1790320257.398019 W 985 lat 296 4574 9703 0 exe 20092 518962 670592 resp 676796 931 pmu 1028043 989959 8354334 15970202 1310457845
1790320258.334003 W 986 lat 296 296 462 0 exe 17111 22277 110851 resp 111166 8 pmu 1023479 71826 8264206 15264791 61697417
1790320259.386058 W 987 lat 296 574 8277 0 exe 17388 58259 643351 resp 647499 71 pmu 1023270 116449 8274584 7071780 146149978
1790320260.338017 W 988 lat 296 388 6685 0 exe 19222 39759 634499 resp 639277 44 pmu 1023258 157055 8256415 12637930 105502714
1790320261.397993 W 989 lat 296 296 425 0 exe 18796 22370 57203 resp 57499 0 pmu 1023708 73195 8259112 12460146 60357552
1790320262.354015 W 990 lat 296 296 592 0 exe 18981 25888 123166 resp 123629 12 pmu 1023495 112704 8259319 6543672 67005445
1790320263.422000 W 991 lat 296 296 444 0 exe 19074 22944 58814 resp 59129 0 pmu 1023615 80113 8260217 7223509 58829492
1790320264.358018 W 992 lat 296 296 611 0 exe 20129 26629 115962 resp 116574 12 pmu 1023472 121420 8265085 6564036 69071013
1790320265.397994 W 993 lat 296 296 425 0 exe 19018 22259 61925 resp 62222 0 pmu 1023600 72110 8257300 7161652 56930814
1790320266.334022 W 994 lat 296 296 518 0 exe 19185 25481 123111 resp 123629 12 pmu 1023498 108189 8258060 6591202 65850730
1790320267.373997 W 995 lat 296 296 425 0 exe 19240 22722 58870 resp 59185 0 pmu 1023666 77487 8258459 7221682 58258283
1790320268.414020 W 996 lat 296 296 814 0 exe 19351 25592 121277 resp 121666 12 pmu 1023537 109568 8261434 6564412 66232513
1790320269.349994 W 997 lat 296 296 407 0 exe 19314 22962 58740 resp 59055 0 pmu 1023656 80200 8259867 7205756 58865367
1790320270.390019 W 998 lat 296 296 574 0 exe 19203 26314 120833 resp 121259 20 pmu 1023430 117822 8259859 6564626 68273112
1790320271.429997 W 999 lat 296 296 462 0 exe 19148 22703 58851 resp 59166 0 pmu 1023679 77501 8257076 7203101 58174231
1790320272.366021 W 1000 lat 296 296 592 0 exe 19444 25666 117370 resp 117796 11 pmu 1023542 110016 8260470 6563793 66301499
1790320273.405995 W 1001 lat 296 296 499 0 exe 18888 22296 58370 resp 58685 0 pmu 1023591 72788 8262188 7166564 57011014
1790320274.342018 W 1002 lat 296 296 611 0 exe 19018 25462 124407 resp 124888 11 pmu 1023480 108242 8261200 6555808 65787808
1790320275.381999 W 1003 lat 296 296 425 0 exe 18777 23370 59685 resp 59981 0 pmu 1023604 84926 8263381 7233931 60012611
1790320276.422017 W 1004 lat 296 296 759 0 exe 18814 25814 119092 resp 119611 12 pmu 1023373 111959 8258390 6573299 66807232
1790320277.357992 W 1005 lat 296 296 481 0 exe 18814 22277 59314 resp 59629 0 pmu 1023622 72499 8260407 7182659 57008787
1790320278.398022 W 1006 lat 296 296 666 0 exe 19055 27555 127629 resp 128018 17 pmu 1023436 131373 8261926 6564745 71334579
1790320279.333998 W 1007 lat 296 296 425 0 exe 19018 23666 53296 resp 53592 0 pmu 1023631 88109 8260463 7277014 60579123
1790320280.374020 W 1008 lat 296 296 518 0 exe 19148 25537 118296 resp 118759 12 pmu 1023449 109067 8260246 6512098 66009672
1790320281.414002 W 1009 lat 296 296 425 0 exe 18592 22796 58185 resp 58592 0 pmu 1023613 78460 8259680 7173476 58383589
1790320282.350020 W 1010 lat 296 296 518 0 exe 19259 25537 115148 resp 115555 12 pmu 1023493 108832 8260818 6555165 65981632
1790320283.389998 W 1011 lat 296 296 407 0 exe 18166 22740 64222 resp 64537 0 pmu 1023597 77756 8257208 7142282 58242542
1790320284.430020 W 1012 lat 296 296 537 0 exe 19055 25611 123666 resp 123999 14 pmu 1023474 109661 8260389 6612499 66263360
1790320285.365995 W 1013 lat 296 296 462 0 exe 19129 22222 59222 resp 59537 0 pmu 1023585 71643 8251936 7226634 56918818
1790320286.406020 W 1014 lat 296 296 685 0 exe 18981 25481 122518 resp 122999 15 pmu 1023530 108383 8249000 6565014 65950390
1790320287.342003 W 1015 lat 296 296 555 0 exe 19129 23092 62185 resp 62518 0 pmu 1023641 81856 8255538 7215404 59305979
1790320288.382019 W 1016 lat 296 296 518 0 exe 18796 26277 119129 resp 119555 21 pmu 1023358 117072 8252488 6599528 68184962
1790320289.425994 W 1017 lat 296 296 407 0 exe 18962 22092 58259 resp 58592 0 pmu 1023636 70119 8257616 7183702 56494304
1790320290.362020 W 1018 lat 296 296 555 0 exe 19499 26592 122814 resp 123148 15 pmu 1023521 120760 8256174 6553727 68943276
1790320291.401998 W 1019 lat 296 296 425 0 exe 19240 22703 57240 resp 57555 0 pmu 1023657 77465 8254720 7225327 58211426
1790320292.338022 W 1020 lat 296 296 703 0 exe 19129 25462 121351 resp 121944 16 pmu 1023479 107842 8252477 6547985 65789920
1790320293.378002 W 1021 lat 296 296 444 0 exe 19222 23074 58870 resp 59203 0 pmu 1023711 81351 8257076 7205200 59163664
1790320294.418020 W 1022 lat 296 296 888 0 exe 19129 25407 125222 resp 126111 12 pmu 1023513 107346 8250645 6566082 65637692
1790320295.353998 W 1023 lat 296 296 481 0 exe 19055 23518 61203 resp 61499 0 pmu 1023637 86229 8253607 7245975 60465253
1790320296.394015 W 1024 lat 296 296 574 0 exe 19277 25351 114277 resp 114777 11 pmu 1023543 106742 8256223 6590925 65534565
1790320297.329993 W 1025 lat 296 296 499 0 exe 18981 22166 55074 resp 55388 0 pmu 1023653 70976 8252763 7133635 56658430
1790320298.370017 W 1026 lat 296 296 499 0 exe 19277 26370 120111 resp 120574 14 pmu 1023465 118022 8252946 6522799 68252187
1790320299.409996 W 1027 lat 296 296 592 0 exe 19185 23388 53703 resp 54018 0 pmu 1023651 84904 8256805 7196360 60104431
1790320300.346017 W 1028 lat 296 296 499 0 exe 19240 26129 118722 resp 119148 14 pmu 1023481 115487 8256404 6516470 67648854
1790320301.385993 W 1029 lat 296 296 425 0 exe 19111 22407 56111 resp 56499 0 pmu 1023629 73488 8253728 7180867 57336993
1790320302.426015 W 1030 lat 296 296 444 0 exe 18925 25481 126629 resp 126944 15 pmu 1023464 107891 8256072 6534955 65822182
1790320303.361998 W 1031 lat 296 296 462 0 exe 19185 22944 52999 resp 53296 0 pmu 1023662 79906 8257692 7254330 58840503
1790320304.406017 W 1032 lat 296 296 611 0 exe 18999 25129 121796 resp 122166 13 pmu 1023504 104121 8255395 6506603 64804857
1790320305.341998 W 1033 lat 296 296 592 0 exe 18962 23703 55574 resp 55888 0 pmu 1023558 88627 8255202 7205666 60978855
1790320306.382015 W 1034 lat 296 296 499 0 exe 19092 25518 116499 resp 116981 16 pmu 1023473 108637 8255025 6535831 65966554
1790320307.421995 W 1035 lat 296 296 425 0 exe 18962 22981 53499 resp 53796 0 pmu 1023602 80478 8256484 7155255 58958571
1790320308.358014 W 1036 lat 296 296 611 0 exe 19481 25259 115277 resp 115703 13 pmu 1023559 105499 8255806 6510537 65217958
1790320309.397997 W 1037 lat 296 296 629 0 exe 18999 22277 54296 resp 54611 0 pmu 1023645 72407 8254568 7143945 57045012
1790320310.334017 W 1038 lat 296 296 870 0 exe 19333 25981 115555 resp 115962 15 pmu 1023500 113834 8256294 6516269 67162154
1790320311.373996 W 1039 lat 296 296 574 0 exe 19351 23407 58388 resp 58796 0 pmu 1023592 85319 8256336 7150744 60141424
1790320312.414016 W 1040 lat 296 296 574 0 exe 19444 25148 123240 resp 123629 12 pmu 1023491 104520 8259423 6564757 64985019
1790320313.349991 W 1041 lat 296 296 425 0 exe 18925 22314 54962 resp 55277 0 pmu 1023662 72749 8254688 7222341 57193417
1790320314.390016 W 1042 lat 296 296 518 0 exe 18962 25370 122648 resp 123166 14 pmu 1023544 106751 8256489 6521695 65532789
1790320315.429994 W 1043 lat 296 296 407 0 exe 19185 22814 53388 resp 53759 0 pmu 1023639 78300 8258650 7215602 58518433
1790320316.366020 W 1044 lat 296 296 574 0 exe 18962 25703 121888 resp 122462 15 pmu 1023479 110763 8254571 6509869 66457659
1790320317.405994 W 1045 lat 296 296 425 0 exe 18888 22925 56370 resp 56777 0 pmu 1023594 79447 8254019 7210291 58810734
1790320318.342019 W 1046 lat 296 296 648 0 exe 19370 25129 119296 resp 119907 13 pmu 1023409 104471 8254399 6539095 65017928
1790320319.382020 W 1047 lat 296 296 574 0 exe 18074 26370 122555 resp 122925 17 pmu 1023483 119125 8261881 7184070 67796568
1790320320.422010 W 1048 lat 296 296 407 0 exe 17018 22055 114092 resp 114481 7 pmu 1023624 69386 8258812 7214810 56361813
1790320321.358003 W 1049 lat 296 296 425 0 exe 17092 21259 106574 resp 106999 5 pmu 1023618 60101 8259948 7102304 53841995
1790320322.398007 W 1050 lat 296 296 333 0 exe 17240 22240 130203 resp 130518 6 pmu 1023519 71672 8259445 7023857 56712255
1790320323.333989 W 1051 lat 296 296 333 0 exe 16759 20037 47685 resp 47999 0 pmu 1023551 45627 8254261 7264742 50725454
1790320324.374007 W 1052 lat 296 296 592 0 exe 16944 21425 111425 resp 111851 7 pmu 1023630 62183 8261994 6426276 54300305
1790320325.413983 W 1053 lat 296 296 333 0 exe 17129 19388 44407 resp 44740 0 pmu 1023643 38064 8259340 7073234 49007199
1790320326.350015 W 1054 lat 296 296 555 0 exe 17166 21888 109166 resp 109574 7 pmu 1023647 67534 8260011 6392038 55413590
1790320327.390023 W 1055 lat 296 444 518 0 exe 18018 26574 52351 resp 52648 0 pmu 1023700 45460 8256144 7053927 44838085
1790320328.430053 W 1056 lat 462 462 611 0 exe 24018 29888 135666 resp 136166 19 pmu 1023591 69123 8259848 6513342 47652616
1790320329.366013 W 1057 lat 462 462 518 0 exe 24425 27481 75351 resp 75851 0 pmu 1023698 44241 8255364 7395643 43754920
1790320330.406047 W 1058 lat 462 462 666 0 exe 24240 29740 140925 resp 141425 19 pmu 1023658 67789 8257757 6781985 47607449
1790320331.342025 W 1059 lat 462 462 499 0 exe 24296 27666 64185 resp 64685 0 pmu 1023783 46278 8261311 7448987 44072301
1790320332.382067 W 1060 lat 462 462 740 0 exe 24259 29129 138129 resp 138648 19 pmu 1023628 61697 8260044 6670529 46579861
1790320333.422014 W 1061 lat 462 462 518 0 exe 24074 26925 64962 resp 65462 0 pmu 1023747 38928 8261921 7418397 42937876
1790320334.358051 W 1062 lat 462 462 740 0 exe 23870 28777 138999 resp 139592 19 pmu 1023690 58130 8262005 6673608 46060503
1790320335.398016 W 1063 lat 462 462 499 0 exe 24277 27999 66981 resp 67444 0 pmu 1023752 49591 8263744 7423737 44559074
1790320336.334055 W 1064 lat 462 462 629 0 exe 24055 29296 131462 resp 131962 19 pmu 1023654 63192 8260480 6700026 46873047
1790320337.374017 W 1065 lat 462 462 592 0 exe 24333 27370 63370 resp 63851 0 pmu 1023769 43349 8264549 7350815 43562369
1790320338.414067 W 1066 lat 462 462 592 0 exe 23814 29685 131296 resp 131796 19 pmu 1023615 67329 8262156 6661492 47497765
1790320339.350020 W 1067 lat 462 462 611 0 exe 24185 28351 72129 resp 72611 0 pmu 1023773 53730 8263456 7349959 45078623
1790320340.390068 W 1068 lat 370 462 555 0 exe 21296 28074 134592 resp 135148 17 pmu 1023731 54631 8263164 6753304 45709784
1790320341.430020 W 1069 lat 462 462 499 0 exe 24370 28999 103740 resp 104222 2 pmu 1023676 60096 8264526 7361782 46085145
1790320342.370050 W 1070 lat 462 462 629 0 exe 24166 27166 131388 resp 131888 8 pmu 1023692 41056 8264768 7072994 43715268
1790320343.410022 W 1071 lat 462 462 537 0 exe 24277 29407 118777 resp 119259 11 pmu 1023569 64392 8261400 7340105 46654892
1790320344.346053 W 1072 lat 462 462 499 0 exe 24203 26611 50148 resp 50611 0 pmu 1023704 35406 8261868 7225166 42307324
1790320345.386025 W 1073 lat 462 462 629 0 exe 24388 30018 132148 resp 132648 19 pmu 1023651 70493 8258283 6523996 47816958
1790320346.426062 W 1074 lat 462 462 518 0 exe 24203 26592 50537 resp 51018 0 pmu 1023779 35342 8258076 7363007 42358163
1790320347.362026 W 1075 lat 462 462 648 0 exe 24222 30851 132333 resp 132962 19 pmu 1023597 78891 8262325 6528095 49175679
1790320348.402059 W 1076 lat 462 462 518 0 exe 24166 26537 48166 resp 48648 0 pmu 1023749 35060 8260953 7369010 42307176
1790320349.338021 W 1077 lat 462 462 611 0 exe 24074 30222 132277 resp 132777 19 pmu 1023684 72594 8259469 6503981 48180072
1790320350.382054 W 1078 lat 462 462 499 0 exe 24574 26592 48018 resp 48499 0 pmu 1023766 35635 8258684 7363678 42412915
1790320351.422025 W 1079 lat 462 462 592 0 exe 24481 30740 133518 resp 134018 18 pmu 1023646 77692 8262920 6504807 48937882
1790320352.358019 W 1080 lat 462 462 518 0 exe 24425 26722 51611 resp 52092 0 pmu 1023763 36792 8264692 7380571 42581710
1790320353.398047 W 1081 lat 462 462 666 0 exe 24037 29703 129407 resp 129907 19 pmu 1023687 67407 8261440 6540570 47416144
1790320354.334019 W 1082 lat 462 462 518 0 exe 24111 26629 60111 resp 60574 0 pmu 1023745 35959 8260908 7332441 42401787
1790320355.374049 W 1083 lat 462 462 870 0 exe 24277 30185 136296 resp 136777 18 pmu 1023654 71793 8261786 6623397 48122061
1790320356.414055 W 1084 lat 388 462 499 0 exe 21814 27166 62592 resp 63074 0 pmu 1023648 45687 8261804 7406022 44152647
1790320357.350021 W 1085 lat 462 462 777 0 exe 24203 30037 132962 resp 133499 18 pmu 1023581 70558 8256157 6639106 47978396
1790320358.390021 W 1086 lat 462 462 518 0 exe 24407 26962 46574 resp 47055 0 pmu 1023715 38741 8253048 7371357 42938893
1790320359.430052 W 1087 lat 462 462 1129 0 exe 24018 29981 136685 resp 137185 19 pmu 1023670 69682 8258292 6491439 47775050
1790320360.366019 W 1088 lat 462 462 629 0 exe 24314 26870 63796 resp 64259 0 pmu 1023728 38407 8259584 7408934 42851920
1790320361.406049 W 1089 lat 462 462 611 0 exe 24574 30166 144407 resp 144925 19 pmu 1023657 71541 8258764 6663142 48148594
1790320362.342018 W 1090 lat 462 462 518 0 exe 23981 26740 59648 resp 60129 0 pmu 1023712 37106 8260004 7487293 42722077
1790320363.382047 W 1091 lat 462 462 870 0 exe 24203 30148 136259 resp 136814 19 pmu 1023596 71471 8257740 6618782 48109171
1790320364.422080 W 1092 lat 462 462 518 0 exe 24277 26722 60111 resp 60592 0 pmu 1023815 36760 8260424 7405275 42602414
1790320365.358048 W 1093 lat 462 462 685 0 exe 24370 30055 133777 resp 134277 19 pmu 1023740 70433 8254830 6624764 47959551
1790320366.398017 W 1094 lat 462 462 499 0 exe 23907 26870 62462 resp 62925 0 pmu 1023789 38215 8255684 7379776 42833082
1790320367.334052 W 1095 lat 462 462 666 0 exe 24111 30203 133148 resp 133629 18 pmu 1023646 72108 8260746 6647222 48197843
1790320368.374019 W 1096 lat 462 462 537 0 exe 24259 26722 63111 resp 63611 0 pmu 1023783 37079 8262628 7372581 42603499
1790320369.414049 W 1097 lat 462 462 592 0 exe 24481 29944 133740 resp 134222 19 pmu 1023656 69363 8260314 6655064 47785533
1790320370.350019 W 1098 lat 462 462 499 0 exe 24018 26907 63185 resp 63648 0 pmu 1023714 38608 8260552 7378814 42866932
1790320371.390051 W 1099 lat 462 462 666 0 exe 24370 29944 137240 resp 137740 18 pmu 1023686 69601 8262655 6655083 47828311
1790320372.430039 W 1100 lat 462 462 518 0 exe 24259 27111 61333 resp 61796 0 pmu 1023687 41004 8263838 7413719 43224975
1790320373.366047 W 1101 lat 388 462 592 0 exe 23833 29259 131277 resp 131796 16 pmu 1023593 68643 8256835 6638824 48260634
1790320374.406017 W 1102 lat 462 462 518 0 exe 23925 26666 57499 resp 57981 0 pmu 1023768 36310 8262064 7347347 42476122
1790320375.342047 W 1103 lat 462 462 611 0 exe 24351 30148 134999 resp 135555 18 pmu 1023659 71812 8261803 6596832 48077318
1790320376.382017 W 1104 lat 462 462 518 0 exe 24129 26703 56333 resp 56814 0 pmu 1023703 36599 8263648 7392135 42582690
1790320377.422048 W 1105 lat 462 462 648 0 exe 24166 29703 133351 resp 133833 18 pmu 1023625 67368 8262063 6586274 47426707
1790320378.358013 W 1106 lat 462 462 611 0 exe 24185 26574 61092 resp 61574 0 pmu 1023784 35310 8263718 7372440 42356905
1790320379.398046 W 1107 lat 462 462 722 0 exe 24203 31037 132055 resp 132574 26 pmu 1023664 81137 8264742 6633958 49493340
1790320380.334015 W 1108 lat 462 462 518 0 exe 24388 26907 60222 resp 60722 0 pmu 1023766 38569 8258862 7366803 42864538
1790320381.374047 W 1109 lat 462 462 537 0 exe 24370 31555 128092 resp 128592 26 pmu 1023610 86410 8261649 6627604 50389574
1790320382.414021 W 1110 lat 462 462 518 0 exe 24240 27259 68074 resp 68537 0 pmu 1023741 42020 8261564 7329544 43374426
1790320383.354122 W 1111 lat 314 1129 8499 0 exe 24314 97685 537185 resp 540759 255 pmu 1024500 305884 8295317 6707600 201095654
1790320384.414311 W 1112 lat 314 2833 7611 0 exe 101611 410666 561537 resp 565481 1000 pmu 1022426 1024128 8288940 11811822 1055772461
1790320385.366135 W 1113 lat 314 2629 9203 0 exe 106296 382018 558259 resp 561851 1000 pmu 1022502 1025145 8281096 14012685 984802820
1790320386.410074 W 1114 lat 370 3185 8685 0 exe 102166 422555 550185 resp 553203 1000 pmu 1022699 1026973 8297085 13865196 1089338674
1790320387.358239 W 1115 lat 314 3314 9074 0 exe 102814 408259 546333 resp 550203 1000 pmu 1022730 1026130 8306577 13964403 1062171506
1790320388.406170 W 1116 lat 314 3351 6944 0 exe 103407 438074 566925 resp 569574 1000 pmu 1022106 1026373 8296651 13863974 1128377199
1790320389.350326 W 1117 lat 296 3407 8870 0 exe 53833 401092 551222 resp 555240 962 pmu 1023704 1006829 8316710 14205572 1046374421
1790320390.402399 W 1118 lat 314 3370 9111 0 exe 103055 430111 566851 resp 570907 1000 pmu 1023035 1027188 8297731 13632272 1106567045
1790320391.362084 W 1119 lat 351 3388 9055 0 exe 107259 426462 557481 resp 561851 1000 pmu 1022850 1028152 8313618 14181099 1107001850
1790320392.406276 W 1120 lat 314 2981 7370 0 exe 102333 412851 557462 resp 562611 1000 pmu 1022409 1025590 8290116 14091660 1063923498
1790320393.358274 W 1121 lat 314 3240 8759 0 exe 104999 418537 555888 resp 559611 1000 pmu 1023077 1028447 8305953 13992019 1086491072
1790320394.410326 W 1122 lat 333 3055 8592 0 exe 103444 416259 556555 resp 560185 1000 pmu 1022818 1025233 8300843 14019332 1072483182
1790320395.362297 W 1123 lat 333 3037 8166 0 exe 103629 401425 568629 resp 573314 1000 pmu 1023440 1027825 8297922 14004549 1042251837
1790320396.414289 W 1124 lat 314 2648 7296 0 exe 103648 404981 561648 resp 565629 1000 pmu 1022589 1025149 8292555 14055190 1037497692
1790320397.362236 W 1125 lat 333 2722 9129 0 exe 102592 383277 559999 resp 564574 1000 pmu 1022338 1022659 8282008 13993422 996568631
1790320398.406155 W 1126 lat 370 3222 9333 0 exe 102555 429074 549777 resp 556166 1000 pmu 1023003 1026340 8312530 13875814 1104360935
1790320399.358229 W 1127 lat 314 3388 8148 0 exe 103055 420851 562888 resp 565999 1000 pmu 1022876 1028439 8303748 14015037 1097161601
1790320400.402317 W 1128 lat 333 3240 8277 0 exe 105388 428796 563444 resp 568129 1000 pmu 1023301 1025414 8302571 14085735 1102722062
1790320401.350058 W 1129 lat 314 3537 8814 0 exe 103129 429518 557388 resp 560814 1000 pmu 1023233 1029119 8303862 14150522 1116934216
1790320402.402196 W 1130 lat 296 3314 9277 0 exe 134666 426851 557277 resp 562222 1000 pmu 1023068 1026615 8300515 14080057 1101860420
1790320403.342229 W 1131 lat 314 2129 7388 0 exe 103759 357092 551574 resp 555037 1000 pmu 1022063 1020197 8275645 14232016 920195317
1790320404.390242 W 1132 lat 333 3277 8759 0 exe 102333 434870 551314 resp 554703 1000 pmu 1022482 1025779 8302379 13649039 1117950142
1790320405.338368 W 1133 lat 314 3259 9166 0 exe 102629 410740 562685 resp 568129 1000 pmu 1023350 1028823 8308208 14040559 1068888429
1790320406.390293 W 1134 lat 333 3074 6851 0 exe 107222 431888 562425 resp 566499 1000 pmu 1022322 1026106 8294775 14047053 1110312652
1790320407.338386 W 1135 lat 333 3259 8574 0 exe 104018 411481 566537 resp 569555 1000 pmu 1023646 1028187 8313424 14153966 1065734814
1790320408.390277 W 1136 lat 296 3444 8314 0 exe 103499 446703 562370 resp 566018 1000 pmu 1022618 1028533 8301373 14081417 1151859355
1790320409.434123 W 1137 lat 333 3444 12944 0 exe 103666 441722 575796 resp 580648 1000 pmu 1023441 1028187 8315391 14215772 1142080307
1790320410.382275 W 1138 lat 314 3555 9074 0 exe 102129 429166 551111 resp 554796 1000 pmu 1023689 1029495 8310375 14355368 1115519993
1790320411.334291 W 1139 lat 444 3574 9370 0 exe 102055 446111 565185 resp 570185 1000 pmu 1024118 1027620 8322345 14013368 1150069733
1790320412.386371 W 1140 lat 333 3537 8555 0 exe 103240 427833 569018 resp 572407 1000 pmu 1022963 1029588 8310253 14247091 1111019278
1790320413.338201 W 1141 lat 333 3370 8314 0 exe 102407 444425 557296 resp 560388 1000 pmu 1022894 1026794 8293370 14187109 1143345078
1790320414.390358 W 1142 lat 370 3240 8518 0 exe 101870 417462 561425 resp 564962 1000 pmu 1022791 1026992 8297450 14145218 1082690721
1790320415.338233 W 1143 lat 314 3185 8574 0 exe 100259 422462 556111 resp 559796 1000 pmu 1024031 1027859 8311546 14051728 1088194223
1790320416.398163 W 1144 lat 351 3333 8759 0 exe 100462 440685 554148 resp 558481 1000 pmu 1022514 1027216 8300129 14016003 1136678632
1790320417.342279 W 1145 lat 333 3537 9148 0 exe 99777 426981 565481 resp 569296 1000 pmu 1023460 1028979 8311055 14093555 1111160764
1790320418.390148 W 1146 lat 351 3314 7833 0 exe 100499 439777 555537 resp 559666 1000 pmu 1023468 1026719 8307903 14135463 1128156608
1790320419.334346 W 1147 lat 370 3333 8592 0 exe 101518 416777 543203 resp 547574 1000 pmu 1022756 1028426 8301244 14097610 1085020675
1790320420.386243 W 1148 lat 314 3148 8481 0 exe 101259 434314 555740 resp 559833 1000 pmu 1022448 1025988 8283841 13869406 1114398023
1790320421.338350 W 1149 lat 314 2592 9462 0 exe 100351 383666 566999 resp 570277 1000 pmu 1022771 1024815 8294272 14077917 992035400
1790320422.382174 W 1150 lat 296 2722 7240 0 exe 64499 406277 559129 resp 562629 964 pmu 1022705 1008738 8281207 13930835 1037964931
1790320423.338306 W 1151 lat 314 2759 8444 0 exe 101574 393333 549999 resp 553888 1000 pmu 1022405 1025515 8289697 13776609 1017631015
1790320424.386324 W 1152 lat 314 2814 8277 0 exe 101388 401092 556611 resp 559907 1000 pmu 1023045 1025096 8278506 13814232 1032030609
1790320425.434276 W 1153 lat 314 3074 8425 0 exe 101166 427574 549351 resp 552370 1000 pmu 1022449 1026555 8289436 13914429 1100542447
1790320426.382161 W 1154 lat 314 3092 9314 0 exe 101333 425092 552759 resp 556666 1000 pmu 1022286 1023895 8294972 13973954 1096593906
1790320427.434264 W 1155 lat 314 2962 8888 0 exe 101388 412981 555518 resp 559129 1000 pmu 1022687 1026328 8294029 14005550 1064759534
1790320428.382332 W 1156 lat 314 3129 7666 0 exe 100999 412388 569166 resp 572018 1000 pmu 1023102 1026650 8296432 13968428 1067013413
1790320429.430330 W 1157 lat 351 2999 7925 0 exe 101092 425962 565703 resp 569759 1000 pmu 1022685 1026081 8283190 14090955 1092114598
1790320430.374273 W 1158 lat 296 2814 8981 0 exe 101018 387703 543703 resp 548425 1000 pmu 1022720 1025565 8296228 14131577 1002178327
1790320431.426396 W 1159 lat 314 3129 9037 0 exe 101055 436314 554629 resp 558574 1000 pmu 1022424 1026332 8296133 13727216 1120864358
1790320432.366306 W 1160 lat 314 2981 9629 0 exe 101037 403722 556537 resp 560796 1000 pmu 1023441 1027452 8298485 14077819 1042906995
1790320433.414385 W 1161 lat 333 3425 8740 0 exe 100277 451555 550240 resp 553962 1000 pmu 1022383 1026928 8299023 13937677 1161472306
1790320434.362385 W 1162 lat 333 3814 8388 0 exe 101777 460907 564074 resp 567740 1000 pmu 1024202 1030089 8327028 14105267 1190995810
1790320435.406274 W 1163 lat 351 3499 9074 0 exe 101407 427555 552870 resp 558370 1000 pmu 1023264 1028693 8306367 14297675 1109229286
1790320436.350335 W 1164 lat 314 2814 8314 0 exe 100814 412296 548666 resp 551925 1000 pmu 1023092 1023440 8293397 14028312 1056273007
1790320437.402363 W 1165 lat 351 3351 9166 0 exe 101111 432074 547074 resp 550870 1000 pmu 1023292 1028807 8306247 13888126 1116783157
1790320438.346172 W 1166 lat 296 2962 7129 0 exe 68870 419314 567555 resp 570944 963 pmu 1023133 1011588 8298227 13982415 1071810697
1790320439.394222 W 1167 lat 314 3018 9740 0 exe 101185 403148 567648 resp 571296 1000 pmu 1022762 1026382 8285631 13948038 1044922874
1790320440.342286 W 1168 lat 314 3166 8388 0 exe 100851 435111 564944 resp 568777 1000 pmu 1023562 1026777 8318063 14044320 1114610645
1790320441.386249 W 1169 lat 333 3148 8574 0 exe 100999 415203 570203 resp 573925 1000 pmu 1022615 1028252 8300416 14170303 1075867340
1790320442.342301 W 1170 lat 314 3166 8018 0 exe 101092 442444 568999 resp 572240 1000 pmu 1022495 1025642 8296533 14124400 1135777664
1790320443.394019 W 1171 lat 296 2685 8166 0 exe 18018 349499 571296 resp 577259 792 pmu 1023092 850616 8286640 14243301 906360891
1790320444.334007 W 1172 lat 296 296 444 0 exe 16870 21796 113370 resp 113814 7 pmu 1023614 66117 8263676 13395704 59443146
1790320445.382259 W 1173 lat 296 888 7148 0 exe 16759 94537 608277 resp 612148 202 pmu 1024485 234248 8299988 7094396 242162908
1790320446.430293 W 1174 lat 1703 3462 6907 0 exe 308481 389796 440444 resp 444870 1000 pmu 1033312 1034913 8464982 12462753 1010631664
1790320447.382280 W 1175 lat 1629 3518 6388 0 exe 333462 389370 453111 resp 458999 1000 pmu 1033104 1032746 8458574 13740926 1009658677
1790320448.430255 W 1176 lat 1462 3574 18333 0 exe 269685 385148 442166 resp 447888 1000 pmu 1032975 1024357 8455632 13995161 1000371864
1790320449.374271 W 1177 lat 1203 3555 6870 0 exe 280481 385037 454999 resp 460722 1000 pmu 1032776 1020783 8448977 13604085 999357802
1790320450.430270 W 1178 lat 1814 3481 7833 0 exe 319388 389277 440018 resp 444222 1000 pmu 1033066 1032143 8457286 13727057 1010248203
1790320451.370303 W 1179 lat 1685 3407 6648 0 exe 333240 389870 448037 resp 451666 1000 pmu 1033088 1034053 8454399 13792722 1011203961
1790320452.410294 W 1180 lat 1148 3351 7037 0 exe 315018 387907 443018 resp 446481 1000 pmu 1033090 1034616 8461753 13935416 1007004427
1790320453.350164 W 1181 lat 1648 3425 5981 0 exe 319907 388055 451351 resp 454481 1000 pmu 1033011 1028378 8459807 13782298 1007097374
1790320454.386288 W 1182 lat 1074 3462 6666 0 exe 326185 386740 445537 resp 448833 1000 pmu 1033141 1026057 8460205 13886847 1004154835
1790320455.334283 W 1183 lat 1370 3388 7037 0 exe 284277 384666 433037 resp 438148 1000 pmu 1032747 1028090 8448470 13855110 998673580
1790320456.378262 W 1184 lat 962 3388 7499 0 exe 271129 385018 448981 resp 452629 1000 pmu 1032832 1028529 8454300 13522275 999564694
1790320457.334306 W 1185 lat 1851 3407 5944 0 exe 336425 388925 441851 resp 445870 1000 pmu 1033037 1032121 8457737 13610643 1008833328
1790320458.382287 W 1186 lat 1722 3499 6092 0 exe 278037 387018 457333 resp 462611 1000 pmu 1033183 1025249 8457026 13883980 1004808508
1790320459.334304 W 1187 lat 1259 3425 6981 0 exe 303574 385685 439129 resp 443814 1000 pmu 1032732 1023029 8449499 13744141 1001040882
1790320460.386279 W 1188 lat 1203 3537 7092 0 exe 245944 385648 434870 resp 439444 1000 pmu 1032943 1024674 8455777 13681909 1001330922
1790320461.342315 W 1189 lat 1870 3518 6629 0 exe 341537 390407 440518 resp 443425 1000 pmu 1033203 1034685 8454440 13351339 1012189039
1790320462.394166 W 1190 lat 962 3388 6796 0 exe 292925 388666 441981 resp 446444 1000 pmu 1033019 1033913 8452825 13902051 1008663192
1790320463.342274 W 1191 lat 1481 3537 7111 0 exe 285981 388296 450296 resp 453592 1000 pmu 1032947 1033368 8459014 13668404 1007456338
1790320464.390273 W 1192 lat 1129 3388 6592 0 exe 303314 388592 437481 resp 441259 1000 pmu 1032927 1033611 8451343 13714128 1008413269
1790320465.342285 W 1193 lat 1666 3425 6351 0 exe 337092 389870 440759 resp 444351 1000 pmu 1033173 1031952 8452795 13671334 1011149613
1790320466.394252 W 1194 lat 981 3425 7851 0 exe 279759 386333 441722 resp 445999 1000 pmu 1033068 1025236 8457572 13880279 1003140699
1790320467.342273 W 1195 lat 1185 3425 6592 0 exe 284703 385351 440944 resp 444092 1000 pmu 1032756 1022026 8448647 13593073 1000281936
1790320468.390272 W 1196 lat 1648 3425 7851 0 exe 288851 385796 447407 resp 450685 1000 pmu 1032865 1025493 8449127 13594040 1001860800
1790320469.430267 W 1197 lat 1425 3444 6629 0 exe 342759 388814 434611 resp 437574 1000 pmu 1033122 1031309 8451883 13690917 1008789082
1790320470.366295 W 1198 lat 1444 3370 5833 0 exe 303648 386518 451740 resp 455111 1000 pmu 1032887 1027481 8449680 13838924 1003303596
1790320471.410206 W 1199 lat 1092 3351 6518 0 exe 293851 386129 433685 resp 439148 1000 pmu 1032805 1033603 8447035 13800904 1001838413
1790320472.342268 W 1200 lat 1740 3462 5833 0 exe 251333 388055 428277 resp 432129 1000 pmu 1033209 1031059 8455872 13581357 1007089221
1790320473.386312 W 1201 lat 1203 3388 5722 0 exe 282851 387611 441333 resp 445777 1000 pmu 1032900 1030832 8455832 13316692 1005228869
1790320474.430279 W 1202 lat 1574 3388 10462 0 exe 328444 388981 450740 resp 455055 1000 pmu 1033158 1034519 8452684 13601966 1009237958
1790320475.370269 W 1203 lat 1407 3407 6333 0 exe 297444 388222 446759 resp 450092 1000 pmu 1033041 1029690 8455876 13955842 1007231658
1790320476.422310 W 1204 lat 1870 3555 6851 0 exe 340388 389388 444074 resp 447685 1000 pmu 1033094 1030073 8450733 13730931 1010146148
1790320477.366310 W 1205 lat 1203 3407 7555 0 exe 301981 387537 442592 resp 448407 1000 pmu 1033088 1030569 8447829 13931597 1005757452
1790320478.410358 W 1206 lat 1555 3518 6962 0 exe 300629 389018 438574 resp 443851 1000 pmu 1033051 1033957 8458480 13726107 1009257077
1790320479.358315 W 1207 lat 1296 3425 6759 0 exe 296944 388277 440444 resp 444981 1000 pmu 1032941 1033626 8447616 13683181 1007430914
1790320480.402202 W 1208 lat 1018 3388 6518 0 exe 287685 388351 445203 resp 449444 1000 pmu 1032940 1030936 8449347 13673325 1007380746
1790320481.350283 W 1209 lat 1629 3370 7444 0 exe 314851 389259 449796 resp 453629 1000 pmu 1032977 1034767 8451442 13670631 1010150593
1790320482.394242 W 1210 lat 1499 3333 6611 0 exe 312055 388777 440018 resp 442499 1000 pmu 1032949 1032841 8452734 13862624 1008615330
1790320483.358275 W 1211 lat 1685 3388 7277 0 exe 270018 389185 446759 resp 450962 1000 pmu 1033222 1035969 8463863 13736502 1010120028
1790320484.410278 W 1212 lat 1462 3370 6351 0 exe 308518 388666 432092 resp 435370 1000 pmu 1032933 1033572 8460947 13608980 1008289180
1790320485.358290 W 1213 lat 1685 3425 6018 0 exe 316703 388888 436277 resp 441055 1000 pmu 1032925 1031410 8453360 13641699 1008749667
1790320486.406289 W 1214 lat 962 3444 6759 0 exe 274592 388444 444259 resp 448499 1000 pmu 1033112 1031388 8461693 13732903 1007684499
1790320487.346260 W 1215 lat 1351 3351 5888 0 exe 279499 385703 445999 resp 449388 1000 pmu 1032647 1032462 8450324 13597449 1001447396
1790320488.402224 W 1216 lat 1444 3351 6203 0 exe 284111 387722 444370 resp 448685 1000 pmu 1032872 1033119 8447252 13618627 1005692471
1790320489.350284 W 1217 lat 1203 3481 6296 0 exe 308611 388333 454111 resp 457462 1000 pmu 1033004 1033767 8449468 13642022 1007541012
1790320490.390287 W 1218 lat 1481 3518 7555 0 exe 320703 389814 452148 resp 457148 1000 pmu 1033038 1033650 8453165 13859971 1011055417
1790320491.430284 W 1219 lat 1259 3444 7129 0 exe 246314 387518 445370 resp 449296 1000 pmu 1033035 1034626 8458763 13924414 1005808482
1790320492.382271 W 1220 lat 1777 3537 7203 0 exe 334425 390259 448166 resp 452240 1000 pmu 1033134 1033575 8455823 13464271 1011905823
1790320493.338288 W 1221 lat 981 3333 6314 0 exe 253314 388685 442944 resp 446999 1000 pmu 1033026 1034166 8453217 13950655 1008669199
1790320494.394266 W 1222 lat 1574 3370 6499 0 exe 328296 389574 445092 resp 448574 1000 pmu 1032995 1032821 8452548 13475497 1010337584
1790320495.334271 W 1223 lat 1092 3388 6222 0 exe 300703 388185 453907 resp 457537 1000 pmu 1033029 1032412 8455693 13877633 1007515263
1790320496.382167 W 1224 lat 1370 3388 6074 0 exe 323314 389685 430648 resp 434240 1000 pmu 1032985 1034078 8452562 13817826 1011032382
1790320497.334277 W 1225 lat 1722 3370 6314 0 exe 256648 388962 445814 resp 449203 1000 pmu 1033114 1034673 8458321 13706141 1009247040
1790320498.386272 W 1226 lat 1222 3351 5981 0 exe 329740 388648 438333 resp 442203 1000 pmu 1032964 1032879 8445563 13522697 1007879997
1790320499.338287 W 1227 lat 1092 3407 7240 0 exe 326055 389740 456851 resp 461148 1000 pmu 1033153 1034878 8458458 13810129 1011391766
1790320500.386266 W 1228 lat 1166 3407 5925 0 exe 314666 389444 440129 resp 445833 1000 pmu 1032958 1034433 8459517 13990257 1010254634
1790320501.350279 W 1229 lat 1129 3425 7462 0 exe 317703 389037 448555 resp 452592 1000 pmu 1032946 1035419 8452208 13765496 1009451492
1790320502.414287 W 1230 lat 1314 3388 6629 0 exe 320962 389888 433370 resp 437481 1000 pmu 1033079 1034322 8452301 13862195 1010993183
1790320503.366265 W 1231 lat 1351 3425 8351 0 exe 259018 388740 446703 resp 451814 1000 pmu 1032947 1034362 8450344 13727727 1008548998
1790320504.410270 W 1232 lat 1407 3351 6888 0 exe 301444 386629 443499 resp 447185 1000 pmu 1032652 1031023 8446292 13559637 1003228794
1790320505.350018 W 1233 lat 296 2907 6370 0 exe 18277 326703 446907 resp 449944 839 pmu 1031243 890098 8404812 13714216 848244351
1790320506.389985 W 1234 lat 296 296 370 0 exe 17055 19499 40833 resp 41148 0 pmu 1023571 39289 8254450 12016552 52228310
1790320507.330019 W 1235 lat 296 296 1185 0 exe 17314 25037 211740 resp 212925 20 pmu 1023488 100254 8257399 6356575 63932962
1790320508.369992 W 1236 lat 296 296 333 0 exe 17425 20685 47296 resp 47611 0 pmu 1023645 52705 8247848 8103290 52803057
1790320509.414008 W 1237 lat 296 296 499 0 exe 17166 21888 112944 resp 113444 8 pmu 1023549 67301 8250116 6428847 55383484
1790320510.353981 W 1238 lat 296 296 407 0 exe 17037 19907 47796 resp 48092 0 pmu 1023676 43890 8248722 7091877 50283947
1790320511.402004 W 1239 lat 296 296 370 0 exe 17259 22407 110148 resp 110499 8 pmu 1023547 73095 8247890 6428418 56732852
1790320512.341981 W 1240 lat 296 296 333 0 exe 17685 19888 49037 resp 49351 0 pmu 1023620 43590 8245696 7065562 50248116
1790320513.382005 W 1241 lat 296 296 388 0 exe 17018 22092 108925 resp 109259 5 pmu 1023600 69834 8247752 6443558 55954977
1790320514.421983 W 1242 lat 296 296 351 0 exe 17092 19814 64685 resp 64981 0 pmu 1023682 42987 8249361 7050595 50051012
1790320515.358005 W 1243 lat 296 296 462 0 exe 16777 22833 113074 resp 113388 7 pmu 1023597 78246 8249013 6596640 57819284
1790320516.397981 W 1244 lat 296 296 333 0 exe 17037 19666 51685 resp 51981 0 pmu 1023576 40896 8245900 7094938 49664855
1790320517.338005 W 1245 lat 296 296 629 0 exe 17185 22203 119722 resp 120037 10 pmu 1023565 70622 8245089 6465715 56242554
1790320518.377990 W 1246 lat 296 296 333 0 exe 16999 20648 67037 resp 67333 0 pmu 1023673 52655 8248017 7161040 52182198
1790320519.422005 W 1247 lat 296 296 685 0 exe 17314 22407 111703 resp 112018 8 pmu 1023616 72850 8249539 6623897 56747057
1790320520.361984 W 1248 lat 296 296 351 0 exe 17685 20888 66203 resp 66499 0 pmu 1023632 55100 8247089 7082854 52708223
1790320521.402006 W 1249 lat 296 296 425 0 exe 17111 23499 111888 resp 112222 9 pmu 1023569 85969 8250416 6620187 59544433
1790320522.337979 W 1250 lat 296 296 333 0 exe 17166 19629 51851 resp 52148 0 pmu 1023707 40575 8245120 7087862 49593231
1790320523.382007 W 1251 lat 296 296 351 0 exe 17462 22648 118388 resp 118703 10 pmu 1023627 75815 8248200 6467732 57280865
1790320524.421980 W 1252 lat 296 296 333 0 exe 17296 19722 51592 resp 51907 0 pmu 1023661 41713 8250074 7149954 49850457
1790320525.370007 W 1253 lat 296 296 407 0 exe 16796 22314 112962 resp 113296 10 pmu 1023553 72207 8248721 6466410 56587156
1790320526.421981 W 1254 lat 296 296 333 0 exe 17018 19759 50777 resp 51092 0 pmu 1023706 42308 8250052 7091105 49950411
1790320527.374002 W 1255 lat 296 296 481 0 exe 17407 22240 122259 resp 122740 6 pmu 1023538 70853 8248371 6456906 56352510
1790320528.425981 W 1256 lat 296 296 333 0 exe 17481 19833 51185 resp 51499 0 pmu 1023732 43167 8250023 7187750 50175594
1790320529.374005 W 1257 lat 296 296 351 0 exe 17351 22129 109648 resp 109981 7 pmu 1023527 69735 8250876 6463792 56093028
1790320530.421985 W 1258 lat 296 296 351 0 exe 17407 20388 49037 resp 49351 0 pmu 1023657 49402 8249826 7059557 51474137
1790320531.366004 W 1259 lat 296 296 388 0 exe 17259 22111 136555 resp 136870 7 pmu 1023489 68882 8246463 6444835 55876057
1790320532.405980 W 1260 lat 296 296 333 0 exe 16833 19981 48425 resp 48740 0 pmu 1023634 44879 8247329 7328211 50597111
1790320533.346006 W 1261 lat 296 296 499 0 exe 17037 22185 116259 resp 116574 8 pmu 1023626 70508 8249543 6433647 56117835
1790320534.401981 W 1262 lat 296 296 333 0 exe 17351 19759 48555 resp 48870 0 pmu 1023634 42337 8250096 7125020 49972275
1790320535.346009 W 1263 lat 296 296 462 0 exe 17370 22240 113333 resp 113666 7 pmu 1023663 71197 8248471 6436507 56350993
1790320536.393988 W 1264 lat 296 296 351 0 exe 16907 20129 52425 resp 52740 0 pmu 1023681 46461 8251306 7097611 50840828
1790320537.338004 W 1265 lat 296 296 481 0 exe 17055 21944 125666 resp 125981 7 pmu 1023568 67466 8246884 6474762 55602125
1790320538.377980 W 1266 lat 296 296 333 0 exe 16759 19870 48870 resp 49166 0 pmu 1023645 43498 8248692 7217918 50254752
1790320539.426006 W 1267 lat 296 296 499 0 exe 17222 22444 108537 resp 108925 11 pmu 1023576 73645 8248498 6437214 56845827
1790320540.369992 W 1268 lat 296 296 333 0 exe 17388 19870 46444 resp 46759 0 pmu 1023650 43347 8250660 7050435 50154965
1790320541.414004 W 1269 lat 296 296 407 0 exe 17055 22296 115074 resp 115444 6 pmu 1023671 71891 8248200 6416119 56491764
1790320542.349984 W 1270 lat 296 296 333 0 exe 17240 19962 63796 resp 64092 0 pmu 1023673 44689 8243872 7113519 50497075
1790320543.394004 W 1271 lat 296 296 407 0 exe 17296 22333 122833 resp 123203 7 pmu 1023631 72638 8248805 6589314 56738355
1790320544.337981 W 1272 lat 296 296 333 0 exe 17166 19814 49462 resp 49777 0 pmu 1023726 42815 8242568 7192573 50125783
1790320545.378005 W 1273 lat 296 296 425 0 exe 17296 21944 129611 resp 129981 7 pmu 1023558 67238 8246803 6444989 55569324
1790320546.421987 W 1274 lat 296 296 333 0 exe 16944 20203 47740 resp 48037 0 pmu 1023812 47432 8246664 7258551 51109362
1790320547.370002 W 1275 lat 296 296 425 0 exe 17018 22240 114166 resp 114499 7 pmu 1023645 71714 8249882 6428351 56327857
1790320548.413982 W 1276 lat 296 296 333 0 exe 17166 20259 64962 resp 65277 0 pmu 1023667 48009 8248218 7103929 51185611
1790320549.354005 W 1277 lat 296 296 444 0 exe 17425 21907 128259 resp 128574 6 pmu 1023665 66951 8249505 6602136 55528884
1790320550.397984 W 1278 lat 296 296 333 0 exe 17425 20037 48055 resp 48370 0 pmu 1023643 45332 8247120 7245303 50733167
1790320551.342008 W 1279 lat 296 296 407 0 exe 17648 22740 112351 resp 112685 10 pmu 1023630 77134 8254426 6433177 57549806
1790320552.385982 W 1280 lat 296 296 351 0 exe 17296 19999 46685 resp 46981 0 pmu 1023711 45014 8251168 7091398 50515212
1790320553.426004 W 1281 lat 296 296 499 0 exe 17222 22388 110907 resp 111240 9 pmu 1023619 73262 8249841 6418629 56723455
1790320554.365980 W 1282 lat 296 296 425 0 exe 17203 19740 50444 resp 50740 0 pmu 1023666 41974 8250473 7073398 49845309
1790320555.406005 W 1283 lat 296 296 425 0 exe 16925 22240 109648 resp 109999 6 pmu 1023609 71443 8248028 6454835 56376192
1790320556.341982 W 1284 lat 296 296 333 0 exe 17296 20092 49425 resp 49722 0 pmu 1023705 46074 8252242 7058347 50717189
1790320557.394003 W 1285 lat 296 296 518 0 exe 16888 21740 121277 resp 121796 7 pmu 1023625 65358 8246896 6446436 55122524
1790320558.333982 W 1286 lat 296 296 333 0 exe 16851 20074 60833 resp 61148 0 pmu 1023654 45816 8252996 7173352 50746286
1790320559.378006 W 1287 lat 296 296 1314 0 exe 17055 22185 134574 resp 135888 7 pmu 1023616 70582 8251318 6558329 56290984
1790320560.421982 W 1288 lat 296 296 333 0 exe 17555 20129 48685 resp 48999 0 pmu 1023680 46263 8249304 7317329 50959993
1790320561.358005 W 1289 lat 296 296 537 0 exe 17351 21888 131944 resp 132240 6 pmu 1023637 66676 8248610 6440694 55414747
1790320562.401984 W 1290 lat 296 296 333 0 exe 17277 20018 48444 resp 48759 0 pmu 1023643 45038 8248036 7282045 50679953
1790320563.338006 W 1291 lat 296 296 499 0 exe 16999 22574 118092 resp 118425 9 pmu 1023554 75559 8250967 6436253 57227419
1790320564.381983 W 1292 lat 296 296 351 0 exe 17407 19962 48166 resp 48481 0 pmu 1023646 44565 8248572 7145246 50475654
1790320565.426006 W 1293 lat 296 296 648 0 exe 17166 21833 124703 resp 125351 7 pmu 1023595 66045 8250626 6434011 55257086
1790320566.369980 W 1294 lat 296 296 333 0 exe 17037 19962 50740 resp 51055 0 pmu 1023706 44586 8250690 7210689 50491317
1790320567.410007 W 1295 lat 296 296 388 0 exe 17055 22777 115240 resp 115555 10 pmu 1023560 77320 8249287 6457730 57914269
1790320568.345985 W 1296 lat 296 296 333 0 exe 16962 19722 62148 resp 62462 0 pmu 1023657 41969 8262112 7117375 49870250
1790320569.390346 W 1297 lat 296 703 7148 0 exe 16962 70833 618999 resp 624111 137 pmu 1024442 171744 8286928 6570742 181188417
1790320570.430507 W 1298 lat 314 4833 13370 0 exe 115703 545222 729296 resp 740055 1000 pmu 1027950 1037223 8371767 12457742 1376943389
1790320571.366512 W 1299 lat 2907 6222 11314 0 exe 252907 611685 717444 resp 726111 1000 pmu 1031448 1039741 8412465 16506748 1535876983
1790320572.410113 W 1300 lat 296 4388 13037 0 exe 102333 470537 726722 resp 736203 1000 pmu 1026810 1025605 8353315 17405691 1199167719
1790320573.347906 W 1301 lat 296 4407 11944 0 exe 101222 492740 706129 resp 711981 1000 pmu 1026345 1017841 8356046 16030300 1249240645
1790320574.386133 W 1302 lat 314 4129 10499 0 exe 103907 503981 737222 resp 744481 1000 pmu 1027026 1032761 8349953 15906026 1287379092
1790320575.430297 W 1303 lat 296 2703 10055 0 exe 103314 372851 672259 resp 678648 1000 pmu 1023855 1022394 8318662 16285274 971475694
1790320576.370508 W 1304 lat 314 4814 10777 0 exe 106611 535722 738092 resp 745425 1000 pmu 1028704 1037374 8372718 14963337 1357637861
1790320577.410243 W 1305 lat 2666 6296 13611 0 exe 254740 621185 720462 resp 726814 1000 pmu 1031390 1038857 8411502 16471569 1558093003
1790320578.346470 W 1306 lat 296 3018 11759 0 exe 97462 353018 728462 resp 737425 999 pmu 1022986 1008429 8307878 17491506 918861210
1790320579.394661 W 1307 lat 1092 5833 11018 0 exe 240481 634999 756370 resp 763296 1000 pmu 1029955 1038997 8385092 15419863 1590774537
1790320580.342288 W 1308 lat 314 3462 13351 0 exe 105888 450740 740870 resp 747462 1000 pmu 1026081 1030369 8339738 17828289 1155845337
1790320581.390337 W 1309 lat 296 3296 10388 0 exe 102388 410592 712740 resp 719203 1000 pmu 1024517 1023087 8333700 16073110 1063543437
1790320582.442589 W 1310 lat 314 5074 13185 0 exe 109129 545222 725777 resp 733648 1000 pmu 1029801 1038343 8388333 15557030 1381681224
1790320583.382423 W 1311 lat 2611 6185 12111 0 exe 453814 614759 715907 resp 721666 1000 pmu 1031643 1040011 8415674 16424324 1543161414
1790320584.438609 W 1312 lat 296 2611 10240 0 exe 101611 323462 713555 resp 722555 1000 pmu 1021997 1009907 8303974 18397833 851492705
1790320585.390533 W 1313 lat 2296 6092 12981 0 exe 179185 653555 743981 resp 748222 1000 pmu 1030400 1040359 8393571 15134215 1633219580
1790320586.330098 W 1314 lat 296 2777 9611 0 exe 89481 388574 677222 resp 685314 997 pmu 1024422 1025034 8324239 17494177 1007482851
1790320587.378413 W 1315 lat 296 3666 13203 0 exe 104666 441222 720481 resp 728499 1000 pmu 1025169 1023740 8336767 15029141 1141349957
1790320588.422492 W 1316 lat 351 5388 12629 0 exe 110185 568685 721129 resp 725722 1000 pmu 1029940 1037094 8395818 15822866 1437262120
1790320589.362296 W 1317 lat 2296 6111 13296 0 exe 336999 614925 729518 resp 735574 1000 pmu 1031453 1038874 8410091 16483088 1543428411
1790320590.398662 W 1318 lat 296 2574 11962 0 exe 102259 317999 710185 resp 715722 1000 pmu 1021828 1007208 8303672 17956323 835349178
1790320591.438469 W 1319 lat 666 5777 11037 0 exe 113185 630037 730537 resp 735185 1000 pmu 1029812 1038575 8385024 15067641 1580452550
1790320592.374225 W 1320 lat 296 2259 10370 0 exe 105314 334722 755055 resp 760962 1000 pmu 1023470 1023355 8308915 16894837 884621134
1790320593.418430 W 1321 lat 296 3814 10333 0 exe 102777 472777 662277 resp 669166 1000 pmu 1026261 1032365 8353531 15607520 1211724912
1790320594.354485 W 1322 lat 1111 5666 11222 0 exe 214537 589981 716777 resp 722425 1000 pmu 1030396 1039250 8407161 15369940 1482856387
1790320595.398036 W 1323 lat 1407 5425 11222 0 exe 186925 578814 708759 resp 714574 1000 pmu 1029984 1038091 8386169 17071329 1458196920
1790320596.434504 W 1324 lat 296 3537 10629 0 exe 103537 444074 709870 resp 716648 1000 pmu 1023862 1019480 8325477 16798394 1136747700
1790320597.370268 W 1325 lat 314 4425 10537 0 exe 89222 547055 685962 resp 692092 995 pmu 1027340 1033790 8351649 15705711 1383383716
1790320598.410107 W 1326 lat 314 2240 7574 0 exe 102703 333740 670685 resp 676555 1000 pmu 1023383 1018621 8322717 15910765 879932218
1790320599.350604 W 1327 lat 314 4740 10703 0 exe 110944 538777 708592 resp 713407 1000 pmu 1028741 1038370 8384867 14731684 1370167071
1790320600.390148 W 1328 lat 1870 5740 12611 0 exe 251018 597444 712999 resp 718055 1000 pmu 1030619 1038626 8397922 16200072 1501994340
1790320601.430154 W 1329 lat 296 4351 10111 0 exe 94962 523111 699648 resp 707481 991 pmu 1026535 1028384 8344746 17261275 1324948511
1790320602.374476 W 1330 lat 296 4185 11592 0 exe 79592 520851 705425 resp 709462 979 pmu 1026644 1027455 8358230 15962423 1324352934
1790320603.418105 W 1331 lat 296 2981 10314 0 exe 105407 402722 690944 resp 697722 1000 pmu 1024797 1028148 8331542 15919703 1039098319
1790320604.366556 W 1332 lat 296 3740 12259 0 exe 102740 455240 665240 resp 671592 1000 pmu 1026147 1030811 8355389 15314549 1175844285
1790320605.414515 W 1333 lat 1277 5629 12074 0 exe 251203 591185 709222 resp 714796 1000 pmu 1030197 1039762 8402931 15318132 1485042844
1790320606.358484 W 1334 lat 703 4648 10222 0 exe 211296 535981 706388 resp 713370 1000 pmu 1028688 1031705 8372564 17189582 1357321410
1790320607.414354 W 1335 lat 314 4259 9555 0 exe 101148 531037 726999 resp 735629 1000 pmu 1025802 1029554 8335970 16675713 1344866745
1790320608.366248 W 1336 lat 296 3481 9277 0 exe 110333 456648 670759 resp 674907 1000 pmu 1025309 1030840 8333355 16307466 1171053336
1790320609.406591 W 1337 lat 296 3370 9481 0 exe 103629 440444 662685 resp 667981 1000 pmu 1024876 1030879 8339137 15391275 1130431112
1790320610.342165 W 1338 lat 611 5333 11296 0 exe 235259 576740 718351 resp 725074 1000 pmu 1029697 1038748 8404234 15202098 1453973452
1790320611.382312 W 1339 lat 1722 5129 12703 0 exe 251370 571499 707555 resp 715425 1000 pmu 1029581 1040018 8389438 17126031 1440363056
1790320612.426298 W 1340 lat 314 4296 7999 0 exe 103685 530740 673611 resp 679222 1000 pmu 1025898 1031651 8339366 17089666 1343721893
1790320613.362163 W 1341 lat 314 4518 10962 0 exe 105981 557444 682388 resp 691259 1000 pmu 1026922 1036024 8356577 15762083 1406909106
1790320614.402402 W 1342 lat 314 2240 8203 0 exe 102222 331962 742888 resp 748481 1000 pmu 1023243 1021575 8313932 16026967 874069394
1790320615.338632 W 1343 lat 407 4888 11388 0 exe 108296 551537 707296 resp 711870 1000 pmu 1028920 1038879 8388920 15444047 1397614899
1790320616.398447 W 1344 lat 2018 5944 12425 0 exe 251166 607296 721685 resp 728462 1000 pmu 1031039 1039197 8413792 16241109 1523886021
1790320617.342502 W 1345 lat 314 3537 9129 0 exe 102925 447259 659833 resp 665499 1000 pmu 1024965 1014484 8323565 17407606 1150193698
1790320618.394116 W 1346 lat 388 5111 9962 0 exe 111407 607944 702055 resp 707740 1000 pmu 1027971 1037990 8367638 15205215 1524653324
1790320619.430213 W 1347 lat 296 2092 7574 0 exe 103129 331018 643259 resp 648166 1000 pmu 1022352 1020343 8302949 16485688 872847534
1790320620.370518 W 1348 lat 314 4148 13203 0 exe 112685 495870 710074 resp 714092 1000 pmu 1027909 1035359 8385254 14440280 1270123686
1790320621.422297 W 1349 lat 1166 5851 12962 0 exe 266796 604222 721074 resp 727851 1000 pmu 1030532 1040321 8411941 16014467 1517679493
1790320622.366424 W 1350 lat 722 5018 11092 0 exe 131796 562796 722055 resp 729925 1000 pmu 1029184 1039667 8387157 17462311 1419565584
1790320623.414362 W 1351 lat 296 3648 9833 0 exe 89722 465037 703592 resp 712962 973 pmu 1025074 1016982 8326828 16579743 1190919166
1790320624.350232 W 1352 lat 314 3833 11185 0 exe 103888 488277 683537 resp 689444 1000 pmu 1025755 1031004 8336817 15688224 1243527845
1790320625.402445 W 1353 lat 314 3148 9425 0 exe 99814 422203 670888 resp 675277 1000 pmu 1024324 1023611 8334013 15665080 1082368449
1790320626.350135 W 1354 lat 703 5092 11796 0 exe 119185 577777 710388 resp 715425 1000 pmu 1028692 1036897 8378374 15167843 1454818498
1790320627.398442 W 1355 lat 481 4870 11203 0 exe 149314 556148 719185 resp 726685 1000 pmu 1028950 1031277 8380695 16464703 1405171111
1790320628.354255 W 1356 lat 296 4296 12462 0 exe 98259 480907 702166 resp 709129 998 pmu 1027197 1013495 8355381 16602053 1224915266
1790320629.394023 W 1357 lat 296 3666 10537 0 exe 19203 460925 710166 resp 714203 901 pmu 1025400 954272 8330359 15800065 1170764490
1790320630.329983 W 1358 lat 296 296 333 0 exe 17074 19851 67796 resp 68111 0 pmu 1023644 43460 8255503 15354523 55096684
1790320631.374061 W 1359 lat 296 648 7148 0 exe 16944 71851 659333 resp 665925 106 pmu 1022914 163335 8255861 6628349 180324955
1790320632.414021 W 1360 lat 296 296 462 0 exe 18981 22962 60851 resp 61166 0 pmu 1023601 79941 8255292 12870260 62260788
1790320633.349999 W 1361 lat 296 296 555 0 exe 18925 26314 117888 resp 118277 15 pmu 1023426 117094 8261788 6584203 68353343
1790320634.390017 W 1362 lat 296 296 425 0 exe 18611 21481 52203 resp 52537 0 pmu 1023665 63318 8255929 7172086 54777951
1790320635.429994 W 1363 lat 296 296 518 0 exe 19277 25462 121277 resp 121592 13 pmu 1023442 107755 8254815 6488449 65873773
1790320636.365993 W 1364 lat 296 296 444 0 exe 18981 22203 68759 resp 69129 0 pmu 1023652 71381 8252327 7203013 56820293
1790320637.406014 W 1365 lat 296 296 574 0 exe 19037 24907 124962 resp 125296 12 pmu 1023506 101643 8254513 6659655 64448121
1790320638.341997 W 1366 lat 296 296 481 0 exe 18777 23074 66944 resp 67259 0 pmu 1023677 81115 8257148 7236157 59199586
1790320639.382016 W 1367 lat 296 296 499 0 exe 18981 26037 115703 resp 116148 13 pmu 1023394 114150 8256044 6645025 67491414
1790320640.422020 W 1368 lat 296 296 537 0 exe 19259 22629 56092 resp 56388 0 pmu 1023565 76219 8256059 7149047 57925225
1790320641.357999 W 1369 lat 296 296 592 0 exe 19314 25351 115314 resp 115722 18 pmu 1023430 106670 8257149 6536805 65541938
1790320642.398032 W 1370 lat 296 296 407 0 exe 18888 22148 53148 resp 53462 0 pmu 1023621 70981 8255441 7143706 56637734
1790320643.334020 W 1371 lat 296 296 629 0 exe 18944 26277 123444 resp 123944 12 pmu 1023529 117092 8257782 6502391 68139198
1790320644.373995 W 1372 lat 296 296 425 0 exe 18685 22055 55129 resp 55444 0 pmu 1023679 69870 8254124 7228477 56415029
1790320645.414018 W 1373 lat 296 296 537 0 exe 19018 25203 126462 resp 126796 13 pmu 1023415 104732 8251899 6520874 65137638
1790320646.349992 W 1374 lat 296 296 407 0 exe 18944 21833 58462 resp 58796 0 pmu 1023644 67332 8253260 7252395 55805536
1790320647.390017 W 1375 lat 296 296 629 0 exe 19407 25685 127518 resp 128037 13 pmu 1023442 110239 8251443 6554443 66440766
1790320648.434018 W 1376 lat 296 296 499 0 exe 19351 22777 54296 resp 54592 0 pmu 1023526 77645 8253277 7268664 58438091
1790320649.369997 W 1377 lat 296 296 574 0 exe 19259 25018 127962 resp 128370 12 pmu 1023470 102593 8252200 6519942 64665200
1790320650.409992 W 1378 lat 296 296 462 0 exe 19092 22277 51537 resp 51851 0 pmu 1023575 72221 8253660 7268112 57037201
1790320651.350018 W 1379 lat 296 296 537 0 exe 19314 25759 121166 resp 121703 14 pmu 1023477 111229 8252866 6488232 66638700
1790320652.389993 W 1380 lat 296 296 425 0 exe 19055 22259 55592 resp 55907 0 pmu 1023632 72077 8255088 7204702 56983551
1790320653.430017 W 1381 lat 296 296 611 0 exe 19092 26203 118851 resp 119166 18 pmu 1023417 116220 8253441 6528360 67971972
1790320654.365994 W 1382 lat 296 296 425 0 exe 18759 22166 72148 resp 72462 0 pmu 1023647 71075 8259175 7181792 56666303
1790320655.410018 W 1383 lat 296 296 555 0 exe 19240 25740 113203 resp 113629 13 pmu 1023422 111079 8256387 6692065 66690580
1790320656.345990 W 1384 lat 296 296 537 0 exe 18759 22055 57999 resp 58333 0 pmu 1023640 69588 8252853 7124032 56367389
1790320657.386014 W 1385 lat 296 296 574 0 exe 18999 25314 116333 resp 116629 12 pmu 1023505 106057 8253573 6550683 65375688
1790320658.425996 W 1386 lat 296 296 425 0 exe 18611 22518 56222 resp 56537 0 pmu 1023621 74810 8254977 7151608 57633245
1790320659.366019 W 1387 lat 296 296 518 0 exe 19370 26203 122703 resp 123129 16 pmu 1023384 116202 8253944 6533755 67995764
1790320660.405993 W 1388 lat 296 296 574 0 exe 19148 22370 59462 resp 59777 0 pmu 1023650 73266 8256872 7221923 57264735
1790320661.342016 W 1389 lat 296 296 685 0 exe 18648 25259 120259 resp 120740 12 pmu 1023444 105219 8250010 6568978 65272286
1790320662.381991 W 1390 lat 296 296 425 0 exe 18537 21907 55981 resp 56314 0 pmu 1023618 68094 8253533 7190125 55990136
1790320663.422018 W 1391 lat 296 296 629 0 exe 19185 26148 122814 resp 123277 11 pmu 1023472 115883 8256654 6527941 67834249
1790320664.357990 W 1392 lat 296 296 425 0 exe 19018 21999 53555 resp 53851 0 pmu 1023649 68984 8257986 7222565 56260959
1790320665.398017 W 1393 lat 296 296 499 0 exe 19222 25629 114518 resp 114907 15 pmu 1023411 109919 8255688 6506505 66341935
1790320666.333992 W 1394 lat 296 296 629 0 exe 18981 21777 54740 resp 55074 0 pmu 1023636 66533 8252093 7136122 55579790
1790320667.374018 W 1395 lat 296 296 555 0 exe 18833 25796 121833 resp 122296 12 pmu 1023367 111513 8257271 6518262 66749771
1790320668.413998 W 1396 lat 296 296 462 0 exe 18870 22092 55222 resp 55537 0 pmu 1023654 70208 8257570 7208946 56499095
1790320669.350016 W 1397 lat 296 296 1055 0 exe 18796 25592 123870 resp 124537 12 pmu 1023521 109122 8256418 6523095 66259272
1790320670.389994 W 1398 lat 296 296 444 0 exe 19185 22481 54518 resp 54814 0 pmu 1023599 74279 8252696 7231560 57599532
1790320671.430016 W 1399 lat 296 296 481 0 exe 19055 26351 121407 resp 121870 17 pmu 1023362 117717 8256237 6519442 68288813
1790320672.365992 W 1400 lat 296 296 481 0 exe 18555 21944 55296 resp 55611 0 pmu 1023601 68602 8254124 7208090 56130217
1790320673.406015 W 1401 lat 296 296 611 0 exe 19222 25629 115796 resp 116111 14 pmu 1023520 109546 8257600 6521385 66226243
1790320674.341995 W 1402 lat 296 296 407 0 exe 18740 22314 54629 resp 54925 0 pmu 1023664 72584 8252503 7148975 57103023
1790320675.382016 W 1403 lat 296 296 666 0 exe 18888 25851 126962 resp 127574 14 pmu 1023560 111888 8254328 6517156 66844969
1790320676.421993 W 1404 lat 296 296 425 0 exe 18499 22407 54777 resp 55092 0 pmu 1023660 73603 8256366 7262036 57441123
1790320677.358015 W 1405 lat 296 296 574 0 exe 19314 25740 115481 resp 116018 11 pmu 1023532 111033 8258815 6518163 66624699
1790320678.397993 W 1406 lat 296 296 444 0 exe 18555 21907 57629 resp 58037 0 pmu 1023576 68025 8256192 7147785 55948190
1790320679.334016 W 1407 lat 296 296 722 0 exe 19111 25870 126518 resp 127240 11 pmu 1023488 112401 8254578 6545088 66996064
1790320680.373994 W 1408 lat 296 296 481 0 exe 18962 22537 54296 resp 54592 0 pmu 1023658 74898 8257672 7259456 57747818
1790320681.414015 W 1409 lat 296 296 518 0 exe 19148 25592 124444 resp 124962 13 pmu 1023549 108862 8257355 6516670 66066409
1790320682.349994 W 1410 lat 296 296 425 0 exe 18740 22907 68499 resp 68814 0 pmu 1023552 79184 8252485 7235570 58791740
1790320683.390019 W 1411 lat 296 296 518 0 exe 19222 26777 115351 resp 115833 18 pmu 1023483 122646 8254012 6659084 69572355
1790320684.429992 W 1412 lat 296 296 407 0 exe 18999 22111 55351 resp 55759 0 pmu 1023669 70252 8258648 7150757 56476763
1790320685.366016 W 1413 lat 296 296 555 0 exe 19111 25425 119666 resp 120092 12 pmu 1023429 107333 8256989 6525406 65688800
1790320686.405991 W 1414 lat 296 296 499 0 exe 18925 21685 56611 resp 56925 0 pmu 1023558 65562 8254299 7186422 55435854
1790320687.342014 W 1415 lat 296 296 611 0 exe 19203 25333 125574 resp 125888 12 pmu 1023450 105765 8250817 6535459 65433422
1790320688.381996 W 1416 lat 296 296 555 0 exe 18870 22907 56870 resp 57185 0 pmu 1023581 79397 8255309 7245256 58828827
1790320689.422016 W 1417 lat 296 296 555 0 exe 19129 26092 113888 resp 114203 14 pmu 1023506 115084 8260833 6544190 67640549
1790320690.357993 W 1418 lat 296 296 481 0 exe 18907 22444 56777 resp 57092 0 pmu 1023619 73998 8254137 7131466 57363454
1790320691.398017 W 1419 lat 296 296 648 0 exe 18351 30499 120592 resp 120925 40 pmu 1023337 164878 8259756 6540859 78996596
1790320692.333980 W 1420 lat 296 296 333 0 exe 17055 19296 49185 resp 49499 0 pmu 1023668 37372 8259439 7217428 48884765
1790320693.195035 Closing cell "rt-bench"
1790320693.195139 [MG] Initializing memguard on CPU 3
1790320693.195170 [SMMUv2] Exiting SMMUv2 on cell 1
1790320693.195245 [COL] Colored OP 1: PHYS 0x30000000 -> VIRT 0x00000000 (SIZE: 0x00400000, COL: 0x000000ff, extra: 0x0000000000000000)
1790320693.195294 [COL] Result: 0
1790320693.195359 [COL] Colored OP 4: PHYS 0x30000000 -> VIRT 0x00000000 (SIZE: 0x00400000, COL: 0x000000ff, extra: 0x0000000000000001)
1790320693.195384 [COL] Result: 0
1790320693.195427 Page pool usage after cell destruction: mem 85/4061, remap 5/131072
1790320693.195453 [MG] Initializing memguard on CPU 3
1790320693.318386 [MG] Initializing memguard on CPU 3
1790320693.318618 [COL] Colored OP 0: PHYS 0x30000000 -> VIRT 0x00000000 (SIZE: 0x00400000, COL: 0x000000ff, extra: 0x0000000000000000)
1790320693.318659 [COL] Result: 0
1790320693.318697 [MG] Initializing memguard on CPU 3
1790320693.318762 Created cell "rt-bench"
1790320693.318810 Page pool usage after cell creation: mem 98/4061, remap 5/131072
1790327457.813406 <missed 1295 bytes of console log>
1790327457.816173 emap 5/131072
1790327457.816198 Activating hypervisor
1790327457.816222 [MG] Initializing memguard on CPU 3
1790327457.816246 [MG] Initializing memguard on CPU 3
1790327457.816266 Created cell "rt-bench"
1790327457.816299 Page pool usage after cell creation: mem 88/4061, remap 5/131072
1790327457.816324 [MG] Initializing memguard on CPU 3
1790327457.816346 Cell "rt-bench" can be loaded
1790327457.816365 Started cell "rt-bench"
1790327457.816388 [MG] Initializing memguard on CPU 3
1790327457.816416 rt-bench: ws 768 KB, 1024 loads/period, window 1000
1790327457.816462 W 0 lat 296 296 888 0 exe 12833 16777 115999 resp 116518 2 pmu 791792 38604 6379934 5307454 44777801
1790327457.816507 W 1 lat 296 296 407 0 exe 12796 13388 23129 resp 23444 0 pmu 790031 1315 6374057 7077252 34564145
1790327457.816556 W 2 lat 296 296 444 0 exe 12870 14555 95407 resp 95777 0 pmu 790690 14779 6382213 6127701 37541719
1790327457.816600 W 3 lat 296 296 333 0 exe 12907 13444 24499 resp 24796 0 pmu 790313 1976 6382808 6857321 34534458
1790327457.816645 W 4 lat 296 296 462 0 exe 12944 14537 93740 resp 94092 0 pmu 790564 14500 6384222 6141844 37477564
1790327457.816689 W 5 lat 296 462 518 0 exe 13129 19185 20296 resp 20777 0 pmu 787338 160 6352485 6840798 30813838
1790327457.816710 Closing cell "rt-bench"
1790327457.816732 [MG] Initializing memguard on CPU 3
1790327457.816755 [SMMUv2] Exiting SMMUv2 on cell 1
1790327457.816788 Page pool usage after cell destruction: mem 77/4061, remap 5/131072
1790327457.816812 [MG] Initializing memguard on CPU 3
1790327457.816835 [MG] Initializing memguard on CPU 3
1790327457.816885 [COL] Colored OP 0: PHYS 0x30000000 -> VIRT 0x00000000 (SIZE: 0x00400000, COL: 0x000000ff, extra: 0x0000000000000000)
1790327457.816904 [COL] Result: 0
1790327457.816927 [MG] Initializing memguard on CPU 3
1790327457.816946 Created cell "rt-bench"
1790327457.816978 Page pool usage after cell creation: mem 98/4061, remap 5/131072
1790327457.817028 [COL] Colored OP 3: PHYS 0x30000000 -> VIRT 0x00000000 (SIZE: 0x00400000, COL: 0x000000ff, extra: 0x0000000000000000)
1790327457.817053 [MG] Initializing memguard on CPU 3
1790327457.817070 [COL] Result: 0
1790327457.817091 Cell "rt-bench" can be loaded
1790327457.817140 [COL] Colored OP 2: PHYS 0x30000000 -> VIRT 0x00000000 (SIZE: 0x00400000, COL: 0x000000ff, extra: 0x0000000000000000)
1790327457.817159 [COL] Result: 0
1790327457.817207 [COL] Colored OP 4: PHYS 0x30000000 -> VIRT 0x00000000 (SIZE: 0x00400000, COL: 0x000000ff, extra: 0x0000000000000001)
1790327457.817226 [COL] Result: 0
1790327457.817245 Started cell "rt-bench"
1790327457.817267 [MG] Initializing memguard on CPU 3
1790327457.817296 rt-bench: ws 768 KB, 1024 loads/period, window 1000
1790327458.850086 W 0 lat 296 296 981 0 exe 17370 30074 162925 resp 163907 38 pmu 1023563 158857 8264739 5307592 77084732
1790327459.890044 W 1 lat 296 296 333 0 exe 17407 21574 99129 resp 99444 0 pmu 1023827 63093 8259269 7638531 54890617
1790327460.826077 W 2 lat 296 296 518 0 exe 17092 22407 124944 resp 125407 6 pmu 1023681 71762 8257039 6951518 56986703
1790327461.866057 W 3 lat 296 296 333 0 exe 17481 21462 86074 resp 86388 0 pmu 1023817 60964 8256068 7213925 54237496
1790327462.802102 W 4 lat 296 296 481 0 exe 16925 22370 109870 resp 110203 8 pmu 1023762 71691 8258778 6820740 56844812
1790327463.883601 W 5 lat 296 462 518 0 exe 17074 27388 70592 resp 71074 0 pmu 1023871 42664 8265458 7061225 43681578
1790327463.883694 Closing cell "rt-bench"
1790327463.883731 [MG] Initializing memguard on CPU 3
1790327463.883766 [SMMUv2] Exiting SMMUv2 on cell 1
1790327463.883840 [COL] Colored OP 1: PHYS 0x30000000 -> VIRT 0x00000000 (SIZE: 0x00400000, COL: 0x000000ff, extra: 0x0000000000000000)
1790327463.883868 [COL] Result: 0
1790327463.883941 [COL] Colored OP 4: PHYS 0x30000000 -> VIRT 0x00000000 (SIZE: 0x00400000, COL: 0x000000ff, extra: 0x0000000000000001)
1790327463.883968 [COL] Result: 0
1790327463.884016 Page pool usage after cell destruction: mem 85/4061, remap 5/131072
1790327463.884052 [MG] Initializing memguard on CPU 3
1790327605.019164 <missed 1298 bytes of console log>
1790327605.019811 p 5/131072
1790327605.019834 Activating hypervisor
1790327605.019859 [MG] Initializing memguard on CPU 3
1790327605.019884 [MG] Initializing memguard on CPU 3
1790327605.019905 Created cell "rt-bench"
1790327605.019939 Page pool usage after cell creation: mem 88/4061, remap 5/131072
1790327605.019969 [MG] Initializing memguard on CPU 3
1790327605.019992 Cell "rt-bench" can be loaded
1790327605.020012 Started cell "rt-bench"
1790327605.020036 [MG] Initializing memguard on CPU 3
1790327605.020065 rt-bench: ws 768 KB, 1024 loads/period, window 1000
1790327605.020111 W 0 lat 296 296 944 0 exe 12870 16111 101425 resp 101925 1 pmu 791475 30688 6384392 5307452 42591503
1790327605.020159 W 1 lat 296 296 666 0 exe 12833 14592 87296 resp 87740 0 pmu 789174 15138 6363978 6928279 38289745
1790327605.020205 W 2 lat 296 296 351 0 exe 12907 13277 14870 resp 15185 0 pmu 788913 211 6359657 6777777 33896424
1790327605.020251 W 3 lat 296 296 1277 0 exe 12907 14592 93407 resp 93814 0 pmu 789623 15231 6367937 6044989 37676166
1790327605.020297 W 4 lat 296 296 370 0 exe 12888 13314 14648 resp 14944 0 pmu 789543 447 6370597 6842146 34037351
1790327605.020343 W 5 lat 296 462 574 0 exe 12944 20499 100518 resp 101055 1 pmu 790141 14079 6373882 6042705 33419937
1790327605.020364 Closing cell "rt-bench"
1790327605.020388 [MG] Initializing memguard on CPU 3
1790327605.020411 [SMMUv2] Exiting SMMUv2 on cell 1
1790327605.020446 Page pool usage after cell destruction: mem 77/4061, remap 5/131072
1790327605.020471 [MG] Initializing memguard on CPU 3
1790327605.020495 [MG] Initializing memguard on CPU 3
1790327605.020546 [COL] Colored OP 0: PHYS 0x30000000 -> VIRT 0x00000000 (SIZE: 0x00400000, COL: 0x000000ff, extra: 0x0000000000000000)
1790327605.020565 [COL] Result: 0
1790327605.020589 [MG] Initializing memguard on CPU 3
1790327605.020609 Created cell "rt-bench"
1790327605.020642 Page pool usage after cell creation: mem 98/4061, remap 5/131072
1790327605.020694 [COL] Colored OP 3: PHYS 0x30000000 -> VIRT 0x00000000 (SIZE: 0x00400000, COL: 0x000000ff, extra: 0x0000000000000000)
1790327605.020719 [MG] Initializing memguard on CPU 3
1790327605.020737 [COL] Result: 0
1790327605.020759 Cell "rt-bench" can be loaded
1790327605.020809 [COL] Colored OP 2: PHYS 0x30000000 -> VIRT 0x00000000 (SIZE: 0x00400000, COL: 0x000000ff, extra: 0x0000000000000000)
1790327605.020828 [COL] Result: 0
1790327605.020879 [COL] Colored OP 4: PHYS 0x30000000 -> VIRT 0x00000000 (SIZE: 0x00400000, COL: 0x000000ff, extra: 0x0000000000000001)
1790327605.020898 [COL] Result: 0
1790327605.020917 Started cell "rt-bench"
1790327605.020941 [MG] Initializing memguard on CPU 3
1790327605.020971 rt-bench: ws 768 KB, 1024 loads/period, window 1000
1790327606.058089 W 0 lat 296 296 1092 0 exe 16999 26592 172240 resp 172833 28 pmu 1023437 118590 8258495 5307566 67563481
1790327607.098132 W 1 lat 296 296 777 0 exe 17018 22981 118407 resp 119185 8 pmu 1023454 80139 8254359 7711036 59032486
1790327608.034122 W 2 lat 296 296 1462 0 exe 17018 25685 127129 resp 128592 16 pmu 1023343 111427 8250979 7153914 65558357
1790327609.074131 W 3 lat 296 296 555 0 exe 16907 23055 110722 resp 111277 8 pmu 1023501 81207 8252675 7261689 58929581
1790327610.010126 W 4 lat 296 296 333 0 exe 16962 19444 53037 resp 53333 0 pmu 1023498 39014 8254157 7074642 49182022
1790327611.119449 W 5 lat 296 462 555 0 exe 17592 29759 133685 resp 134185 19 pmu 1023453 68628 8254713 6477527 47693066
1790327611.119544 Closing cell "rt-bench"
1790327611.119583 [MG] Initializing memguard on CPU 3
1790327611.119621 [SMMUv2] Exiting SMMUv2 on cell 1
1790327611.119694 [COL] Colored OP 1: PHYS 0x30000000 -> VIRT 0x00000000 (SIZE: 0x00400000, COL: 0x000000ff, extra: 0x0000000000000000)
1790327611.119723 [COL] Result: 0
1790327611.119796 [COL] Colored OP 4: PHYS 0x30000000 -> VIRT 0x00000000 (SIZE: 0x00400000, COL: 0x000000ff, extra: 0x0000000000000001)
1790327611.119824 [COL] Result: 0
1790327611.119883 Page pool usage after cell destruction: mem 85/4061, remap 5/131072
1790327611.119920 [MG] Initializing memguard on CPU 3
1790327898.968062 <missed 1301 bytes of console log>
1790327898.968750 /131072
1790327898.968773 Activating hypervisor
1790327898.968797 [MG] Initializing memguard on CPU 3
1790327898.968822 [MG] Initializing memguard on CPU 3
1790327898.968842 Created cell "rt-bench"
1790327898.968874 Page pool usage after cell creation: mem 88/4061, remap 5/131072
1790327898.968905 [MG] Initializing memguard on CPU 3
1790327898.968926 Cell "rt-bench" can be loaded
1790327898.968945 Started cell "rt-bench"
1790327898.968968 [MG] Initializing memguard on CPU 3
1790327898.968997 rt-bench: ws 768 KB, 1024 loads/period, window 1000
1790327898.969043 W 0 lat 277 296 944 0 exe 12740 16351 141518 resp 142351 2 pmu 791773 32303 6388301 5307450 43121411
1790327898.969089 W 1 lat 277 296 648 0 exe 12851 14611 101037 resp 101351 1 pmu 789568 15359 6370557 7331323 38458963
1790327898.969134 W 2 lat 277 296 444 0 exe 12833 13277 14685 resp 14999 0 pmu 789130 236 6374449 6914427 33962712
1790327898.969180 W 3 lat 277 296 592 0 exe 12925 14685 100611 resp 100999 1 pmu 790529 16100 6381320 6043058 37864818
1790327898.969224 W 4 lat 277 296 370 0 exe 12759 13296 14407 resp 14703 0 pmu 788004 437 6351813 6910842 34052416
1790327898.969269 W 5 lat 296 462 629 0 exe 12925 20666 104462 resp 104962 3 pmu 791397 15437 6387715 6039370 33752314
1790327898.969290 Closing cell "rt-bench"
1790327898.969313 [MG] Initializing memguard on CPU 3
1790327898.969335 [SMMUv2] Exiting SMMUv2 on cell 1
1790327898.969369 Page pool usage after cell destruction: mem 77/4061, remap 5/131072
1790327898.969393 [MG] Initializing memguard on CPU 3
1790327898.969416 [MG] Initializing memguard on CPU 3
1790327898.969466 [COL] Colored OP 0: PHYS 0x30000000 -> VIRT 0x00000000 (SIZE: 0x00400000, COL: 0x000000ff, extra: 0x0000000000000000)
1790327898.969484 [COL] Result: 0
1790327898.969507 [MG] Initializing memguard on CPU 3
1790327898.969527 Created cell "rt-bench"
1790327898.969559 Page pool usage after cell creation: mem 98/4061, remap 5/131072
1790327898.969609 [COL] Colored OP 3: PHYS 0x30000000 -> VIRT 0x00000000 (SIZE: 0x00400000, COL: 0x000000ff, extra: 0x0000000000000000)
1790327898.969634 [MG] Initializing memguard on CPU 3
1790327898.969651 [COL] Result: 0
1790327898.969672 Cell "rt-bench" can be loaded
1790327898.969721 [COL] Colored OP 2: PHYS 0x30000000 -> VIRT 0x00000000 (SIZE: 0x00400000, COL: 0x000000ff, extra: 0x0000000000000000)
1790327898.969739 [COL] Result: 0
1790327898.969788 [COL] Colored OP 4: PHYS 0x30000000 -> VIRT 0x00000000 (SIZE: 0x00400000, COL: 0x000000ff, extra: 0x0000000000000001)
1790327898.969807 [COL] Result: 0
1790327898.969826 Started cell "rt-bench"
1790327898.969848 [MG] Initializing memguard on CPU 3
1790327898.969877 rt-bench: ws 768 KB, 1024 loads/period, window 1000
1790327900.004219 W 0 lat 277 296 999 0 exe 16666 24907 157833 resp 158166 30 pmu 1023621 102269 8259743 5307568 63570317
1790327901.044255 W 1 lat 277 296 425 0 exe 16833 23259 118962 resp 119296 8 pmu 1023620 85952 8262779 7555040 59578496
1790327901.980221 W 2 lat 277 296 333 0 exe 16962 19574 47981 resp 48277 0 pmu 1023684 42930 8261476 7155942 49582483
1790327903.020252 W 3 lat 277 296 907 0 exe 16962 23685 111148 resp 111462 7 pmu 1023618 91120 8259332 6427664 59868317
1790327903.956218 W 4 lat 277 296 481 0 exe 16925 19444 49703 resp 50018 0 pmu 1023692 40577 8259300 7082814 48989461
1790327905.029719 W 5 lat 462 462 611 0 exe 23870 29740 132870 resp 133388 19 pmu 1023655 71090 8261301 6444711 47381013
1790327905.029812 Closing cell "rt-bench"
1790327905.029854 [MG] Initializing memguard on CPU 3
1790327905.029892 [SMMUv2] Exiting SMMUv2 on cell 1
1790327905.029972 [COL] Colored OP 1: PHYS 0x30000000 -> VIRT 0x00000000 (SIZE: 0x00400000, COL: 0x000000ff, extra: 0x0000000000000000)
1790327905.030003 [COL] Result: 0
1790327905.030089 [COL] Colored OP 4: PHYS 0x30000000 -> VIRT 0x00000000 (SIZE: 0x00400000, COL: 0x000000ff, extra: 0x0000000000000001)
1790327905.030119 [COL] Result: 0
1790327905.030176 Page pool usage after cell destruction: mem 85/4061, remap 5/131072
1790327905.030213 [MG] Initializing memguard on CPU 3
