1790894047.423469 <missed 261555 bytes of console log>
1790894047.423602 irqs: 64, preallocated irqs: 0
1790894047.423631 Root IRQ handler: 0xffff800080010000
1790894047.423666 rcu: srcu_init: Setting srcu_struct sizes based on contention.
1790894047.423699 arch_timer: cp15 timer(s) running at 54.00MHz (virt).
1790894047.423751 clocksource: arch_sys_counter: mask: 0xffffffffffffff max_cycles: 0xc743ce346, max_idle_ns: 440795203123 ns
1790894047.423807 sched_clock: 56 bits at 54MHz, resolution 18ns, wraps every 4398046511102ns
1790894047.423837 printk: legacy console [hvc0] enabled
1790894047.423868 printk: legacy bootconsole [jailhouse0] disabled
1790894047.423920 Calibrating delay loop (skipped), value calculated using timer frequency.. 108.00 BogoMIPS (lpj=54000)
1790894047.423948 pid_max: default: 4096 minimum: 301
1790894047.423986 Mount-cache hash table entries: 512 (order: 0, 4096 bytes, linear)
1790894047.424024 Mountpoint-cache hash table entries: 512 (order: 0, 4096 bytes, linear)
1790894047.424062 cacheinfo: Unable to detect cache hierarchy for CPU 0
1790894047.424091 rcu: Hierarchical SRCU implementation.
1790894047.424120 rcu: 	Max phase no-delay instances is 400.
1790894047.424149 smp: Bringing up secondary CPUs ...
1790894047.424174 smp: Brought up 1 node, 1 CPU
1790894047.424201 SMP: Total of 1 processors activated.
1790894047.424228 CPU features: detected: 32-bit EL0 Support
1790894047.424270 CPU features: detected: Data cache clean to the PoU not required for I/D coherence
1790894047.424303 CPU features: detected: CRC32 instructions
1790894047.424335 CPU features: detected: RCpc load-acquire (LDAPR)
1790894047.424369 CPU features: detected: Speculative Store Bypassing Safe (SSBS)
1790894047.424403 spectre-bhb mitigation disabled by compile time option
1790894047.424430 CPU: All CPU(s) started at EL1
1790894047.424459 alternatives: applying system-wide alternatives
1790894047.424486 devtmpfs: initialized
1790894047.424535 clocksource: jiffies: mask: 0xffffffff max_cycles: 0xffffffff, max_idle_ns: 1911260446275000 ns
1790894047.424584 futex hash table entries: 16 (order: -2, 1024 bytes, linear)
1790894047.424628 DMA: preallocated 128 KiB GFP_KERNEL pool for atomic allocations
1790894047.424666 hw-breakpoint: found 6 breakpoint and 4 watchpoint registers.
1790894047.424700 ASID allocator initialised with 65536 entries
1790894047.424735 clocksource: Switched to clocksource arch_sys_counter
1790894047.424769 workingset: timestamp_bits=62 max_order=13 bucket_order=0
1790894047.424799 clk: Disabling unused clocks
1790894047.424825 Freeing unused kernel memory: 1728K
1790894047.424847 Run /init as init process
1790894047.424886 linux-guest: 6.6.78-rt51+, cyclictest windows of 1 s, deadline 100 us
1790894048.565528 L 1000 1 2 13 0
1790894049.605522 L 1000 1 1 9 0
1790894050.645512 L 1000 1 1 14 0
1790894051.793521 L 1000 1 1 12 0
1790894052.833498 L 1000 1 1 13 0
1790894053.877614 L 1000 1 1 11 0
1790894054.925538 L 1000 1 1 21 0
1790894055.965526 L 1000 1 1 13 0
1790894057.109518 L 1000 1 1 13 0
1790894058.149493 L 1000 1 1 13 0
1790894059.189521 L 1000 1 1 14 0
1790894060.333496 L 1000 1 1 14 0
1790894061.373520 L 1000 1 1 13 0
1790894062.413497 L 1000 1 1 13 0
1790894063.453517 L 1000 1 1 13 0
1790894064.597501 L 1000 1 1 7 0
1790894065.637519 L 1000 1 1 11 0
1790894066.677492 L 1000 1 1 13 0
1790894067.717517 L 1000 1 1 14 0
1790894068.861510 L 1000 1 1 12 0
1790894069.901520 L 1000 1 1 16 0
1790894070.941493 L 1000 1 1 13 0
1790894071.981735 L 1000 1 1 12 0
1790894073.125524 L 1000 1 1 14 0
1790894074.165494 L 1000 1 1 14 0
1790894075.205523 L 1000 1 1 3 0
1790894076.245503 L 1000 1 1 13 0
1790894077.389517 L 1000 1 1 14 0
1790894078.429500 L 1000 1 1 13 0
1790894079.469522 L 1000 1 1 14 0
1790894080.613493 L 1000 1 1 2 0
1790894081.653515 L 1000 1 1 8 0
1790894082.693494 L 1000 1 1 12 0
1790894083.737521 L 1000 1 1 13 0
1790894084.881499 L 1000 1 1 3 0
1790894085.925521 L 1000 1 1 12 0
1790894086.965493 L 1000 1 1 12 0
1790894088.005525 L 1000 1 1 6 0
1790894089.149520 L 1000 1 1 10 0
1790894090.189496 L 1000 1 1 12 0
1790894091.233518 L 1000 1 1 15 0
1790894092.273496 L 1000 1 1 9 0
1790894093.417518 L 1000 1 1 15 0
1790894094.457493 L 1000 1 1 14 0
1790894095.497518 L 1000 1 1 9 0
1790894096.537496 L 1000 1 1 14 0
1790894097.681519 L 1000 1 1 14 0
1790894098.721501 L 1000 1 1 13 0
1790894099.765517 L 1000 1 1 13 0
1790894100.805497 L 1000 1 1 13 0
1790894101.949516 L 1000 1 1 14 0
1790894102.989494 L 1000 1 1 13 0
1790894104.029519 L 1000 1 1 13 0
1790894105.069504 L 1000 1 1 3 0
1790894106.213516 L 1000 1 1 9 0
1790894107.253522 L 1000 1 1 13 0
1790894108.293492 L 1000 1 1 2 0
1790894109.333793 L 1000 1 1 9 0
1790894110.477496 L 1000 1 1 13 0
1790894111.517519 L 1000 1 1 13 0
1790894112.557497 L 1000 1 1 7 0
1790894113.701518 L 1000 1 1 13 0
1790894114.741495 L 1000 1 1 13 0
1790894115.781518 L 1000 1 1 13 0
1790894116.821509 L 1000 1 1 14 0
1790894117.965515 L 1000 1 1 13 0
1790894119.005498 L 1000 1 1 13 0
1790894120.045516 L 1000 1 1 12 0
1790894121.085503 L 1000 1 1 14 0
1790894122.229518 L 1000 1 1 14 0
1790894123.269526 L 1000 1 1 10 0
1790894124.309499 L 1000 1 1 12 0
1790894125.349524 L 1000 1 1 3 0
1790894126.493494 L 1000 1 1 8 0
1790894127.533520 L 1000 1 1 13 0
1790894128.573495 L 1000 1 1 12 0
1790894129.613787 L 1000 1 1 10 0
1790894130.757498 L 1000 1 1 14 0
1790894131.797519 L 1000 1 1 12 0
1790894132.837497 L 1000 1 1 8 0
1790894133.981514 L 1000 1 1 12 0
1790894135.021491 L 1000 1 1 3 0
1790894136.061515 L 1000 1 1 7 0
1790894137.101495 L 1000 1 1 12 0
1790894138.245517 L 1000 1 1 15 0
1790894139.285516 L 1000 1 1 8 0
1790894140.325517 L 1000 1 1 13 0
1790894141.365574 L 1000 1 1 13 0
1790894142.509513 L 1000 1 1 14 0
1790894143.549527 L 1000 1 1 11 0
1790894144.589499 L 1000 1 1 13 0
1790894145.629521 L 1000 1 1 7 0
1790894146.773494 L 1000 1 1 12 0
1790894147.813520 L 1000 1 1 14 0
1790894148.853498 L 1000 1 1 8 0
1790894149.893776 L 1000 1 1 13 0
1790894151.037494 L 1000 1 1 15 0
1790894152.077519 L 1000 1 1 10 0
1790894153.117500 L 1000 1 1 12 0
1790894154.261515 L 1000 1 1 4 0
1790894155.301497 L 1000 1 1 9 0
1790894156.341523 L 1000 1 1 14 0
1790894157.381498 L 1000 1 1 13 0
1790894158.525518 L 1000 1 1 3 0
1790894159.565527 L 1000 1 1 12 0
1790894160.605498 L 1000 1 1 13 0
1790894161.649518 L 1000 1 1 16 0
1790894162.793491 L 1000 1 1 12 0
1790894163.833520 L 1000 1 1 13 0
1790894164.873495 L 1000 1 1 14 0
1790894165.913519 L 1000 1 1 8 0
1790894167.057500 L 1000 1 1 14 0
1790894168.097515 L 1000 1 1 3 0
1790894169.137492 L 1000 1 1 7 0
1790894170.177517 L 1000 1 1 13 0
1790894171.321493 L 1000 1 1 15 0
1790894172.361524 L 1000 1 1 14 0
1790894173.401498 L 1000 1 1 13 0
1790894174.441782 L 1000 1 1 3 0
1790894175.585522 L 1000 1 1 14 0
1790894176.625496 L 1000 1 1 11 0
1790894177.665518 L 1000 1 1 14 0
1790894178.809496 L 1000 1 1 15 0
1790894179.849517 L 1000 1 1 12 0
1790894180.889496 L 1000 1 1 12 0
1790894181.929520 L 1000 1 1 13 0
1790894183.073501 L 1000 1 1 12 0
1790894184.117517 L 1000 1 1 13 0
1790894185.157496 L 1000 1 1 15 0
1790894186.197519 L 1000 1 1 11 0
1790894187.341499 L 1000 1 1 15 0
1790894188.381520 L 1000 1 1 15 0
1790894189.421497 L 1000 1 1 12 0
1790894190.461520 L 1000 1 1 14 0
1790894191.605518 L 1000 1 1 14 0
1790894192.645498 L 1000 1 1 9 0
1790894193.685523 L 1000 1 1 13 0
1790894194.725496 L 1000 1 1 13 0
1790894195.869518 L 1000 1 1 8 0
1790894196.909498 L 1000 1 1 12 0
1790894197.949519 L 1000 1 1 14 0
1790894198.989634 L 1000 1 1 9 0
1790894200.133520 L 1000 1 1 13 0
1790894201.173498 L 1000 1 1 2 0
1790894202.213516 L 1000 1 1 9 0
1790894203.357494 L 1000 1 1 13 0
1790894204.397515 L 1000 1 1 3 0
1790894205.437494 L 1000 1 1 7 0
1790894206.477526 L 1000 1 1 13 0
1790894207.621519 L 1000 1 1 13 0
1790894208.661494 L 1000 1 1 3 0
1790894209.701525 L 1000 1 1 13 0
1790894210.741494 L 1000 1 1 14 0
1790894211.885517 L 1000 1 1 14 0
1790894212.925500 L 1000 1 1 7 0
1790894213.965516 L 1000 1 1 14 0
1790894215.005497 L 1000 1 1 15 0
1790894216.149518 L 1000 1 1 8 0
1790894217.189498 L 1000 1 1 13 0
1790894218.229519 L 1000 1 1 4 0
1790894219.269637 L 1000 1 1 17 0
1790894220.413516 L 1000 1 1 12 0
1790894221.453499 L 1000 1 1 13 0
1790894222.493515 L 1000 1 1 9 0
1790894223.533496 L 1000 1 1 12 0
1790894224.681517 L 1000 1 1 14 0
1790894225.721518 L 1000 1 1 14 0
1790894226.761492 L 1000 1 1 14 0
1790894227.905517 L 1000 1 1 14 0
1790894228.945496 L 1000 1 1 17 0
1790894229.985515 L 1000 1 1 3 0
1790894231.025495 L 1000 1 1 13 0
1790894232.173515 L 1000 1 1 3 0
1790894233.213493 L 1000 1 1 15 0
1790894234.253520 L 1000 1 1 14 0
1790894235.293493 L 1000 1 1 15 0
1790894236.437516 L 1000 1 1 12 0
1790894237.477496 L 1000 1 1 12 0
1790894238.517517 L 1000 1 1 15 0
1790894239.557495 L 1000 1 1 11 0
1790894240.701520 L 1000 1 1 12 0
1790894241.741528 L 1000 1 1 14 0
1790894242.781492 L 1000 1 1 9 0
1790894243.821521 L 1000 1 1 12 0
1790894244.965496 L 1000 1 1 15 0
1790894246.005514 L 1000 1 1 9 0
1790894247.045494 L 1000 1 1 12 0
1790894248.085814 L 1000 1 1 16 0
1790894249.229505 L 1000 1 1 9 0
1790894250.269518 L 1000 1 1 12 0
1790894251.309497 L 1000 1 1 13 0
1790894252.453532 L 1000 1 1 14 0
1790894253.493504 L 1000 1 1 12 0
1790894254.533524 L 1000 1 1 13 0
1790894255.573500 L 1000 1 1 13 0
1790894256.717523 L 1000 1 1 13 0
1790894257.757520 L 1000 1 1 14 0
1790894258.797497 L 1000 1 1 4 0
1790894259.837524 L 1000 1 1 11 0
1790894260.981496 L 1000 1 1 13 0
1790894262.021520 L 1000 1 1 12 0
1790894263.061497 L 1000 1 1 7 0
1790894264.101522 L 1000 1 1 12 0
1790894265.245499 L 1000 1 1 12 0
1790894266.285522 L 1000 1 1 13 0
1790894267.325495 L 1000 1 1 14 0
1790894268.365809 L 1000 1 1 14 0
1790894269.509498 L 1000 1 1 13 0
1790894270.549524 L 1000 1 1 10 0
1790894271.589494 L 1000 1 1 13 0
1790894272.629523 L 1000 1 1 14 0
1790894273.773521 L 1000 1 1 8 0
1790894274.813498 L 1000 1 1 3 0
1790894275.853532 L 1000 1 1 13 0
1790894276.997500 L 1000 1 1 7 0
1790894278.037525 L 1000 1 1 16 0
1790894279.077496 L 1000 1 1 14 0
1790894280.117532 L 1000 1 1 14 0
1790894281.261497 L 1000 1 1 12 0
1790894282.301519 L 1000 1 1 14 0
1790894283.341498 L 1000 1 1 8 0
1790894284.381533 L 1000 1 1 13 0
1790894285.525499 L 1000 1 1 15 0
1790894286.565523 L 1000 1 1 14 0
1790894287.605498 L 1000 1 1 11 0
1790894288.645776 L 1000 1 1 13 0
1790894289.789499 L 1000 1 1 7 0
1790894290.829521 L 1000 1 1 13 0
1790894291.869532 L 1000 1 1 13 0
1790894292.909562 L 1000 1 1 15 0
1790894294.053515 L 1000 1 1 12 0
1790894295.093501 L 1000 1 1 14 0
1790894296.133517 L 1000 1 1 15 0
1790894297.277496 L 1000 1 1 12 0
1790894298.317520 L 1000 1 1 13 0
1790894299.357498 L 1000 1 1 15 0
1790894300.397517 L 1000 1 1 13 0
1790894301.541500 L 1000 1 1 11 0
1790894302.581518 L 1000 1 1 15 0
1790894303.621493 L 1000 1 1 12 0
1790894304.661521 L 1000 1 1 14 0
1790894305.805497 L 1000 1 1 2 0
1790894306.845516 L 1000 1 1 14 0
1790894307.889519 L 1000 1 1 11 0
1790894308.929499 L 1000 1 1 16 0
1790894310.073520 L 1000 1 1 11 0
1790894311.113496 L 1000 1 1 14 0
1790894312.153516 L 1000 1 1 13 0
1790894313.193649 L 1000 1 1 10 0
1790894314.337526 L 1000 1 1 12 0
1790894315.377493 L 1000 1 1 13 0
1790894316.417517 L 1000 1 1 10 0
1790894317.457494 L 1000 1 1 12 0
1790894318.601518 L 1000 1 1 3 0
1790894319.641495 L 1000 1 1 13 0
1790894320.681517 L 1000 1 1 13 0
1790894321.825498 L 1000 1 1 13 0
1790894322.865515 L 1000 1 1 4 0
1790894323.905493 L 1000 1 1 9 0
1790894324.945516 L 1000 1 1 13 0
1790894326.089520 L 1000 1 1 3 0
1790894327.129494 L 1000 1 1 7 0
1790894328.169517 L 1000 1 1 13 0
1790894329.209495 L 1000 1 1 15 0
1790894330.353516 L 1000 1 1 9 0
1790894331.393498 L 1000 1 1 13 0
1790894332.433525 L 1000 1 1 13 0
1790894333.473498 L 1000 1 1 8 0
1790894334.617516 L 1000 1 1 11 0
1790894335.657494 L 1000 1 1 14 0
1790894336.701517 L 1000 1 1 3 0
1790894337.741621 L 1000 1 1 15 0
1790894338.885518 L 1000 1 1 14 0
1790894339.925494 L 1000 1 1 6 0
1790894340.965520 L 1000 1 1 12 0
1790894342.009913 L 1000 1 1 3 0
1790894343.153496 L 1000 1 1 10 0
1790894344.193519 L 1000 1 1 13 0
1790894345.233493 L 1000 1 1 13 0
1790894346.377516 L 1000 1 1 15 0
1790894347.417494 L 1000 1 1 12 0
1790894348.457520 L 1000 1 1 14 0
1790894349.497493 L 1000 1 1 14 0
1790894350.645520 L 1000 1 1 12 0
1790894351.685492 L 1000 1 1 14 0
1790894352.725517 L 1000 1 1 3 0
1790894353.765498 L 1000 1 1 12 0
1790894354.909517 L 1000 1 1 13 0
1790894355.949525 L 1000 1 1 14 0
1790894356.989520 L 1000 1 1 11 0
1790894358.029536 L 1000 1 1 14 0
1790894359.173500 L 1000 1 1 10 0
1790894360.213521 L 1000 1 1 13 0
1790894361.253498 L 1000 1 1 12 0
1790894362.293522 L 1000 1 1 12 0
1790894363.437516 L 1000 1 1 9 0
1790894364.477524 L 1000 1 1 12 0
1790894365.517498 L 1000 1 1 13 0
1790894366.557660 L 1000 1 1 7 0
1790894367.701499 L 1000 1 1 13 0
1790894368.741524 L 1000 1 1 12 0
1790894369.781495 L 1000 1 1 8 0
1790894370.925520 L 1000 1 1 14 0
1790894371.965493 L 1000 1 1 3 0
1790894373.005518 L 1000 1 1 9 0
1790894374.045497 L 1000 1 1 13 0
1790894375.189519 L 1000 1 1 14 0
1790894376.233522 L 1000 1 1 16 0
1790894377.273497 L 1000 1 1 3 0
1790894378.313516 L 1000 1 1 15 0
1790894379.457494 L 1000 1 1 3 0
1790894380.497520 L 1000 1 1 14 0
1790894381.537496 L 1000 1 1 13 0
1790894382.577518 L 1000 1 1 14 0
1790894383.721496 L 1000 1 1 3 0
1790894384.761517 L 1000 1 1 12 0
1790894385.801498 L 1000 1 1 12 0
1790894386.841517 L 1000 1 1 13 0
1790894387.985495 L 1000 1 1 13 0
1790894389.025518 L 1000 1 1 15 0
1790894390.065497 L 1000 1 1 15 0
1790894391.105790 L 1000 1 1 12 0
1790894392.249519 L 1000 1 1 14 0
1790894393.289497 L 1000 1 1 13 0
1790894394.329525 L 1000 1 1 13 0
1790894395.473492 L 1000 1 1 14 0
1790894396.513515 L 1000 1 1 4 0
1790894397.553505 L 1000 1 1 7 0
1790894398.597516 L 1000 1 1 12 0
1790894399.741494 L 1000 1 1 14 0
1790894400.781519 L 1000 1 1 4 0
1790894401.821501 L 1000 1 1 12 0
1790894402.861518 L 1000 1 1 3 0
1790894404.005497 L 1000 1 1 2 0
1790894405.045521 L 1000 1 1 13 0
1790894406.085499 L 1000 1 1 14 0
1790894407.125519 L 1000 1 1 13 0
1790894408.269517 L 1000 1 1 12 0
1790894409.309498 L 1000 1 1 4 0
1790894410.349523 L 1000 1 1 13 0
1790894411.389497 L 1000 1 1 12 0
1790894412.533528 L 1000 1 1 15 0
1790894413.573494 L 1000 1 1 8 0
1790894414.613516 L 1000 1 1 12 0
1790894415.655016 L 1000 1 1 12 0
1790894416.797522 L 1000 1 1 12 0
1790894417.841750 L 1000 1 1 13 0
1790894418.901797 L 1000 1 5 21 0
1790894419.949599 L 1000 1 5 37 0
1790894421.109811 L 1000 1 7 25 0
1790894422.157851 L 1000 1 6 28 0
1790894423.209877 L 1000 1 7 32 0
1790894424.261858 L 1000 1 7 28 0
1790894425.321641 L 1000 1 8 34 0
1790894426.477796 L 1000 2 8 33 0
1790894427.529863 L 1000 1 7 27 0
1790894428.585829 L 1000 2 8 38 0
1790894429.645662 L 1000 3 7 27 0
1790894430.701670 L 1000 1 8 28 0
1790894431.857796 L 1000 1 6 28 0
1790894432.909547 L 1000 1 7 25 0
1790894433.953759 L 1000 1 6 18 0
1790894435.009752 L 1000 1 5 23 0
1790894436.157645 L 1000 1 6 35 0
1790894437.209761 L 1000 1 6 38 0
1790894438.261865 L 1000 1 6 36 0
1790894439.313874 L 1000 1 6 39 0
1790894440.477826 L 1000 1 5 37 0
1790894441.521796 L 1000 1 6 40 0
1790894442.569551 L 1000 1 6 20 0
1790894443.617748 L 1000 1 6 24 0
1790894444.673704 L 1000 1 5 23 0
1790894445.829949 L 1000 1 5 26 0
1790894446.877686 L 1000 1 6 37 0
1790894447.925681 L 1000 1 5 36 0
1790894448.977838 L 1000 1 6 25 0
1790894450.137584 L 1000 1 6 39 0
1790894451.189787 L 1000 1 6 33 0
1790894452.237843 L 1000 1 6 30 0
1790894453.298065 L 1000 1 7 37 0
1790894454.457814 L 1000 1 5 36 0
1790894455.505875 L 1000 1 6 22 0
1790894456.561835 L 1000 1 6 25 0
1790894457.609731 L 1000 1 6 28 0
1790894458.761856 L 1000 1 7 18 0
1790894459.825739 L 1000 1 8 32 0
1790894460.881619 L 1000 1 7 32 0
1790894461.929643 L 1000 1 7 27 0
1790894462.985616 L 1000 1 6 19 0
1790894464.149732 L 1000 1 7 24 0
1790894465.205576 L 1000 1 6 20 0
1790894466.249657 L 1000 1 6 37 0
1790894467.309621 L 1000 1 6 38 0
1790894468.361848 L 1000 1 6 17 0
1790894469.513615 L 1000 1 7 38 0
1790894470.565757 L 1000 1 6 25 0
1790894471.613781 L 1000 1 7 38 0
1790894472.769771 L 1000 1 6 39 0
1790894473.817809 L 1000 1 5 29 0
1790894474.865592 L 1000 1 6 41 0
1790894475.913730 L 1000 1 6 28 0
1790894476.973780 L 1000 1 4 17 0
1790894478.129524 L 1000 1 5 30 0
1790894479.169492 L 1000 1 1 14 0
1790894480.225761 L 1000 1 2 19 0
1790894481.280963 L 1000 3 9 31 0
1790894482.413648 L 1000 3 7 37 0
1790894483.449646 L 1000 3 7 38 0
1790894484.593756 L 1000 3 7 39 0
1790894485.633760 L 1000 3 7 33 0
1790894486.673747 L 1000 4 7 38 0
1790894487.833766 L 1000 3 7 30 0
1790894488.901741 L 1000 3 7 33 0
1790894489.945755 L 1000 4 7 37 0
1790894490.986031 L 1000 2 7 36 0
1790894492.133723 L 1000 4 7 34 0
1790894493.177765 L 1000 3 7 38 0
1790894494.217775 L 1000 2 7 37 0
1790894495.361790 L 1000 3 7 36 0
1790894496.401765 L 1000 4 7 33 0
1790894497.545735 L 1000 3 7 36 0
1790894498.589648 L 1000 3 7 33 0
1790894499.625985 L 1000 4 7 32 0
1790894500.769756 L 1000 3 7 36 0
1790894501.813805 L 1000 2 7 34 0
1790894502.865787 L 1000 3 8 28 0
1790894504.017722 L 1000 3 7 36 0
1790894505.065734 L 1000 3 7 33 0
1790894506.109730 L 1000 3 7 30 0
1790894507.261757 L 1000 3 7 35 0
1790894508.305773 L 1000 1 6 32 0
1790894509.357789 L 1000 3 7 38 0
1790894510.501755 L 1000 3 7 30 0
1790894511.545746 L 1000 3 7 36 0
1790894512.585768 L 1000 3 7 38 0
1790894513.729794 L 1000 3 7 37 0
1790894514.769755 L 1000 3 8 30 0
1790894515.809867 L 1000 3 7 21 0
1790894516.953751 L 1000 3 7 36 0
1790894517.997640 L 1000 4 7 31 0
1790894519.137751 L 1000 4 7 32 0
1790894520.181763 L 1000 4 7 34 0
1790894521.221778 L 1000 3 7 27 0
1790894522.365729 L 1000 4 7 37 0
1790894523.405764 L 1000 3 7 36 0
1790894524.446018 L 1000 3 7 35 0
1790894525.593752 L 1000 3 7 51 0
1790894526.633767 L 1000 3 7 27 0
1790894527.777748 L 1000 3 7 32 0
1790894528.821742 L 1000 3 8 28 0
1790894529.861761 L 1000 3 7 32 0
1790894531.005742 L 1000 3 7 35 0
1790894532.045749 L 1000 3 7 38 0
1790894533.090021 L 1000 3 8 35 0
1790894534.233765 L 1000 3 7 40 0
1790894535.273750 L 1000 3 7 38 0
1790894536.421774 L 1000 3 7 39 0
1790894537.461758 L 1000 3 7 23 0
1790894538.501744 L 1000 3 7 31 0
1790894539.649764 L 1000 4 8 28 0
1790894540.689520 L 1000 1 2 32 0
1790894541.729514 L 1000 1 1 11 0
1790894542.769523 L 1000 1 1 13 0
1790894543.917496 L 1000 1 1 12 0
1790894544.957517 L 1000 1 1 10 0
1790894545.997497 L 1000 1 1 15 0
1790894547.037585 L 1000 1 1 3 0
1790894548.185496 L 1000 1 1 14 0
1790894549.225514 L 1000 1 1 11 0
1790894550.265495 L 1000 1 1 12 0
1790894551.305745 L 1000 1 1 15 0
1790894552.449495 L 1000 1 1 2 0
1790894553.489513 L 1000 1 1 14 0
1790894554.529496 L 1000 1 1 14 0
1790894555.569516 L 1000 1 1 11 0
1790894556.713499 L 1000 1 1 12 0
1790894557.753512 L 1000 1 1 13 0
1790894558.793494 L 1000 1 1 10 0
1790894559.937517 L 1000 1 1 13 0
1790894560.977514 L 1000 1 1 15 0
1790894562.017492 L 1000 1 1 8 0
1790894563.057514 L 1000 1 1 12 0
1790894564.201494 L 1000 1 1 13 0
1790894565.241516 L 1000 1 1 4 0
1790894566.281501 L 1000 1 1 13 0
1790894567.321521 L 1000 1 1 13 0
1790894568.465498 L 1000 1 1 13 0
1790894569.505518 L 1000 1 1 3 0
1790894570.545498 L 1000 1 1 13 0
1790894571.585663 L 1000 1 1 3 0
1790894572.729494 L 1000 1 1 12 0
1790894573.769520 L 1000 1 1 13 0
1790894574.809498 L 1000 1 1 13 0
1790894575.849692 L 1000 1 1 10 0
1790894576.993522 L 1000 1 1 13 0
1790894578.033497 L 1000 1 1 15 0
1790894579.073518 L 1000 1 1 13 0
1790894580.217498 L 1000 1 1 12 0
1790894581.257517 L 1000 1 1 13 0
1790894582.297498 L 1000 1 1 9 0
1790894583.337522 L 1000 1 1 11 0
1790894584.481496 L 1000 1 1 15 0
1790894585.521523 L 1000 1 1 9 0
1790894586.561495 L 1000 1 1 12 0
1790894587.601522 L 1000 1 1 12 0
1790894588.745498 L 1000 1 1 16 0
1790894589.785520 L 1000 1 1 12 0
1790894590.825494 L 1000 1 1 13 0
1790894591.865521 L 1000 1 1 17 0
1790894593.009519 L 1000 1 1 9 0
1790894594.049498 L 1000 1 1 14 0
1790894595.093527 L 1000 1 1 11 0
1790894596.133617 L 1000 1 1 3 0
1790894597.281504 L 1000 1 1 13 0
1790894598.317498 L 1000 1 1 14 0
1790894599.357522 L 1000 1 1 14 0
1790894600.397534 L 1000 1 1 12 0
1790894601.541524 L 1000 1 1 14 0
1790894602.581520 L 1000 1 1 15 0
1790894603.621516 L 1000 1 1 11 0
1790894604.769700 L 1000 1 7 26 0
1790894605.809932 L 1000 3 12 45 0
1790894606.849592 L 1000 1 11 64 0
1790894607.998040 L 1000 1 7 31 0
1790894609.037776 L 1000 1 9 49 0
1790894610.185744 L 1000 1 6 29 0
1790894611.253845 L 1000 4 12 38 0
1790894612.325616 L 1000 1 10 39 0
1790894613.366021 L 1000 1 8 27 0
1790894614.509679 L 1000 1 7 59 0
1790894615.569807 L 1000 1 9 47 0
1790894616.641961 L 1000 4 11 54 0
1790894617.709628 L 1000 4 11 56 0
1790894618.773919 L 1000 1 7 26 0
1790894619.841981 L 1000 1 8 50 0
1790894621.009838 L 1000 1 9 47 0
1790894622.082008 L 1000 1 9 49 0
1790894623.133614 L 1000 2 11 57 0
1790894624.190029 L 1000 1 7 30 0
1790894625.254007 L 1000 1 9 49 0
1790894626.421660 L 1000 1 7 27 0
1790894627.486003 L 1000 1 11 46 0
1790894628.525625 L 1000 1 10 52 0
1790894629.670694 L 1000 1 7 27 0
1790894630.709910 L 1000 1 10 44 0
1790894631.854117 L 1000 1 6 47 0
1790894632.897737 L 1000 2 12 35 0
1790894633.937588 L 1000 1 9 48 0
1790894635.081708 L 1000 1 9 30 0
1790894636.121898 L 1000 1 9 38 0
1790894637.189938 L 1000 1 7 29 0
1790894638.250063 L 1000 2 12 62 0
1790894639.409874 L 1000 1 7 64 0
1790894640.473990 L 1000 2 11 29 0
1790894641.545801 L 1000 1 9 53 0
1790894642.621908 L 1000 1 7 30 0
1790894643.669936 L 1000 2 10 45 0
1790894644.825924 L 1000 1 7 58 0
1790894645.881886 L 1000 1 11 39 0
1790894646.933582 L 1000 1 7 47 0
1790894647.985996 L 1000 1 9 26 0
1790894649.133746 L 1000 3 10 54 0
1790894650.169865 L 1000 1 7 48 0
1790894651.209983 L 1000 2 12 54 0
1790894652.353773 L 1000 1 6 43 0
1790894653.397749 L 1000 1 11 27 0
1790894654.541925 L 1000 3 10 43 0
1790894655.581879 L 1000 1 7 32 0
1790894656.625911 L 1000 2 12 51 0
1790894657.769842 L 1000 1 5 42 0
1790894658.813675 L 1000 1 11 52 0
1790894659.957940 L 1000 5 10 31 0
1790894660.997912 L 1000 1 6 22 0
1790894662.042021 L 1000 2 12 36 0
1790894663.185895 L 1000 1 5 41 0
1790894664.229525 L 1000 1 10 29 0
1790894665.269521 L 1000 1 1 14 0
1790894666.417553 L 1000 1 2 21 0
1790894667.469525 L 1000 1 1 7 0
1790894668.529523 L 1000 1 1 14 0
1790894669.581511 L 1000 1 1 12 0
1790894670.629533 L 1000 1 1 15 0
1790894671.681514 L 1000 1 1 13 0
1790894672.737532 L 1000 1 1 14 0
1790894673.797517 L 1000 1 1 14 0
1790894674.866534 L 1000 1 1 10 0
1790894676.025508 L 1000 1 1 3 0
1790894677.081530 L 1000 1 1 14 0
1790894678.145509 L 1000 1 1 6 0
1790894679.189532 L 1000 1 1 14 0
1790894680.229512 L 1000 1 1 12 0
1790894681.269868 L 1000 1 1 12 0
1790894682.413506 L 1000 1 1 3 0
1790894683.453531 L 1000 1 1 13 0
1790894684.493511 L 1000 1 1 14 0
1790894685.533540 L 1000 1 1 14 0
1790894686.677528 L 1000 1 1 13 0
1790894687.717508 L 1000 1 1 12 0
1790894688.757534 L 1000 1 1 15 0
1790894689.901506 L 1000 1 1 14 0
1790894690.941526 L 1000 1 1 14 0
1790894691.981503 L 1000 1 1 13 0
1790894693.021529 L 1000 1 1 13 0
1790894694.165504 L 1000 1 1 14 0
1790894695.205529 L 1000 1 1 10 0
1790894696.245508 L 1000 1 1 13 0
1790894697.285531 L 1000 1 1 13 0
1790894698.429513 L 1000 1 1 14 0
1790894699.469529 L 1000 1 1 13 0
1790894700.509511 L 1000 1 1 13 0
1790894701.549845 L 1000 1 1 13 0
1790894702.697662 L 1000 1 1 4 0
1790894703.737529 L 1000 1 1 13 0
1790894704.777534 L 1000 1 1 11 0
1790894705.821660 L 1000 1 1 11 0
1790894706.961530 L 1000 1 1 13 0
1790894708.001505 L 1000 1 1 8 0
1790894709.041535 L 1000 1 1 13 0
1790894710.185504 L 1000 1 1 11 0
1790894711.225530 L 1000 1 1 14 0
1790894712.265503 L 1000 1 1 15 0
1790894713.305529 L 1000 1 1 12 0
1790894714.449503 L 1000 1 1 15 0
1790894715.489530 L 1000 1 1 13 0
1790894716.529505 L 1000 1 1 9 0
1790894717.569529 L 1000 1 1 12 0
1790894718.713507 L 1000 1 1 15 0
1790894719.753530 L 1000 1 1 14 0
1790894720.793508 L 1000 1 1 13 0
1790894721.833845 L 1000 1 1 7 0
1790894722.977524 L 1000 1 1 15 0
1790894724.017510 L 1000 1 1 13 0
1790894725.057526 L 1000 1 1 16 0
1790894726.201535 L 1000 1 1 14 0
1790894727.241513 L 1000 1 1 9 0
1790894728.281521 L 1000 1 1 13 0
1790894729.321520 L 1000 1 1 15 0
1790894730.465516 L 1000 1 1 15 0
1790894731.509518 L 1000 1 1 14 0
1790894732.549489 L 1000 1 1 15 0
1790894733.589513 L 1000 1 1 15 0
1790894734.733489 L 1000 1 1 14 0
1790894735.773514 L 1000 1 1 13 0
1790894736.813494 L 1000 1 1 13 0
1790894737.853515 L 1000 1 1 11 0
1790894738.997512 L 1000 1 1 15 0
1790894740.037508 L 1000 1 1 13 0
1790894741.077536 L 1000 1 1 12 0
1790894742.117620 L 1000 1 1 13 0
1790894743.261516 L 1000 1 1 14 0
1790894744.301491 L 1000 1 1 8 0
1790894745.341526 L 1000 1 1 12 0
1790894746.381485 L 1000 1 1 13 0
1790894747.525514 L 1000 1 1 15 0
1790894748.565492 L 1000 1 1 13 0
1790894749.605518 L 1000 1 1 13 0
1790894750.749490 L 1000 1 1 15 0
1790894751.789512 L 1000 1 1 12 0
1790894752.829494 L 1000 1 1 13 0
1790894753.873513 L 1000 1 1 12 0
1790894755.017488 L 1000 1 1 9 0
1790894756.057512 L 1000 1 1 12 0
1790894757.097530 L 1000 1 1 3 0
1790894758.137492 L 1000 1 1 12 0
1790894759.281515 L 1000 1 1 13 0
1790894760.321490 L 1000 1 1 13 0
1790894761.361513 L 1000 1 1 17 0
1790894762.401495 L 1000 1 1 13 0
1790894763.545511 L 1000 1 1 14 0
1790894764.585492 L 1000 1 1 13 0
1790894765.625513 L 1000 1 1 8 0
1790894766.665650 L 1000 1 1 13 0
1790894767.809516 L 1000 1 1 4 0
1790894768.849493 L 1000 1 1 8 0
1790894769.889520 L 1000 1 1 13 0
1790894770.929491 L 1000 1 1 11 0
1790894772.077517 L 1000 1 1 8 0
1790894773.121517 L 1000 1 1 13 0
1790894774.161496 L 1000 1 1 4 0
1790894775.201859 L 1000 1 1 8 0
1790894776.345492 L 1000 1 1 14 0
1790894777.385517 L 1000 1 1 15 0
1790894778.425495 L 1000 1 1 6 0
1790894779.569518 L 1000 1 1 11 0
1790894780.609494 L 1000 1 1 13 0
1790894781.649517 L 1000 1 1 14 0
1790894782.689493 L 1000 1 1 15 0
1790894783.833518 L 1000 1 1 15 0
1790894784.873500 L 1000 1 1 14 0
1790894785.913518 L 1000 1 1 13 0
1790894786.953495 L 1000 1 1 11 0
1790894788.097516 L 1000 1 1 14 0
1790894789.137494 L 1000 1 1 10 0
1790894790.177518 L 1000 1 1 13 0
1790894791.217529 L 1000 1 1 15 0
1790894792.361494 L 1000 1 1 6 0
1790894793.401518 L 1000 1 1 12 0
1790894794.441496 L 1000 1 1 14 0
1790894795.481783 L 1000 1 1 8 0
1790894796.625498 L 1000 1 1 13 0
1790894797.665515 L 1000 1 1 12 0
1790894798.705499 L 1000 1 1 8 0
1790894799.849530 L 1000 1 1 12 0
1790894800.889496 L 1000 1 1 13 0
1790894801.933535 L 1000 1 1 11 0
1790894802.973493 L 1000 1 1 13 0
1790894804.117517 L 1000 1 1 14 0
1790894805.157494 L 1000 1 1 14 0
1790894806.197519 L 1000 1 1 12 0
1790894807.237529 L 1000 1 1 13 0
1790894808.381500 L 1000 1 1 9 0
1790894809.421516 L 1000 1 1 12 0
1790894810.461493 L 1000 1 1 13 0
1790894811.501518 L 1000 1 1 13 0
1790894812.645498 L 1000 1 1 14 0
1790894813.685518 L 1000 1 1 13 0
1790894814.725499 L 1000 1 1 14 0
1790894815.765520 L 1000 1 1 14 0
1790894816.909499 L 1000 1 1 13 0
1790894817.949518 L 1000 1 1 15 0
1790894818.989499 L 1000 1 1 13 0
1790894820.029774 L 1000 1 1 14 0
1790894821.173503 L 1000 1 1 14 0
1790894822.221519 L 1000 1 1 12 0
1790894823.261520 L 1000 1 1 12 0
1790894824.301672 L 1000 1 1 3 0
1790894825.445521 L 1000 1 1 14 0
1790894826.485498 L 1000 1 1 13 0
1790894827.525520 L 1000 1 1 14 0
1790894828.565572 L 1000 1 1 6 0
1790894829.709520 L 1000 1 1 12 0
1790894830.749495 L 1000 1 1 14 0
1790894831.789521 L 1000 1 1 8 0
1790894832.933504 L 1000 1 1 12 0
1790894833.973516 L 1000 1 1 12 0
1790894835.013498 L 1000 1 1 15 0
1790894836.053517 L 1000 1 1 11 0
1790894837.197496 L 1000 1 1 14 0
1790894838.237518 L 1000 1 1 16 0
1790894839.277500 L 1000 1 1 13 0
1790894840.317517 L 1000 1 1 12 0
1790894841.461518 L 1000 1 1 16 0
1790894842.501497 L 1000 1 1 10 0
1790894843.545521 L 1000 1 1 15 0
1790894844.585501 L 1000 1 1 16 0
1790894845.729517 L 1000 1 1 10 0
1790894846.769495 L 1000 1 1 13 0
1790894847.809522 L 1000 1 1 15 0
1790894848.849729 L 1000 1 1 7 0
1790894849.993518 L 1000 1 1 13 0
1790894851.033497 L 1000 1 1 13 0
1790894852.073520 L 1000 1 1 14 0
1790894853.113520 L 1000 1 1 13 0
1790894854.257520 L 1000 1 1 13 0
1790894855.297495 L 1000 1 1 15 0
1790894856.337520 L 1000 1 1 11 0
1790894857.481516 L 1000 1 1 14 0
1790894858.521494 L 1000 1 1 14 0
1790894859.561519 L 1000 1 1 10 0
1790894860.601501 L 1000 1 1 12 0
1790894861.745515 L 1000 1 1 15 0
1790894862.785498 L 1000 1 1 12 0
1790894863.825519 L 1000 1 1 12 0
1790894864.865495 L 1000 1 1 12 0
1790894866.009515 L 1000 1 1 9 0
1790894867.049493 L 1000 1 1 12 0
1790894868.089521 L 1000 1 1 14 0
1790894869.129497 L 1000 1 1 8 0
1790894870.277518 L 1000 1 1 10 0
1790894871.317491 L 1000 1 1 14 0
1790894872.361524 L 1000 1 1 8 0
1790894873.401497 L 1000 1 1 14 0
1790894874.545519 L 1000 1 1 15 0
1790894875.585524 L 1000 1 1 14 0
1790894876.625499 L 1000 1 1 13 0
1790894877.665838 L 1000 1 1 13 0
1790894878.809500 L 1000 1 1 13 0
1790894879.849521 L 1000 1 1 11 0
1790894880.889497 L 1000 1 1 13 0
1790894882.033517 L 1000 1 1 3 0
1790894883.073492 L 1000 1 1 8 0
1790894884.113518 L 1000 1 1 14 0
1790894885.153496 L 1000 1 1 14 0
1790894886.297518 L 1000 1 1 8 0
1790894887.337493 L 1000 1 1 11 0
1790894888.377518 L 1000 1 1 13 0
1790894889.417514 L 1000 1 1 8 0
1790894890.561516 L 1000 1 1 13 0
1790894891.601516 L 1000 1 1 15 0
1790894892.641499 L 1000 1 1 7 0
1790894893.681520 L 1000 1 1 13 0
1790894894.825494 L 1000 1 1 14 0
1790894895.865521 L 1000 1 1 15 0
1790894896.905499 L 1000 1 1 16 0
1790894897.945792 L 1000 1 1 13 0
1790894899.089496 L 1000 1 1 4 0
1790894900.133518 L 1000 1 1 12 0
1790894901.173497 L 1000 1 1 14 0
1790894902.213783 L 1000 1 1 15 0
1790894903.357496 L 1000 1 1 13 0
1790894904.397516 L 1000 1 1 13 0
1790894905.437499 L 1000 1 1 14 0
1790894906.581520 L 1000 1 1 10 0
1790894907.621554 L 1000 1 1 14 0
1790894908.661524 L 1000 1 1 14 0
1790894909.701522 L 1000 1 1 13 0
1790894910.845495 L 1000 1 1 13 0
1790894911.885520 L 1000 1 1 13 0
1790894912.925497 L 1000 1 1 3 0
1790894913.965521 L 1000 1 1 11 0
1790894915.109493 L 1000 1 1 15 0
1790894916.149523 L 1000 1 1 7 0
1790894917.189498 L 1000 1 1 12 0
1790894918.229518 L 1000 1 1 15 0
1790894919.373497 L 1000 1 1 6 0
1790894920.417521 L 1000 1 1 13 0
1790894921.457497 L 1000 1 1 3 0
1790894922.497523 L 1000 1 1 14 0
1790894923.641497 L 1000 1 1 10 0
1790894924.681522 L 1000 1 1 14 0
1790894925.721529 L 1000 1 1 13 0
1790894926.761614 L 1000 1 1 10 0
1790894927.905519 L 1000 1 1 16 0
1790894928.949522 L 1000 1 1 16 0
1790894929.989520 L 1000 1 1 12 0
1790894931.029643 L 1000 1 1 12 0
1790894932.173521 L 1000 1 1 14 0
1790894933.213499 L 1000 1 1 9 0
1790894934.253521 L 1000 1 1 12 0
1790894935.397503 L 1000 1 1 13 0
1790894936.437526 L 1000 1 1 8 0
1790894937.477498 L 1000 1 1 12 0
1790894938.517521 L 1000 1 1 15 0
1790894939.661496 L 1000 1 1 14 0
1790894940.705522 L 1000 1 1 11 0
1790894941.745516 L 1000 1 1 13 0
1790894942.785493 L 1000 1 1 13 0
1790894943.929520 L 1000 1 1 9 0
1790894944.969501 L 1000 1 1 13 0
1790894946.009518 L 1000 1 1 13 0
1790894947.049496 L 1000 1 1 16 0
1790894948.197519 L 1000 1 1 12 0
1790894949.237499 L 1000 1 1 14 0
1790894950.277517 L 1000 1 1 3 0
1790894951.317493 L 1000 1 1 13 0
1790894952.461519 L 1000 1 1 15 0
1790894953.501515 L 1000 1 1 15 0
1790894954.541520 L 1000 1 1 14 0
1790894955.581531 L 1000 1 1 3 0
1790894956.725521 L 1000 1 1 14 0
1790894957.765496 L 1000 1 1 10 0
1790894958.805521 L 1000 1 1 11 0
1790894959.845813 L 1000 1 1 13 0
1790894960.989498 L 1000 1 1 11 0
1790894962.029517 L 1000 1 1 11 0
1790894963.069493 L 1000 1 1 16 0
1790894964.113527 L 1000 1 1 8 0
1790894965.257502 L 1000 1 1 12 0
1790894966.297517 L 1000 1 1 14 0
1790894967.337496 L 1000 1 1 8 0
1790894968.481517 L 1000 1 1 15 0
1790894969.521505 L 1000 1 1 12 0
1790894970.561522 L 1000 1 1 9 0
1790894971.601494 L 1000 1 1 16 0
1790894972.745517 L 1000 1 1 16 0
1790894973.785495 L 1000 1 1 14 0
1790894974.825519 L 1000 1 1 14 0
1790894975.865538 L 1000 1 1 13 0
1790894977.009497 L 1000 1 1 14 0
1790894978.049521 L 1000 1 1 10 0
1790894979.089496 L 1000 1 1 14 0
1790894980.129765 L 1000 1 1 13 0
1790894981.273499 L 1000 1 1 8 0
1790894982.313519 L 1000 1 1 13 0
1790894983.353499 L 1000 1 1 13 0
1790894984.393714 L 1000 1 1 9 0
1790894985.537498 L 1000 1 1 12 0
1790894986.577518 L 1000 1 1 14 0
1790894987.617496 L 1000 1 1 14 0
1790894988.761516 L 1000 1 1 12 0
1790894989.801494 L 1000 1 1 12 0
1790894990.841520 L 1000 1 1 15 0
1790894991.881511 L 1000 1 1 10 0
1790894993.025515 L 1000 1 1 14 0
1790894994.065523 L 1000 1 1 3 0
1790894995.105495 L 1000 1 1 11 0
1790894996.145516 L 1000 1 1 14 0
1790894997.289496 L 1000 1 1 13 0
1790894998.329518 L 1000 1 1 10 0
1790894999.369501 L 1000 1 1 13 0
1790895000.409517 L 1000 1 1 3 0
1790895001.553502 L 1000 1 1 12 0
1790895002.593533 L 1000 1 1 12 0
1790895003.633495 L 1000 1 1 12 0
1790895004.673806 L 1000 1 1 3 0
1790895005.817494 L 1000 1 1 9 0
1790895006.857518 L 1000 1 1 12 0
1790895007.897494 L 1000 1 1 14 0
1790895009.041519 L 1000 1 1 15 0
1790895010.081524 L 1000 1 1 13 0
1790895011.121496 L 1000 1 1 14 0
1790895012.161519 L 1000 1 1 13 0
1790895013.305497 L 1000 1 1 12 0
1790895014.345516 L 1000 1 1 12 0
1790895015.385502 L 1000 1 1 3 0
1790895016.429517 L 1000 1 1 12 0
1790895017.573497 L 1000 1 1 14 0
1790895018.617519 L 1000 1 1 14 0
1790895019.657494 L 1000 1 1 8 0
1790895020.697522 L 1000 1 1 12 0
1790895021.841497 L 1000 1 1 12 0
1790895022.881516 L 1000 1 1 14 0
1790895023.921495 L 1000 1 1 13 0
1790895024.961517 L 1000 1 1 13 0
1790895026.105516 L 1000 1 1 4 0
1790895027.145499 L 1000 1 1 13 0
1790895028.185520 L 1000 1 1 13 0
1790895029.225705 L 1000 1 1 14 0
1790895030.369519 L 1000 1 1 9 0
1790895031.409496 L 1000 1 1 13 0
1790895032.449518 L 1000 1 1 4 0
1790895033.489574 L 1000 1 1 7 0
1790895034.633519 L 1000 1 1 13 0
1790895035.673496 L 1000 1 1 14 0
1790895036.717522 L 1000 1 1 7 0
1790895037.757508 L 1000 1 1 14 0
1790895038.901522 L 1000 1 1 13 0
1790895039.941508 L 1000 1 1 3 0
1790895040.981517 L 1000 1 1 12 0
1790895042.125517 L 1000 1 1 3 0
1790895043.165495 L 1000 1 1 7 0
1790895044.205521 L 1000 1 1 12 0
1790895045.245498 L 1000 1 1 14 0
1790895046.389519 L 1000 1 1 11 0
1790895047.429494 L 1000 1 1 14 0
1790895048.469519 L 1000 1 1 14 0
1790895049.509506 L 1000 1 1 4 0
1790895050.653519 L 1000 1 1 15 0
1790895051.693494 L 1000 1 1 13 0
1790895052.733522 L 1000 1 1 9 0
1790895053.773627 L 1000 1 1 12 0
1790895054.917514 L 1000 1 1 15 0
1790895055.957496 L 1000 1 1 9 0
1790895056.997519 L 1000 1 1 11 0
1790895058.037495 L 1000 1 1 13 0
1790895059.181521 L 1000 1 1 7 0
1790895060.221520 L 1000 1 1 14 0
1790895061.261499 L 1000 1 1 15 0
1790895062.405523 L 1000 1 1 14 0
1790895063.445504 L 1000 1 1 11 0
1790895064.485520 L 1000 1 1 13 0
1790895065.525500 L 1000 1 1 12 0
1790895066.673517 L 1000 1 1 10 0
1790895067.713493 L 1000 1 1 13 0
1790895068.753524 L 1000 1 1 14 0
1790895069.793493 L 1000 1 1 11 0
1790895070.937520 L 1000 1 1 14 0
1790895071.977497 L 1000 1 1 13 0
1790895073.017520 L 1000 1 1 9 0
1790895074.057497 L 1000 1 1 13 0
1790895075.205517 L 1000 1 1 3 0
1790895076.245531 L 1000 1 1 9 0
1790895077.285501 L 1000 1 1 12 0
1790895078.325523 L 1000 1 1 14 0
1790895079.469498 L 1000 1 1 12 0
1790895080.509515 L 1000 1 1 13 0
1790895081.549497 L 1000 1 1 13 0
1790895082.589752 L 1000 1 1 10 0
1790895083.733501 L 1000 1 1 14 0
1790895084.773519 L 1000 1 1 14 0
1790895085.813497 L 1000 1 1 7 0
1790895086.957519 L 1000 1 1 13 0
1790895087.997494 L 1000 1 1 13 0
1790895089.037521 L 1000 1 1 3 0
1790895090.077495 L 1000 1 1 12 0
1790895091.221518 L 1000 1 1 15 0
1790895092.261514 L 1000 1 1 13 0
1790895093.301502 L 1000 1 1 13 0
1790895094.341518 L 1000 1 1 14 0
1790895095.485492 L 1000 1 1 15 0
1790895096.525523 L 1000 1 1 13 0
1790895097.565498 L 1000 1 1 12 0
1790895098.605519 L 1000 1 1 4 0
1790895099.749495 L 1000 1 1 12 0
1790895100.789519 L 1000 1 1 13 0
1790895101.829491 L 1000 1 1 15 0
1790895102.869812 L 1000 1 1 13 0
1790895104.013510 L 1000 1 1 14 0
1790895105.053519 L 1000 1 1 15 0
1790895106.093496 L 1000 1 1 10 0
1790895107.133528 L 1000 1 1 13 0
1790895108.281518 L 1000 1 1 13 0
1790895109.321496 L 1000 1 1 12 0
1790895110.361532 L 1000 1 1 12 0
1790895111.505492 L 1000 1 1 15 0
1790895112.545515 L 1000 1 1 9 0
1790895113.585496 L 1000 1 1 12 0
1790895114.625522 L 1000 1 1 12 0
1790895115.769498 L 1000 1 1 12 0
1790895116.809519 L 1000 1 1 12 0
1790895117.849493 L 1000 1 1 14 0
1790895118.889521 L 1000 1 1 13 0
1790895120.033496 L 1000 1 1 14 0
1790895121.073519 L 1000 1 1 15 0
1790895122.113501 L 1000 1 1 9 0
1790895123.153518 L 1000 1 1 12 0
1790895124.297493 L 1000 1 1 3 0
1790895125.337525 L 1000 1 1 11 0
1790895126.377548 L 1000 1 1 10 0
1790895127.417656 L 1000 1 1 14 0
1790895128.561517 L 1000 1 1 5 0
1790895129.601493 L 1000 1 1 13 0
1790895130.645521 L 1000 1 1 13 0
1790895131.685619 L 1000 1 1 14 0
1790895132.829518 L 1000 1 1 12 0
1790895133.869498 L 1000 1 1 3 0
1790895134.909520 L 1000 1 1 12 0
1790895136.053495 L 1000 1 1 13 0
1790895137.097517 L 1000 1 1 13 0
1790895138.137494 L 1000 1 1 3 0
1790895139.177516 L 1000 1 1 13 0
1790895140.321498 L 1000 1 1 12 0
1790895141.361521 L 1000 1 1 14 0
1790895142.401526 L 1000 1 1 10 0
1790895143.441497 L 1000 1 1 10 0
1790895144.585515 L 1000 1 1 10 0
1790895145.625492 L 1000 1 1 12 0
1790895146.665518 L 1000 1 1 3 0
1790895147.705495 L 1000 1 1 3 0
1790895148.849519 L 1000 1 1 13 0
1790895149.889495 L 1000 1 1 13 0
1790895150.933518 L 1000 1 1 14 0
1790895151.973494 L 1000 1 1 11 0
1790895153.117518 L 1000 1 1 15 0
1790895154.157494 L 1000 1 1 3 0
1790895155.197522 L 1000 1 1 13 0
1790895156.237498 L 1000 1 1 13 0
1790895157.381523 L 1000 1 1 14 0
1790895158.421526 L 1000 1 1 10 0
1790895159.461499 L 1000 1 1 14 0
1790895160.501730 L 1000 1 1 13 0
1790895161.645495 L 1000 1 1 3 0
1790895162.685520 L 1000 1 1 13 0
1790895163.725495 L 1000 1 1 13 0
1790895164.869519 L 1000 1 1 3 0
1790895165.909492 L 1000 1 1 11 0
1790895166.949519 L 1000 1 1 15 0
1790895167.989497 L 1000 1 1 16 0
1790895169.133516 L 1000 1 1 10 0
1790895170.173493 L 1000 1 1 14 0
1790895171.213518 L 1000 1 1 15 0
1790895172.253493 L 1000 1 1 11 0
1790895173.397519 L 1000 1 1 15 0
1790895174.437495 L 1000 1 1 3 0
1790895175.477517 L 1000 1 1 11 0
1790895176.517537 L 1000 1 1 12 0
1790895177.661493 L 1000 1 1 14 0
1790895178.701521 L 1000 1 1 13 0
1790895179.741491 L 1000 1 1 13 0
1790895180.781706 L 1000 1 1 12 0
1790895181.925497 L 1000 1 1 9 0
1790895182.965517 L 1000 1 1 11 0
1790895184.005496 L 1000 1 1 3 0
1790895185.149517 L 1000 1 1 10 0
1790895186.189493 L 1000 1 1 12 0
1790895187.229518 L 1000 1 1 4 0
1790895188.269496 L 1000 1 1 9 0
1790895189.413528 L 1000 1 1 12 0
1790895190.453512 L 1000 1 1 3 0
1790895191.493519 L 1000 1 1 13 0
1790895192.533550 L 1000 1 1 12 0
1790895193.677496 L 1000 1 1 9 0
1790895194.717522 L 1000 1 1 15 0
1790895195.757496 L 1000 1 1 14 0
1790895196.797520 L 1000 1 1 12 0
1790895197.941492 L 1000 1 1 12 0
1790895198.981523 L 1000 1 1 3 0
1790895200.021493 L 1000 1 1 11 0
1790895201.061701 L 1000 1 1 12 0
1790895202.205496 L 1000 1 1 12 0
1790895203.245520 L 1000 1 1 9 0
1790895204.285495 L 1000 1 1 3 0
1790895205.429531 L 1000 1 1 14 0
1790895206.469506 L 1000 1 1 16 0
1790895207.509517 L 1000 1 1 13 0
1790895208.549494 L 1000 1 1 13 0
1790895209.693522 L 1000 1 1 16 0
1790895210.733517 L 1000 1 1 10 0
1790895211.773498 L 1000 1 1 14 0
1790895212.813519 L 1000 1 1 13 0
1790895213.957496 L 1000 1 1 11 0
1790895214.997514 L 1000 1 1 15 0
1790895216.037495 L 1000 1 1 3 0
1790895217.077534 L 1000 1 1 11 0
1790895218.221493 L 1000 1 1 16 0
1790895219.265516 L 1000 1 1 13 0
1790895220.305492 L 1000 1 1 8 0
1790895221.349528 L 1000 1 1 15 0
1790895222.493495 L 1000 1 1 14 0
1790895223.541535 L 1000 1 1 11 0
1790895224.585546 L 1000 1 1 23 0
1790895225.625528 L 1000 1 1 22 0
1790895226.769522 L 1000 1 1 13 0
1790895227.809497 L 1000 1 1 16 0
1790895228.849527 L 1000 1 1 13 0
1790895229.889502 L 1000 1 1 13 0
1790895231.033521 L 1000 1 1 13 0
1790895232.073500 L 1000 1 1 14 0
1790895233.117519 L 1000 1 1 14 0
1790895234.157499 L 1000 1 1 14 0
1790895235.301523 L 1000 1 1 15 0
1790895236.341499 L 1000 1 1 15 0
1790895237.381540 L 1000 1 1 16 0
1790895238.421672 L 1000 1 1 11 0
1790895239.565522 L 1000 1 1 15 0
1790895240.605502 L 1000 1 1 3 0
1790895241.645538 L 1000 1 1 13 0
1790895242.685551 L 1000 1 1 14 0
1790895243.829521 L 1000 1 1 9 0
1790895244.869518 L 1000 1 1 14 0
1790895245.909501 L 1000 1 1 13 0
1790895247.053517 L 1000 1 1 13 0
1790895248.093499 L 1000 1 1 17 0
1790895249.137521 L 1000 1 1 2 0
1790895250.177500 L 1000 1 1 12 0
1790895251.321519 L 1000 1 1 14 0
1790895252.361503 L 1000 1 1 2 0
1790895253.401545 L 1000 1 1 12 0
1790895254.441492 L 1000 1 1 13 0
1790895255.585526 L 1000 1 1 4 0
1790895256.625500 L 1000 1 1 16 0
1790895257.665516 L 1000 1 1 12 0
1790895258.705501 L 1000 1 1 12 0
1790895259.849519 L 1000 1 1 16 0
1790895260.889520 L 1000 1 1 12 0
1790895261.929501 L 1000 1 1 15 0
1790895262.969740 L 1000 1 1 15 0
1790895264.113498 L 1000 1 1 11 0
1790895265.153520 L 1000 1 1 13 0
1790895266.193499 L 1000 1 1 2 0
1790895267.233520 L 1000 1 1 10 0
1790895268.377503 L 1000 1 1 13 0
1790895269.417525 L 1000 1 1 15 0
1790895270.457497 L 1000 1 1 8 0
1790895271.601521 L 1000 1 1 12 0
1790895272.641504 L 1000 1 1 13 0
1790895273.681522 L 1000 1 1 6 0
1790895274.721502 L 1000 1 1 12 0
1790895275.865521 L 1000 1 1 14 0
1790895276.905532 L 1000 1 1 15 0
1790895277.945509 L 1000 1 1 3 0
1790895278.985529 L 1000 1 1 14 0
1790895280.129500 L 1000 1 1 14 0
1790895281.169522 L 1000 1 1 14 0
1790895282.209498 L 1000 1 1 12 0
1790895283.249753 L 1000 1 1 16 0
1790895284.393506 L 1000 1 1 13 0
1790895285.433535 L 1000 1 1 13 0
1790895286.473499 L 1000 1 1 11 0
1790895287.513676 L 1000 1 1 12 0
1790895288.657503 L 1000 1 1 14 0
1790895289.697524 L 1000 1 1 14 0
1790895290.737501 L 1000 1 1 10 0
1790895291.881522 L 1000 1 1 14 0
1790895292.921504 L 1000 1 1 14 0
1790895293.961525 L 1000 1 1 8 0
1790895295.001537 L 1000 1 1 11 0
1790895296.145498 L 1000 1 1 3 0
1790895297.185518 L 1000 1 1 8 0
1790895298.225501 L 1000 1 1 13 0
1790895299.265519 L 1000 1 1 14 0
1790895300.409503 L 1000 1 1 14 0
1790895301.449533 L 1000 1 1 15 0
1790895302.489500 L 1000 1 1 2 0
1790895303.529521 L 1000 1 1 3 0
1790895304.673499 L 1000 1 1 11 0
1790895305.713522 L 1000 1 1 13 0
1790895306.753499 L 1000 1 1 13 0
1790895307.793699 L 1000 1 1 11 0
1790895308.937504 L 1000 1 1 12 0
1790895309.981521 L 1000 1 1 13 0
1790895311.025519 L 1000 1 1 12 0
1790895312.065669 L 1000 1 1 15 0
1790895313.209545 L 1000 1 1 16 0
1790895314.249502 L 1000 1 1 11 0
1790895315.289536 L 1000 1 1 14 0
1790895316.433499 L 1000 1 1 15 0
1790895317.473521 L 1000 1 1 9 0
1790895318.513501 L 1000 1 1 12 0
1790895319.553520 L 1000 1 1 3 0
1790895320.697499 L 1000 1 1 13 0
1790895321.737521 L 1000 1 1 13 0
1790895322.777498 L 1000 1 1 14 0
1790895323.817526 L 1000 1 1 14 0
1790895324.961503 L 1000 1 1 12 0
1790895326.001520 L 1000 1 1 14 0
1790895327.041507 L 1000 1 1 3 0
1790895328.081517 L 1000 1 1 13 0
1790895329.229522 L 1000 1 1 12 0
1790895330.269499 L 1000 1 1 3 0
1790895331.309519 L 1000 1 1 13 0
1790895332.349503 L 1000 1 1 14 0
1790895333.493518 L 1000 1 1 15 0
1790895334.533498 L 1000 1 1 15 0
1790895335.577517 L 1000 1 1 12 0
1790895336.617506 L 1000 1 1 13 0
1790895337.761520 L 1000 1 1 7 0
1790895338.801502 L 1000 1 1 13 0
1790895339.841524 L 1000 1 1 13 0
1790895340.881675 L 1000 1 1 14 0
1790895342.025518 L 1000 1 1 12 0
1790895343.065494 L 1000 1 1 3 0
1790895344.109519 L 1000 1 1 13 0
1790895345.149697 L 1000 1 1 13 0
1790895346.293501 L 1000 1 1 14 0
1790895347.333522 L 1000 1 1 14 0
1790895348.374277 L 1000 1 1 13 0
1790895349.517527 L 1000 1 1 14 0
1790895350.557500 L 1000 1 1 14 0
1790895351.597519 L 1000 1 1 11 0
1790895352.637514 L 1000 1 1 14 0
1790895353.785523 L 1000 1 1 13 0
1790895354.825502 L 1000 1 1 12 0
1790895355.865521 L 1000 1 1 12 0
1790895356.905504 L 1000 1 1 13 0
1790895358.049522 L 1000 1 1 8 0
1790895359.089504 L 1000 1 1 13 0
1790895360.129523 L 1000 1 1 13 0
1790895361.173534 L 1000 1 1 16 0
1790895362.317510 L 1000 1 1 12 0
1790895363.357542 L 1000 1 1 16 0
1790895364.397513 L 1000 1 1 14 0
1790895365.441538 L 1000 1 1 10 0
1790895366.585501 L 1000 1 1 11 0
1790895367.625522 L 1000 1 1 13 0
1790895368.665504 L 1000 1 1 10 0
1790895369.705521 L 1000 1 1 13 0
1790895370.849507 L 1000 1 1 13 0
1790895371.889517 L 1000 1 1 7 0
1790895372.929500 L 1000 1 1 13 0
1790895373.973520 L 1000 1 1 16 0
1790895375.117502 L 1000 1 1 17 0
1790895376.157520 L 1000 1 1 13 0
1790895377.197506 L 1000 1 1 13 0
1790895378.237733 L 1000 1 1 13 0
1790895379.381540 L 1000 1 1 14 0
1790895380.421524 L 1000 1 1 14 0
1790895381.461538 L 1000 1 1 14 0
1790895382.605502 L 1000 1 1 11 0
1790895383.645518 L 1000 1 1 13 0
1790895384.685495 L 1000 1 1 13 0
1790895385.725523 L 1000 1 1 12 0
1790895386.869499 L 1000 1 1 12 0
1790895387.913521 L 1000 1 1 14 0
1790895388.957515 L 1000 1 1 14 0
1790895389.997521 L 1000 1 1 13 0
1790895391.141500 L 1000 1 1 13 0
1790895392.181527 L 1000 1 1 3 0
1790895393.221499 L 1000 1 1 13 0
1790895394.261527 L 1000 1 1 13 0
1790895395.405521 L 1000 1 1 14 0
1790895396.445499 L 1000 1 1 14 0
1790895397.485520 L 1000 1 1 14 0
1790895398.525501 L 1000 1 1 15 0
1790895399.669542 L 1000 1 1 8 0
1790895400.709500 L 1000 1 1 13 0
1790895401.749525 L 1000 1 1 13 0
1790895402.789500 L 1000 1 1 4 0
1790895403.933520 L 1000 1 1 11 0
1790895404.973499 L 1000 1 1 14 0
1790895406.013524 L 1000 1 1 5 0
1790895407.053658 L 1000 1 1 14 0
1790895408.197519 L 1000 1 1 16 0
1790895409.237502 L 1000 1 1 15 0
1790895410.277517 L 1000 1 1 11 0
1790895411.421520 L 1000 1 1 14 0
1790895412.461502 L 1000 1 1 10 0
1790895413.501527 L 1000 1 1 13 0
1790895414.541497 L 1000 1 1 15 0
1790895415.685523 L 1000 1 1 8 0
1790895416.725500 L 1000 1 1 3 0
1790895417.765521 L 1000 1 1 13 0
1790895418.805505 L 1000 1 1 14 0
1790895419.949522 L 1000 1 1 12 0
1790895420.989500 L 1000 1 1 14 0
1790895422.029516 L 1000 1 1 15 0
1790895423.069497 L 1000 1 1 11 0
1790895424.213526 L 1000 1 1 14 0
1790895425.253501 L 1000 1 1 13 0
1790895426.293520 L 1000 1 1 3 0
1790895427.333648 L 1000 1 1 13 0
1790895428.477524 L 1000 1 1 14 0
1790895429.517524 L 1000 1 1 12 0
1790895430.557509 L 1000 1 1 14 0
1790895431.701542 L 1000 1 1 13 0
1790895432.741498 L 1000 1 1 17 0
1790895433.781522 L 1000 1 1 12 0
1790895434.821501 L 1000 1 1 12 0
1790895435.965517 L 1000 1 1 14 0
1790895437.005501 L 1000 1 1 13 0
1790895438.049516 L 1000 1 1 13 0
1790895439.089496 L 1000 1 1 15 0
1790895440.233518 L 1000 1 1 8 0
1790895441.273504 L 1000 1 1 12 0
1790895442.313517 L 1000 1 1 14 0
1790895443.353498 L 1000 1 1 16 0
1790895444.497516 L 1000 1 1 11 0
1790895445.537522 L 1000 1 1 14 0
1790895446.577499 L 1000 1 1 14 0
1790895447.617519 L 1000 1 1 10 0
1790895448.761512 L 1000 1 1 15 0
1790895449.801521 L 1000 1 1 13 0
1790895450.841492 L 1000 1 1 8 0
1790895451.881696 L 1000 1 1 14 0
1790895453.025500 L 1000 1 1 13 0
1790895454.065517 L 1000 1 1 8 0
1790895455.105497 L 1000 1 1 15 0
1790895456.249520 L 1000 1 1 11 0
1790895457.289503 L 1000 1 1 9 0
1790895458.329513 L 1000 1 1 13 0
1790895459.369494 L 1000 1 1 13 0
1790895460.513514 L 1000 1 1 10 0
1790895461.553518 L 1000 1 1 15 0
1790895462.593496 L 1000 1 1 8 0
1790895463.633526 L 1000 1 1 12 0
1790895464.777503 L 1000 1 1 14 0
1790895465.817517 L 1000 1 1 9 0
1790895466.857495 L 1000 1 1 11 0
1790895467.897517 L 1000 1 1 12 0
1790895469.041499 L 1000 1 1 9 0
1790895470.081519 L 1000 1 1 12 0
1790895471.121495 L 1000 1 1 13 0
1790895472.161710 L 1000 1 1 9 0
1790895473.309499 L 1000 1 1 14 0
1790895474.349518 L 1000 1 1 12 0
1790895475.389503 L 1000 1 1 9 0
1790895476.429740 L 1000 1 1 15 0
1790895477.573517 L 1000 1 1 14 0
1790895478.613517 L 1000 1 1 9 0
1790895479.653533 L 1000 1 1 13 0
1790895480.797496 L 1000 1 1 12 0
1790895481.837519 L 1000 1 1 7 0
1790895482.877498 L 1000 1 1 13 0
1790895483.921518 L 1000 1 1 12 0
1790895485.065497 L 1000 1 1 14 0
1790895486.105521 L 1000 1 1 11 0
1790895487.145502 L 1000 1 1 14 0
1790895488.185523 L 1000 1 1 14 0
1790895489.329502 L 1000 1 1 13 0
1790895490.369534 L 1000 1 1 13 0
1790895491.409506 L 1000 1 1 13 0
1790895492.449532 L 1000 1 1 15 0
1790895493.593537 L 1000 1 1 12 0
1790895494.633517 L 1000 1 1 12 0
1790895495.673527 L 1000 1 1 11 0
1790895496.713499 L 1000 1 1 14 0
1790895497.857519 L 1000 1 1 3 0
1790895498.897499 L 1000 1 1 8 0
1790895499.941524 L 1000 1 1 14 0
1790895500.981656 L 1000 1 1 3 0
1790895502.125522 L 1000 1 1 7 0
1790895503.165499 L 1000 1 1 12 0
1790895504.209520 L 1000 1 1 14 0
1790895505.249657 L 1000 1 1 15 0
1790895506.393522 L 1000 1 1 13 0
1790895507.433497 L 1000 1 1 13 0
1790895508.473527 L 1000 1 1 15 0
1790895509.617501 L 1000 1 1 11 0
1790895510.657522 L 1000 1 1 13 0
1790895511.697520 L 1000 1 1 14 0
1790895512.737504 L 1000 1 1 10 0
1790895513.881524 L 1000 1 1 14 0
1790895514.921499 L 1000 1 1 13 0
1790895515.961520 L 1000 1 1 12 0
1790895517.001499 L 1000 1 1 14 0
1790895518.145518 L 1000 1 1 11 0
1790895519.185498 L 1000 1 1 14 0
1790895520.225522 L 1000 1 1 13 0
1790895521.265498 L 1000 1 1 12 0
1790895522.409521 L 1000 1 1 15 0
1790895523.449500 L 1000 1 1 16 0
1790895524.489521 L 1000 1 1 5 0
1790895525.529675 L 1000 1 1 14 0
1790895526.673520 L 1000 1 1 13 0
1790895527.713543 L 1000 1 1 14 0
1790895528.753503 L 1000 1 1 14 0
1790895529.897526 L 1000 1 1 15 0
1790895530.937499 L 1000 1 1 14 0
1790895531.977521 L 1000 1 1 14 0
1790895533.017501 L 1000 1 1 14 0
1790895534.161519 L 1000 1 1 10 0
1790895535.201496 L 1000 1 1 11 0
1790895536.241519 L 1000 1 1 14 0
1790895537.281499 L 1000 1 1 5 0
1790895538.425531 L 1000 1 1 12 0
1790895539.465502 L 1000 1 1 15 0
1790895540.505523 L 1000 1 1 7 0
1790895541.545506 L 1000 1 1 13 0
1790895542.689523 L 1000 1 1 13 0
1790895543.729506 L 1000 1 1 3 0
1790895544.769519 L 1000 1 1 12 0
1790895545.809642 L 1000 1 1 13 0
1790895546.957521 L 1000 1 1 3 0
1790895548.001521 L 1000 1 1 10 0
1790895549.041497 L 1000 1 1 12 0
1790895550.081522 L 1000 1 1 14 0
1790895551.225496 L 1000 1 1 7 0
1790895552.265522 L 1000 1 1 14 0
1790895553.305497 L 1000 1 1 13 0
1790895554.349520 L 1000 1 1 13 0
1790895555.493497 L 1000 1 1 13 0
1790895556.533531 L 1000 1 1 13 0
1790895557.573498 L 1000 1 1 13 0
1790895558.613739 L 1000 1 1 3 0
1790895559.757499 L 1000 1 1 13 0
1790895560.797519 L 1000 1 1 14 0
1790895561.837505 L 1000 1 1 13 0
1790895562.981521 L 1000 1 1 14 0
1790895564.021535 L 1000 1 1 3 0
1790895565.061500 L 1000 1 1 12 0
1790895566.101527 L 1000 1 1 13 0
1790895567.245496 L 1000 1 1 12 0
1790895568.285522 L 1000 1 1 8 0
1790895569.325500 L 1000 1 1 12 0
1790895570.365520 L 1000 1 1 12 0
1790895571.509502 L 1000 1 1 14 0
1790895572.549520 L 1000 1 1 3 0
1790895573.589499 L 1000 1 1 14 0
1790895574.629523 L 1000 1 1 14 0
1790895575.773499 L 1000 1 1 14 0
1790895576.813524 L 1000 1 1 14 0
1790895577.853495 L 1000 1 1 3 0
1790895578.893734 L 1000 1 1 13 0
1790895580.037522 L 1000 1 1 11 0
1790895581.077499 L 1000 1 1 9 0
1790895582.117528 L 1000 1 1 12 0
1790895583.261497 L 1000 1 1 15 0
1790895584.301522 L 1000 1 1 3 0
1790895585.341498 L 1000 1 1 13 0
1790895586.381525 L 1000 1 1 13 0
1790895587.525497 L 1000 1 1 15 0
1790895588.565520 L 1000 1 1 13 0
1790895589.605497 L 1000 1 1 14 0
1790895590.649522 L 1000 1 1 17 0
1790895591.793497 L 1000 1 1 9 0
1790895592.833519 L 1000 1 1 3 0
1790895593.873497 L 1000 1 1 12 0
1790895594.913522 L 1000 1 1 9 0
1790895596.057521 L 1000 1 1 11 0
1790895597.097500 L 1000 1 1 13 0
1790895598.137518 L 1000 1 1 14 0
1790895599.177500 L 1000 1 1 12 0
1790895600.321519 L 1000 1 1 14 0
1790895601.361503 L 1000 1 1 12 0
1790895602.401530 L 1000 1 1 8 0
1790895603.441688 L 1000 1 1 13 0
1790895604.585520 L 1000 1 1 14 0
1790895605.625497 L 1000 1 1 14 0
1790895606.665522 L 1000 1 1 12 0
1790895607.809498 L 1000 1 1 14 0
1790895608.849525 L 1000 1 1 15 0
1790895609.889498 L 1000 1 1 12 0
1790895610.929524 L 1000 1 1 13 0
1790895612.073556 L 1000 1 1 13 0
1790895613.113522 L 1000 1 1 12 0
1790895614.153535 L 1000 1 1 15 0
1790895615.193500 L 1000 1 1 15 0
1790895616.341524 L 1000 1 1 12 0
1790895617.381506 L 1000 1 1 14 0
1790895618.421532 L 1000 1 1 14 0
1790895619.461498 L 1000 1 1 13 0
1790895620.605518 L 1000 1 1 13 0
1790895621.645499 L 1000 1 1 14 0
1790895622.685519 L 1000 1 1 12 0
1790895623.725500 L 1000 1 1 13 0
1790895624.869520 L 1000 1 1 14 0
1790895625.909495 L 1000 1 1 8 0
1790895626.949522 L 1000 1 1 13 0
1790895627.989645 L 1000 1 1 14 0
1790895629.133523 L 1000 1 1 15 0
1790895630.173499 L 1000 1 1 13 0
1790895631.213520 L 1000 1 1 13 0
1790895632.257789 L 1000 1 1 15 0
1790895633.401501 L 1000 1 1 12 0
1790895634.441522 L 1000 1 1 3 0
1790895635.481493 L 1000 1 1 15 0
1790895636.625521 L 1000 1 1 9 0
1790895637.665499 L 1000 1 1 13 0
1790895638.705523 L 1000 1 1 15 0
1790895639.745498 L 1000 1 1 8 0
1790895640.889521 L 1000 1 1 12 0
1790895641.929493 L 1000 1 1 15 0
1790895642.969523 L 1000 1 1 8 0
1790895644.009497 L 1000 1 1 12 0
1790895645.153520 L 1000 1 1 14 0
1790895646.193492 L 1000 1 1 14 0
1790895647.233521 L 1000 1 1 13 0
1790895648.273504 L 1000 1 1 13 0
1790895649.417524 L 1000 1 1 14 0
1790895650.457520 L 1000 1 1 12 0
1790895651.497497 L 1000 1 1 12 0
1790895652.537601 L 1000 1 1 13 0
1790895653.681508 L 1000 1 1 10 0
1790895654.721520 L 1000 1 1 13 0
1790895655.761498 L 1000 1 1 15 0
1790895656.905518 L 1000 1 1 9 0
1790895657.945498 L 1000 1 1 12 0
1790895658.985520 L 1000 1 1 13 0
1790895660.025495 L 1000 1 1 3 0
1790895661.173518 L 1000 1 1 12 0
1790895662.213496 L 1000 1 1 13 0
1790895663.253542 L 1000 1 1 14 0
1790895664.293499 L 1000 1 1 13 0
1790895665.441528 L 1000 1 1 15 0
1790895666.485523 L 1000 1 1 15 0
1790895667.525498 L 1000 1 1 11 0
1790895668.569523 L 1000 1 1 15 0
1790895669.713499 L 1000 1 1 3 0
1790895670.753520 L 1000 1 1 11 0
1790895671.793498 L 1000 1 1 12 0
1790895672.833524 L 1000 1 1 14 0
1790895673.977496 L 1000 1 1 7 0
1790895675.017524 L 1000 1 1 12 0
1790895676.057493 L 1000 1 1 13 0
1790895677.097523 L 1000 1 1 8 0
1790895678.241497 L 1000 1 1 13 0
1790895679.281521 L 1000 1 1 14 0
1790895680.321499 L 1000 1 1 9 0
1790895681.361521 L 1000 1 1 12 0
1790895682.509522 L 1000 1 1 15 0
1790895683.549501 L 1000 1 1 14 0
1790895684.589528 L 1000 1 1 12 0
1790895685.629501 L 1000 1 1 14 0
1790895686.773518 L 1000 1 1 13 0
1790895687.813494 L 1000 1 1 12 0
1790895688.853521 L 1000 1 1 12 0
1790895689.893627 L 1000 1 1 2 0
1790895691.037521 L 1000 1 1 10 0
1790895692.077502 L 1000 1 1 13 0
1790895693.117520 L 1000 1 1 13 0
1790895694.261499 L 1000 1 1 8 0
1790895695.301522 L 1000 1 1 11 0
1790895696.341502 L 1000 1 1 13 0
1790895697.381524 L 1000 1 1 14 0
1790895698.525494 L 1000 1 1 13 0
1790895699.565521 L 1000 1 1 10 0
1790895700.609534 L 1000 1 1 15 0
1790895701.649503 L 1000 1 1 13 0
1790895702.797523 L 1000 1 1 14 0
1790895703.837499 L 1000 1 1 14 0
1790895704.877524 L 1000 1 1 10 0
1790895705.917501 L 1000 1 1 13 0
1790895707.061523 L 1000 1 1 4 0
1790895708.101494 L 1000 1 1 11 0
1790895709.141525 L 1000 1 1 14 0
1790895710.181497 L 1000 1 1 3 0
1790895711.325522 L 1000 1 1 10 0
1790895712.365501 L 1000 1 1 13 0
1790895713.405520 L 1000 1 1 13 0
1790895714.445498 L 1000 1 1 15 0
1790895715.589522 L 1000 1 1 12 0
1790895716.629519 L 1000 1 1 13 0
1790895717.669509 L 1000 1 1 15 0
1790895718.709794 L 1000 1 1 12 0
1790895719.853502 L 1000 1 1 14 0
1790895720.893520 L 1000 1 1 13 0
1790895721.933504 L 1000 1 1 13 0
1790895723.077520 L 1000 1 1 14 0
1790895724.117498 L 1000 1 1 6 0
1790895725.157525 L 1000 1 1 12 0
1790895726.197504 L 1000 1 1 14 0
1790895727.341521 L 1000 1 1 3 0
1790895728.381503 L 1000 1 1 14 0
1790895729.421539 L 1000 1 1 13 0
1790895730.461495 L 1000 1 1 2 0
1790895731.605520 L 1000 1 1 11 0
1790895732.645496 L 1000 1 1 13 0
1790895733.685522 L 1000 1 1 14 0
1790895734.725533 L 1000 1 1 13 0
1790895735.869509 L 1000 1 1 15 0
1790895736.913518 L 1000 1 1 13 0
1790895737.953493 L 1000 1 1 13 0
1790895738.993519 L 1000 1 1 13 0
1790895740.137496 L 1000 1 1 12 0
1790895741.177518 L 1000 1 1 10 0
1790895742.217496 L 1000 1 1 14 0
1790895743.257778 L 1000 1 1 17 0
1790895744.401504 L 1000 1 1 12 0
1790895745.441518 L 1000 1 1 15 0
1790895746.481492 L 1000 1 1 18 0
1790895747.625518 L 1000 1 1 11 0
1790895748.665509 L 1000 1 1 13 0
1790895749.705519 L 1000 1 1 14 0
1790895750.749529 L 1000 1 1 13 0
1790895751.893492 L 1000 1 1 13 0
1790895752.933520 L 1000 1 1 14 0
1790895753.973491 L 1000 1 1 12 0
1790895755.013520 L 1000 1 1 14 0
1790895756.157493 L 1000 1 1 13 0
1790895757.197520 L 1000 1 1 12 0
1790895758.237496 L 1000 1 1 14 0
1790895759.277517 L 1000 1 1 3 0
1790895760.421498 L 1000 1 1 10 0
1790895761.461519 L 1000 1 1 13 0
1790895762.501495 L 1000 1 1 15 0
1790895763.541518 L 1000 1 1 7 0
1790895764.685496 L 1000 1 1 13 0
1790895765.725521 L 1000 1 1 14 0
1790895766.769567 L 1000 1 1 15 0
1790895767.809499 L 1000 1 1 14 0
1790895768.953521 L 1000 1 1 16 0
1790895769.993494 L 1000 1 1 11 0
1790895771.037521 L 1000 1 1 13 0
1790895772.077638 L 1000 1 1 13 0
1790895773.221517 L 1000 1 1 13 0
1790895774.261491 L 1000 1 1 13 0
1790895775.301516 L 1000 1 1 14 0
1790895776.341501 L 1000 1 1 13 0
1790895777.485520 L 1000 1 1 14 0
1790895778.525495 L 1000 1 1 12 0
1790895779.565519 L 1000 1 1 12 0
1790895780.709497 L 1000 1 1 15 0
1790895781.753521 L 1000 1 1 15 0
1790895782.793493 L 1000 1 1 13 0
1790895783.833519 L 1000 1 1 12 0
1790895784.977518 L 1000 1 1 8 0
1790895786.017493 L 1000 1 1 14 0
1790895787.057522 L 1000 1 1 15 0
1790895788.097495 L 1000 1 1 8 0
1790895789.241518 L 1000 1 1 12 0
1790895790.281496 L 1000 1 1 13 0
1790895791.321520 L 1000 1 1 14 0
1790895792.361504 L 1000 1 1 12 0
1790895793.505515 L 1000 1 1 12 0
1790895794.545493 L 1000 1 1 14 0
1790895795.585516 L 1000 1 1 10 0
1790895796.625618 L 1000 1 1 12 0
1790895797.769519 L 1000 1 1 14 0
1790895798.809494 L 1000 1 1 8 0
1790895799.849516 L 1000 1 1 14 0
1790895800.889531 L 1000 1 1 3 0
1790895802.033496 L 1000 1 1 8 0
1790895803.073513 L 1000 1 1 16 0
1790895804.113494 L 1000 1 1 14 0
1790895805.257517 L 1000 1 1 8 0
1790895806.297496 L 1000 1 1 13 0
1790895807.341515 L 1000 1 1 16 0
1790895808.381498 L 1000 1 1 9 0
1790895809.525518 L 1000 1 1 15 0
1790895810.565492 L 1000 1 1 14 0
1790895811.605516 L 1000 1 1 11 0
1790895812.645495 L 1000 1 1 13 0
1790895813.789520 L 1000 1 1 14 0
1790895814.829492 L 1000 1 1 9 0
1790895815.873515 L 1000 1 1 12 0
1790895816.913494 L 1000 1 1 2 0
1790895818.057517 L 1000 1 1 8 0
1790895819.097523 L 1000 1 1 13 0
1790895820.137493 L 1000 1 1 11 0
1790895821.177517 L 1000 1 1 9 0
1790895822.321495 L 1000 1 1 14 0
1790895823.361515 L 1000 1 1 15 0
1790895824.401502 L 1000 1 1 9 0
1790895825.441796 L 1000 1 1 13 0
1790895826.585495 L 1000 1 1 13 0
1790895827.625516 L 1000 1 1 8 0
1790895828.665495 L 1000 1 1 14 0
1790895829.809515 L 1000 1 1 6 0
1790895830.849494 L 1000 1 1 8 0
1790895831.889518 L 1000 1 1 13 0
1790895832.929493 L 1000 1 1 3 0
1790895834.073519 L 1000 1 1 7 0
1790895835.113515 L 1000 1 1 14 0
1790895836.153495 L 1000 1 1 14 0
1790895837.193522 L 1000 1 1 9 0
1790895838.337491 L 1000 1 1 13 0
1790895839.377519 L 1000 1 1 13 0
1790895840.417495 L 1000 1 1 7 0
1790895841.457520 L 1000 1 1 12 0
1790895842.601492 L 1000 1 1 14 0
1790895843.641517 L 1000 1 1 8 0
1790895844.681493 L 1000 1 1 12 0
1790895845.721787 L 1000 1 1 16 0
1790895846.865528 L 1000 1 1 9 0
1790895847.905518 L 1000 1 1 13 0
1790895848.945495 L 1000 1 1 14 0
1790895849.985535 L 1000 1 1 10 0
1790895851.129529 L 1000 1 1 13 0
1790895852.169661 L 1000 1 1 15 0
1790895853.209534 L 1000 1 1 13 0
1790895854.353493 L 1000 1 1 14 0
1790895855.393517 L 1000 1 1 14 0
1790895856.433496 L 1000 1 1 13 0
1790895857.473519 L 1000 1 1 4 0
1790895858.617494 L 1000 1 1 15 0
1790895859.657518 L 1000 1 1 12 0
1790895860.697500 L 1000 1 1 14 0
1790895861.737519 L 1000 1 1 14 0
1790895862.881493 L 1000 1 1 8 0
1790895863.921521 L 1000 1 1 12 0
1790895864.965497 L 1000 1 1 13 0
1790895866.005522 L 1000 1 1 9 0
1790895867.149491 L 1000 1 1 13 0
1790895868.189519 L 1000 1 1 14 0
1790940911.712391 <missed 241801 bytes of console log>
1790940911.715750 djusting geometry for rcu_fanout_leaf=16, nr_cpu_ids=1
1790940911.715864 NR_IRQS: 64, nr_irqs: 64, preallocated irqs: 0
1790940911.715900 Root IRQ handler: 0xffff800080010000
1790940911.715947 rcu: srcu_init: Setting srcu_struct sizes based on contention.
1790940911.715988 arch_timer: cp15 timer(s) running at 54.00MHz (virt).
1790940911.716048 clocksource: arch_sys_counter: mask: 0xffffffffffffff max_cycles: 0xc743ce346, max_idle_ns: 440795203123 ns
1790940911.716101 sched_clock: 56 bits at 54MHz, resolution 18ns, wraps every 4398046511102ns
1790940911.716135 printk: legacy console [hvc0] enabled
1790940911.716173 printk: legacy bootconsole [jailhouse0] disabled
1790940911.716226 Calibrating delay loop (skipped), value calculated using timer frequency.. 108.00 BogoMIPS (lpj=54000)
1790940911.716257 pid_max: default: 4096 minimum: 301
1790940911.716298 Mount-cache hash table entries: 512 (order: 0, 4096 bytes, linear)
1790940911.716343 Mountpoint-cache hash table entries: 512 (order: 0, 4096 bytes, linear)
1790940911.716378 cacheinfo: Unable to detect cache hierarchy for CPU 0
1790940911.716485 rcu: Hierarchical SRCU implementation.
1790940911.716538 rcu: 	Max phase no-delay instances is 400.
1790940911.716576 smp: Bringing up secondary CPUs ...
1790940911.716605 smp: Brought up 1 node, 1 CPU
1790940911.716642 SMP: Total of 1 processors activated.
1790940911.716677 CPU features: detected: 32-bit EL0 Support
1790940911.716724 CPU features: detected: Data cache clean to the PoU not required for I/D coherence
1790940911.716767 CPU features: detected: CRC32 instructions
1790940911.716806 CPU features: detected: RCpc load-acquire (LDAPR)
1790940911.716844 CPU features: detected: Speculative Store Bypassing Safe (SSBS)
1790940911.716884 spectre-bhb mitigation disabled by compile time option
1790940911.716912 CPU: All CPU(s) started at EL1
1790940911.716943 alternatives: applying system-wide alternatives
1790940911.716968 devtmpfs: initialized
1790940911.717018 clocksource: jiffies: mask: 0xffffffff max_cycles: 0xffffffff, max_idle_ns: 1911260446275000 ns
1790940911.717059 futex hash table entries: 16 (order: -2, 1024 bytes, linear)
1790940911.717130 DMA: preallocated 128 KiB GFP_KERNEL pool for atomic allocations
1790940911.717189 hw-breakpoint: found 6 breakpoint and 4 watchpoint registers.
1790940911.717226 ASID allocator initialised with 65536 entries
1790940911.717260 clocksource: Switched to clocksource arch_sys_counter
1790940911.717295 workingset: timestamp_bits=62 max_order=13 bucket_order=0
1790940911.717321 clk: Disabling unused clocks
1790940911.717349 Freeing unused kernel memory: 1728K
1790940911.717379 Run /init as init process
1790940911.812514 linux-guest: 6.6.78-rt51+, cyclictest windows of 1 s, deadline 100 us
1790940912.856471 L 1000 1 2 13 0
1790940913.896461 L 1000 1 1 13 0
1790940914.936437 L 1000 1 1 7 0
1790940916.080475 L 1000 1 1 13 0
1790940917.120469 L 1000 1 1 13 0
1790940918.160503 L 1000 1 1 14 0
1790940919.200465 L 1000 1 1 31 0
1790940920.344473 L 1000 1 1 13 0
1790940921.384463 L 1000 1 1 5 0
1790940922.009250 Closing cell "linux-guest"
1790940922.009347 [MG] Initializing memguard on CPU 3
1790940922.009374 [SMMUv2] Exiting SMMUv2 on cell 1
1790940922.009431 [COL] Colored OP 1: PHYS 0x30000000 -> VIRT 0x30000000 (SIZE: 0x02000000, COL: 0x000000ff, extra: 0x0000000000000000)
1790940922.009471 [COL] Result: 0
1790940922.009521 [COL] Colored OP 4: PHYS 0x30000000 -> VIRT 0x30000000 (SIZE: 0x02000000, COL: 0x000000ff, extra: 0x0000000000000001)
1790940922.009541 [COL] Result: 0
1790940922.009575 Page pool usage after cell destruction: mem 142/4061, remap 5/131072
1790940922.009599 [MG] Initializing memguard on CPU 3
1790940922.322025 [MG] Initializing memguard on CPU 3
1790940922.322122 [COL] Colored OP 0: PHYS 0x30000000 -> VIRT 0x30000000 (SIZE: 0x02000000, COL: 0x000000ff, extra: 0x0000000000000000)
1790940922.322149 [COL] Result: 0
1790940922.322178 [MG] Initializing memguard on CPU 3
1790940922.322203 Created cell "linux-guest"
1790940922.322243 Page pool usage after cell creation: mem 170/4061, remap 5/131072
1790940922.389942 <missed 247611 bytes of console log>
1790940922.390038 irqs: 64, preallocated irqs: 0
1790940922.390066 Root IRQ handler: 0xffff800080010000
1790940922.390103 rcu: srcu_init: Setting srcu_struct sizes based on contention.
1790940922.390137 arch_timer: cp15 timer(s) running at 54.00MHz (virt).
1790940922.390190 clocksource: arch_sys_counter: mask: 0xffffffffffffff max_cycles: 0xc743ce346, max_idle_ns: 440795203123 ns
1790940922.390234 sched_clock: 56 bits at 54MHz, resolution 18ns, wraps every 4398046511102ns
1790940922.390262 printk: legacy console [hvc0] enabled
1790940922.390293 printk: legacy bootconsole [jailhouse0] disabled
1790940922.390344 Calibrating delay loop (skipped), value calculated using timer frequency.. 108.00 BogoMIPS (lpj=54000)
1790940922.390372 pid_max: default: 4096 minimum: 301
1790940922.390409 Mount-cache hash table entries: 512 (order: 0, 4096 bytes, linear)
1790940922.390449 Mountpoint-cache hash table entries: 512 (order: 0, 4096 bytes, linear)
1790940922.390483 cacheinfo: Unable to detect cache hierarchy for CPU 0
1790940922.390510 rcu: Hierarchical SRCU implementation.
1790940922.390539 rcu: 	Max phase no-delay instances is 400.
1790940922.390565 smp: Bringing up secondary CPUs ...
1790940922.390588 smp: Brought up 1 node, 1 CPU
1790940922.390615 SMP: Total of 1 processors activated.
1790940922.390643 CPU features: detected: 32-bit EL0 Support
1790940922.390686 CPU features: detected: Data cache clean to the PoU not required for I/D coherence
1790940922.390716 CPU features: detected: CRC32 instructions
1790940922.390747 CPU features: detected: RCpc load-acquire (LDAPR)
1790940922.390784 CPU features: detected: Speculative Store Bypassing Safe (SSBS)
1790940922.390817 spectre-bhb mitigation disabled by compile time option
1790940922.390842 CPU: All CPU(s) started at EL1
1790940922.390872 alternatives: applying system-wide alternatives
1790940922.390892 devtmpfs: initialized
1790940922.390940 clocksource: jiffies: mask: 0xffffffff max_cycles: 0xffffffff, max_idle_ns: 1911260446275000 ns
1790940922.390977 futex hash table entries: 16 (order: -2, 1024 bytes, linear)
1790940922.391019 DMA: preallocated 128 KiB GFP_KERNEL pool for atomic allocations
1790940922.391062 hw-breakpoint: found 6 breakpoint and 4 watchpoint registers.
1790940922.391093 ASID allocator initialised with 65536 entries
1790940922.391125 clocksource: Switched to clocksource arch_sys_counter
1790940922.391159 workingset: timestamp_bits=62 max_order=13 bucket_order=0
1790940922.391184 clk: Disabling unused clocks
1790940922.391209 Freeing unused kernel memory: 1728K
1790940922.391231 Run /init as init process
1790940922.391270 linux-guest: 6.6.78-rt51+, cyclictest windows of 1 s, deadline 100 us
1790940923.532547 L 1000 1 2 10 0
1790940924.572472 L 1000 1 1 7 0
1790940925.612471 L 1000 1 1 13 0
1790940926.652437 L 1000 1 1 15 0
1790940927.796462 L 1000 1 1 7 0
1790940928.840531 L 1000 1 1 11 0
1790940929.888487 L 1000 1 1 23 0
1790940930.940571 L 1000 1 1 18 0
1790940932.088571 L 1000 1 3 23 0
1790940933.132555 L 1000 1 3 19 0
1790940934.180572 L 1000 1 3 20 0
1790940935.224958 L 1000 1 3 18 0
1790940936.376553 L 1000 1 3 18 0
1790940937.428543 L 1000 1 3 21 0
1790940938.472568 L 1000 1 3 38 0
1790940939.516822 L 1000 1 3 17 0
1790940940.660545 L 1000 1 3 18 0
1790940941.700545 L 1000 1 3 18 0
1790940942.744540 L 1000 1 3 19 0
1790940943.892535 L 1000 1 3 16 0
1790940944.940553 L 1000 1 2 15 0
1790940945.984566 L 1000 1 3 25 0
1790940947.028627 L 1000 1 2 18 0
1790940948.168562 L 1000 2 3 20 0
1790940949.208558 L 1000 1 3 20 0
1790940950.248779 L 1000 1 3 29 0
1790940951.392564 L 1000 1 3 20 0
1790940952.432533 L 1000 1 3 24 0
1790940953.472921 L 1000 1 3 22 0
1790940954.624546 L 1000 1 3 19 0
1790940955.668556 L 1000 1 3 23 0
1790940956.708537 L 1000 1 3 19 0
1790940957.852541 L 1000 1 3 18 0
1790940958.892533 L 1000 1 3 21 0
1790940959.932558 L 1000 1 3 21 0
1790940961.076474 L 1000 1 2 24 0
1790940962.116470 L 1000 1 1 12 0
1790940963.172481 L 1000 1 1 12 0
1790940964.240473 L 1000 1 1 13 0
1790940965.284455 L 1000 1 1 13 0
1790940966.340477 L 1000 1 1 14 0
1790940967.392456 L 1000 1 1 12 0
1790940968.548476 L 1000 1 1 13 0
1790940969.600465 L 1000 1 1 13 0
1790940970.652455 L 1000 1 1 15 0
1790940971.704471 L 1000 1 1 11 0
1790940972.752450 L 1000 1 1 13 0
1790940973.796466 L 1000 1 1 8 0
1790940974.944453 L 1000 1 1 13 0
1790940976.000467 L 1000 1 1 15 0
1790940977.044453 L 1000 1 1 14 0
1790940978.088468 L 1000 1 1 15 0
1790940979.144451 L 1000 1 1 14 0
1790940980.196760 L 1000 1 1 14 0
1790940981.352457 L 1000 1 1 13 0
1790940982.408469 L 1000 1 1 9 0
1790940983.456451 L 1000 1 1 12 0
1790940984.512471 L 1000 1 1 14 0
1790940985.568457 L 1000 1 1 13 0
1790940986.608475 L 1000 1 1 12 0
1790940987.752465 L 1000 1 1 15 0
1790940988.792449 L 1000 1 1 13 0
1790940989.832477 L 1000 1 1 14 0
1790940990.872496 L 1000 1 1 8 0
1790940992.016475 L 1000 1 1 11 0
1790940993.056461 L 1000 1 1 14 0
1790940994.096460 L 1000 1 1 5 0
1790940995.140770 L 1000 1 1 14 0
1790940996.284464 L 1000 1 1 15 0
1790940997.324443 L 1000 1 1 9 0
1790940998.364463 L 1000 1 1 12 0
1790940999.404441 L 1000 1 1 13 0
1790941000.548462 L 1000 1 1 14 0
1790941001.588443 L 1000 1 1 13 0
1790941002.628461 L 1000 1 1 13 0
1790941003.772459 L 1000 1 1 15 0
1790941004.812442 L 1000 1 1 12 0
1790941005.852467 L 1000 1 1 13 0
1790941006.892439 L 1000 1 1 12 0
1790941008.036459 L 1000 1 1 10 0
1790941009.076442 L 1000 1 1 15 0
1790941010.116459 L 1000 1 1 3 0
1790941011.156439 L 1000 1 1 7 0
1790941012.300461 L 1000 1 1 4 0
1790941013.340440 L 1000 1 1 13 0
1790941014.380461 L 1000 1 1 7 0
1790941015.420481 L 1000 1 1 13 0
1790941016.564459 L 1000 1 1 13 0
1790941017.604437 L 1000 1 1 15 0
1790941018.644463 L 1000 1 1 13 0
1790941019.688629 L 1000 1 1 13 0
1790941020.832465 L 1000 1 1 15 0
1790941021.876466 L 1000 1 1 12 0
1790941022.916445 L 1000 1 1 12 0
1790941023.960471 L 1000 1 1 3 0
1790941025.104473 L 1000 1 1 12 0
1790941026.144481 L 1000 1 1 3 0
1790941027.188707 L 1000 1 3 29 0
1790941028.244877 L 1000 1 5 26 0
1790941029.396822 L 1000 1 8 42 0
1790941030.444732 L 1000 1 8 32 0
1790941031.492618 L 1000 1 7 20 0
1790941032.548860 L 1000 1 7 32 0
1790941033.704557 L 1000 1 6 53 0
1790941034.756564 L 1000 1 8 29 0
1790941035.808601 L 1000 1 8 23 0
1790941036.860727 L 1000 1 6 22 0
1790941037.916719 L 1000 1 8 43 0
1790941039.072724 L 1000 1 9 46 0
1790941040.120724 L 1000 1 8 32 0
1790941041.172721 L 1000 1 10 38 0
1790941042.324769 L 1000 1 5 35 0
1790941043.372789 L 1000 1 7 42 0
1790941044.428721 L 1000 1 9 44 0
1790941045.476951 L 1000 1 9 36 0
1790941046.628549 L 1000 1 9 39 0
1790941047.679727 L 1000 1 11 38 0
1790941048.724723 L 1000 1 11 40 0
1790941049.880802 L 1000 2 10 42 0
1790941050.936779 L 1000 1 11 37 0
1790941051.988796 L 1000 2 11 54 0
1790941053.136718 L 1000 2 11 34 0
1790941054.184793 L 1000 1 10 39 0
1790941055.240837 L 1000 1 10 39 0
1790941056.280749 L 1000 1 9 42 0
1790941057.432468 L 1000 1 5 44 0
1790941058.472453 L 1000 1 1 13 0
1790941059.524566 L 1000 1 2 14 0
1790941060.568571 L 1000 1 2 14 0
1790941061.716560 L 1000 1 2 14 0
1790941062.756590 L 1000 1 2 20 0
1790941063.796577 L 1000 1 3 10 0
1790941064.836925 L 1000 1 2 12 0
1790941065.980598 L 1000 1 2 13 0
1790941067.024541 L 1000 1 2 19 0
1790941068.068593 L 1000 1 3 19 0
1790941069.212553 L 1000 1 2 20 0
1790941070.252554 L 1000 1 3 14 0
1790941071.296540 L 1000 1 3 17 0
1790941072.340590 L 1000 1 3 12 0
1790941073.488549 L 1000 1 2 12 0
1790941074.532545 L 1000 1 2 16 0
1790941075.572560 L 1000 1 2 12 0
1790941076.612559 L 1000 1 2 13 0
1790941077.756565 L 1000 1 2 14 0
1790941078.804592 L 1000 1 2 13 0
1790941079.852535 L 1000 1 2 13 0
1790941080.900547 L 1000 1 2 13 0
1790941081.948977 L 1000 1 2 12 0
1790941083.092559 L 1000 1 2 12 0
1790941084.132561 L 1000 1 2 19 0
1790941085.172572 L 1000 1 2 12 0
1790941086.316552 L 1000 1 2 18 0
1790941087.360565 L 1000 1 2 19 0
1790941088.400538 L 1000 1 2 12 0
1790941089.444464 L 1000 1 2 16 0
1790941090.588435 L 1000 1 1 16 0
1790941091.644472 L 1000 1 1 15 0
1790941092.696444 L 1000 1 1 2 0
1790941093.772448 L 1000 1 1 12 0
1790941094.816461 L 1000 1 1 9 0
1790941095.872447 L 1000 1 1 9 0
1790941096.932464 L 1000 1 1 14 0
1790941097.992447 L 1000 1 1 14 0
1790941099.040721 L 1000 1 1 14 0
1790941100.112449 L 1000 1 1 13 0
1790941101.264466 L 1000 1 1 13 0
1790941102.312451 L 1000 1 1 14 0
1790941103.360466 L 1000 1 1 14 0
1790941104.416446 L 1000 1 1 15 0
1790941105.468466 L 1000 1 1 14 0
1790941106.520444 L 1000 1 1 12 0
1790941107.672467 L 1000 1 1 14 0
1790941108.724445 L 1000 1 1 12 0
1790941109.780466 L 1000 1 1 3 0
1790941110.836443 L 1000 1 1 11 0
1790941111.884464 L 1000 1 1 11 0
1790941112.932475 L 1000 1 1 13 0
1790941113.984583 L 1000 1 1 13 0
1790941115.048469 L 1000 1 1 13 0
1790941116.200450 L 1000 1 1 13 0
1790941117.248465 L 1000 1 1 7 0
1790941118.296451 L 1000 1 1 15 0
1790941119.352464 L 1000 1 1 11 0
1790941120.400445 L 1000 1 1 14 0
1790941121.552464 L 1000 1 1 12 0
1790941122.592434 L 1000 1 1 13 0
1790941123.640472 L 1000 1 1 11 0
1790941124.692447 L 1000 1 1 14 0
1790941125.732461 L 1000 1 1 13 0
1790941126.876442 L 1000 1 1 13 0
1790941127.916461 L 1000 1 1 14 0
1790941128.956672 L 1000 1 1 14 0
1790941130.012455 L 1000 1 1 15 0
1790941131.064587 L 1000 1 1 14 0
1790941132.216445 L 1000 1 1 14 0
1790941133.260464 L 1000 1 1 13 0
1790941134.304448 L 1000 1 1 15 0
1790941135.348467 L 1000 1 1 13 0
1790941136.492444 L 1000 1 1 13 0
1790941137.532465 L 1000 1 1 8 0
1790941138.572441 L 1000 1 1 13 0
1790941139.612463 L 1000 1 1 7 0
1790941140.756443 L 1000 1 1 14 0
1790941141.796465 L 1000 1 1 14 0
1790941142.836444 L 1000 1 1 15 0
1790941143.876696 L 1000 1 1 10 0
1790941145.020446 L 1000 1 1 13 0
1790941146.060466 L 1000 1 1 16 0
1790941147.100468 L 1000 1 1 8 0
1790941148.140493 L 1000 1 1 11 0
1790941149.284460 L 1000 1 1 3 0
1790941150.324440 L 1000 1 1 13 0
1790941151.364459 L 1000 1 1 14 0
1790941152.508437 L 1000 1 1 15 0
1790941153.548459 L 1000 1 1 11 0
1790941154.588435 L 1000 1 1 13 0
1790941155.632525 L 1000 1 1 13 0
1790941156.776516 L 1000 1 2 10 0
1790941157.816528 L 1000 2 2 11 0
1790941158.856530 L 1000 2 2 8 0
1790941159.900538 L 1000 2 2 12 0
1790941161.044528 L 1000 2 2 10 0
1790941162.084527 L 1000 2 2 12 0
1790941163.124528 L 1000 2 2 10 0
1790941164.268529 L 1000 2 2 11 0
1790941165.308528 L 1000 2 2 10 0
1790941166.352521 L 1000 2 2 13 0
1790941167.392522 L 1000 2 3 10 0
1790941168.536518 L 1000 2 2 12 0
1790941169.576519 L 1000 1 2 6 0
1790941170.616519 L 1000 2 2 12 0
1790941171.657100 L 1000 2 2 10 0
1790941172.804532 L 1000 1 2 12 0
1790941173.844529 L 1000 2 2 8 0
1790941174.884533 L 1000 2 2 12 0
1790941176.028526 L 1000 2 2 10 0
1790941177.068530 L 1000 2 2 12 0
1790941178.108526 L 1000 2 2 7 0
1790941179.148553 L 1000 2 2 12 0
1790941180.292530 L 1000 2 3 11 0
1790941181.332517 L 1000 2 2 12 0
1790941182.372526 L 1000 2 2 18 0
1790941183.516529 L 1000 2 3 13 0
1790941184.560527 L 1000 2 2 12 0
1790941185.600463 L 1000 1 2 13 0
1790941186.640437 L 1000 1 1 13 0
1790941187.692646 L 1000 1 1 3 0
1790941188.840459 L 1000 1 1 10 0
1790941189.880470 L 1000 1 1 15 0
1790941190.920453 L 1000 1 1 13 0
1790941192.064474 L 1000 1 1 12 0
1790941193.104460 L 1000 1 1 13 0
1790941194.144470 L 1000 1 1 15 0
1790941195.184448 L 1000 1 1 12 0
1790941196.328471 L 1000 1 1 3 0
1790941197.368451 L 1000 1 1 13 0
1790941198.408474 L 1000 1 1 13 0
1790941199.448478 L 1000 1 1 14 0
1790941200.592450 L 1000 1 1 13 0
1790941201.632471 L 1000 1 1 14 0
1790941202.672495 L 1000 1 1 9 0
1790941203.712470 L 1000 1 1 13 0
1790941204.856451 L 1000 1 1 14 0
1790941205.896471 L 1000 1 1 10 0
1790941206.936450 L 1000 1 1 2 0
1790941207.976809 L 1000 1 1 14 0
1790941209.120453 L 1000 1 1 14 0
1790941210.160473 L 1000 1 1 15 0
1790941211.200449 L 1000 1 1 7 0
1790941212.344475 L 1000 1 1 15 0
1790941213.384462 L 1000 1 1 3 0
1790941214.424471 L 1000 1 1 12 0
1790941215.464450 L 1000 1 1 3 0
1790941216.608474 L 1000 1 1 13 0
1790941217.648466 L 1000 1 1 9 0
1790941218.688435 L 1000 1 1 12 0
1790941219.744725 L 1000 1 3 16 0
1790941220.896504 L 1000 4 5 18 0
1790941221.956490 L 1000 3 5 18 0
1790941223.016492 L 1000 3 5 15 0
1790941224.180515 L 1000 4 5 17 0
1790941225.228491 L 1000 4 5 16 0
1790941226.384527 L 1000 3 5 17 0
1790941227.440473 L 1000 3 5 17 0
1790941228.496508 L 1000 3 5 13 0
1790941229.652501 L 1000 3 5 17 0
1790941230.708505 L 1000 4 5 18 0
1790941231.776528 L 1000 3 5 15 0
1790941232.936489 L 1000 3 5 16 0
1790941233.992519 L 1000 4 5 12 0
1790941235.052617 L 1000 4 5 15 0
1790941236.216506 L 1000 4 5 18 0
1790941237.256506 L 1000 3 5 18 0
1790941238.400725 L 1000 4 5 17 0
1790941239.440522 L 1000 4 5 17 0
1790941240.584522 L 1000 3 5 16 0
1790941241.624506 L 1000 4 5 11 0
1790941242.772527 L 1000 3 5 16 0
1790941243.812484 L 1000 3 5 15 0
1790941244.956510 L 1000 4 5 17 0
1790941245.996525 L 1000 3 5 19 0
1790941247.140515 L 1000 3 5 16 0
1790941248.180524 L 1000 3 5 17 0
1790941249.324465 L 1000 3 5 16 0
1790941250.364462 L 1000 1 1 13 0
1790941251.412513 L 1000 1 1 17 0
1790941252.464526 L 1000 1 1 21 0
1790941253.512883 L 1000 1 1 15 0
1790941254.580912 L 1000 1 1 16 0
1790941255.648898 L 1000 1 1 15 0
1790941256.812504 L 1000 1 1 11 0
1790941257.872493 L 1000 1 1 8 0
1790941258.928559 L 1000 1 1 16 0
1790941259.980501 L 1000 1 1 14 0
1790941261.044510 L 1000 1 1 9 0
1790941262.100515 L 1000 1 1 11 0
1790941263.148513 L 1000 1 1 15 0
1790941264.208525 L 1000 1 1 25 0
1790941265.256554 L 1000 1 1 15 0
1790941266.424521 L 1000 1 1 15 0
1790941267.476532 L 1000 1 1 11 0
1790941268.528498 L 1000 1 1 15 0
1790941269.584520 L 1000 1 1 16 0
1790941270.640540 L 1000 1 1 12 0
1790941271.700518 L 1000 1 1 15 0
1790941272.768516 L 1000 1 1 13 0
1790941273.824498 L 1000 1 1 14 0
1790941274.892527 L 1000 1 1 11 0
1790941275.952516 L 1000 1 1 14 0
1790941277.020522 L 1000 1 1 14 0
1790941278.076911 L 1000 1 1 14 0
1790941279.244491 L 1000 1 1 10 0
1790941280.308520 L 1000 1 1 14 0
1790941281.360468 L 1000 1 1 14 0
1790941282.400459 L 1000 1 1 15 0
1790941283.444487 L 1000 1 1 13 0
1790941284.492485 L 1000 1 1 11 0
1790941285.648474 L 1000 1 1 10 0
1790941286.692488 L 1000 1 1 11 0
1790941287.740474 L 1000 1 1 11 0
1790941288.800485 L 1000 1 1 10 0
1790941289.848472 L 1000 1 1 10 0
1790941290.900482 L 1000 1 1 8 0
1790941292.056473 L 1000 1 1 11 0
1790941293.100478 L 1000 1 1 11 0
1790941294.144473 L 1000 1 1 10 0
1790941295.204479 L 1000 1 1 12 0
1790941296.256498 L 1000 1 1 12 0
1790941297.304482 L 1000 1 1 11 0
1790941298.452480 L 1000 1 1 11 0
1790941299.496472 L 1000 1 1 11 0
1790941300.544480 L 1000 1 1 11 0
1790941301.588474 L 1000 1 1 11 0
1790941302.640866 L 1000 1 1 13 0
1790941303.792478 L 1000 1 1 12 0
1790941304.832480 L 1000 1 1 5 0
1790941305.880472 L 1000 1 1 7 0
1790941306.920480 L 1000 1 1 8 0
1790941308.080485 L 1000 1 1 10 0
1790941309.136479 L 1000 1 1 12 0
1790941310.196476 L 1000 1 1 11 0
1790941311.256485 L 1000 1 1 11 0
1790941312.316474 L 1000 1 1 11 0
1790941313.360472 L 1000 1 1 11 0
1790941314.400473 L 1000 1 1 14 0
1790941315.548485 L 1000 1 1 13 0
1790941316.596477 L 1000 2 2 15 0
1790941317.648456 L 1000 1 2 14 0
1790941318.700479 L 1000 2 2 14 0
1790941319.744456 L 1000 2 2 15 0
1790941320.900474 L 1000 1 2 16 0
1790941321.944457 L 1000 1 2 12 0
1790941322.988475 L 1000 1 2 16 0
1790941324.036453 L 1000 2 2 15 0
1790941325.080473 L 1000 2 2 16 0
1790941326.244452 L 1000 1 2 17 0
1790941327.288474 L 1000 1 2 16 0
1790941328.336455 L 1000 1 2 15 0
1790941329.376470 L 1000 1 2 16 0
1790941330.428450 L 1000 2 2 15 0
1790941331.576474 L 1000 1 2 15 0
1790941332.640492 L 1000 1 2 9 0
1790941333.696487 L 1000 1 2 16 0
1790941334.756493 L 1000 1 2 16 0
1790941335.800484 L 1000 1 2 14 0
1790941336.952481 L 1000 2 2 14 0
1790941337.996456 L 1000 1 2 17 0
1790941339.044474 L 1000 1 2 16 0
1790941340.092452 L 1000 2 2 15 0
1790941341.136481 L 1000 1 2 12 0
1790941342.284450 L 1000 2 2 17 0
1790941343.328477 L 1000 1 2 14 0
1790941344.380458 L 1000 1 2 14 0
1790941345.436479 L 1000 1 2 16 0
1790941346.476437 L 1000 1 1 13 0
1790941347.620471 L 1000 1 1 15 0
1790941348.664464 L 1000 1 1 14 0
1790941349.704445 L 1000 1 1 13 0
1790941350.748463 L 1000 1 1 17 0
1790941351.896440 L 1000 1 1 13 0
1790941352.944461 L 1000 1 1 15 0
1790941353.992441 L 1000 1 1 12 0
1790941355.032460 L 1000 1 1 16 0
1790941356.076582 L 1000 1 1 14 0
1790941357.220460 L 1000 1 1 14 0
1790941358.260444 L 1000 1 1 16 0
1790941359.304464 L 1000 1 1 12 0
1790941360.348582 L 1000 1 1 14 0
1790941361.492459 L 1000 1 1 14 0
1790941362.540440 L 1000 1 1 12 0
1790941363.580462 L 1000 1 1 15 0
1790941364.624494 L 1000 1 1 13 0
1790941365.772459 L 1000 1 1 10 0
1790941366.812465 L 1000 1 1 13 0
1790941367.852441 L 1000 1 1 11 0
1790941368.896460 L 1000 1 1 8 0
1790941370.044441 L 1000 1 1 14 0
1790941371.088472 L 1000 1 1 14 0
1790941372.132441 L 1000 1 1 14 0
1790941373.176462 L 1000 1 1 12 0
1790941374.320444 L 1000 1 1 15 0
1790941375.360462 L 1000 1 1 13 0
1790941376.400443 L 1000 1 1 16 0
1790941377.440474 L 1000 1 1 14 0
1790941378.584433 L 1000 1 1 13 0
1790941379.632510 L 1000 1 1 13 0
1790941380.680513 L 1000 1 1 11 0
1790941381.740521 L 1000 1 2 12 0
1790941382.788558 L 1000 1 1 13 0
1790941383.844555 L 1000 1 1 17 0
1790941384.996547 L 1000 1 1 11 0
1790941386.044536 L 1000 1 1 14 0
1790941387.104703 L 1000 1 1 13 0
1790941388.148548 L 1000 1 1 10 0
1790941389.196534 L 1000 1 1 10 0
1790941390.348551 L 1000 1 1 10 0
1790941391.404531 L 1000 1 1 13 0
1790941392.448540 L 1000 1 1 18 0
1790941393.492530 L 1000 1 1 10 0
1790941394.532850 L 1000 1 1 15 0
1790941395.676533 L 1000 1 1 10 0
1790941396.716566 L 1000 1 1 11 0
1790941397.760663 L 1000 1 1 13 0
1790941398.808603 L 1000 1 1 13 0
1790941399.956546 L 1000 1 1 18 0
1790941401.004545 L 1000 1 1 12 0
1790941402.048550 L 1000 1 1 9 0
1790941403.092537 L 1000 1 1 11 0
1790941404.248531 L 1000 1 1 18 0
1790941405.288518 L 1000 1 1 14 0
1790941406.332555 L 1000 1 1 11 0
1790941407.388538 L 1000 1 1 10 0
1790941408.444561 L 1000 1 1 21 0
1790941409.492684 L 1000 1 1 16 0
1790941410.636440 L 1000 1 1 12 0
1790941411.680472 L 1000 1 1 14 0
1790941412.720445 L 1000 1 1 15 0
1790941413.760645 L 1000 1 1 14 0
1790941414.904441 L 1000 1 1 16 0
1790941415.944460 L 1000 1 1 12 0
1790941416.984438 L 1000 1 1 9 0
1790941418.028483 L 1000 1 1 13 0
1790941419.172466 L 1000 1 1 14 0
1790941420.212438 L 1000 1 1 13 0
1790941421.252462 L 1000 1 1 13 0
1790941422.396443 L 1000 1 1 15 0
1790941423.436459 L 1000 1 1 10 0
1790941424.476436 L 1000 1 1 13 0
1790941425.516462 L 1000 1 1 13 0
1790941426.664441 L 1000 1 1 12 0
1790941427.704460 L 1000 1 1 13 0
1790941428.744439 L 1000 1 1 14 0
1790941429.784462 L 1000 1 1 15 0
1790941430.928438 L 1000 1 1 15 0
1790941431.968463 L 1000 1 1 14 0
1790941433.008439 L 1000 1 1 14 0
1790941434.048461 L 1000 1 1 14 0
1790941435.192458 L 1000 1 1 14 0
1790941436.232439 L 1000 1 1 3 0
1790941437.272465 L 1000 1 1 15 0
1790941438.312590 L 1000 1 1 16 0
1790941439.456458 L 1000 1 1 13 0
1790941440.496446 L 1000 1 1 2 0
1790941441.536463 L 1000 1 1 4 0
1790941442.680438 L 1000 1 1 12 0
1790941443.720461 L 1000 1 1 13 0
1790941444.760436 L 1000 1 1 12 0
1790941445.816468 L 1000 1 1 13 0
1790941446.872449 L 1000 1 1 13 0
1790941447.924467 L 1000 1 1 3 0
1790941449.068443 L 1000 1 1 12 0
1790941450.116469 L 1000 1 1 13 0
1790941451.164448 L 1000 1 1 3 0
1790941452.212465 L 1000 1 1 12 0
1790941453.260483 L 1000 1 1 12 0
1790941454.416444 L 1000 1 1 9 0
1790941455.464462 L 1000 1 1 13 0
1790941456.508441 L 1000 1 1 14 0
1790941457.552460 L 1000 1 1 13 0
1790941458.596443 L 1000 1 1 14 0
1790941459.752460 L 1000 1 1 4 0
1790941460.792441 L 1000 1 1 11 0
1790941461.840463 L 1000 1 1 13 0
1790941462.888442 L 1000 1 1 15 0
1790941463.940461 L 1000 1 1 12 0
1790941465.092441 L 1000 1 1 14 0
1790941466.144460 L 1000 1 1 15 0
1790941467.188443 L 1000 1 1 11 0
1790941468.240460 L 1000 1 1 12 0
1790941469.284444 L 1000 1 1 2 0
1790941470.428461 L 1000 1 1 12 0
1790941471.480461 L 1000 1 1 16 0
1790941472.528444 L 1000 1 1 2 0
1790941473.572462 L 1000 1 1 12 0
1790941474.612439 L 1000 1 1 17 0
1790941475.764459 L 1000 1 1 15 0
1790941476.804435 L 1000 1 1 12 0
1790941477.848631 L 1000 1 5 26 0
1790941478.896680 L 1000 2 8 39 0
1790941480.048806 L 1000 1 8 30 0
1790941481.092661 L 1000 2 8 32 0
1790941482.136644 L 1000 1 8 35 0
1790941483.284685 L 1000 2 8 30 0
1790941484.335746 L 1000 1 8 27 0
1790941485.380679 L 1000 1 8 49 0
1790941486.428675 L 1000 2 8 28 0
1790941487.576602 L 1000 2 8 26 0
1790941488.624937 L 1000 1 8 27 0
1790941489.672656 L 1000 2 8 35 0
1790941490.820642 L 1000 2 8 30 0
1790941491.868802 L 1000 1 7 31 0
1790941492.916608 L 1000 2 8 27 0
1790941494.060638 L 1000 2 8 27 0
1790941495.100625 L 1000 2 8 30 0
1790941496.148792 L 1000 2 8 27 0
1790941497.300625 L 1000 2 8 33 0
1790941498.352752 L 1000 2 8 30 0
1790941499.392770 L 1000 1 8 30 0
1790941500.536655 L 1000 2 8 30 0
1790941501.588471 L 1000 1 8 25 0
1790941502.636776 L 1000 1 8 26 0
1790941503.677023 L 1000 1 8 28 0
1790941504.824816 L 1000 2 8 30 0
1790941505.872083 L 1000 2 8 35 0
1790941506.924667 L 1000 1 8 30 0
1790941508.072461 L 1000 1 3 33 0
1790941509.112435 L 1000 1 1 10 0
1790941510.168558 L 1000 1 1 18 0
1790941511.212564 L 1000 1 1 13 0
1790941512.256556 L 1000 1 1 11 0
1790941513.408556 L 1000 1 1 10 0
1790941514.452575 L 1000 1 1 10 0
1790941515.496571 L 1000 1 1 7 0
1790941516.536581 L 1000 1 2 14 0
1790941517.680567 L 1000 1 1 12 0
1790941518.720570 L 1000 1 1 16 0
1790941519.760604 L 1000 1 1 12 0
1790941520.800573 L 1000 1 1 13 0
1790941521.944571 L 1000 1 1 13 0
1790941522.984579 L 1000 1 1 12 0
1790941524.024579 L 1000 1 1 12 0
1790941525.064962 L 1000 1 1 12 0
1790941526.212578 L 1000 1 1 11 0
1790941527.260562 L 1000 1 1 7 0
1790941528.336564 L 1000 1 1 15 0
1790941529.388564 L 1000 1 1 13 0
1790941530.452558 L 1000 1 1 14 0
1790941531.520552 L 1000 1 1 12 0
1790941532.568556 L 1000 1 1 11 0
1790941533.624565 L 1000 1 1 15 0
1790941534.688565 L 1000 1 1 11 0
1790941535.748560 L 1000 1 1 12 0
1790941536.820558 L 1000 1 1 15 0
1790941537.892551 L 1000 1 1 13 0
1790941538.952554 L 1000 1 1 14 0
1790941540.100460 L 1000 1 1 13 0
1790941541.140445 L 1000 1 1 8 0
1790941542.192465 L 1000 1 1 7 0
1790941543.248447 L 1000 1 1 14 0
1790941544.308458 L 1000 1 1 10 0
1790941545.352553 L 1000 1 1 13 0
1790941546.500457 L 1000 1 1 14 0
1790941547.552440 L 1000 1 1 10 0
1790941548.604459 L 1000 1 1 14 0
1790941549.644439 L 1000 1 1 14 0
1790941550.684624 L 1000 1 1 9 0
1790941551.832445 L 1000 1 1 11 0
1790941552.872460 L 1000 1 1 14 0
1790941553.912444 L 1000 1 1 14 0
1790941554.956693 L 1000 1 1 13 0
1790941556.100441 L 1000 1 1 13 0
1790941557.140462 L 1000 1 1 13 0
1790941558.184462 L 1000 1 1 12 0
1790941559.232442 L 1000 1 1 9 0
1790941560.384458 L 1000 1 1 14 0
1790941561.428442 L 1000 1 1 14 0
1790941562.468459 L 1000 1 1 14 0
1790941563.508442 L 1000 1 1 11 0
1790941564.656462 L 1000 1 1 13 0
1790941565.696443 L 1000 1 1 15 0
1790941566.744459 L 1000 1 1 3 0
1790941567.788441 L 1000 1 1 14 0
1790941568.832688 L 1000 1 1 17 0
1790941569.980451 L 1000 1 1 13 0
1790941571.024461 L 1000 1 1 14 0
1790941572.064464 L 1000 1 1 14 0
1790941573.104477 L 1000 1 1 13 0
1790941574.248598 L 1000 1 3 17 0
1790941580.007116 L 1000 1 1 15 0
1790941580.008624 L 1000 1 1 11 0
1790941580.008646 L 1000 1 1 10 0
1790941580.008664 L 1000 1 1 7 0
1790941580.008682 L 1000 1 1 16 0
1790941580.613093 L 1000 1 2 33 0
1790941581.786111 L 1000 1 2 13 0
1790941582.738530 L 1000 1 2 11 0
1790941583.809199 L 1000 1 2 13 0
1790941584.945959 L 1000 1 2 12 0
1790941586.012878 L 1000 1 2 8 0
1790941587.048997 L 1000 1 2 17 0
1790941588.088727 L 1000 1 2 14 0
1790941589.137599 L 1000 1 2 14 0
1790941590.326631 L 1000 1 2 14 0
1790941591.352760 L 1000 1 2 10 0
1790941592.408729 L 1000 1 2 16 0
1790941593.463625 L 1000 1 2 15 0
1790941594.500773 L 1000 1 2 14 0
1790941595.658015 L 1000 1 2 14 0
1790941596.729674 L 1000 1 2 11 0
1790941597.693329 L 1000 1 2 12 0
1790941598.877177 L 1000 1 2 16 0
1790941599.941638 L 1000 1 2 10 0
1790941601.001970 L 1000 1 2 11 0
1790941602.067967 L 1000 1 2 14 0
1790941603.150036 L 1000 1 2 13 0
1790941604.184590 L 1000 1 2 29 0
1790941605.224445 L 1000 1 1 2 0
1790941606.284479 L 1000 1 1 14 0
1790941607.336460 L 1000 1 1 15 0
1790941608.384478 L 1000 1 1 10 0
1790941609.528445 L 1000 1 1 12 0
1790941610.568465 L 1000 1 1 14 0
1790941611.608448 L 1000 1 1 14 0
1790941612.648602 L 1000 1 1 15 0
1790941613.792465 L 1000 1 1 15 0
1790941614.832445 L 1000 1 1 14 0
1790941615.872467 L 1000 1 1 15 0
1790941617.016445 L 1000 1 1 8 0
1790941618.056465 L 1000 1 1 13 0
1790941619.096448 L 1000 1 1 15 0
1790941620.136465 L 1000 1 1 12 0
1790941621.280446 L 1000 1 1 15 0
1790941622.320464 L 1000 1 1 9 0
1790941623.360450 L 1000 1 1 12 0
1790941624.400467 L 1000 1 1 14 0
1790941625.544464 L 1000 1 1 12 0
1790941626.584471 L 1000 1 1 14 0
1790941627.624443 L 1000 1 1 17 0
1790941628.664466 L 1000 1 1 13 0
1790941629.808459 L 1000 1 1 3 0
1790941630.848444 L 1000 1 1 10 0
1790941631.888466 L 1000 1 1 13 0
1790941632.928568 L 1000 1 1 16 0
1790941634.072465 L 1000 1 1 13 0
1790941635.112442 L 1000 1 1 14 0
1790941636.152466 L 1000 1 1 15 0
1790941637.296441 L 1000 1 1 14 0
1790941638.348740 L 1000 1 8 47 0
1790941639.404606 L 1000 5 21 46 0
1790941640.452957 L 1000 4 21 53 0
1790941641.600818 L 1000 6 20 45 0
1790941642.660773 L 1000 5 21 65 0
1790941643.720755 L 1000 5 22 57 0
1790941644.880744 L 1000 6 21 52 0
1790941645.928724 L 1000 6 21 39 0
1790941646.968747 L 1000 3 21 49 0
1790941648.112793 L 1000 5 21 55 0
1790941649.152802 L 1000 3 21 45 0
1790941650.304759 L 1000 3 22 49 0
1790941651.360680 L 1000 5 21 56 0
1790941652.412760 L 1000 6 24 44 0
1790941653.460737 L 1000 6 22 55 0
1790941654.620757 L 1000 3 21 55 0
1790941655.680724 L 1000 4 22 48 0
1790941656.740732 L 1000 5 21 53 0
1790941657.800878 L 1000 6 21 49 0
1790941658.956780 L 1000 5 20 59 0
1790941660.004742 L 1000 3 21 44 0
1790941661.060998 L 1000 4 20 68 0
1790941662.220744 L 1000 5 21 49 0
1790941663.272819 L 1000 3 21 51 0
1790941664.328593 L 1000 5 21 61 0
1790941665.488752 L 1000 2 20 59 0
1790941666.548749 L 1000 4 22 45 0
1790941667.600776 L 1000 5 21 48 0
1790941668.640716 L 1000 1 7 75 0
1790941669.784437 L 1000 1 1 14 0
1790941670.824464 L 1000 1 1 13 0
1790941671.868458 L 1000 1 1 13 0
1790941672.932459 L 1000 1 1 12 0
1790941673.996451 L 1000 1 1 11 0
1790941675.048464 L 1000 1 1 14 0
1790941676.196454 L 1000 1 1 13 0
1790941677.248469 L 1000 1 1 7 0
1790941678.300448 L 1000 1 1 13 0
1790941679.340464 L 1000 1 1 14 0
1790941680.380681 L 1000 1 1 3 0
1790941681.524466 L 1000 1 1 13 0
1790941682.568466 L 1000 1 1 14 0
1790941683.616479 L 1000 1 1 13 0
1790941684.656465 L 1000 1 1 13 0
1790941685.800454 L 1000 1 1 13 0
1790941686.840480 L 1000 1 1 14 0
1790941687.888469 L 1000 1 1 16 0
1790941688.944493 L 1000 1 1 12 0
1790941689.992461 L 1000 1 1 13 0
1790941691.144469 L 1000 1 1 15 0
1790941692.192453 L 1000 1 1 10 0
1790941693.232501 L 1000 1 1 3 0
1790941694.280466 L 1000 1 1 2 0
1790941695.344470 L 1000 1 1 9 0
1790941696.392478 L 1000 1 1 11 0
1790941697.540472 L 1000 1 1 15 0
1790941698.584462 L 1000 1 1 9 0
1790941699.624456 L 1000 1 1 13 0
1790941700.664466 L 1000 1 1 14 0
1790941701.808438 L 1000 1 1 15 0
1790941702.876462 L 1000 1 1 13 0
1790941703.932442 L 1000 1 1 3 0
1790941704.988461 L 1000 1 1 15 0
1790941706.032438 L 1000 1 1 14 0
1790941707.084458 L 1000 1 1 15 0
1790941708.148441 L 1000 1 1 14 0
1790941709.192468 L 1000 1 1 12 0
1790941710.336440 L 1000 1 1 14 0
1790941711.376463 L 1000 1 1 3 0
1790941712.416437 L 1000 1 1 10 0
1790941713.560461 L 1000 1 1 14 0
1790941714.600437 L 1000 1 1 15 0
1790941715.640463 L 1000 1 1 8 0
1790941716.680468 L 1000 1 1 13 0
1790941717.824436 L 1000 1 1 12 0
1790941718.864461 L 1000 1 1 15 0
1790941719.904436 L 1000 1 1 13 0
1790941720.944464 L 1000 1 1 14 0
1790941722.088434 L 1000 1 1 13 0
1790941723.128464 L 1000 1 1 12 0
1790941724.168436 L 1000 1 1 15 0
1790941725.208531 L 1000 1 1 3 0
1790941726.352438 L 1000 1 1 13 0
1790941727.392462 L 1000 1 1 13 0
1790941728.432435 L 1000 1 1 5 0
1790941729.472595 L 1000 1 1 12 0
1790941730.616439 L 1000 1 1 14 0
1790941731.656465 L 1000 1 1 16 0
1790941732.696468 L 1000 1 1 12 0
1790941733.840462 L 1000 1 1 12 0
1790941734.884691 L 1000 1 7 35 0
1790941735.924673 L 1000 2 10 39 0
1790941737.068799 L 1000 2 10 59 0
1790941738.108588 L 1000 2 10 36 0
1790941739.152784 L 1000 2 10 34 0
1790941740.296639 L 1000 2 11 36 0
1790941741.336604 L 1000 2 10 32 0
1790941742.380610 L 1000 2 10 54 0
1790941743.524616 L 1000 2 10 37 0
1790941744.564604 L 1000 2 10 38 0
1790941745.604596 L 1000 2 10 57 0
1790941746.748735 L 1000 2 10 36 0
1790941747.792609 L 1000 1 10 36 0
1790941748.936575 L 1000 2 10 48 0
1790941749.976765 L 1000 2 10 36 0
1790941751.020655 L 1000 2 10 39 0
1790941752.164739 L 1000 2 10 51 0
1790941753.204614 L 1000 2 10 37 0
1790941754.244718 L 1000 2 10 37 0
1790941755.388765 L 1000 2 11 52 0
1790941756.432719 L 1000 2 10 36 0
1790941757.472671 L 1000 2 10 39 0
1790941758.616711 L 1000 2 10 44 0
1790941759.656621 L 1000 2 10 34 0
1790941760.700900 L 1000 2 10 37 0
1790941761.844623 L 1000 2 11 38 0
1790941762.888759 L 1000 2 10 36 0
1790941763.928950 L 1000 1 10 39 0
1790941765.072473 L 1000 1 2 45 0
1790941766.112475 L 1000 1 1 15 0
1790941767.176463 L 1000 1 1 14 0
1790941768.224448 L 1000 1 1 9 0
1790941769.272472 L 1000 1 1 3 0
1790941770.424459 L 1000 1 1 10 0
1790941771.472463 L 1000 1 1 14 0
1790941772.524455 L 1000 1 1 14 0
1790941773.572464 L 1000 1 1 15 0
1790941774.624450 L 1000 1 1 12 0
1790941775.676465 L 1000 1 1 14 0
1790941776.828453 L 1000 1 1 14 0
1790941777.876465 L 1000 1 1 13 0
1790941778.916450 L 1000 1 1 14 0
1790941779.956473 L 1000 1 1 14 0
1790941781.104460 L 1000 1 1 10 0
1790941782.152470 L 1000 1 1 14 0
1790941783.196449 L 1000 1 1 3 0
1790941784.240471 L 1000 1 1 10 0
1790941785.280639 L 1000 1 1 13 0
1790941786.432466 L 1000 1 1 14 0
1790941787.476466 L 1000 1 1 10 0
1790941788.524448 L 1000 1 1 13 0
1790941789.572464 L 1000 1 1 14 0
1790941790.628451 L 1000 1 1 9 0
1790941791.772465 L 1000 1 1 14 0
1790941792.820449 L 1000 1 1 15 0
1790941793.864460 L 1000 1 1 10 0
1790941794.908448 L 1000 1 1 2 0
1790941795.968464 L 1000 1 1 13 0
1790941797.112470 L 1000 1 1 7 0
1790941798.152463 L 1000 1 1 12 0
1790941799.204474 L 1000 1 1 15 0
1790941800.244466 L 1000 1 1 14 0
1790941801.288627 L 1000 1 1 13 0
1790941802.436447 L 1000 1 1 12 0
1790941803.476429 L 1000 1 1 8 0
1790941804.516467 L 1000 1 1 13 0
1790941805.556655 L 1000 1 1 14 0
1790941806.704454 L 1000 1 1 14 0
1790941807.748460 L 1000 1 1 12 0
1790941808.788441 L 1000 1 1 14 0
1790941809.828733 L 1000 1 1 12 0
1790941810.972445 L 1000 1 1 16 0
1790941812.016461 L 1000 1 1 14 0
1790941813.060452 L 1000 1 1 13 0
1790941814.100459 L 1000 1 1 14 0
1790941815.248443 L 1000 1 1 15 0
1790941816.292464 L 1000 1 1 12 0
1790941817.336442 L 1000 1 1 5 0
1790941818.380472 L 1000 1 1 14 0
1790941819.528442 L 1000 1 1 10 0
1790941820.568459 L 1000 1 1 12 0
1790941821.608454 L 1000 1 1 15 0
1790941822.648440 L 1000 1 1 9 0
1790941823.796462 L 1000 1 1 4 0
1790941824.836440 L 1000 1 1 9 0
1790941825.876456 L 1000 1 1 14 0
1790941826.920442 L 1000 1 1 2 0
1790941828.068460 L 1000 1 1 3 0
1790941829.112471 L 1000 1 1 15 0
1790941830.152482 L 1000 1 1 12 0
1790941831.200551 L 1000 1 8 29 0
1790941832.352541 L 1000 4 9 32 0
1790941833.404588 L 1000 5 9 32 0
1790941834.452943 L 1000 5 9 40 0
1790941835.612518 L 1000 4 9 29 0
1790941836.664531 L 1000 6 9 35 0
1790941837.708543 L 1000 5 9 31 0
1790941838.864598 L 1000 5 9 30 0
1790941839.904579 L 1000 4 9 34 0
1790941841.056578 L 1000 5 9 45 0
1790941842.100627 L 1000 5 9 31 0
1790941843.248550 L 1000 4 9 38 0
1790941844.296547 L 1000 5 9 34 0
1790941845.336543 L 1000 5 9 33 0
1790941846.488548 L 1000 4 9 37 0
1790941847.536557 L 1000 5 9 33 0
1790941848.684527 L 1000 5 9 30 0
1790941849.724583 L 1000 5 9 34 0
1790941850.765013 L 1000 5 9 36 0
1790941851.908532 L 1000 4 9 31 0
1790941852.948553 L 1000 5 9 36 0
1790941854.092573 L 1000 4 9 30 0
1790941855.132549 L 1000 5 9 32 0
1790941856.280560 L 1000 5 9 36 0
1790941857.340560 L 1000 5 9 29 0
1790941858.404566 L 1000 4 9 33 0
1790941859.460536 L 1000 5 9 35 0
1790941860.612465 L 1000 1 8 35 0
1790941861.652438 L 1000 1 1 2 0
1790941862.696635 L 1000 1 1 20 0
1790941863.736629 L 1000 1 1 13 0
1790941864.880638 L 1000 1 1 23 0
1790941865.920614 L 1000 1 1 12 0
1790941866.960640 L 1000 1 1 13 0
1790941868.000582 L 1000 1 1 13 0
1790941869.144626 L 1000 1 1 13 0
1790941870.188540 L 1000 1 1 9 0
1790941871.224620 L 1000 1 1 13 0
1790941872.368655 L 1000 1 1 12 0
1790941873.408623 L 1000 1 1 13 0
1790941874.448644 L 1000 1 1 14 0
1790941875.488599 L 1000 1 1 10 0
1790941876.632639 L 1000 1 1 12 0
1790941877.676599 L 1000 1 1 12 0
1790941878.716619 L 1000 1 1 12 0
1790941879.756720 L 1000 1 3 15 0
1790941880.900619 L 1000 1 1 12 0
1790941881.940603 L 1000 1 1 12 0
1790941882.980623 L 1000 1 1 12 0
1790941884.124613 L 1000 1 1 8 0
1790941885.164622 L 1000 1 1 12 0
1790941886.204604 L 1000 1 1 13 0
1790941887.248552 L 1000 1 1 13 0
1790941888.388614 L 1000 1 1 14 0
1790941889.428627 L 1000 1 1 12 0
1790941890.468639 L 1000 1 1 13 0
1790941891.616606 L 1000 1 1 11 0
1790941892.656464 L 1000 1 1 36 0
1790941893.696435 L 1000 1 1 15 0
1790941894.740514 L 1000 1 1 17 0
1790941895.800520 L 1000 1 3 24 0
1790941896.860620 L 1000 1 3 26 0
1790941898.028527 L 1000 1 3 35 0
1790941899.088573 L 1000 1 3 24 0
1790941900.156525 L 1000 1 3 22 0
1790941901.200548 L 1000 1 3 19 0
1790941902.248540 L 1000 1 3 21 0
1790941903.296536 L 1000 1 3 25 0
1790941904.448533 L 1000 1 3 24 0
1790941905.496529 L 1000 1 3 21 0
1790941906.544544 L 1000 1 3 21 0
1790941907.584535 L 1000 1 3 23 0
1790941908.728546 L 1000 1 3 19 0
1790941909.768509 L 1000 1 3 21 0
1790941910.808584 L 1000 1 3 20 0
1790941911.848542 L 1000 1 3 23 0
1790941912.992541 L 1000 1 4 32 0
1790941914.032546 L 1000 1 6 38 0
1790941915.072509 L 1000 1 3 27 0
1790941916.216546 L 1000 1 3 39 0
1790941917.260478 L 1000 1 3 28 0
1790941918.300543 L 1000 1 4 33 0
1790941919.340544 L 1000 1 3 31 0
1790941920.484536 L 1000 1 4 38 0
1790941921.524568 L 1000 1 4 39 0
1790941922.564532 L 1000 1 3 25 0
1790941923.708541 L 1000 1 3 31 0
1790941924.748468 L 1000 1 3 34 0
1790941925.788462 L 1000 1 1 13 0
1790941926.832587 L 1000 1 1 29 0
1790941927.976532 L 1000 1 4 38 0
1790941929.020778 L 1000 1 4 36 0
1790941930.064534 L 1000 1 4 33 0
1790941931.112516 L 1000 1 4 33 0
1790941932.260542 L 1000 1 4 39 0
1790941933.300537 L 1000 1 4 33 0
1790941934.344521 L 1000 1 3 17 0
1790941935.384951 L 1000 1 4 35 0
1790941936.528526 L 1000 1 4 40 0
1790941937.568518 L 1000 1 4 39 0
1790941938.608531 L 1000 1 4 27 0
1790941939.760528 L 1000 1 4 28 0
1790941940.800530 L 1000 1 4 32 0
1790941941.840525 L 1000 1 4 34 0
1790941942.884530 L 1000 1 4 29 0
1790941944.028527 L 1000 1 4 31 0
1790941945.068534 L 1000 1 4 29 0
1790941946.108541 L 1000 1 4 30 0
1790941947.148547 L 1000 1 4 28 0
1790941948.292534 L 1000 1 4 35 0
1790941949.336527 L 1000 1 3 29 0
1790941950.376550 L 1000 1 3 17 0
1790941951.524495 L 1000 1 4 33 0
1790941952.560514 L 1000 1 4 30 0
1790941953.600534 L 1000 1 3 28 0
1790941954.644544 L 1000 1 3 17 0
1790941955.796534 L 1000 1 3 25 0
1790941956.844466 L 1000 1 3 38 0
1790941957.884461 L 1000 1 1 13 0
1790941958.928528 L 1000 1 1 30 0
1790941960.072517 L 1000 1 2 17 0
1790941961.112503 L 1000 1 1 22 0
1790941962.156540 L 1000 1 2 20 0
1790941963.196541 L 1000 1 2 13 0
1790941964.340508 L 1000 1 2 31 0
1790941965.380505 L 1000 1 1 10 0
1790941966.420499 L 1000 1 1 11 0
1790941967.460769 L 1000 1 1 11 0
1790941968.604498 L 1000 1 1 14 0
1790941969.644514 L 1000 1 2 18 0
1790941970.684536 L 1000 1 1 16 0
1790941971.828503 L 1000 1 2 20 0
1790941972.868498 L 1000 1 2 17 0
1790941973.908537 L 1000 1 1 12 0
1790941974.952881 L 1000 1 1 21 0
1790941976.108517 L 1000 1 2 12 0
1790941977.164519 L 1000 1 2 27 0
1790941978.204513 L 1000 1 2 21 0
1790941979.244513 L 1000 1 1 11 0
1790941980.388513 L 1000 1 1 13 0
1790941981.428498 L 1000 1 2 15 0
1790941982.468512 L 1000 1 1 16 0
1790941983.508611 L 1000 1 1 8 0
1790941984.656527 L 1000 1 2 28 0
1790941985.716509 L 1000 1 1 10 0
1790941986.772510 L 1000 1 1 11 0
1790941987.832507 L 1000 1 2 16 0
1790941988.892466 L 1000 1 1 10 0
1790941989.932460 L 1000 1 1 15 0
1790941990.980624 L 1000 1 1 9 0
1790941992.128464 L 1000 1 1 14 0
1790941993.168454 L 1000 1 1 17 0
1790941994.208462 L 1000 1 1 12 0
1790941995.248440 L 1000 1 1 14 0
1790941996.392461 L 1000 1 1 13 0
1790941997.432461 L 1000 1 1 11 0
1790941998.472441 L 1000 1 1 13 0
1790941999.616462 L 1000 1 1 12 0
1790942000.660441 L 1000 1 1 14 0
1790942001.704461 L 1000 1 1 10 0
1790942002.744440 L 1000 1 1 14 0
1790942003.788490 L 1000 1 1 12 0
1790942004.932444 L 1000 1 1 9 0
1790942005.984463 L 1000 1 1 13 0
1790942007.024438 L 1000 1 1 14 0
1790942008.064460 L 1000 1 1 11 0
1790942009.208442 L 1000 1 1 12 0
1790942010.248463 L 1000 1 1 14 0
1790942011.288439 L 1000 1 1 5 0
1790942012.332727 L 1000 1 1 13 0
1790942013.480450 L 1000 1 1 15 0
1790942014.520462 L 1000 1 1 9 0
1790942015.560466 L 1000 1 1 12 0
1790942016.604441 L 1000 1 1 3 0
1790942017.752461 L 1000 1 1 12 0
1790942018.792440 L 1000 1 1 14 0
1790942019.832462 L 1000 1 1 14 0
1790942020.872464 L 1000 1 1 10 0
1790942022.020460 L 1000 1 1 11 0
1790942023.072524 L 1000 1 1 14 0
1790942024.132506 L 1000 1 1 15 0
1790942025.184524 L 1000 1 1 11 0
1790942026.228497 L 1000 1 1 10 0
1790942027.372501 L 1000 1 1 10 0
1790942028.412540 L 1000 1 1 10 0
1790942029.456536 L 1000 1 1 7 0
1790942030.496498 L 1000 1 1 11 0
1790942031.640502 L 1000 1 2 10 0
1790942032.680509 L 1000 1 2 10 0
1790942033.720513 L 1000 1 2 11 0
1790942034.760520 L 1000 1 2 13 0
1790942035.904501 L 1000 1 2 11 0
1790942036.944523 L 1000 1 2 10 0
1790942037.988501 L 1000 1 2 11 0
1790942039.028806 L 1000 1 2 15 0
1790942040.176543 L 1000 1 2 22 0
1790942041.220542 L 1000 1 2 15 0
1790942042.260565 L 1000 1 2 12 0
1790942043.304942 L 1000 1 2 13 0
1790942044.456531 L 1000 1 2 13 0
1790942045.496516 L 1000 1 2 15 0
1790942046.540533 L 1000 1 2 12 0
1790942047.588521 L 1000 1 2 10 0
1790942048.732537 L 1000 1 2 14 0
1790942049.780541 L 1000 1 2 12 0
1790942050.820523 L 1000 1 2 11 0
1790942051.860551 L 1000 1 2 11 0
1790942053.004463 L 1000 1 2 14 0
1790942054.044469 L 1000 1 1 8 0
1790942055.108456 L 1000 1 1 12 0
1790942056.164443 L 1000 1 1 14 0
1790942057.200449 L 1000 1 1 11 0
1790942058.364462 L 1000 1 1 13 0
1790942059.332431 L 1000 1 1 15 0
1790942060.492460 L 1000 1 1 12 0
1790942061.544443 L 1000 1 1 13 0
1790942062.596465 L 1000 1 1 15 0
1790942063.644455 L 1000 1 1 15 0
1790942064.692468 L 1000 1 1 13 0
1790942065.744462 L 1000 1 1 14 0
1790942066.800586 L 1000 1 1 3 0
1790942067.956453 L 1000 1 1 14 0
1790942069.004464 L 1000 1 1 12 0
1790942070.044448 L 1000 1 1 13 0
1790942071.096447 L 1000 1 1 13 0
1790942072.144472 L 1000 1 1 8 0
1790942073.288456 L 1000 1 1 15 0
1790942074.340464 L 1000 1 1 13 0
1790942075.396447 L 1000 1 1 15 0
1790942076.452464 L 1000 1 1 13 0
1790942077.504447 L 1000 1 1 12 0
1790942078.556464 L 1000 1 1 16 0
1790942079.612566 L 1000 1 1 9 0
1790942080.760463 L 1000 1 1 11 0
1790942081.824430 L 1000 1 1 14 0
1790942082.872465 L 1000 1 1 9 0
1790942083.936445 L 1000 1 1 13 0
1790942084.988467 L 1000 1 1 3 0
1790942086.028439 L 1000 1 1 9 0
1790942087.176468 L 1000 1 1 12 0
1790942088.216458 L 1000 1 1 14 0
1790942089.256441 L 1000 1 1 8 0
1790942090.296459 L 1000 1 1 14 0
1790942091.444439 L 1000 1 1 16 0
1790942092.484460 L 1000 1 1 12 0
1790942093.524438 L 1000 1 1 12 0
1790942094.564459 L 1000 1 1 19 0
1790942095.708436 L 1000 1 1 12 0
1790942096.748460 L 1000 1 1 14 0
1790942097.788437 L 1000 1 1 13 0
1790942098.828458 L 1000 1 1 9 0
1790942099.972436 L 1000 1 1 12 0
1790942101.028464 L 1000 1 1 3 0
1790942102.076436 L 1000 1 1 9 0
1790942103.124462 L 1000 1 1 12 0
1790942104.180437 L 1000 1 1 14 0
1790942105.232468 L 1000 1 1 5 0
1790942106.388463 L 1000 1 1 12 0
1790942107.432437 L 1000 1 1 16 0
1790942108.484464 L 1000 1 1 15 0
1790942109.528437 L 1000 1 1 10 0
1790942110.580464 L 1000 1 1 14 0
1790942111.628436 L 1000 1 1 13 0
1790942112.780465 L 1000 1 1 9 0
1790942113.824436 L 1000 1 1 13 0
1790942114.876462 L 1000 1 1 3 0
1790942115.924437 L 1000 1 1 9 0
1790942117.068466 L 1000 1 1 14 0
1790942118.108442 L 1000 1 1 15 0
1790942119.156723 L 1000 1 5 31 0
1790942120.196845 L 1000 10 21 40 0
1790942121.352702 L 1000 9 22 46 0
1790942122.404637 L 1000 5 21 41 0
1790942123.444714 L 1000 6 22 47 0
1790942124.592722 L 1000 11 21 42 0
1790942125.640714 L 1000 6 21 49 0
1790942126.692750 L 1000 5 21 44 0
1790942127.848725 L 1000 13 22 45 0
1790942128.888762 L 1000 12 22 44 0
1790942130.044766 L 1000 6 21 50 0
1790942131.084777 L 1000 12 22 49 0
1790942132.132757 L 1000 10 21 42 0
1790942133.284749 L 1000 4 21 45 0
1790942134.328747 L 1000 12 21 44 0
1790942135.369059 L 1000 9 21 46 0
1790942136.528621 L 1000 6 21 45 0
1790942137.572762 L 1000 7 21 41 0
1790942138.616938 L 1000 12 21 44 0
1790942139.772771 L 1000 5 21 39 0
1790942140.812745 L 1000 5 22 44 0
1790942141.956770 L 1000 9 21 49 0
1790942142.996761 L 1000 5 21 46 0
1790942144.041079 L 1000 8 21 40 0
1790942145.188640 L 1000 11 21 51 0
1790942146.224773 L 1000 7 21 42 0
1790942147.368772 L 1000 7 22 43 0
1790942148.408746 L 1000 6 20 44 0
1790942149.448465 L 1000 1 10 42 0
1790942150.592450 L 1000 1 1 13 0
1790942151.636574 L 1000 1 4 47 0
1790942152.680566 L 1000 2 3 11 0
1790942153.724540 L 1000 2 4 34 0
1790942154.868513 L 1000 2 3 13 0
1790942155.908506 L 1000 2 4 34 0
1790942156.952569 L 1000 2 3 24 0
1790942158.096595 L 1000 2 3 19 0
1790942159.136515 L 1000 1 4 31 0
1790942160.184567 L 1000 2 3 13 0
1790942161.228517 L 1000 1 4 29 0
1790942162.376560 L 1000 2 3 12 0
1790942163.428505 L 1000 1 4 29 0
1790942164.476578 L 1000 2 3 11 0
1790942165.524506 L 1000 2 4 31 0
1790942166.668572 L 1000 2 3 6 0
1790942167.720539 L 1000 2 4 28 0
1790942168.760567 L 1000 2 3 15 0
1790942169.800536 L 1000 2 4 32 0
1790942170.944578 L 1000 2 3 30 0
1790942171.984577 L 1000 2 4 35 0
1790942173.024549 L 1000 2 4 28 0
1790942174.064595 L 1000 2 3 12 0
1790942175.212519 L 1000 1 4 29 0
1790942176.252589 L 1000 2 3 14 0
1790942177.292512 L 1000 2 4 30 0
1790942178.436569 L 1000 2 3 7 0
1790942179.480531 L 1000 2 4 28 0
1790942180.520568 L 1000 2 3 12 0
1790942181.560460 L 1000 1 2 25 0
1790942182.704434 L 1000 1 1 13 0
1790942183.752519 L 1000 1 3 14 0
1790942184.796526 L 1000 2 4 14 0
1790942185.836536 L 1000 2 4 12 0
1790942186.984561 L 1000 2 4 13 0
1790942188.024570 L 1000 2 4 13 0
1790942189.064550 L 1000 2 4 11 0
1790942190.104544 L 1000 2 4 14 0
1790942191.248542 L 1000 1 4 14 0
1790942192.288565 L 1000 2 4 13 0
1790942193.332538 L 1000 2 4 14 0
1790942194.476534 L 1000 2 4 16 0
1790942195.516521 L 1000 3 4 13 0
1790942196.556502 L 1000 2 4 13 0
1790942197.596530 L 1000 2 4 15 0
1790942198.740534 L 1000 2 4 13 0
1790942199.780530 L 1000 2 4 11 0
1790942200.820530 L 1000 2 4 13 0
1790942201.964520 L 1000 2 4 8 0
1790942203.004575 L 1000 2 4 11 0
1790942204.048575 L 1000 2 4 14 0
1790942205.088564 L 1000 2 4 13 0
1790942206.236568 L 1000 2 4 14 0
1790942207.276565 L 1000 2 4 11 0
1790942208.316573 L 1000 1 3 13 0
1790942209.360537 L 1000 2 4 11 0
1790942210.504532 L 1000 2 4 12 0
1790942211.544513 L 1000 2 4 14 0
1790942212.584522 L 1000 2 4 13 0
1790942213.728459 L 1000 1 2 13 0
1790942214.768440 L 1000 1 1 14 0
1790942215.816461 L 1000 1 1 12 0
1790942216.856444 L 1000 1 1 14 0
1790942217.904458 L 1000 1 1 16 0
1790942219.052441 L 1000 1 1 12 0
1790942220.096459 L 1000 1 1 14 0
1790942221.136441 L 1000 1 1 16 0
1790942222.176459 L 1000 1 1 13 0
1790942223.320438 L 1000 1 1 14 0
1790942224.360461 L 1000 1 1 14 0
1790942225.408439 L 1000 1 1 15 0
1790942226.448458 L 1000 1 1 13 0
1790942227.504701 L 1000 1 1 13 0
1790942228.652443 L 1000 1 1 14 0
1790942229.692459 L 1000 1 1 12 0
1790942230.732437 L 1000 1 1 13 0
1790942231.784458 L 1000 1 1 16 0
1790942232.928453 L 1000 1 1 9 0
1790942233.968467 L 1000 1 1 14 0
1790942235.008441 L 1000 1 1 15 0
1790942236.048465 L 1000 1 1 12 0
1790942237.192440 L 1000 1 1 13 0
1790942238.232465 L 1000 1 1 14 0
1790942239.272437 L 1000 1 1 9 0
1790942240.312723 L 1000 1 1 13 0
1790942241.456445 L 1000 1 1 14 0
1790942242.496466 L 1000 1 1 9 0
1790942243.536440 L 1000 1 1 13 0
1790942244.680463 L 1000 1 1 3 0
1790942245.724464 L 1000 1 1 13 0
1790942246.764434 L 1000 1 1 14 0
1790942247.820468 L 1000 1 1 13 0
1790942248.884469 L 1000 1 1 14 0
1790942249.936478 L 1000 1 1 16 0
1790942251.084468 L 1000 1 1 4 0
1790942252.128469 L 1000 1 1 13 0
1790942253.176468 L 1000 1 1 16 0
1790942254.232478 L 1000 1 1 13 0
1790942255.272472 L 1000 1 1 16 0
1790942256.416474 L 1000 1 1 14 0
1790942257.456469 L 1000 1 1 16 0
1790942258.496474 L 1000 1 1 7 0
1790942259.536473 L 1000 1 1 12 0
1790942260.592760 L 1000 1 1 13 0
1790942261.660748 L 1000 1 1 14 0
1790942262.816482 L 1000 1 1 3 0
1790942263.872470 L 1000 1 1 13 0
1790942264.932475 L 1000 1 1 15 0
1790942265.992479 L 1000 1 1 5 0
1790942267.044490 L 1000 1 1 11 0
1790942268.096480 L 1000 1 1 15 0
1790942269.152478 L 1000 1 1 13 0
1790942270.212483 L 1000 1 1 15 0
1790942271.264511 L 1000 1 1 14 0
1790942272.428476 L 1000 1 1 15 0
1790942273.468473 L 1000 1 1 16 0
1790942274.520482 L 1000 1 1 12 0
1790942275.568478 L 1000 1 1 3 0
1790942276.624480 L 1000 1 1 15 0
1790942277.672730 L 1000 1 1 3 0
1790942278.816456 L 1000 1 1 14 0
1790942279.880445 L 1000 1 1 14 0
1790942280.920450 L 1000 1 1 10 0
1790942281.964464 L 1000 1 1 13 0
1790942283.008627 L 1000 1 1 14 0
1790942284.168460 L 1000 1 1 13 0
1790942285.220451 L 1000 1 1 15 0
1790942286.276459 L 1000 1 1 19 0
1790942287.340449 L 1000 1 1 12 0
1790942288.404464 L 1000 1 1 15 0
1790942289.460448 L 1000 1 1 15 0
1790942290.524463 L 1000 1 1 14 0
1790942291.568449 L 1000 1 1 15 0
1790942292.616732 L 1000 1 1 16 0
1790942293.772449 L 1000 1 1 3 0
1790942294.824464 L 1000 1 1 16 0
1790942295.872447 L 1000 1 1 12 0
1790942296.932460 L 1000 1 1 13 0
1790942297.992468 L 1000 1 1 14 0
1790942299.060444 L 1000 1 1 14 0
1790942300.112464 L 1000 1 1 14 0
1790942301.164452 L 1000 1 1 9 0
1790942302.320463 L 1000 1 1 12 0
1790942303.372449 L 1000 1 1 12 0
1790942304.416464 L 1000 1 1 15 0
1790942305.476448 L 1000 1 1 12 0
1790942306.536464 L 1000 1 1 7 0
1790942307.592448 L 1000 1 1 11 0
1790942308.640466 L 1000 1 1 10 0
1790942309.788462 L 1000 1 1 13 0
1790942310.828457 L 1000 1 1 9 0
1790942311.868521 L 1000 1 1 12 0
1790942312.909588 L 1000 1 2 24 0
1790942314.052597 L 1000 1 2 14 0
1790942315.092722 L 1000 1 2 13 0
1790942316.132522 L 1000 1 2 13 0
1790942317.276905 L 1000 1 2 13 0
1790942318.316527 L 1000 1 2 11 0
1790942319.356633 L 1000 1 2 13 0
1790942320.397775 L 1000 1 2 15 0
1790942321.540688 L 1000 1 2 12 0
1790942322.580527 L 1000 1 2 13 0
1790942323.620653 L 1000 1 2 12 0
1790942324.764738 L 1000 1 2 13 0
1790942325.804652 L 1000 1 2 13 0
1790942326.844534 L 1000 1 2 12 0
1790942327.886044 L 1000 1 2 11 0
1790942329.028520 L 1000 1 2 11 0
1790942330.068522 L 1000 1 2 13 0
1790942331.108523 L 1000 1 2 13 0
1790942332.252569 L 1000 1 2 14 0
1790942333.292521 L 1000 1 2 15 0
1790942334.332519 L 1000 1 2 15 0
1790942335.372516 L 1000 1 2 14 0
1790942336.516589 L 1000 1 2 12 0
1790942337.556740 L 1000 1 2 14 0
1790942338.596673 L 1000 1 2 10 0
1790942339.740600 L 1000 1 2 13 0
1790942340.780758 L 1000 1 2 15 0
1790942341.820463 L 1000 1 2 11 0
1790942342.860687 L 1000 1 1 12 0
1790942344.020468 L 1000 1 1 13 0
1790942345.080457 L 1000 1 1 15 0
1790942346.132438 L 1000 1 1 9 0
1790942347.172461 L 1000 1 1 12 0
1790942348.212433 L 1000 1 1 13 0
1790942349.356464 L 1000 1 1 10 0
1790942350.396461 L 1000 1 1 12 0
1790942351.436435 L 1000 1 1 3 0
1790942352.476459 L 1000 1 1 9 0
1790942353.620440 L 1000 1 1 14 0
1790942354.660460 L 1000 1 1 14 0
1790942355.700437 L 1000 1 1 15 0
1790942356.740464 L 1000 1 1 14 0
1790942357.884434 L 1000 1 1 15 0
1790942358.924463 L 1000 1 1 8 0
1790942359.964440 L 1000 1 1 13 0
1790942361.004699 L 1000 1 1 13 0
1790942362.148436 L 1000 1 1 8 0
1790942363.188457 L 1000 1 1 3 0
1790942364.228435 L 1000 1 1 14 0
1790942365.372459 L 1000 1 1 14 0
1790942366.412457 L 1000 1 1 13 0
1790942367.452436 L 1000 1 1 14 0
1790942368.492455 L 1000 1 1 14 0
1790942369.640435 L 1000 1 1 12 0
1790942370.680462 L 1000 1 1 14 0
1790942371.720438 L 1000 1 1 12 0
1790942372.760456 L 1000 1 1 12 0
1790942373.904477 L 1000 1 1 14 0
1790942374.944462 L 1000 1 1 3 0
1790942375.992524 L 1000 1 1 23 0
1790942377.048523 L 1000 1 1 19 0
1790942378.088862 L 1000 1 1 27 0
1790942379.233032 L 1000 1 1 13 0
1790942380.272499 L 1000 1 1 25 0
1790942381.316556 L 1000 1 1 21 0
1790942382.368547 L 1000 1 1 24 0
1790942383.524510 L 1000 1 1 22 0
1790942384.584562 L 1000 1 1 24 0
1790942385.652507 L 1000 1 1 22 0
1790942386.712522 L 1000 1 1 23 0
1790942387.760539 L 1000 1 1 15 0
1790942388.800879 L 1000 1 1 21 0
1790942389.840857 L 1000 1 1 15 0
1790942390.996587 L 1000 1 1 24 0
1790942392.056537 L 1000 1 1 24 0
1790942393.112569 L 1000 1 1 19 0
1790942394.176555 L 1000 1 1 26 0
1790942395.233137 L 1000 1 1 22 0
1790942396.288545 L 1000 1 1 28 0
1790942397.340497 L 1000 1 1 39 0
1790942398.388531 L 1000 1 1 24 0
1790942399.536616 L 1000 1 1 23 0
1790942400.588654 L 1000 1 1 21 0
1790942401.641057 L 1000 1 1 19 0
1790942402.680494 L 1000 1 1 20 0
1790942403.720899 L 1000 1 1 22 0
1790942404.872542 L 1000 1 1 17 0
1790942405.912468 L 1000 1 1 13 0
1790942406.952462 L 1000 1 1 5 0
1790942408.000474 L 1000 1 1 12 0
1790942409.056612 L 1000 1 1 13 0
1790942410.208735 L 1000 1 1 12 0
1790942411.258935 L 1000 1 1 14 0
1790942412.304464 L 1000 1 1 12 0
1790942413.344469 L 1000 1 1 14 0
1790942414.488459 L 1000 1 1 11 0
1790942415.530065 L 1000 1 1 14 0
1790942416.568463 L 1000 1 1 9 0
1790942417.612468 L 1000 1 1 16 0
1790942418.674466 L 1000 1 1 14 0
1790942419.824489 L 1000 1 1 11 0
1790942420.872464 L 1000 1 1 13 0
1790942421.932459 L 1000 1 1 2 0
1790942422.999503 L 1000 1 1 3 0
1790942424.036462 L 1000 1 1 13 0
1790942425.076470 L 1000 1 1 15 0
1790942426.220458 L 1000 1 1 13 0
1790942427.260465 L 1000 1 1 14 0
1790942428.304454 L 1000 1 1 12 0
1790942429.347492 L 1000 1 1 13 0
1790942430.496456 L 1000 1 1 12 0
1790942431.540467 L 1000 1 1 13 0
1790942432.584452 L 1000 1 1 15 0
1790942433.624464 L 1000 1 1 13 0
1790942434.768502 L 1000 1 1 9 0
1790942435.812713 L 1000 1 1 13 0
1790942436.856472 L 1000 1 1 8 0
1790942437.896465 L 1000 1 1 11 0
1790942439.040463 L 1000 1 1 4 0
1790942440.084865 L 1000 1 8 38 0
1790942441.132735 L 1000 2 18 34 0
1790942442.276749 L 1000 2 17 40 0
1790942443.316794 L 1000 2 17 56 0
1790942444.362632 L 1000 2 18 38 0
1790942445.506571 L 1000 2 18 41 0
1790942446.544764 L 1000 2 17 40 0
1790942447.584870 L 1000 3 17 55 0
1790942448.736711 L 1000 2 17 44 0
1790942449.776782 L 1000 2 17 50 0
1790942450.920750 L 1000 3 17 41 0
1790942451.964844 L 1000 2 17 35 0
1790942453.004730 L 1000 2 17 33 0
1790942454.152832 L 1000 2 16 36 0
1790942455.192850 L 1000 3 15 32 0
1790942456.232693 L 1000 2 16 31 0
1790942457.380819 L 1000 2 17 40 0
1790942458.420822 L 1000 2 18 30 0
1790942459.472858 L 1000 2 17 48 0
1790942460.620860 L 1000 2 17 38 0
1790942461.660796 L 1000 2 17 53 0
1790942462.708770 L 1000 2 17 33 0
1790942463.852791 L 1000 2 16 34 0
1790942464.908670 L 1000 2 17 35 0
1790942465.949064 L 1000 2 16 49 0
1790942467.096877 L 1000 2 18 45 0
1790942468.136651 L 1000 2 18 48 0
1790942469.280831 L 1000 2 17 35 0
1790942470.320469 L 1000 1 7 32 0
1790942471.360444 L 1000 1 1 14 0
1790942472.773878 L 1000 1 8 38 0
1790942473.965538 L 1000 1 4 25 0
1790942475.428166 L 1000 1 4 30 0
1790942475.752771 L 1000 1 2 23 0
1790942477.497976 L 1000 1 6 24 0
1790942477.963790 L 1000 1 2 25 0
1790942478.952619 L 1000 1 7 29 0
1790942482.066339 L 1000 1 5 19 0
1790942482.071374 L 1000 1 3 30 0
1790942482.154604 L 1000 1 3 31 0
1790942483.679250 L 1000 2 10 32 0
1790942485.222971 L 1000 3 12 40 0
1790942485.308671 L 1000 1 12 37 0
1790942486.530526 L 1000 1 9 28 0
1790942487.451422 L 1000 1 11 38 0
1790942488.560387 L 1000 2 9 27 0
1790942489.692826 L 1000 1 8 27 0
1790942491.061048 L 1000 1 8 35 0
1790942491.830809 L 1000 1 8 55 0
1790942492.941371 L 1000 1 9 27 0
1790942494.283653 L 1000 2 11 50 0
1790942495.121911 L 1000 1 8 35 0
1790942496.170120 L 1000 1 9 37 0
1790942503.689771 L 1000 2 10 30 0
1790942503.714480 L 1000 2 11 33 0
1790942503.714541 L 1000 1 12 39 0
1790942503.714561 L 1000 2 10 36 0
1790942503.714688 L 1000 2 11 34 0
1790942503.714738 L 1000 1 3 27 0
1790942503.714759 L 1000 1 3 22 0
1790942504.640489 L 1000 1 2 27 0
1790942505.784449 L 1000 1 1 14 0
1790942506.938266 L 1000 1 8 35 0
1790942507.916958 L 1000 2 13 45 0
1790942508.933247 L 1000 1 2 25 0
1790942510.064472 L 1000 1 1 14 0
1790942511.104470 L 1000 1 1 13 0
1790942512.144449 L 1000 1 1 14 0
1790942513.184440 L 1000 1 1 3 0
1790942514.328440 L 1000 1 1 15 0
1790942515.368438 L 1000 1 1 14 0
1790942516.408439 L 1000 1 1 12 0
1790942517.448551 L 1000 1 1 12 0
1790942518.592437 L 1000 1 1 14 0
1790942519.632438 L 1000 1 1 12 0
1790942520.676475 L 1000 1 1 14 0
1790942521.716715 L 1000 1 1 12 0
1790942522.860478 L 1000 1 1 11 0
1790942523.900486 L 1000 1 1 17 0
1790942524.940455 L 1000 1 1 14 0
1790942526.084440 L 1000 1 1 12 0
1790942527.124441 L 1000 1 1 15 0
1790942528.164454 L 1000 1 1 7 0
1790942529.204444 L 1000 1 1 13 0
1790942530.348445 L 1000 1 1 16 0
1790942531.388436 L 1000 1 1 15 0
1790942532.428437 L 1000 1 1 13 0
1790942533.468478 L 1000 1 1 14 0
1790942534.612447 L 1000 1 1 14 0
1790942535.652474 L 1000 1 1 13 0
1790942536.692454 L 1000 1 1 13 0
1790942537.736530 L 1000 1 1 4 0
1790942538.880477 L 1000 1 1 16 0
1790942539.924484 L 1000 1 1 13 0
1790942540.984469 L 1000 1 1 15 0
1790942542.044461 L 1000 1 1 13 0
1790942543.104442 L 1000 1 1 13 0
1790942544.172458 L 1000 1 1 12 0
1790942545.228441 L 1000 1 1 7 0
1790942546.268464 L 1000 1 1 13 0
1790942547.412438 L 1000 1 1 14 0
1790942548.452462 L 1000 1 1 4 0
1790942549.492438 L 1000 1 1 12 0
1790942550.532712 L 1000 1 1 14 0
1790942551.676444 L 1000 1 1 9 0
1790942552.716468 L 1000 1 1 12 0
1790942553.756636 L 1000 1 1 15 0
1790942554.900460 L 1000 1 1 15 0
1790942555.940458 L 1000 1 1 12 0
1790942556.980442 L 1000 1 1 12 0
1790942558.020457 L 1000 1 1 14 0
1790942559.164436 L 1000 1 1 10 0
1790942560.204460 L 1000 1 1 13 0
1790942561.244442 L 1000 1 1 14 0
1790942562.284463 L 1000 1 1 4 0
1790942563.428443 L 1000 1 1 14 0
1790942564.468463 L 1000 1 1 14 0
1790942565.508436 L 1000 1 1 15 0
1790942566.548462 L 1000 1 1 13 0
1790942567.692441 L 1000 1 1 13 0
1790942568.732461 L 1000 1 1 14 0
1790942569.772437 L 1000 1 1 12 0
1790942570.812704 L 1000 1 1 12 0
1790942571.956468 L 1000 1 1 3 0
1790942573.000472 L 1000 1 1 13 0
1790942574.040462 L 1000 1 1 13 0
1790942575.080603 L 1000 1 1 3 0
1790942576.224466 L 1000 1 1 10 0
1790942577.264447 L 1000 1 1 12 0
1790942578.304463 L 1000 1 1 16 0
1790942579.448441 L 1000 1 1 10 0
1790942580.488460 L 1000 1 1 15 0
1790942581.528443 L 1000 1 1 13 0
1790942582.568462 L 1000 1 1 8 0
1790942583.712457 L 1000 1 1 10 0
1790942584.752465 L 1000 1 1 14 0
1790942609.408552 L 1000 1 1 3 0
1790942609.408609 L 1000 1 1 12 0
1790942609.408628 L 1000 1 1 16 0
1790942609.408646 L 1000 1 1 7 0
1790942609.408663 L 1000 1 1 13 0
1790942609.408680 L 1000 1 1 15 0
1790942609.408696 L 1000 1 1 3 0
1790942609.408713 L 1000 1 1 15 0
1790942609.408730 L 1000 1 1 3 0
1790942609.408746 L 1000 1 1 8 0
1790942609.408762 L 1000 1 1 12 0
1790942609.408779 L 1000 1 1 13 0
1790942609.408796 L 1000 1 1 13 0
1790942609.408812 L 1000 1 1 13 0
1790942609.408829 L 1000 1 1 3 0
1790942609.408845 L 1000 1 1 11 0
1790942609.408862 L 1000 1 1 12 0
1790942609.408878 L 1000 1 1 15 0
1790942609.408895 L 1000 1 1 10 0
1790942609.408911 L 1000 1 1 13 0
1790942609.408928 L 1000 1 1 13 0
1790942609.408944 L 1000 1 1 8 0
1790942609.408961 L 1000 1 1 14 0
1790942610.340483 L 1000 1 1 14 0
1790942611.380440 L 1000 1 1 10 0
1790942612.524559 L 1000 1 12 44 0
1790942613.564842 L 1000 1 12 41 0
1790942614.604663 L 1000 1 13 40 0
1790942615.756560 L 1000 1 13 41 0
1790942616.796527 L 1000 1 13 36 0
1790942617.837007 L 1000 1 12 38 0
1790942618.988521 L 1000 1 13 53 0
1790942620.029779 L 1000 1 14 42 0
1790942621.068534 L 1000 1 13 37 0
1790942622.212813 L 1000 1 12 39 0
1790942623.252679 L 1000 1 14 41 0
1790942624.292545 L 1000 1 14 41 0
1790942625.336112 L 1000 1 14 40 0
1790942626.476818 L 1000 1 12 40 0
1790942627.516538 L 1000 1 12 38 0
1790942628.660496 L 1000 1 12 38 0
1790942629.703031 L 1000 1 13 43 0
1790942630.748622 L 1000 1 13 39 0
1790942631.792534 L 1000 1 13 36 0
1790942632.940572 L 1000 1 14 40 0
1790942633.980811 L 1000 1 13 37 0
1790942635.028841 L 1000 1 12 38 0
1790942636.172536 L 1000 1 13 40 0
1790942637.212813 L 1000 1 14 53 0
1790942638.252530 L 1000 1 14 47 0
1790942639.398531 L 1000 1 13 46 0
1790942640.436527 L 1000 1 11 37 0
1790942641.476467 L 1000 1 13 43 0
1790942642.516684 L 1000 1 1 14 0
1790942643.660476 L 1000 1 1 13 0
1790942644.728469 L 1000 1 1 15 0
1790942645.800464 L 1000 1 1 14 0
1790942646.864462 L 1000 1 1 3 0
1790942647.932464 L 1000 1 1 14 0
1790942648.984459 L 1000 1 1 13 0
1790942650.044461 L 1000 1 1 17 0
1790942651.088462 L 1000 1 1 3 0
1790942652.148495 L 1000 1 1 15 0
1790942653.292471 L 1000 1 1 13 0
1790942654.332477 L 1000 1 1 13 0
1790942655.372453 L 1000 1 1 9 0
1790942656.412465 L 1000 1 1 12 0
1790942657.556458 L 1000 1 1 2 0
1790942658.596465 L 1000 1 1 13 0
1790942659.636448 L 1000 1 1 15 0
1790942660.676479 L 1000 1 1 8 0
1790942661.820471 L 1000 1 1 13 0
1790942662.860580 L 1000 1 1 8 0
1790942663.900571 L 1000 1 1 15 0
1790942664.940552 L 1000 1 1 15 0
1790942666.084531 L 1000 1 1 15 0
1790942667.124581 L 1000 1 1 3 0
1790942668.164513 L 1000 1 1 13 0
1790942669.204911 L 1000 1 1 15 0
1790942670.349052 L 1000 1 1 13 0
1790942671.388533 L 1000 1 1 16 0
1790942672.428528 L 1000 1 1 10 0
1790942673.572468 L 1000 1 1 14 0
1790942674.612463 L 1000 1 1 15 0
1790942675.664705 L 1000 1 1 14 0
1790942676.772465 L 1000 1 1 13 0
1790942677.796474 L 1000 1 1 14 0
1790942678.816479 L 1000 1 1 11 0
1790942679.976499 L 1000 1 1 11 0
1790942680.944487 L 1000 1 1 14 0
1790942682.092474 L 1000 1 1 11 0
1790942683.168483 L 1000 1 1 13 0
1790942684.248461 L 1000 1 1 15 0
1790942685.280473 L 1000 1 1 14 0
1790942686.344473 L 1000 1 1 3 0
1790942687.448564 L 1000 1 1 3 0
1790942688.500469 L 1000 1 1 9 0
1790942689.520463 L 1000 1 1 14 0
1790942690.576443 L 1000 1 1 13 0
1790942691.620534 L 1000 1 1 13 0
1790942692.684481 L 1000 1 1 12 0
1790942693.840464 L 1000 1 1 14 0
1790942694.896520 L 1000 1 1 14 0
1790942696.016482 L 1000 1 1 13 0
1790942697.028461 L 1000 1 1 13 0
1790942698.112474 L 1000 1 1 14 0
1790942699.156459 L 1000 1 1 11 0
1790942700.196451 L 1000 1 1 14 0
1790942701.236438 L 1000 1 1 14 0
1790942702.380434 L 1000 1 1 9 0
1790942703.420431 L 1000 1 1 13 0
1790942720.968972 L 1000 1 1 13 0
1790942720.969009 L 1000 1 1 3 0
1790942720.969027 L 1000 1 1 13 0
1790942720.969044 L 1000 1 1 3 0
1790942720.969061 L 1000 1 1 10 0
1790942720.969078 L 1000 1 1 14 0
1790942720.969094 L 1000 1 1 17 0
1790942720.969112 L 1000 1 1 10 0
1790942720.969131 L 1000 1 1 14 0
1790942720.969151 L 1000 1 1 14 0
1790942720.969168 L 1000 1 1 9 0
1790942720.969185 L 1000 1 1 3 0
1790942720.969201 L 1000 1 1 2 0
1790942720.969218 L 1000 1 1 9 0
1790942720.969234 L 1000 1 1 14 0
1790942720.969251 L 1000 1 1 14 0
1790942721.516462 L 1000 1 1 9 0
1790942722.660432 L 1000 1 1 13 0
1790942723.704576 L 1000 1 8 36 0
1790942724.748523 L 1000 1 9 40 0
1790942725.892554 L 1000 1 13 29 0
1790942726.936560 L 1000 1 13 31 0
1790942727.976510 L 1000 1 12 45 0
1790942729.124609 L 1000 1 13 45 0
1790942730.164588 L 1000 1 11 41 0
1790942731.204591 L 1000 1 12 28 0
1790942732.248592 L 1000 1 12 27 0
1790942733.392522 L 1000 1 13 29 0
1790942734.432558 L 1000 1 8 32 0
1790942735.576576 L 1000 1 12 29 0
1790942736.616631 L 1000 1 11 40 0
1790942737.660631 L 1000 1 7 25 0
1790942738.700913 L 1000 1 11 30 0
1790942739.844599 L 1000 1 12 33 0
1790942740.888587 L 1000 1 12 35 0
1790942741.928588 L 1000 1 11 30 0
1790942743.072613 L 1000 1 9 39 0
1790942744.112531 L 1000 1 9 28 0
1790942745.152593 L 1000 1 13 29 0
1790942746.296592 L 1000 1 11 40 0
1790942747.336565 L 1000 1 8 26 0
1790942748.376599 L 1000 1 14 31 0
1790942749.520599 L 1000 1 11 29 0
1790942750.560567 L 1000 1 12 44 0
1790942751.600570 L 1000 1 10 28 0
1790942752.744584 L 1000 1 8 25 0
1790942753.784462 L 1000 1 4 30 0
1790942754.824437 L 1000 1 1 13 0
1790942755.880541 L 1000 1 1 6 0
1790942757.042018 L 1000 1 1 12 0
1790942758.092572 L 1000 1 1 13 0
1790942759.148534 L 1000 1 1 12 0
1790942760.197090 L 1000 1 1 8 0
1790942761.244559 L 1000 1 1 10 0
1790942762.289783 L 1000 1 1 11 0
1790942763.454055 L 1000 1 1 10 0
1790942764.500536 L 1000 1 1 13 0
1790942765.550614 L 1000 1 1 9 0
1790942766.589440 L 1000 1 1 11 0
1790942767.640541 L 1000 1 1 13 0
1790942768.792541 L 1000 1 1 11 0
1790942769.840536 L 1000 1 1 11 0
1790942770.890097 L 1000 1 1 10 0
1790942771.932557 L 1000 1 1 15 0
1790942772.977504 L 1000 1 1 12 0
1790942774.120546 L 1000 1 1 12 0
1790942775.164568 L 1000 1 1 11 0
1790942776.204585 L 1000 1 1 11 0
1790942777.348565 L 1000 1 1 11 0
1790942778.393431 L 1000 1 1 14 0
1790942779.436566 L 1000 1 1 11 0
1790942780.480549 L 1000 1 1 13 0
1790942781.528496 L 1000 1 1 11 0
1790942782.676527 L 1000 1 1 11 0
1790942783.728562 L 1000 1 1 12 0
1790942784.768552 L 1000 1 1 13 0
1790942785.808475 L 1000 1 1 11 0
1790942786.952460 L 1000 1 1 13 0
1790942787.992476 L 1000 1 1 11 0
1790942792.360207 L 1000 1 1 13 0
1790942792.360239 L 1000 1 1 13 0
1790942792.360257 L 1000 1 1 8 0
1790942792.360275 L 1000 1 1 13 0
1790942793.296597 L 1000 1 1 3 0
1790942794.336747 L 1000 1 1 8 0
1790942795.480475 L 1000 1 1 13 0
1790942796.520471 L 1000 1 1 12 0
1790942797.560469 L 1000 1 1 14 0
1790942798.704472 L 1000 1 1 13 0
1790942799.744467 L 1000 1 1 15 0
1790942804.784506 L 1000 1 1 14 0
1790942804.784536 L 1000 1 1 12 0
1790942804.784554 L 1000 1 1 13 0
1790942804.784572 L 1000 1 1 14 0
1790942805.048473 L 1000 1 1 13 0
1790942806.088440 L 1000 1 1 15 0
1790942807.232458 L 1000 1 1 8 0
1790942808.272449 L 1000 1 1 14 0
1790942809.312464 L 1000 1 1 13 0
1790942810.352491 L 1000 1 1 15 0
1790942811.500470 L 1000 1 1 12 0
1790942812.540462 L 1000 1 1 15 0
1790942813.580461 L 1000 1 1 16 0
1790942814.620434 L 1000 1 1 9 0
1790942815.764461 L 11790943333.930244 <missed 14938 bytes of console log>
1790943333.933253 irqs: 64, preallocated irqs: 0
1790943333.933321 Root IRQ handler: 0xffff800080010000
1790943333.933362 rcu: srcu_init: Setting srcu_struct sizes based on contention.
1790943333.933447 arch_timer: cp15 timer(s) running at 54.00MHz (virt).
1790943333.933508 clocksource: arch_sys_counter: mask: 0xffffffffffffff max_cycles: 0xc743ce346, max_idle_ns: 440795203123 ns
1790943333.933561 sched_clock: 56 bits at 54MHz, resolution 18ns, wraps every 4398046511102ns
1790943333.933591 printk: legacy console [hvc0] enabled
1790943333.933621 printk: legacy bootconsole [jailhouse0] disabled
1790943333.933668 Calibrating delay loop (skipped), value calculated using timer frequency.. 108.00 BogoMIPS (lpj=54000)
1790943333.933697 pid_max: default: 4096 minimum: 301
1790943333.933734 Mount-cache hash table entries: 512 (order: 0, 4096 bytes, linear)
1790943333.933774 Mountpoint-cache hash table entries: 512 (order: 0, 4096 bytes, linear)
1790943333.933806 cacheinfo: Unable to detect cache hierarchy for CPU 0
1790943333.933831 rcu: Hierarchical SRCU implementation.
1790943333.933856 rcu: 	Max phase no-delay instances is 400.
1790943333.933880 smp: Bringing up secondary CPUs ...
1790943333.933902 smp: Brought up 1 node, 1 CPU
1790943333.933925 SMP: Total of 1 processors activated.
1790943333.933950 CPU features: detected: 32-bit EL0 Support
1790943333.933989 CPU features: detected: Data cache clean to the PoU not required for I/D coherence
1790943333.934017 CPU features: detected: CRC32 instructions
1790943333.934047 CPU features: detected: RCpc load-acquire (LDAPR)
1790943333.934079 CPU features: detected: Speculative Store Bypassing Safe (SSBS)
1790943333.934113 spectre-bhb mitigation disabled by compile time option
1790943333.934140 CPU: All CPU(s) started at EL1
1790943333.934171 alternatives: applying system-wide alternatives
1790943333.934190 devtmpfs: initialized
1790943333.934234 clocksource: jiffies: mask: 0xffffffff max_cycles: 0xffffffff, max_idle_ns: 1911260446275000 ns
1790943333.934268 futex hash table entries: 16 (order: -2, 1024 bytes, linear)
1790943333.934329 DMA: preallocated 128 KiB GFP_KERNEL pool for atomic allocations
1790943333.934378 hw-breakpoint: found 6 breakpoint and 4 watchpoint registers.
1790943333.934407 ASID allocator initialised with 65536 entries
1790943333.934439 clocksource: Switched to clocksource arch_sys_counter
1790943333.934471 workingset: timestamp_bits=62 max_order=13 bucket_order=0
1790943333.934495 clk: Disabling unused clocks
1790943333.934517 Freeing unused kernel memory: 1728K
1790943333.934538 Run /init as init process
1790943333.934575 linux-guest: 6.6.78-rt51+, cyclictest windows of 1 s, deadline 100 us
1790943335.071482 L 1000 1 1 10 0
1790943336.111485 L 1000 1 1 12 0
1790943337.151448 L 1000 1 1 12 0
1790943338.299438 L 1000 1 1 11 0
1790943339.339433 L 1000 1 1 12 0
1790943340.404565 L 1000 1 1 12 0
1790943341.439458 L 1000 1 1 21 0
1790943342.479767 L 1000 1 1 3 0
1790943343.623409 L 1000 1 1 14 0
1790943344.268286 Closing cell "linux-guest"
1790943344.268366 [MG] Initializing memguard on CPU 3
1790943344.268394 [SMMUv2] Exiting SMMUv2 on cell 1
1790943344.268446 [COL] Colored OP 1: PHYS 0x30000000 -> VIRT 0x30000000 (SIZE: 0x02000000, COL: 0x000000ff, extra: 0x0000000000000000)
1790943344.268469 [COL] Result: 0
1790943344.268518 [COL] Colored OP 4: PHYS 0x30000000 -> VIRT 0x30000000 (SIZE: 0x02000000, COL: 0x000000ff, extra: 0x0000000000000001)
1790943344.268538 [COL] Result: 0
1790943344.268571 Page pool usage after cell destruction: mem 142/4061, remap 5/131072
1790943344.268597 [MG] Initializing memguard on CPU 3
1790943344.593178 [MG] Initializing memguard on CPU 3
1790943344.593272 [COL] Colored OP 0: PHYS 0x30000000 -> VIRT 0x30000000 (SIZE: 0x02000000, COL: 0x000000ff, extra: 0x0000000000000000)
1790943344.593301 [COL] Result: 0
1790943344.593326 [MG] Initializing memguard on CPU 3
1790943344.593348 Created cell "linux-guest"
1790943344.593387 Page pool usage after cell creation: mem 170/4061, remap 5/131072
1790943344.660461 <missed 20678 bytes of console log>
1790943344.660544 irqs: 64, preallocated irqs: 0
1790943344.660572 Root IRQ handler: 0xffff800080010000
1790943344.660607 rcu: srcu_init: Setting srcu_struct sizes based on contention.
1790943344.660640 arch_timer: cp15 timer(s) running at 54.00MHz (virt).
1790943344.660690 clocksource: arch_sys_counter: mask: 0xffffffffffffff max_cycles: 0xc743ce346, max_idle_ns: 440795203123 ns
1790943344.660731 sched_clock: 56 bits at 54MHz, resolution 18ns, wraps every 4398046511102ns
1790943344.660758 printk: legacy console [hvc0] enabled
1790943344.660788 printk: legacy bootconsole [jailhouse0] disabled
1790943344.660836 Calibrating delay loop (skipped), value calculated using timer frequency.. 108.00 BogoMIPS (lpj=54000)
1790943344.660863 pid_max: default: 4096 minimum: 301
1790943344.660898 Mount-cache hash table entries: 512 (order: 0, 4096 bytes, linear)
1790943344.660936 Mountpoint-cache hash table entries: 512 (order: 0, 4096 bytes, linear)
1790943344.660968 cacheinfo: Unable to detect cache hierarchy for CPU 0
1790943344.660994 rcu: Hierarchical SRCU implementation.
1790943344.661021 rcu: 	Max phase no-delay instances is 400.
1790943344.661045 smp: Bringing up secondary CPUs ...
1790943344.661068 smp: Brought up 1 node, 1 CPU
1790943344.661093 SMP: Total of 1 processors activated.
1790943344.661120 CPU features: detected: 32-bit EL0 Support
1790943344.661161 CPU features: detected: Data cache clean to the PoU not required for I/D coherence
1790943344.661189 CPU features: detected: CRC32 instructions
1790943344.661219 CPU features: detected: RCpc load-acquire (LDAPR)
1790943344.661253 CPU features: detected: Speculative Store Bypassing Safe (SSBS)
1790943344.661285 spectre-bhb mitigation disabled by compile time option
1790943344.661308 CPU: All CPU(s) started at EL1
1790943344.661337 alternatives: applying system-wide alternatives
1790943344.661357 devtmpfs: initialized
1790943344.661402 clocksource: jiffies: mask: 0xffffffff max_cycles: 0xffffffff, max_idle_ns: 1911260446275000 ns
1790943344.661437 futex hash table entries: 16 (order: -2, 1024 bytes, linear)
1790943344.661476 DMA: preallocated 128 KiB GFP_KERNEL pool for atomic allocations
1790943344.661513 hw-breakpoint: found 6 breakpoint and 4 watchpoint registers.
1790943344.661543 ASID allocator initialised with 65536 entries
1790943344.661574 clocksource: Switched to clocksource arch_sys_counter
1790943344.661606 workingset: timestamp_bits=62 max_order=13 bucket_order=0
1790943344.661629 clk: Disabling unused clocks
1790943344.661654 Freeing unused kernel memory: 1728K
1790943344.661675 Run /init as init process
1790943344.661712 linux-guest: 6.6.78-rt51+, cyclictest windows of 1 s, deadline 100 us
1790943345.803411 L 1000 1 2 16 0
1790943346.843395 L 1000 1 1 10 0
1790943347.883428 L 1000 1 1 13 0
1790943348.923395 L 1000 1 1 7 0
1790943350.071428 L 1000 1 1 12 0
1790943351.115507 L 1000 1 1 14 0
1790943352.155421 L 1000 1 1 22 0
1790943353.307494 L 1000 1 2 29 0
1790943354.343567 L 1000 2 4 20 0
1790943355.383535 L 1000 2 4 19 0
1790943356.423927 L 1000 2 4 16 0
1790943357.567540 L 1000 2 4 9 0
1790943358.607581 L 1000 2 4 20 0
1790943359.647557 L 1000 2 4 15 0
1790943360.791557 L 1000 2 4 22 0
1790943361.831545 L 1000 2 4 15 0
1790943362.871570 L 1000 2 4 22 0
1790943364.015570 L 1000 2 4 23 0
1790943365.055563 L 1000 2 4 21 0
1790943366.095560 L 1000 2 4 20 0
1790943367.139942 L 1000 2 4 16 0
1790943368.287514 L 1000 2 4 12 0
1790943369.323600 L 1000 2 4 24 0
1790943370.363579 L 1000 2 4 20 0
1790943371.507548 L 1000 2 4 18 0
1790943372.547565 L 1000 2 4 17 0
1790943373.587572 L 1000 2 4 18 0
1790943374.731573 L 1000 2 4 22 0
1790943375.771568 L 1000 2 4 17 0
1790943376.811559 L 1000 2 4 17 0
1790943377.851959 L 1000 2 4 21 0
1790943378.995574 L 1000 2 4 10 0
1790943380.035571 L 1000 2 4 21 0
1790943381.075577 L 1000 2 4 18 0
1790943382.227516 L 1000 1 4 23 0
1790943383.267406 L 1000 1 3 17 0
1790943384.307391 L 1000 1 1 5 0
1790943385.347416 L 1000 1 1 13 0
1790943386.495413 L 1000 1 1 12 0
1790943387.535416 L 1000 1 1 13 0
1790943388.579412 L 1000 1 1 14 0
1790943389.623418 L 1000 1 1 8 0
1790943390.767412 L 1000 1 1 13 0
1790943391.807426 L 1000 1 1 14 0
1790943392.851424 L 1000 1 1 11 0
1790943393.895420 L 1000 1 1 14 0
1790943395.039414 L 1000 1 1 14 0
1790943396.083437 L 1000 1 1 11 0
1790943397.123432 L 1000 1 1 13 0
1790943398.167420 L 1000 1 1 9 0
1790943399.215729 L 1000 1 1 13 0
1790943400.363425 L 1000 1 1 15 0
1790943401.407408 L 1000 1 1 12 0
1790943402.455413 L 1000 1 1 17 0
1790943403.495428 L 1000 1 1 15 0
1790943404.643416 L 1000 1 1 7 0
1790943405.683431 L 1000 1 1 14 0
1790943406.735415 L 1000 1 1 12 0
1790943407.783418 L 1000 1 1 14 0
1790943408.823752 L 1000 1 1 10 0
1790943409.967415 L 1000 1 1 13 0
1790943411.011420 L 1000 1 1 4 0
1790943412.059415 L 1000 1 1 12 0
1790943413.107417 L 1000 1 1 13 0
1790943414.255456 L 1000 1 1 14 0
1790943415.295417 L 1000 1 1 14 0
1790943416.335408 L 1000 1 1 14 0
1790943417.375402 L 1000 1 1 12 0
1790943418.415558 L 1000 1 8 21 0
1790943419.467647 L 1000 2 10 47 0
1790943420.511548 L 1000 1 10 34 0
1790943421.551619 L 1000 2 10 34 0
1790943422.607617 L 1000 2 10 42 0
1790943423.655645 L 1000 2 10 39 0
1790943424.699723 L 1000 2 9 28 0
1790943425.743801 L 1000 1 8 31 0
1790943426.891728 L 1000 2 9 25 0
1790943427.935518 L 1000 1 7 24 0
1790943428.979507 L 1000 1 4 27 0
1790943430.027635 L 1000 1 5 25 0
1790943431.075674 L 1000 2 9 26 0
1790943432.139799 L 1000 1 9 25 0
1790943433.291647 L 1000 2 10 41 0
1790943434.339593 L 1000 2 10 26 0
1790943435.387661 L 1000 1 10 45 0
1790943436.428083 L 1000 2 11 35 0
1790943437.587739 L 1000 2 10 65 0
1790943438.635590 L 1000 2 10 22 0
1790943439.683573 L 1000 2 10 25 0
1790943440.823747 L 1000 1 10 38 0
1790943441.867643 L 1000 2 10 37 0
1790943442.911729 L 1000 2 11 23 0
1790943443.951663 L 1000 2 9 37 0
1790943445.107664 L 1000 1 9 41 0
1790943446.151686 L 1000 2 10 42 0
1790943447.195658 L 1000 2 10 34 0
1790943448.355609 L 1000 1 3 26 0
1790943449.415039 L 1000 1 1 12 0
1790943450.567985 L 1000 1 15 40 0
1790943451.624092 L 1000 1 25 78 0
1790943452.783847 L 1000 1 14 52 0
1790943453.947800 L 1000 4 19 57 0
1790943454.999986 L 1000 11 26 62 0
1790943456.155937 L 1000 12 26 68 0
1790943457.207890 L 1000 8 26 60 0
1790943458.351960 L 1000 9 27 59 0
1790943459.499831 L 1000 9 26 69 0
1790943460.539603 L 1000 8 25 76 0
1790943461.691542 L 1000 1 7 51 0
1790943462.751552 L 1000 1 1 13 0
1790943463.803868 L 1000 1 13 39 0
1790943464.959891 L 1000 6 25 49 0
1790943465.999862 L 1000 6 24 67 0
1790943467.147881 L 1000 9 25 70 0
1790943468.187766 L 1000 5 22 57 0
1790943469.331550 L 1000 1 11 55 0
1790943470.371548 L 1000 1 3 21 0
1790943471.431513 L 1000 1 10 27 0
1790943472.491784 L 1000 1 2 20 0
1790943473.651901 L 1000 2 18 38 0
1790943474.719615 L 1000 5 19 47 0
1790943475.763651 L 1000 2 14 55 0
1790943476.911840 L 1000 4 18 40 0
1790943477.963881 L 1000 11 25 55 0
1790943479.115829 L 1000 12 26 53 0
1790943480.159431 L 1000 1 15 62 0
1790943481.199407 L 1000 1 1 13 0
1790943482.347890 L 1000 1 6 38 0
1790943483.387475 L 1000 1 7 53 0
1790943484.427809 L 1000 1 12 32 0
1790943485.571811 L 1000 1 7 55 0
1790943486.615487 L 1000 2 10 43 0
1790943487.655813 L 1000 1 8 34 0
1790943488.799475 L 1000 1 10 60 0
1790943489.839614 L 1000 1 10 29 0
1790943490.987880 L 1000 1 6 48 0
1790943492.027491 L 1000 1 10 52 0
1790943493.068001 L 1000 1 7 27 0
1790943494.215830 L 1000 1 8 44 0
1790943495.255829 L 1000 1 9 29 0
1790943496.295830 L 1000 1 6 41 0
1790943497.455932 L 1000 3 9 45 0
1790943498.499800 L 1000 4 9 45 0
1790943499.559811 L 1000 1 2 39 0
1790943500.723664 L 1000 4 13 46 0
1790943501.779892 L 1000 6 15 61 0
1790943502.831484 L 1000 1 10 47 0
1790943503.883879 L 1000 1 3 23 0
1790943504.955786 L 1000 4 11 40 0
1790943506.099757 L 1000 1 9 54 0
1790943507.147477 L 1000 1 6 56 0
1790943508.203896 L 1000 1 7 26 0
1790943509.367654 L 1000 5 13 62 0
1790943510.431485 L 1000 1 13 51 0
1790943511.479540 L 1000 1 2 40 0
1790943512.519789 L 1000 1 6 37 0
1790943513.667448 L 1000 1 1 36 0
1790943514.707442 L 1000 1 1 13 0
1790943515.751713 L 1000 1 8 30 0
1790943516.899698 L 1000 6 21 52 0
1790943517.955744 L 1000 5 21 52 0
1790943518.999714 L 1000 5 21 56 0
1790943520.147656 L 1000 5 21 54 0
1790943521.187891 L 1000 6 22 45 0
1790943522.347736 L 1000 5 21 58 0
1790943523.391669 L 1000 6 21 58 0
1790943524.435765 L 1000 5 21 59 0
1790943525.591696 L 1000 6 21 57 0
1790943526.643601 L 1000 5 21 52 0
1790943527.799732 L 1000 5 21 54 0
1790943528.843713 L 1000 10 21 47 0
1790943529.891685 L 1000 8 22 48 0
1790943531.043738 L 1000 5 21 53 0
1790943532.087744 L 1000 5 21 54 0
1790943533.239748 L 1000 9 21 43 0
1790943534.287719 L 1000 11 21 45 0
1790943535.343671 L 1000 9 22 51 0
1790943536.487707 L 1000 10 21 55 0
1790943537.539724 L 1000 5 21 52 0
1790943538.595895 L 1000 5 21 44 0
1790943539.739733 L 1000 11 22 43 0
1790943540.779779 L 1000 5 21 48 0
1790943541.939534 L 1000 5 21 55 0
1790943542.991691 L 1000 5 21 55 0
1790943544.043737 L 1000 5 21 59 0
1790943545.206013 L 1000 10 22 54 0
1790943546.243409 L 1000 1 3 54 0
1790943547.283446 L 1000 1 1 14 0
1790943548.324309 L 1000 1 3 14 0
1790943549.467736 L 1000 1 4 16 0
1790943550.507529 L 1000 1 4 21 0
1790943551.552264 L 1000 1 3 15 0
1790943552.695892 L 1000 1 3 17 0
1790943553.735449 L 1000 1 4 19 0
1790943554.775881 L 1000 1 3 15 0
1790943555.815674 L 1000 1 4 15 0
1790943556.963477 L 1000 1 4 21 0
1790943558.003890 L 1000 1 3 18 0
1790943559.047895 L 1000 1 4 14 0
1790943560.191741 L 1000 1 4 21 0
1790943561.232570 L 1000 1 4 16 0
1790943562.272354 L 1000 1 2 15 0
1790943563.312683 L 1000 1 4 14 0
1790943564.455740 L 1000 1 4 19 0
1790943565.496285 L 1000 1 5 21 0
1790943566.535658 L 1000 1 4 17 0
1790943567.679472 L 1000 1 4 16 0
1790943568.719486 L 1000 1 4 17 0
1790943569.759887 L 1000 1 5 22 0
1790943570.804615 L 1000 1 3 15 0
1790943571.949047 L 1000 1 4 13 0
1790943572.991501 L 1000 1 4 19 0
1790943574.031913 L 1000 1 5 17 0
1790943575.181462 L 1000 1 3 15 0
1790943576.219538 L 1000 1 4 18 0
1790943577.259700 L 1000 1 4 19 0
1790943578.299409 L 1000 1 1 14 0
1790943579.451416 L 1000 1 1 14 0
1790943580.507403 L 1000 1 1 10 0
1790943581.559404 L 1000 1 1 3 0
1790943582.607385 L 1000 1 1 10 0
1790943583.655400 L 1000 1 1 12 0
1790943584.803384 L 1000 1 1 13 0
1790943585.847400 L 1000 1 1 13 0
1790943586.891388 L 1000 1 1 13 0
1790943587.939401 L 1000 1 1 14 0
1790943588.991384 L 1000 1 1 15 0
1790943590.143400 L 1000 1 1 13 0
1790943591.187385 L 1000 1 1 15 0
1790943592.231399 L 1000 1 1 3 0
1790943593.283388 L 1000 1 1 14 0
1790943594.335405 L 1000 1 1 13 0
1790943595.383545 L 1000 1 1 14 0
1790943596.535400 L 1000 1 1 15 0
1790943597.599494 L 1000 1 1 11 0
1790943598.647400 L 1000 1 1 15 0
1790943599.691403 L 1000 1 1 13 0
1790943600.747388 L 1000 1 1 16 0
1790943601.811399 L 1000 1 1 16 0
1790943602.879386 L 1000 1 1 13 0
1790943603.931406 L 1000 1 1 4 0
1790943605.075384 L 1000 1 1 11 0
1790943606.115402 L 1000 1 1 15 0
1790943607.155387 L 1000 1 1 3 0
1790943608.195411 L 1000 1 1 16 0
1790943609.339388 L 1000 1 1 18 0
1790943610.379428 L 1000 1 1 15 0
1790943611.419475 L 1000 1 1 3 0
1790943612.467825 L 1000 1 2 13 0
1790943613.620373 L 1000 1 2 13 0
1790943614.666056 L 1000 1 1 14 0
1790943615.718848 L 1000 1 1 13 0
1790943616.776556 L 1000 1 1 12 0
1790943617.832243 L 1000 1 1 10 0
1790943618.900958 L 1000 1 1 12 0
1790943619.961841 L 1000 1 1 13 0
1790943621.023412 L 1000 1 1 6 0
1790943622.095411 L 1000 1 1 12 0
1790943623.147421 L 1000 1 1 15 0
1790943624.207684 L 1000 1 1 14 0
1790943625.364185 L 1000 1 1 11 0
1790943626.421737 L 1000 1 1 13 0
1790943627.463755 L 1000 1 1 13 0
1790943628.509095 L 1000 1 1 2 0
1790943629.551412 L 1000 1 1 19 0
1790943630.699445 L 1000 1 1 12 0
1790943631.739407 L 1000 1 1 12 0
1790943632.783413 L 1000 1 1 13 0
1790943633.831410 L 1000 1 1 12 0
1790943634.981751 L 1000 1 1 8 0
1790943636.031432 L 1000 1 1 11 0
1790943637.079416 L 1000 1 1 13 0
1790943638.121550 L 1000 1 1 15 0
1790943639.169878 L 1000 1 1 12 0
1790943640.315410 L 1000 1 1 3 0
1790943641.355790 L 1000 1 1 10 0
1790943642.399419 L 1000 1 1 14 0
1790943643.445618 L 1000 1 1 3 0
1790943644.511404 L 1000 1 1 15 0
1790943645.575387 L 1000 1 1 14 0
1790943646.639402 L 1000 1 1 8 0
1790943647.799386 L 1000 1 1 16 0
1790943648.763598 L 1000 1 1 15 0
1790943649.923393 L 1000 1 1 13 0
1790943650.991401 L 1000 1 1 11 0
1790943652.047391 L 1000 1 1 12 0
1790943653.087411 L 1000 1 1 15 0
1790943654.127387 L 1000 1 1 7 0
1790943655.167411 L 1000 1 1 14 0
1790943656.311414 L 1000 1 1 14 0
1790943657.351389 L 1000 1 1 10 0
1790943658.391410 L 1000 1 1 12 0
1790943659.535388 L 1000 1 1 14 0
1790943660.575410 L 1000 1 1 3 0
1790943661.615394 L 1000 1 1 14 0
1790943662.655413 L 1000 1 1 13 0
1790943663.799386 L 1000 1 1 3 0
1790943664.839409 L 1000 1 1 13 0
1790943665.879387 L 1000 1 1 12 0
1790943666.919411 L 1000 1 1 14 0
1790943668.063385 L 1000 1 1 5 0
1790943669.103411 L 1000 1 1 13 0
1790943670.143384 L 1000 1 1 16 0
1790943671.183518 L 1000 1 1 3 0
1790943672.327406 L 1000 1 1 13 0
1790943673.367390 L 1000 1 1 13 0
1790943674.411415 L 1000 1 1 14 0
1790943675.451378 L 1000 1 1 15 0
1790943676.599401 L 1000 1 1 12 0
1790943677.639385 L 1000 1 1 14 0
1790943678.679400 L 1000 1 1 7 0
1790943679.719474 L 1000 1 1 13 0
1790943680.863399 L 1000 1 1 12 0
1790943681.903384 L 1000 1 1 9 0
1790943682.943399 L 1000 1 1 11 0
1790943684.087382 L 1000 1 1 2 0
1790943685.127398 L 1000 1 1 10 0
1790943686.167381 L 1000 1 1 11 0
1790943687.207401 L 1000 1 1 14 0
1790943688.351382 L 1000 1 1 14 0
1790943689.391400 L 1000 1 1 14 0
1790943690.435406 L 1000 1 1 13 0
1790943691.475380 L 1000 1 1 15 0
1790943692.619400 L 1000 1 1 13 0
1790943693.659378 L 1000 1 1 13 0
1790943694.699400 L 1000 1 1 15 0
1790943695.739379 L 1000 1 1 9 0
1790943696.883400 L 1000 1 1 11 0
1790943697.923385 L 1000 1 1 14 0
1790943698.963399 L 1000 1 1 8 0
1790943700.003382 L 1000 1 1 13 0
1790943701.147399 L 1000 1 1 13 0
1790943702.187383 L 1000 1 1 3 0
1790943703.227399 L 1000 1 1 12 0
1790943704.267382 L 1000 1 1 14 0
1790943705.415404 L 1000 1 1 7 0
1790943706.455404 L 1000 1 1 12 0
1790943707.495403 L 1000 1 1 11 0
1790943708.547414 L 1000 1 1 13 0
1790943709.607403 L 1000 1 1 3 0
1790943710.759400 L 1000 1 1 15 0
1790943711.811378 L 1000 1 1 12 0
1790943712.859403 L 1000 1 1 15 0
1790943713.907377 L 1000 1 1 13 0
1790943714.959401 L 1000 1 1 13 0
1790943716.007384 L 1000 1 1 14 0
1790943717.067675 L 1000 1 1 12 0
1790943718.215380 L 1000 1 1 14 0
1790943719.263400 L 1000 1 1 15 0
1790943720.307384 L 1000 1 1 10 0
1790943721.347401 L 1000 1 1 14 0
1790943722.495391 L 1000 1 1 14 0
1790943723.539402 L 1000 1 1 8 0
1790943724.595380 L 1000 1 1 3 0
1790943725.647402 L 1000 1 1 14 0
1790943726.703406 L 1000 1 1 15 0
1790943727.751385 L 1000 1 1 17 0
1790943728.903400 L 1000 1 1 15 0
1790943729.951380 L 1000 1 1 14 0
1790943730.999397 L 1000 1 1 13 0
1790943732.039378 L 1000 1 1 13 0
1790943733.083403 L 1000 1 1 12 0
1790943734.239382 L 1000 1 1 8 0
1790943735.291399 L 1000 1 1 10 0
1790943736.335380 L 1000 1 1 3 0
1790943737.379402 L 1000 1 1 15 0
1790943738.423406 L 1000 1 1 3 0
1790943739.567399 L 1000 1 1 12 0
1790943740.623447 L 1000 1 1 14 0
1790943741.691449 L 1000 1 1 12 0
1790943742.743432 L 1000 1 1 15 0
1790943743.795431 L 1000 1 1 13 0
1790943744.855425 L 1000 1 1 8 0
1790943745.919432 L 1000 1 1 13 0
1790943746.975425 L 1000 1 1 10 0
1790943748.039445 L 1000 1 1 4 0
1790943749.095430 L 1000 1 1 9 0
1790943750.251495 L 1000 1 1 13 0
1790943751.291443 L 1000 1 1 4 0
1790943752.331442 L 1000 1 1 8 0
1790943753.371451 L 1000 1 1 10 0
1790943754.515438 L 1000 1 1 12 0
1790943755.555440 L 1000 1 1 14 0
1790943756.595445 L 1000 1 1 14 0
1790943757.635440 L 1000 1 1 13 0
1790943758.779476 L 1000 1 1 15 0
1790943759.819471 L 1000 1 1 15 0
1790943760.859449 L 1000 1 1 13 0
1790943761.899475 L 1000 1 1 12 0
1790943763.043410 L 1000 1 1 3 0
1790943764.087448 L 1000 1 1 14 0
1790943765.127432 L 1000 1 1 14 0
1790943766.187451 L 1000 1 1 12 0
1790943767.255458 L 1000 1 1 16 0
1790943768.327444 L 1000 1 1 14 0
1790943769.383446 L 1000 1 1 14 0
1790943770.435678 L 1000 1 1 14 0
1790943771.579408 L 1000 1 1 14 0
1790943772.627397 L 1000 1 1 14 0
1790943773.663409 L 1000 1 1 3 0
1790943774.703529 L 1000 1 1 14 0
1790943775.847407 L 1000 1 1 9 0
1790943776.887383 L 1000 1 1 12 0
1790943777.927410 L 1000 1 1 14 0
1790943779.071399 L 1000 1 1 10 0
1790943780.111403 L 1000 1 1 13 0
1790943781.151412 L 1000 1 1 16 0
1790943782.191387 L 1000 1 1 13 0
1790943783.335401 L 1000 1 1 12 0
1790943784.375385 L 1000 1 1 15 0
1790943785.415405 L 1000 1 1 12 0
1790943786.455384 L 1000 1 1 14 0
1790943787.599400 L 1000 1 1 10 0
1790943788.639384 L 1000 1 1 12 0
1790943789.679405 L 1000 1 1 15 0
1790943790.719558 L 1000 1 1 9 0
1790943791.863404 L 1000 1 1 11 0
1790943792.903383 L 1000 1 1 13 0
1790943793.943403 L 1000 1 1 12 0
1790943794.983380 L 1000 1 1 17 0
1790943796.127401 L 1000 1 1 16 0
1790943797.167386 L 1000 1 1 13 0
1790943798.207402 L 1000 1 1 14 0
1790943799.351397 L 1000 1 1 14 0
1790943800.391388 L 1000 1 1 14 0
1790943801.431403 L 1000 1 1 12 0
1790943802.471421 L 1000 1 1 3 0
1790943803.615414 L 1000 1 1 12 0
1790943804.659414 L 1000 1 1 14 0
1790943805.699402 L 1000 1 1 15 0
1790943806.739385 L 1000 1 1 15 0
1790943807.883403 L 1000 1 1 13 0
1790943808.923381 L 1000 1 1 15 0
1790943809.963402 L 1000 1 1 4 0
1790943811.003386 L 1000 1 1 12 0
1790943812.147403 L 1000 1 1 13 0
1790943813.187384 L 1000 1 1 13 0
1790943814.227403 L 1000 1 1 8 0
1790943815.267516 L 1000 1 1 12 0
1790943816.411401 L 1000 1 1 13 0
1790943817.451406 L 1000 1 1 8 0
1790943818.491383 L 1000 1 1 12 0
1790943819.635401 L 1000 1 1 14 0
1790943820.675384 L 1000 1 1 9 0
1790943821.715404 L 1000 1 1 13 0
1790943822.755384 L 1000 1 1 13 0
1790943823.899401 L 1000 1 1 13 0
1790943824.939380 L 1000 1 1 12 0
1790943825.979400 L 1000 1 1 12 0
1790943827.019385 L 1000 1 1 15 0
1790943828.163403 L 1000 1 1 10 0
1790943829.203383 L 1000 1 1 13 0
1790943830.243401 L 1000 1 1 13 0
1790943831.283496 L 1000 1 1 14 0
1790943832.427403 L 1000 1 1 3 0
1790943833.467429 L 1000 1 1 13 0
1790943834.511423 L 1000 1 1 14 0
1790943835.551696 L 1000 1 1 14 0
1790943836.699415 L 1000 1 1 14 0
1790943837.739413 L 1000 1 1 14 0
1790943838.779393 L 1000 1 1 13 0
1790943839.819657 L 1000 1 1 13 0
1790943840.963391 L 1000 1 1 7 0
1790943842.003405 L 1000 1 1 12 0
1790943843.043397 L 1000 1 1 14 0
1790943844.187404 L 1000 1 1 10 0
1790943845.227389 L 1000 1 1 15 0
1790943846.267405 L 1000 1 1 12 0
1790943847.307389 L 1000 1 1 14 0
1790943848.451406 L 1000 1 1 4 0
1790943849.491395 L 1000 1 1 8 0
1790943850.531406 L 1000 1 1 5 0
1790943851.571427 L 1000 1 1 16 0
1790943852.715394 L 1000 1 1 12 0
1790943853.755407 L 1000 1 1 15 0
1790943854.795391 L 1000 1 1 3 0
1790943855.835717 L 1000 1 1 13 0
1790943856.979400 L 1000 1 1 14 0
1790943858.019407 L 1000 1 1 13 0
1790943859.059392 L 1000 1 1 14 0
1790943860.103607 L 1000 1 1 13 0
1790943861.247396 L 1000 1 1 12 0
1790943862.287407 L 1000 1 1 13 0
1790943863.327397 L 1000 1 1 14 0
1790943864.471403 L 1000 1 1 14 0
1790943865.511396 L 1000 1 1 15 0
1790943866.551421 L 1000 1 1 14 0
1790943867.591403 L 1000 1 1 15 0
1790943868.735412 L 1000 1 1 13 0
1790943869.783410 L 1000 1 1 13 0
1790943870.839398 L 1000 1 1 12 0
1790943871.883408 L 1000 1 1 3 0
1790943872.923399 L 1000 1 1 10 0
1790943874.075406 L 1000 1 1 15 0
1790943875.131396 L 1000 1 1 13 0
1790943876.175404 L 1000 1 1 15 0
1790943877.231400 L 1000 1 1 14 0
1790943878.283412 L 1000 1 1 13 0
1790943879.323667 L 1000 1 1 12 0
1790943880.467412 L 1000 1 1 14 0
1790943881.507396 L 1000 1 1 15 0
1790943882.547412 L 1000 1 1 4 0
1790943883.691405 L 1000 1 1 12 0
1790943884.731412 L 1000 1 1 14 0
1790943885.771400 L 1000 1 1 13 0
1790943886.811413 L 1000 1 1 13 0
1790943887.959405 L 1000 1 1 14 0
1790943888.999395 L 1000 1 1 10 0
1790943890.039412 L 1000 1 1 3 0
1790943891.079396 L 1000 1 1 12 0
1790943892.223411 L 1000 1 1 3 0
1790943893.263390 L 1000 1 1 9 0
1790943894.303413 L 1000 1 1 13 0
1790943895.343393 L 1000 1 1 3 0
1790943896.487414 L 1000 1 1 10 0
1790943897.527394 L 1000 1 1 14 0
1790943898.567431 L 1000 1 1 14 0
1790943899.607536 L 1000 1 1 15 0
1790943900.751414 L 1000 1 1 12 0
1790943901.791386 L 1000 1 1 2 0
1790943902.831404 L 1000 1 1 14 0
1790943903.975424 L 1000 1 1 13 0
1790943905.015390 L 1000 1 1 14 0
1790943906.055409 L 1000 1 1 14 0
1790943907.095380 L 1000 1 1 9 0
1790943908.239402 L 1000 1 1 14 0
1790943909.279393 L 1000 1 1 12 0
1790943910.319405 L 1000 1 1 14 0
1790943911.359382 L 1000 1 1 13 0
1790943912.503404 L 1000 1 1 15 0
1790943913.543381 L 1000 1 1 16 0
1790943914.583402 L 1000 1 1 13 0
1790943915.623389 L 1000 1 1 14 0
1790943916.767402 L 1000 1 1 13 0
1790943917.807382 L 1000 1 1 10 0
1790943918.847402 L 1000 1 1 11 0
1790943919.887464 L 1000 1 1 2 0
1790943921.031402 L 1000 1 1 9 0
1790943922.071401 L 1000 1 1 11 0
1790943923.111384 L 1000 1 1 14 0
1790943924.255401 L 1000 1 1 12 0
1790943925.295380 L 1000 1 1 12 0
1790943926.335405 L 1000 1 1 16 0
1790943927.375381 L 1000 1 1 14 0
1790943928.519400 L 1000 1 1 14 0
1790943929.559392 L 1000 1 1 13 0
1790943930.599404 L 1000 1 1 15 0
1790943931.639381 L 1000 1 1 14 0
1790943932.695690 L 1000 1 1 13 0
1790943933.767387 L 1000 1 1 14 0
1790943934.835402 L 1000 1 1 13 0
1790943935.907378 L 1000 1 1 9 0
1790943936.979402 L 1000 1 1 11 0
1790943938.051379 L 1000 1 1 13 0
1790943939.123398 L 1000 1 1 15 0
1790943940.183406 L 1000 1 1 3 0
1790943941.259377 L 1000 1 1 13 0
1790943942.331400 L 1000 1 1 14 0
1790943943.407383 L 1000 1 1 10 0
1790943944.475398 L 1000 1 1 13 0
1790943945.551380 L 1000 1 1 11 0
1790943946.607405 L 1000 1 1 9 0
1790943947.647382 L 1000 1 1 3 0
1790943948.791402 L 1000 1 1 13 0
1790943949.831382 L 1000 1 1 14 0
1790943950.871404 L 1000 1 1 13 0
1790943951.911379 L 1000 1 1 13 0
1790943953.055404 L 1000 1 1 3 0
1790943954.095382 L 1000 1 1 10 0
1790943955.135404 L 1000 1 1 13 0
1790943956.175378 L 1000 1 1 3 0
1790943957.319401 L 1000 1 1 4 0
1790943958.359408 L 1000 1 1 14 0
1790943959.399379 L 1000 1 1 14 0
1790943960.439405 L 1000 1 1 16 0
1790943961.583382 L 1000 1 1 11 0
1790943962.623407 L 1000 1 1 13 0
1790943963.663380 L 1000 1 1 14 0
1790943964.707414 L 1000 1 1 11 0
1790943965.851384 L 1000 1 1 12 0
1790943966.891402 L 1000 1 1 13 0
1790943967.931383 L 1000 1 1 14 0
1790943968.971399 L 1000 1 1 13 0
1790943970.115385 L 1000 1 1 13 0
1790943971.155399 L 1000 1 1 14 0
1790943972.195381 L 1000 1 1 12 0
1790943973.235644 L 1000 1 1 14 0
1790943974.383398 L 1000 1 1 15 0
1790943975.423379 L 1000 1 1 11 0
1790943976.463404 L 1000 1 1 14 0
1790943977.507381 L 1000 1 1 15 0
1790943978.663401 L 1000 1 1 12 0
1790943979.711378 L 1000 1 1 12 0
1790943980.763405 L 1000 1 1 14 0
1790943981.811382 L 1000 1 1 11 0
1790943982.859404 L 1000 1 1 13 0
1790943983.903426 L 1000 1 1 12 0
1790943985.059406 L 1000 1 1 11 0
1790943986.111379 L 1000 1 1 11 0
1790943987.163403 L 1000 1 1 14 0
1790943988.203389 L 1000 1 1 10 0
1790943989.243401 L 1000 1 1 13 0
1790943990.387378 L 1000 1 1 13 0
1790943991.431397 L 1000 1 1 10 0
1790943992.471407 L 1000 1 1 13 0
1790943993.515381 L 1000 1 1 13 0
1790943994.663409 L 1000 1 1 10 0
1790943995.703378 L 1000 1 1 13 0
1790943996.747410 L 1000 1 1 14 0
1790943997.787388 L 1000 1 1 14 0
1790943998.931401 L 1000 1 1 12 0
1790943999.971381 L 1000 1 1 12 0
1790944001.011397 L 1000 1 1 14 0
1790944002.051383 L 1000 1 1 12 0
1790944003.195398 L 1000 1 1 13 0
1790944004.235380 L 1000 1 1 14 0
1790944005.275401 L 1000 1 1 10 0
1790944006.315534 L 1000 1 1 11 0
1790944007.459401 L 1000 1 1 13 0
1790944008.503382 L 1000 1 1 9 0
1790944009.543400 L 1000 1 1 13 0
1790944010.583629 L 1000 1 1 14 0
1790944011.727380 L 1000 1 1 9 0
1790944012.771401 L 1000 1 1 14 0
1790944013.811379 L 1000 1 1 14 0
1790944014.851655 L 1000 1 1 8 0
1790944015.995379 L 1000 1 1 13 0
1790944017.035398 L 1000 1 1 14 0
1790944018.075379 L 1000 1 1 8 0
1790944019.115414 L 1000 1 1 14 0
1790944020.259379 L 1000 1 1 14 0
1790944021.299402 L 1000 1 1 15 0
1790944022.339380 L 1000 1 1 13 0
1790944023.483400 L 1000 1 1 15 0
1790944024.523386 L 1000 1 1 14 0
1790944025.563399 L 1000 1 1 10 0
1790944026.607410 L 1000 1 1 13 0
1790944027.751401 L 1000 1 1 14 0
1790944028.795402 L 1000 1 1 6 0
1790944029.835404 L 1000 1 1 10 0
1790944030.875398 L 1000 1 1 13 0
1790944032.019382 L 1000 1 1 13 0
1790944033.059397 L 1000 1 1 15 0
1790944034.099401 L 1000 1 1 12 0
1790944035.139399 L 1000 1 1 13 0
1790944036.283379 L 1000 1 1 15 0
1790944037.323397 L 1000 1 1 12 0
1790944038.363380 L 1000 1 1 14 0
1790944039.403415 L 1000 1 1 3 0
1790944040.547386 L 1000 1 1 12 0
1790944041.587401 L 1000 1 1 15 0
1790944042.627377 L 1000 1 1 13 0
1790944043.671402 L 1000 1 1 10 0
1790944044.815403 L 1000 1 1 14 0
1790944045.855382 L 1000 1 1 15 0
1790944046.895398 L 1000 1 1 15 0
1790944047.935522 L 1000 1 1 13 0
1790944049.079397 L 1000 1 1 3 0
1790944050.119380 L 1000 1 1 15 0
1790944051.159402 L 1000 1 1 14 0
1790944052.303378 L 1000 1 1 3 0
1790944053.347402 L 1000 1 1 7 0
1790944054.387380 L 1000 1 1 13 0
1790944055.427401 L 1000 1 1 13 0
1790944056.571382 L 1000 1 1 16 0
1790944057.615400 L 1000 1 1 13 0
1790944058.655415 L 1000 1 1 14 0
1790944059.695406 L 1000 1 1 15 0
1790944060.739415 L 1000 1 1 10 0
1790944061.883404 L 1000 1 1 12 0
1790944062.923400 L 1000 1 1 13 0
1790944063.963380 L 1000 1 1 13 0
1790944065.107400 L 1000 1 1 14 0
1790944066.147381 L 1000 1 1 3 0
1790944067.187402 L 1000 1 1 3 0
1790944068.227379 L 1000 1 1 11 0
1790944069.371401 L 1000 1 1 16 0
1790944070.411379 L 1000 1 1 13 0
1790944071.451399 L 1000 1 1 9 0
1790944072.491382 L 1000 1 1 12 0
1790944073.635397 L 1000 1 1 14 0
1790944074.675382 L 1000 1 1 6 0
1790944075.715401 L 1000 1 1 12 0
1790944076.755490 L 1000 1 1 14 0
1790944077.899402 L 1000 1 1 7 0
1790944078.939401 L 1000 1 1 12 0
1790944079.979395 L 1000 1 1 13 0
1790944081.019401 L 1000 1 1 14 0
1790944082.163383 L 1000 1 1 14 0
1790944083.203401 L 1000 1 1 13 0
1790944084.243382 L 1000 1 1 12 0
1790944085.387398 L 1000 1 1 15 0
1790944086.427377 L 1000 1 1 7 0
1790944087.467403 L 1000 1 1 12 0
1790944088.507382 L 1000 1 1 12 0
1790944089.651400 L 1000 1 1 14 0
1790944090.691413 L 1000 1 1 14 0
1790944091.731409 L 1000 1 1 15 0
1790944092.775416 L 1000 1 1 14 0
1790944093.923409 L 1000 1 1 10 0
1790944094.971415 L 1000 1 1 13 0
1790944096.019406 L 1000 1 1 13 0
1790944097.063404 L 1000 1 1 7 0
1790944098.103422 L 1000 1 1 13 0
1790944099.247404 L 1000 1 1 12 0
1790944100.287379 L 1000 1 1 12 0
1790944101.331402 L 1000 1 1 11 0
1790944102.383382 L 1000 1 1 15 0
1790944103.527399 L 1000 1 1 4 0
1790944104.567384 L 1000 1 1 11 0
1790944105.615401 L 1000 1 1 14 0
1790944106.667384 L 1000 1 1 14 0
1790944107.719401 L 1000 1 1 17 0
1790944108.771445 L 1000 1 1 11 0
1790944109.931404 L 1000 1 1 14 0
1790944110.975383 L 1000 1 1 14 0
1790944112.031407 L 1000 1 1 14 0
1790944113.083386 L 1000 1 1 15 0
1790944114.123410 L 1000 1 1 15 0
1790944115.267400 L 1000 1 1 13 0
1790944116.307384 L 1000 1 1 12 0
1790944117.347411 L 1000 1 1 13 0
1790944118.387385 L 1000 1 1 14 0
1790944119.531410 L 1000 1 1 7 0
1790944120.571384 L 1000 1 1 3 0
1790944121.611413 L 1000 1 1 15 0
1790944122.651618 L 1000 1 1 15 0
1790944123.795413 L 1000 1 1 14 0
1790944124.839412 L 1000 1 1 14 0
1790944125.879407 L 1000 1 1 14 0
1790944126.919551 L 1000 1 1 10 0
1790944128.063403 L 1000 1 1 12 0
1790944129.103384 L 1000 1 1 13 0
1790944130.143400 L 1000 1 1 8 0
1790944131.287408 L 1000 1 1 12 0
1790944132.327383 L 1000 1 1 13 0
1790944133.371411 L 1000 1 1 14 0
1790944134.411387 L 1000 1 1 15 0
1790944135.555399 L 1000 1 1 13 0
1790944136.595387 L 1000 1 1 13 0
1790944137.635400 L 1000 1 1 10 0
1790944138.675383 L 1000 1 1 13 0
1790944139.819400 L 1000 1 1 15 0
1790944140.859379 L 1000 1 1 12 0
1790944141.899407 L 1000 1 1 4 0
1790944142.939388 L 1000 1 1 3 0
1790944144.083405 L 1000 1 1 14 0
1790944145.127387 L 1000 1 1 14 0
1790944146.167405 L 1000 1 1 13 0
1790944147.207390 L 1000 1 1 15 0
1790944148.351406 L 1000 1 1 10 0
1790944149.391400 L 1000 1 1 15 0
1790944150.431387 L 1000 1 1 13 0
1790944151.471640 L 1000 1 1 14 0
1790944152.615391 L 1000 1 1 3 0
1790944153.655404 L 1000 1 1 14 0
1790944154.695389 L 1000 1 1 13 0
1790944155.839410 L 1000 1 1 12 0
1790944156.883424 L 1000 1 1 14 0
1790944157.923402 L 1000 1 1 15 0
1790944158.963380 L 1000 1 1 12 0
1790944160.107399 L 1000 1 1 14 0
1790944161.147377 L 1000 1 1 2 0
1790944162.187402 L 1000 1 1 11 0
1790944163.227383 L 1000 1 1 12 0
1790944164.371398 L 1000 1 1 13 0
1790944165.411377 L 1000 1 1 7 0
1790944166.451400 L 1000 1 1 14 0
1790944167.491430 L 1000 1 1 15 0
1790944168.635382 L 1000 1 1 13 0
1790944169.675399 L 1000 1 1 14 0
1790944170.715386 L 1000 1 1 15 0
1790944171.763404 L 1000 1 1 10 0
1790944172.907380 L 1000 1 1 14 0
1790944173.947401 L 1000 1 1 13 0
1790944174.991379 L 1000 1 1 15 0
1790944176.031399 L 1000 1 1 14 0
1790944177.175378 L 1000 1 1 13 0
1790944178.219410 L 1000 1 1 8 0
1790944179.259386 L 1000 1 1 14 0
1790944180.299401 L 1000 1 1 13 0
1790944181.443378 L 1000 1 1 7 0
1790944182.487401 L 1000 1 1 12 0
1790944183.531383 L 1000 1 1 3 0
1790944184.571404 L 1000 1 1 15 0
1790944185.715407 L 1000 1 1 14 0
1790944186.755382 L 1000 1 1 14 0
1790944187.795598 L 1000 1 1 15 0
1790944188.835582 L 1000 1 1 13 0
1790944189.899680 L 1000 1 1 16 0
1790944190.975388 L 1000 1 1 13 0
1790944192.043403 L 1000 1 1 13 0
1790944193.111378 L 1000 1 1 12 0
1790944194.175400 L 1000 1 1 13 0
1790944195.331383 L 1000 1 1 14 0
1790944196.387402 L 1000 1 1 9 0
1790944197.431382 L 1000 1 1 12 0
1790944198.475403 L 1000 1 1 12 0
1790944199.519379 L 1000 1 1 14 0
1790944200.667401 L 1000 1 1 13 0
1790944201.719396 L 1000 1 1 16 0
1790944202.775380 L 1000 1 1 13 0
1790944203.823398 L 1000 1 1 13 0
1790944204.871380 L 1000 1 1 12 0
1790944205.919404 L 1000 1 1 15 0
1790944207.067380 L 1000 1 1 14 0
1790944208.107401 L 1000 1 1 13 0
1790944209.159378 L 1000 1 1 2 0
1790944210.211402 L 1000 1 1 12 0
1790944211.267388 L 1000 1 1 13 0
1790944212.311401 L 1000 1 1 14 0
1790944213.455379 L 1000 1 1 12 0
1790944214.499401 L 1000 1 1 13 0
1790944215.555378 L 1000 1 1 13 0
1790944216.603402 L 1000 1 1 16 0
1790944217.655380 L 1000 1 1 12 0
1790944218.707407 L 1000 1 1 7 0
1790944219.855418 L 1000 1 1 3 0
1790944220.899435 L 1000 1 1 13 0
1790944221.939401 L 1000 1 1 12 0
1790944222.979527 L 1000 1 1 13 0
1790944224.123400 L 1000 1 1 12 0
1790944225.163382 L 1000 1 1 14 0
1790944226.203401 L 1000 1 1 14 0
1790944227.247562 L 1000 1 1 14 0
1790944228.399409 L 1000 1 1 13 0
1790944229.455383 L 1000 1 1 13 0
1790944230.523405 L 1000 1 1 14 0
1790944231.587380 L 1000 1 1 13 0
1790944232.655411 L 1000 1 1 14 0
1790944233.711386 L 1000 1 1 13 0
1790944234.787407 L 1000 1 1 8 0
1790944235.851538 L 1000 1 1 13 0
1790944236.903398 L 1000 1 1 12 0
1790944237.947378 L 1000 1 1 15 0
1790944239.003401 L 1000 1 1 13 0
1790944240.055686 L 1000 1 1 12 0
1790944241.223381 L 1000 1 1 13 0
1790944242.287406 L 1000 1 1 10 0
1790944243.335384 L 1000 1 1 14 0
1790944244.391400 L 1000 1 1 3 0
1790944245.463378 L 1000 1 1 13 0
1790944246.535405 L 1000 1 1 13 0
1790944247.595381 L 1000 1 1 13 0
1790944248.655408 L 1000 1 1 14 0
1790944249.695379 L 1000 1 1 4 0
1790944250.735402 L 1000 1 1 15 0
1790944251.879403 L 1000 1 1 14 0
1790944252.919447 L 1000 1 1 8 0
1790944253.971407 L 1000 1 1 14 0
1790944255.027406 L 1000 1 1 14 0
1790944256.083420 L 1000 1 1 8 0
1790944257.131592 L 1000 1 1 21 0
1790944258.283405 L 1000 1 1 8 0
1790944259.323387 L 1000 1 1 13 0
1790944260.363407 L 1000 1 1 14 0
1790944261.407389 L 1000 1 1 13 0
1790944262.559408 L 1000 1 1 13 0
1790944263.603384 L 1000 1 1 14 0
1790944264.647409 L 1000 1 1 14 0
1790944265.687381 L 1000 1 1 9 0
1790944266.831409 L 1000 1 1 13 0
1790944267.871382 L 1000 1 1 12 0
1790944268.911411 L 1000 1 1 10 0
1790944269.951392 L 1000 1 1 14 0
1790944271.099405 L 1000 1 1 14 0
1790944272.139380 L 1000 1 1 13 0
1790944273.179408 L 1000 1 1 11 0
1790944274.223408 L 1000 1 1 14 0
1790944275.367384 L 1000 1 1 13 0
1790944276.407405 L 1000 1 1 12 0
1790944277.451383 L 1000 1 1 12 0
1790944278.495402 L 1000 1 1 14 0
1790944279.539381 L 1000 1 1 14 0
1790944280.683410 L 1000 1 1 12 0
1790944281.723381 L 1000 1 1 14 0
1790944282.767406 L 1000 1 1 15 0
1790944283.811509 L 1000 1 1 6 0
1790944284.959428 L 1000 1 1 15 0
1790944286.003410 L 1000 1 1 14 0
1790944287.043402 L 1000 1 1 14 0
1790944288.083505 L 1000 1 1 12 0
1790944289.231399 L 1000 1 1 15 0
1790944290.271378 L 1000 1 1 14 0
1790944291.311398 L 1000 1 1 14 0
1790944292.351565 L 1000 1 1 12 0
1790944293.495399 L 1000 1 1 7 0
1790944294.535397 L 1000 1 1 13 0
1790944295.575376 L 1000 1 1 16 0
1790944296.615411 L 1000 1 1 15 0
1790944297.759381 L 1000 1 1 12 0
1790944298.799397 L 1000 1 1 13 0
1790944299.839377 L 1000 1 1 2 0
1790944300.983396 L 1000 1 1 13 0
1790944302.023379 L 1000 1 1 14 0
1790944303.063396 L 1000 1 1 15 0
1790944304.103381 L 1000 1 1 9 0
1790944305.247396 L 1000 1 1 13 0
1790944306.287377 L 1000 1 1 12 0
1790944307.327395 L 1000 1 1 17 0
1790944308.367379 L 1000 1 1 13 0
1790944309.511399 L 1000 1 1 13 0
1790944310.551403 L 1000 1 1 15 0
1790944311.591380 L 1000 1 1 9 0
1790944312.631526 L 1000 1 1 13 0
1790944313.775376 L 1000 1 1 15 0
1790944314.815399 L 1000 1 1 10 0
1790944315.855405 L 1000 1 1 13 0
1790944316.895620 L 1000 1 1 15 0
1790944318.043521 L 1000 1 2 13 0
1790944319.083492 L 1000 1 2 14 0
1790944320.127487 L 1000 1 2 16 0
1790944321.271477 L 1000 1 2 14 0
1790944322.311496 L 1000 1 2 13 0
1790944323.351483 L 1000 1 2 12 0
1790944324.391491 L 1000 1 2 20 0
1790944325.535493 L 1000 1 2 10 0
1790944326.579468 L 1000 1 2 12 0
1790944327.619489 L 1000 1 2 11 0
1790944328.660015 L 1000 1 2 15 0
1790944329.803489 L 1000 1 2 20 0
1790944330.847477 L 1000 1 2 12 0
1790944331.887503 L 1000 1 2 15 0
1790944333.031461 L 1000 1 2 10 0
1790944334.071483 L 1000 1 2 10 0
1790944335.111473 L 1000 1 2 12 0
1790944336.155475 L 1000 1 2 18 0
1790944337.299480 L 1000 1 2 12 0
1790944338.339485 L 1000 1 2 10 0
1790944339.379468 L 1000 1 2 14 0
1790944340.419963 L 1000 1 2 12 0
1790944341.563471 L 1000 1 2 13 0
1790944342.603474 L 1000 1 2 12 0
1790944343.643483 L 1000 1 2 11 0
1790944344.787500 L 1000 1 2 10 0
1790944345.827486 L 1000 1 2 12 0
1790944346.867495 L 1000 1 2 13 0
1790944347.907411 L 1000 1 1 11 0
1790944349.055431 L 1000 1 1 3 0
1790944350.099413 L 1000 1 1 14 0
1790944351.155402 L 1000 1 1 12 0
1790944352.203388 L 1000 1 1 13 0
1790944353.251408 L 1000 1 1 7 0
1790944354.399388 L 1000 1 1 14 0
1790944355.439407 L 1000 1 1 14 0
1790944356.479382 L 1000 1 1 13 0
1790944357.519408 L 1000 1 1 11 0
1790944358.663384 L 1000 1 1 14 0
1790944359.703405 L 1000 1 1 14 0
1790944360.743388 L 1000 1 1 12 0
1790944361.783407 L 1000 1 1 12 0
1790944362.927387 L 1000 1 1 12 0
1790944363.967407 L 1000 1 1 7 0
1790944365.007629 L 1000 1 1 13 0
1790944366.047630 L 1000 1 1 16 0
1790944367.191405 L 1000 1 1 3 0
1790944368.231384 L 1000 1 1 14 0
1790944369.271404 L 1000 1 1 14 0
1790944370.415384 L 1000 1 1 15 0
1790944371.455406 L 1000 1 1 12 0
1790944372.495384 L 1000 1 1 12 0
1790944373.535410 L 1000 1 1 13 0
1790944374.679389 L 1000 1 1 16 0
1790944375.719407 L 1000 1 1 14 0
1790944376.759385 L 1000 1 1 11 0
1790944377.799406 L 1000 1 1 14 0
1790944378.943386 L 1000 1 1 10 0
1790944379.983408 L 1000 1 1 14 0
1790944381.023381 L 1000 1 1 13 0
1790944382.075403 L 1000 1 1 9 0
1790944383.135384 L 1000 1 1 12 0
1790944384.195399 L 1000 1 1 14 0
1790944385.347399 L 1000 1 1 13 0
1790944386.399382 L 1000 1 1 14 0
1790944387.483398 L 1000 1 1 14 0
1790944388.547379 L 1000 1 1 12 0
1790944389.603395 L 1000 1 1 13 0
1790944390.655382 L 1000 1 1 14 0
1790944391.715398 L 1000 1 1 15 0
1790944392.771376 L 1000 1 1 6 0
1790944393.823401 L 1000 1 1 14 0
1790944394.875380 L 1000 1 1 11 0
1790944396.031397 L 1000 1 1 16 0
1790944397.095376 L 1000 1 1 10 0
1790944398.147400 L 1000 1 1 13 0
1790944399.203382 L 1000 1 1 14 0
1790944400.267397 L 1000 1 1 8 0
1790944401.323398 L 1000 1 1 14 0
1790944402.387381 L 1000 1 1 3 0
1790944403.447398 L 1000 1 1 17 0
1790944404.511380 L 1000 1 1 4 0
1790944405.571399 L 1000 1 1 13 0
1790944406.623380 L 1000 1 1 14 0
1790944407.675485 L 1000 1 1 11 0
1790944408.831377 L 1000 1 1 14 0
1790944409.895394 L 1000 1 1 14 0
1790944410.947379 L 1000 1 1 8 0
1790944411.991407 L 1000 1 1 13 0
1790944413.031381 L 1000 1 1 14 0
1790944414.075632 L 1000 1 1 13 0
1790944415.219387 L 1000 1 1 14 0
1790944416.259399 L 1000 1 1 13 0
1790944417.299379 L 1000 1 1 15 0
1790944418.443400 L 1000 1 1 13 0
1790944419.483405 L 1000 1 1 15 0
1790944420.523380 L 1000 1 1 3 0
1790944421.563399 L 1000 1 1 11 0
1790944422.711384 L 1000 1 1 13 0
1790944423.751397 L 1000 1 1 15 0
1790944424.791381 L 1000 1 1 15 0
1790944425.831400 L 1000 1 1 12 0
1790944426.975383 L 1000 1 1 3 0
1790944428.019401 L 1000 1 1 14 0
1790944429.059381 L 1000 1 1 14 0
1790944430.099401 L 1000 1 1 13 0
1790944431.243386 L 1000 1 1 14 0
1790944432.283398 L 1000 1 1 7 0
1790944433.323382 L 1000 1 1 12 0
1790944434.363400 L 1000 1 1 13 0
1790944435.507409 L 1000 1 1 3 0
1790944436.547382 L 1000 1 1 14 0
1790944437.587406 L 1000 1 1 12 0
1790944438.627543 L 1000 1 1 15 0
1790944439.771400 L 1000 1 1 13 0
1790944440.811381 L 1000 1 1 12 0
1790944441.851398 L 1000 1 1 15 0
1790944442.891391 L 1000 1 1 8 0
1790944444.035400 L 1000 1 1 14 0
1790944445.075380 L 1000 1 1 15 0
1790944446.123411 L 1000 1 1 13 0
1790944447.163600 L 1000 1 1 13 0
1790944448.307406 L 1000 1 1 15 0
1790944449.347392 L 1000 1 1 14 0
1790944450.387410 L 1000 1 1 12 0
1790944451.531392 L 1000 1 1 12 0
1790944452.571409 L 1000 1 1 13 0
1790944453.611405 L 1000 1 1 12 0
1790944454.651396 L 1000 1 1 12 0
1790944455.795407 L 1000 1 1 9 0
1790944456.835392 L 1000 1 1 12 0
1790944457.875406 L 1000 1 1 3 0
1790944458.915395 L 1000 1 1 10 0
1790944460.059409 L 1000 1 1 11 0
1790944461.099396 L 1000 1 1 14 0
1790944462.139406 L 1000 1 1 13 0
1790944463.183402 L 1000 1 1 14 0
1790944464.327412 L 1000 1 1 13 0
1790944465.367392 L 1000 1 1 13 0
1790944466.407408 L 1000 1 1 8 0
1790944467.447573 L 1000 1 1 11 0
1790944468.603417 L 1000 1 1 18 0
1790944469.679397 L 1000 1 1 10 0
1790944470.727416 L 1000 1 1 3 0
1790944471.803411 L 1000 1 1 15 0
1790944472.863404 L 1000 1 1 14 0
1790944473.927411 L 1000 1 1 13 0
1790944474.979398 L 1000 1 1 14 0
1790944476.027412 L 1000 1 1 15 0
1790944477.067389 L 1000 1 1 11 0
1790944478.135404 L 1000 1 1 14 0
1790944479.199383 L 1000 1 1 14 0
1790944480.355401 L 1000 1 1 12 0
1790944481.411380 L 1000 1 1 13 0
1790944482.467398 L 1000 1 1 3 0
1790944483.543380 L 1000 1 1 8 0
1790944484.587405 L 1000 1 1 14 0
1790944485.627376 L 1000 1 1 15 0
1790944486.667407 L 1000 1 1 9 0
1790944487.811377 L 1000 1 1 11 0
1790944488.851403 L 1000 1 1 13 0
1790944489.891410 L 1000 1 1 14 0
1790944490.931387 L 1000 1 1 12 0
1790944492.075421 L 1000 1 1 14 0
1790944493.115384 L 1000 1 1 15 0
1790944494.155405 L 1000 1 1 14 0
1790944495.195466 L 1000 1 1 14 0
1790944496.339402 L 1000 1 1 16 0
1790944497.379387 L 1000 1 1 13 0
1790944498.419403 L 1000 1 1 14 0
1790944499.563381 L 1000 1 1 14 0
1790944500.603404 L 1000 1 1 10 0
1790944501.643384 L 1000 1 1 12 0
1790944502.683405 L 1000 1 1 13 0
1790944503.827379 L 1000 1 1 15 0
1790944504.867402 L 1000 1 1 3 0
1790944505.907381 L 1000 1 1 14 0
1790944506.947405 L 1000 1 1 15 0
1790944508.095426 L 1000 1 1 13 0
1790944509.135390 L 1000 1 1 12 0
1790944510.179735 L 1000 1 1 15 0
1790944511.259424 L 1000 1 1 12 0
1790944512.299639 L 1000 1 2 18 0
1790944513.443610 L 1000 1 2 12 0
1790944514.483471 L 1000 1 2 12 0
1790944515.539460 L 1000 1 2 16 0
1790944516.579462 L 1000 1 2 13 0
1790944517.723542 L 1000 1 2 11 0
1790944518.763561 L 1000 1 2 10 0
1790944519.803467 L 1000 1 2 11 0
1790944520.844358 L 1000 1 2 13 0
1790944521.935472 L 1000 1 2 11 0
1790944523.079452 L 1000 1 2 17 0
1790944524.071432 L 1000 1 2 15 0
1790944525.215874 L 1000 1 1 9 0
1790944526.255627 L 1000 1 2 17 0
1790944527.295486 L 1000 1 2 16 0
1790944528.335670 L 1000 1 2 16 0
1790944529.479548 L 1000 1 2 14 0
1790944530.475603 L 1000 1 1 14 0
1790944531.623703 L 1000 1 1 12 0
1790944532.663614 L 1000 1 2 12 0
1790944533.743429 L 1000 1 1 12 0
1790944534.783463 L 1000 1 2 10 0
1790944535.823469 L 1000 1 2 11 0
1790944536.971726 L 1000 1 2 15 0
1790944538.011740 L 1000 1 2 8 0
1790944539.051553 L 1000 1 2 8 0
1790944540.195407 L 1000 1 1 15 0
1790944541.235377 L 1000 1 1 11 0
1790944542.283412 L 1000 1 1 16 0
1790944543.323404 L 1000 1 1 3 0
1790944544.363391 L 1000 1 1 7 0
1790944545.507405 L 1000 1 1 15 0
1790944546.547382 L 1000 1 1 14 0
1790944547.587411 L 1000 1 1 9 0
1790944548.731381 L 1000 1 1 12 0
1790944549.771407 L 1000 1 1 13 0
1790944550.811381 L 1000 1 1 2 0
1790944551.851409 L 1000 1 1 12 0
1790944552.995380 L 1000 1 1 15 0
1790944554.035408 L 1000 1 1 14 0
1790944555.075381 L 1000 1 1 9 0
1790944556.115411 L 1000 1 1 12 0
1790944557.259378 L 1000 1 1 13 0
1790944558.299408 L 1000 1 1 7 0
1790944559.339380 L 1000 1 1 13 0
1790944560.379666 L 1000 1 1 14 0
1790944561.523406 L 1000 1 1 17 0
1790944562.563386 L 1000 1 1 12 0
1790944563.603401 L 1000 1 1 13 0
1790944564.747381 L 1000 1 1 14 0
1790944565.787399 L 1000 1 1 7 0
1790944566.827385 L 1000 1 1 12 0
1790944567.867401 L 1000 1 1 14 0
1790944569.011392 L 1000 1 1 15 0
1790944570.051400 L 1000 1 1 13 0
1790944571.091385 L 1000 1 1 12 0
1790944572.131419 L 1000 1 1 14 0
1790944573.275391 L 1000 1 1 15 0
1790944574.327410 L 1000 1 1 12 0
1790944575.391380 L 1000 1 1 13 0
1790944576.439399 L 1000 1 1 14 0
1790944577.491377 L 1000 1 1 11 0
1790944578.547399 L 1000 1 1 3 0
1790944579.603404 L 1000 1 1 16 0
1790944580.659505 L 1000 1 1 8 0
1790944581.815398 L 1000 1 1 12 0
1790944582.859380 L 1000 1 1 12 0
1790944583.903396 L 1000 1 1 7 0
1790944584.943378 L 1000 1 1 14 0
1790944585.995607 L 1000 1 1 2 0
1790944587.139386 L 1000 1 1 10 0
1790944588.183397 L 1000 1 1 12 0
1790944589.235377 L 1000 1 1 15 0
1790944590.275400 L 1000 1 1 9 0
1790944591.423380 L 1000 1 1 13 0
1790944592.467398 L 1000 1 1 13 0
1790944593.519374 L 1000 1 1 14 0
1790944594.567398 L 1000 1 1 12 0
1790944595.611378 L 1000 1 1 13 0
1790944596.763395 L 1000 1 1 16 0
1790944597.819398 L 1000 1 1 10 0
1790944598.859385 L 1000 1 1 15 0
1790944599.907395 L 1000 1 1 3 0
1790944600.951378 L 1000 1 1 15 0
1790944602.103396 L 1000 1 1 14 0
1790944603.155380 L 1000 1 1 14 0
1790944604.199412 L 1000 1 1 15 0
1790944605.239386 L 1000 1 1 12 0
1790944606.287485 L 1000 1 1 13 0
1790944607.431453 L 1000 1 2 11 0
1790944608.471487 L 1000 1 2 13 0
1790944609.511489 L 1000 1 2 16 0
1790944610.559959 L 1000 1 2 10 0
1790944611.711495 L 1000 1 2 14 0
1790944612.755502 L 1000 1 2 14 0
1790944613.795491 L 1000 1 2 11 0
1790944614.835970 L 1000 1 2 16 0
1790944615.987490 L 1000 1 2 14 0
1790944617.031493 L 1000 1 2 16 0
1790944618.079508 L 1000 1 2 12 0
1790944619.119504 L 1000 1 2 13 0
1790944620.263499 L 1000 1 2 14 0
1790944621.303481 L 1000 1 2 12 0
1790944622.343514 L 1000 1 2 17 0
1790944623.487473 L 1000 1 2 14 0
1790944624.527477 L 1000 1 2 11 0
1790944625.567516 L 1000 1 2 13 0
1790944626.607511 L 1000 1 2 16 0
1790944627.751502 L 1000 1 2 11 0
1790944628.791497 L 1000 1 2 12 0
1790944629.831475 L 1000 1 2 22 0
1790944630.979435 L 1000 1 2 14 0
1790944632.015499 L 1000 1 2 10 0
1790944633.055472 L 1000 1 2 15 0
1790944634.095718 L 1000 1 2 14 0
1790944635.239473 L 1000 1 2 14 0
1790944636.279426 L 1000 1 1 13 0
1790944637.319384 L 1000 1 1 13 0
1790944638.371406 L 1000 1 1 13 0
1790944639.515376 L 1000 1 1 15 0
1790944640.555396 L 1000 1 1 3 0
1790944641.595373 L 1000 1 1 13 0
1790944642.639398 L 1000 1 1 16 0
1790944643.783374 L 1000 1 1 10 0
1790944644.823395 L 1000 1 1 12 0
1790944645.863372 L 1000 1 1 13 0
1790944646.907396 L 1000 1 1 8 0
1790944648.055404 L 1000 1 1 12 0
1790944649.095375 L 1000 1 1 14 0
1790944650.135400 L 1000 1 1 9 0
1790944651.179377 L 1000 1 1 11 0
1790944652.327394 L 1000 1 1 14 0
1790944653.367375 L 1000 1 1 14 0
1790944654.407396 L 1000 1 1 3 0
1790944655.451374 L 1000 1 1 16 0
1790944656.603397 L 1000 1 1 14 0
1790944657.643375 L 1000 1 1 12 0
1790944658.683395 L 1000 1 1 12 0
1790944659.727373 L 1000 1 1 3 0
1790944660.779611 L 1000 1 1 9 0
1790944661.927377 L 1000 1 1 13 0
1790944662.975396 L 1000 1 1 11 0
1790944664.019372 L 1000 1 1 8 0
1790944665.071408 L 1000 1 1 14 0
1790944666.115482 L 1000 1 1 15 0
1790944667.267397 L 1000 1 1 16 0
1790944668.311400 L 1000 1 1 13 0
1790944669.351382 L 1000 1 1 13 0
1790944670.395401 L 1000 1 1 4 0
1790944671.539376 L 1000 1 1 12 0
1790944672.579396 L 1000 1 1 13 0
1790944673.619375 L 1000 1 1 16 0
1790944674.659626 L 1000 1 1 14 0
1790944675.803374 L 1000 1 1 15 0
1790944676.843397 L 1000 1 1 3 0
1790944677.883374 L 1000 1 1 12 0
1790944678.923431 L 1000 1 1 14 0
1790944680.067376 L 1000 1 1 15 0
1790944681.107398 L 1000 1 1 7 0
1790944682.147377 L 1000 1 1 12 0
1790944683.291397 L 1000 1 1 14 0
1790944684.331399 L 1000 1 1 2 0
1790944685.371376 L 1000 1 1 14 0
1790944686.411399 L 1000 1 1 13 0
1790944687.555376 L 1000 1 1 14 0
1790944688.595400 L 1000 1 1 2 0
1790944689.635377 L 1000 1 1 14 0
1790944690.675396 L 1000 1 1 13 0
1790944691.819377 L 1000 1 1 9 0
1790944692.859401 L 1000 1 1 13 0
1790944693.899374 L 1000 1 1 13 0
1790944694.939644 L 1000 1 1 3 0
1790944696.083375 L 1000 1 1 13 0
1790944697.123405 L 1000 1 1 13 0
1790944698.163388 L 1000 1 1 3 0
1790944699.203462 L 1000 1 1 11 0
1790944700.347402 L 1000 1 1 15 0
1790944701.387375 L 1000 1 1 15 0
1790944702.431403 L 1000 1 1 13 0
1790944703.471383 L 1000 1 1 14 0
1790944704.095435 Closing cell "linux-guest"
1790944704.095520 [MG] Initializing memguard on CPU 3
1790944704.095558 [SMMUv2] Exiting SMMUv2 on cell 1
1790944704.095650 [COL] Colored OP 1: PHYS 0x30000000 -> VIRT 0x30000000 (SIZE: 0x02000000, COL: 0x000000ff, extra: 0x0000000000000000)
1790944704.095686 [COL] Result: 0
1790944704.095770 [COL] Colored OP 4: PHYS 0x30000000 -> VIRT 0x30000000 (SIZE: 0x02000000, COL: 0x000000ff, extra: 0x0000000000000001)
1790944704.095803 [COL] Result: 0
1790944704.095862 Page pool usage after cell destruction: mem 142/4061, remap 5/131072
1790944704.095905 [MG] Initializing memguard on CPU 3
1790944704.421567 [MG] Initializing memguard on CPU 3
1790944704.421637 [MG] Initializing memguard on CPU 3
1790944704.421667 Created cell "linux-guest"
1790944704.421729 Page pool usage after cell creation: mem 138/4061, remap 5/131072
1790947086.412163 <missed 14939 bytes of console log>
1790947086.416206 irqs: 64, preallocated irqs: 0
1790947086.416327 Root IRQ handler: 0xffff800080010000
1790947086.416381 rcu: srcu_init: Setting srcu_struct sizes based on contention.
1790947086.416433 arch_timer: cp15 timer(s) running at 54.00MHz (virt).
1790947086.416516 clocksource: arch_sys_counter: mask: 0xffffffffffffff max_cycles: 0xc743ce346, max_idle_ns: 440795203123 ns
1790947086.416577 sched_clock: 56 bits at 54MHz, resolution 18ns, wraps every 4398046511102ns
1790947086.416612 printk: legacy console [hvc0] enabled
1790947086.416644 printk: legacy bootconsole [jailhouse0] disabled
1790947086.416697 Calibrating delay loop (skipped), value calculated using timer frequency.. 108.00 BogoMIPS (lpj=54000)
1790947086.416733 pid_max: default: 4096 minimum: 301
1790947086.416773 Mount-cache hash table entries: 512 (order: 0, 4096 bytes, linear)
1790947086.416817 Mountpoint-cache hash table entries: 512 (order: 0, 4096 bytes, linear)
1790947086.416852 cacheinfo: Unable to detect cache hierarchy for CPU 0
1790947086.416963 rcu: Hierarchical SRCU implementation.
1790947086.416995 rcu: 	Max phase no-delay instances is 400.
1790947086.417020 smp: Bringing up secondary CPUs ...
1790947086.417046 smp: Brought up 1 node, 1 CPU
1790947086.417076 SMP: Total of 1 processors activated.
1790947086.417106 CPU features: detected: 32-bit EL0 Support
1790947086.417152 CPU features: detected: Data cache clean to the PoU not required for I/D coherence
1790947086.417189 CPU features: detected: CRC32 instructions
1790947086.417222 CPU features: detected: RCpc load-acquire (LDAPR)
1790947086.417258 CPU features: detected: Speculative Store Bypassing Safe (SSBS)
1790947086.417293 spectre-bhb mitigation disabled by compile time option
1790947086.417317 CPU: All CPU(s) started at EL1
1790947086.417348 alternatives: applying system-wide alternatives
1790947086.417367 devtmpfs: initialized
1790947086.417414 clocksource: jiffies: mask: 0xffffffff max_cycles: 0xffffffff, max_idle_ns: 1911260446275000 ns
1790947086.417454 futex hash table entries: 16 (order: -2, 1024 bytes, linear)
1790947086.417517 DMA: preallocated 128 KiB GFP_KERNEL pool for atomic allocations
1790947086.417558 hw-breakpoint: found 6 breakpoint and 4 watchpoint registers.
1790947086.417591 ASID allocator initialised with 65536 entries
1790947086.417625 clocksource: Switched to clocksource arch_sys_counter
1790947086.417659 workingset: timestamp_bits=62 max_order=13 bucket_order=0
1790947086.417684 clk: Disabling unused clocks
1790947086.417710 Freeing unused kernel memory: 1728K
1790947086.417733 Run /init as init process
1790947086.417771 linux-guest: 6.6.78-rt51+, cyclictest windows of 1 s, deadline 100 us
1790947087.555305 L 1000 1 2 14 0
1790947088.595267 L 1000 1 1 13 0
1790947089.635290 L 1000 1 1 14 0
1790947090.779264 L 1000 1 1 14 0
1790947091.819285 L 1000 1 1 12 0
1790947092.879207 L 1000 1 1 6 0
1790947093.907299 L 1000 1 1 22 0
1790947095.055294 L 1000 1 1 13 0
1790947096.095294 L 1000 1 1 14 0
1790947096.823309 Closing cell "linux-guest"
1790947096.823370 [MG] Initializing memguard on CPU 3
1790947096.823396 [SMMUv2] Exiting SMMUv2 on cell 1
1790947096.823447 [COL] Colored OP 1: PHYS 0x30000000 -> VIRT 0x30000000 (SIZE: 0x02000000, COL: 0x000000ff, extra: 0x0000000000000000)
1790947096.823468 [COL] Result: 0
1790947096.823518 [COL] Colored OP 4: PHYS 0x30000000 -> VIRT 0x30000000 (SIZE: 0x02000000, COL: 0x000000ff, extra: 0x0000000000000001)
1790947096.823546 [COL] Result: 0
1790947096.823580 Page pool usage after cell destruction: mem 142/4061, remap 5/131072
1790947096.823605 [MG] Initializing memguard on CPU 3
1790947097.143360 [MG] Initializing memguard on CPU 3
1790947097.143465 [COL] Colored OP 0: PHYS 0x30000000 -> VIRT 0x30000000 (SIZE: 0x02000000, COL: 0x000000ff, extra: 0x0000000000000000)
1790947097.143495 [COL] Result: 0
1790947097.143523 [MG] Initializing memguard on CPU 3
1790947097.143547 Created cell "linux-guest"
1790947097.143586 Page pool usage after cell creation: mem 170/4061, remap 5/131072
1790947097.143620 [MG] Initializing memguard on CPU 3
1790947097.143682 [COL] Colored OP 3: PHYS 0x30000000 -> VIRT 0x30000000 (SIZE: 0x02000000, COL: 0x000000ff, extra: 0x0000000000000000)
1790947097.143708 [COL] Result: 0
1790947097.143735 Cell "linux-guest" can be loaded
1790947097.143765 [MG] Initializing memguard on CPU 3
1790947097.143797 [MG] Initializing memguard on CPU 3
1790947097.143826 [MG] Initializing memguard on CPU 3
1790947097.143885 [COL] Colored OP 2: PHYS 0x30000000 -> VIRT 0x30000000 (SIZE: 0x02000000, COL: 0x000000ff, extra: 0x0000000000000000)
1790947097.143911 [COL] Result: 0
1790947097.143974 [COL] Colored OP 4: PHYS 0x30000000 -> VIRT 0x30000000 (SIZE: 0x02000000, COL: 0x000000ff, extra: 0x0000000000000001)
1790947097.144050 [COL] Result: 0
1790947097.144093 Started cell "linux-guest"
1790947097.144157 [MG] Initializing memguard on CPU 3
1790947097.193672 <missed 20679 bytes of console log>
1790947097.193756 irqs: 64, preallocated irqs: 0
1790947097.193784 Root IRQ handler: 0xffff800080010000
1790947097.193837 rcu: srcu_init: Setting srcu_struct sizes based on contention.
1790947097.193870 arch_timer: cp15 timer(s) running at 54.00MHz (virt).
1790947097.193921 clocksource: arch_sys_counter: mask: 0xffffffffffffff max_cycles: 0xc743ce346, max_idle_ns: 440795203123 ns
1790947097.193965 sched_clock: 56 bits at 54MHz, resolution 18ns, wraps every 4398046511102ns
1790947097.193992 printk: legacy console [hvc0] enabled
1790947097.194022 printk: legacy bootconsole [jailhouse0] disabled
1790947097.194070 Calibrating delay loop (skipped), value calculated using timer frequency.. 108.00 BogoMIPS (lpj=54000)
1790947097.194097 pid_max: default: 4096 minimum: 301
1790947097.194132 Mount-cache hash table entries: 512 (order: 0, 4096 bytes, linear)
1790947097.194170 Mountpoint-cache hash table entries: 512 (order: 0, 4096 bytes, linear)
1790947097.194202 cacheinfo: Unable to detect cache hierarchy for CPU 0
1790947097.194228 rcu: Hierarchical SRCU implementation.
1790947097.194255 rcu: 	Max phase no-delay instances is 400.
1790947097.194280 smp: Bringing up secondary CPUs ...
1790947097.194303 smp: Brought up 1 node, 1 CPU
1790947097.194328 SMP: Total of 1 processors activated.
1790947097.194355 CPU features: detected: 32-bit EL0 Support
1790947097.194396 CPU features: detected: Data cache clean to the PoU not required for I/D coherence
1790947097.194424 CPU features: detected: CRC32 instructions
1790947097.194454 CPU features: detected: RCpc load-acquire (LDAPR)
1790947097.194488 CPU features: detected: Speculative Store Bypassing Safe (SSBS)
1790947097.194520 spectre-bhb mitigation disabled by compile time option
1790947097.194543 CPU: All CPU(s) started at EL1
1790947097.194572 alternatives: applying system-wide alternatives
1790947097.194592 devtmpfs: initialized
1790947097.194637 clocksource: jiffies: mask: 0xffffffff max_cycles: 0xffffffff, max_idle_ns: 1911260446275000 ns
1790947097.194672 futex hash table entries: 16 (order: -2, 1024 bytes, linear)
1790947097.194711 DMA: preallocated 128 KiB GFP_KERNEL pool for atomic allocations
1790947097.194746 hw-breakpoint: found 6 breakpoint and 4 watchpoint registers.
1790947097.194775 ASID allocator initialised with 65536 entries
1790947097.194805 clocksource: Switched to clocksource arch_sys_counter
1790947097.194838 workingset: timestamp_bits=62 max_order=13 bucket_order=0
1790947097.194861 clk: Disabling unused clocks
1790947097.194885 Freeing unused kernel memory: 1728K
1790947097.194906 Run /init as init process
1790947097.194943 linux-guest: 6.6.78-rt51+, cyclictest windows of 1 s, deadline 100 us
1790947098.335289 L 1000 1 2 16 0
1790947099.375265 L 1000 1 1 14 0
1790947100.415286 L 1000 1 1 15 0
1790947101.455274 L 1000 1 1 2 0
1790947102.599287 L 1000 1 1 3 0
1790947103.647418 L 1000 1 1 12 0
1790947104.691302 L 1000 1 1 16 0
1790947105.735301 L 1000 1 1 14 0
1790947106.879276 L 1000 1 1 12 0
1790947107.503356 Closing cell "linux-guest"
1790947107.503451 [MG] Initializing memguard on CPU 3
1790947107.503481 [SMMUv2] Exiting SMMUv2 on cell 1
1790947107.503534 [COL] Colored OP 1: PHYS 0x30000000 -> VIRT 0x30000000 (SIZE: 0x02000000, COL: 0x000000ff, extra: 0x0000000000000000)
1790947107.503563 [COL] Result: 0
1790947107.503613 [COL] Colored OP 4: PHYS 0x30000000 -> VIRT 0x30000000 (SIZE: 0x02000000, COL: 0x000000ff, extra: 0x0000000000000001)
1790947107.503635 [COL] Result: 0
1790947107.503671 Page pool usage after cell destruction: mem 142/4061, remap 5/131072
1790947107.503698 [MG] Initializing memguard on CPU 3
1790947107.819353 [MG] Initializing memguard on CPU 3
1790947107.819421 [MG] Initializing memguard on CPU 3
1790947107.819445 Created cell "linux-guest"
1790947107.819480 Page pool usage after cell creation: mem 138/4061, remap 5/131072
1790947107.819509 [MG] Initializing memguard on CPU 3
1790947107.819532 Cell "linux-guest" can be loaded
1790947107.819556 [MG] Initializing memguard on CPU 3
1790947107.819580 [MG] Initializing memguard on CPU 3
1790947107.819604 [MG] Initializing memguard on CPU 3
1790947107.819646 Started cell "linux-guest"
1790947107.819671 [MG] Initializing memguard on CPU 3
