1790892691.455063 <missed 229277 bytes of console log>
1790892691.455154 irqs: 64, preallocated irqs: 0
1790892691.455180 Root IRQ handler: 0xffff800080010000
1790892691.455214 rcu: srcu_init: Setting srcu_struct sizes based on contention.
1790892691.455250 arch_timer: cp15 timer(s) running at 54.00MHz (virt).
1790892691.455298 clocksource: arch_sys_counter: mask: 0xffffffffffffff max_cycles: 0xc743ce346, max_idle_ns: 440795203123 ns
1790892691.455337 sched_clock: 56 bits at 54MHz, resolution 18ns, wraps every 4398046511102ns
1790892691.455363 printk: legacy console [hvc0] enabled
1790892691.455391 printk: legacy bootconsole [jailhouse0] disabled
1790892691.455438 Calibrating delay loop (skipped), value calculated using timer frequency.. 108.00 BogoMIPS (lpj=54000)
1790892691.455465 pid_max: default: 4096 minimum: 301
1790892691.455499 Mount-cache hash table entries: 512 (order: 0, 4096 bytes, linear)
1790892691.455536 Mountpoint-cache hash table entries: 512 (order: 0, 4096 bytes, linear)
1790892691.455567 cacheinfo: Unable to detect cache hierarchy for CPU 0
1790892691.455592 rcu: Hierarchical SRCU implementation.
1790892691.455618 rcu: 	Max phase no-delay instances is 400.
1790892691.455641 smp: Bringing up secondary CPUs ...
1790892691.455663 smp: Brought up 1 node, 1 CPU
1790892691.455687 SMP: Total of 1 processors activated.
1790892691.455713 CPU features: detected: 32-bit EL0 Support
1790892691.455752 CPU features: detected: Data cache clean to the PoU not required for I/D coherence
1790892691.455779 CPU features: detected: CRC32 instructions
1790892691.455807 CPU features: detected: RCpc load-acquire (LDAPR)
1790892691.455840 CPU features: detected: Speculative Store Bypassing Safe (SSBS)
1790892691.455871 spectre-bhb mitigation disabled by compile time option
1790892691.455893 CPU: All CPU(s) started at EL1
1790892691.455920 alternatives: applying system-wide alternatives
1790892691.455939 devtmpfs: initialized
1790892691.455983 clocksource: jiffies: mask: 0xffffffff max_cycles: 0xffffffff, max_idle_ns: 1911260446275000 ns
1790892691.456016 futex hash table entries: 16 (order: -2, 1024 bytes, linear)
1790892691.456050 DMA: preallocated 128 KiB GFP_KERNEL pool for atomic allocations
1790892691.456083 hw-breakpoint: found 6 breakpoint and 4 watchpoint registers.
1790892691.456111 ASID allocator initialised with 65536 entries
1790892691.456141 clocksource: Switched to clocksource arch_sys_counter
1790892691.456172 workingset: timestamp_bits=62 max_order=13 bucket_order=0
1790892691.456194 clk: Disabling unused clocks
1790892691.456217 Freeing unused kernel memory: 1728K
1790892691.456237 Run /init as init process
1790892691.456272 linux-guest: 6.6.78-rt51+, cyclictest windows of 1 s, deadline 100 us
1790892692.597568 L 1000 1 2 17 0
1790892693.637533 L 1000 1 1 10 0
1790892694.677569 L 1000 1 1 11 0
1790892695.717552 L 1000 1 1 9 0
1790892696.861537 L 1000 1 1 7 0
1790892697.901603 L 1000 1 1 11 0
1790892698.941553 L 1000 1 1 9 0
1790892699.981547 L 1000 1 1 9 0
1790892701.125527 L 1000 1 1 6 0
1790892702.165542 L 1000 1 1 18 0
1790892703.205525 L 1000 1 1 2 0
1790892704.245557 L 1000 1 1 10 0
1790892705.389522 L 1000 1 1 2 0
1790892706.429549 L 1000 1 1 8 0
1790892707.469527 L 1000 1 1 8 0
1790892708.509551 L 1000 1 1 9 0
1790892709.653531 L 1000 1 1 10 0
1790892710.693554 L 1000 1 1 8 0
1790892711.733545 L 1000 1 1 9 0
1790892712.773545 L 1000 1 1 7 0
1790892713.917552 L 1000 1 1 10 0
1790892714.957525 L 1000 1 1 8 0
1790892715.997543 L 1000 1 1 9 0
1790892717.037537 L 1000 1 1 8 0
1790892718.181540 L 1000 1 1 12 0
1790892719.221515 L 1000 1 1 8 0
1790892720.261547 L 1000 1 1 10 0
1790892721.301532 L 1000 1 1 7 0
1790892722.445548 L 1000 1 1 9 0
1790892723.485532 L 1000 1 1 11 0
1790892724.525547 L 1000 1 1 13 0
1790892725.565527 L 1000 1 1 11 0
1790892726.709559 L 1000 1 1 9 0
1790892727.749546 L 1000 1 1 8 0
1790892728.793541 L 1000 1 1 8 0
1790892729.833562 L 1000 1 1 7 0
1790892730.977532 L 1000 1 1 7 0
1790892732.017550 L 1000 1 1 9 0
1790892733.057520 L 1000 1 1 9 0
1790892734.101546 L 1000 1 1 9 0
1790892735.245515 L 1000 1 1 8 0
1790892736.285540 L 1000 1 1 9 0
1790892737.325523 L 1000 1 1 11 0
1790892738.365540 L 1000 1 1 9 0
1790892739.509519 L 1000 1 1 10 0
1790892740.549544 L 1000 1 1 11 0
1790892741.589515 L 1000 1 1 7 0
1790892742.629535 L 1000 1 1 11 0
1790892743.773506 L 1000 1 1 2 0
1790892744.813540 L 1000 1 1 4 0
1790892745.853510 L 1000 1 1 2 0
1790892746.893539 L 1000 1 1 4 0
1790892748.037539 L 1000 1 1 10 0
1790892749.077517 L 1000 1 1 9 0
1790892750.117541 L 1000 1 1 8 0
1790892751.157515 L 1000 1 1 10 0
1790892752.301537 L 1000 1 1 13 0
1790892753.341523 L 1000 1 1 10 0
1790892754.381537 L 1000 1 1 11 0
1790892755.421519 L 1000 1 1 5 0
1790892756.565549 L 1000 1 1 11 0
1790892757.605516 L 1000 1 1 3 0
1790892758.645536 L 1000 1 1 6 0
1790892759.685515 L 1000 1 1 9 0
1790892760.829536 L 1000 1 1 13 0
1790892761.869530 L 1000 1 1 9 0
1790892762.909542 L 1000 1 1 11 0
1790892763.949513 L 1000 1 1 2 0
1790892765.093533 L 1000 1 1 9 0
1790892766.133518 L 1000 1 1 9 0
1790892767.173518 L 1000 1 1 11 0
1790892768.213545 L 1000 1 1 8 0
1790892769.357511 L 1000 1 1 3 0
1790892770.397550 L 1000 1 1 9 0
1790892771.437511 L 1000 1 1 10 0
1790892772.477546 L 1000 1 1 12 0
1790892773.621522 L 1000 1 1 10 0
1790892774.661542 L 1000 1 1 12 0
1790892775.701521 L 1000 1 1 10 0
1790892776.741544 L 1000 1 1 9 0
1790892777.885513 L 1000 1 1 8 0
1790892778.925537 L 1000 1 1 8 0
1790892779.965511 L 1000 1 1 2 0
1790892781.005539 L 1000 1 1 8 0
1790892782.045493 L 1000 1 1 8 0
1790892783.189535 L 1000 1 1 6 0
1790892784.229558 L 1000 1 1 8 0
1790892785.269517 L 1000 1 1 11 0
1790892786.309851 L 1000 1 1 8 0
1790892787.453519 L 1000 1 1 9 0
1790892788.493542 L 1000 1 1 7 0
1790892789.533537 L 1000 1 1 10 0
1790892790.573826 L 1000 1 1 8 0
1790892791.717527 L 1000 1 1 2 0
1790892792.757541 L 1000 1 1 8 0
1790892793.797520 L 1000 1 1 8 0
1790892794.837890 L 1000 1 1 11 0
1790892795.981522 L 1000 1 1 9 0
1790892797.021536 L 1000 1 1 10 0
1790892798.061513 L 1000 1 1 9 0
1790892799.101752 L 1000 1 1 9 0
1790892800.249517 L 1000 1 1 8 0
1790892801.289514 L 1000 1 1 7 0
1790892802.329552 L 1000 1 1 4 0
1790892803.369505 L 1000 1 1 2 0
1790892804.513542 L 1000 1 1 8 0
1790892805.553501 L 1000 1 1 10 0
1790892806.593531 L 1000 1 1 5 0
1790892807.633503 L 1000 1 1 2 0
1790892808.777531 L 1000 1 1 3 0
1790892809.817501 L 1000 1 1 6 0
1790892810.857525 L 1000 1 1 3 0
1790892811.897500 L 1000 1 1 3 0
1790892813.041526 L 1000 1 1 6 0
1790892814.081502 L 1000 1 1 2 0
1790892815.121530 L 1000 1 1 4 0
1790892816.161505 L 1000 1 1 7 0
1790892817.305528 L 1000 1 1 3 0
1790892818.345542 L 1000 1 1 6 0
1790892819.385510 L 1000 1 1 7 0
1790892820.425532 L 1000 1 1 4 0
1790892821.569515 L 1000 1 1 2 0
1790892822.609526 L 1000 1 1 6 0
1790892823.649507 L 1000 1 1 2 0
1790892824.689530 L 1000 1 1 6 0
1790892825.729496 L 1000 1 1 7 0
1790892826.873525 L 1000 1 1 6 0
1790892827.913515 L 1000 1 1 2 0
1790892828.953526 L 1000 1 1 6 0
1790892829.993651 L 1000 1 1 2 0
1790892831.141527 L 1000 1 1 3 0
1790892832.181503 L 1000 1 1 2 0
1790892833.221524 L 1000 1 1 6 0
1790892834.261513 L 1000 1 1 6 0
1790892835.405533 L 1000 1 1 10 0
1790892836.445529 L 1000 1 1 3 0
1790892837.485509 L 1000 1 1 2 0
1790892838.525528 L 1000 1 1 4 0
1790892839.669517 L 1000 1 1 2 0
1790892840.709530 L 1000 1 1 4 0
1790892841.749503 L 1000 1 1 6 0
1790892842.789525 L 1000 1 1 6 0
1790892843.933506 L 1000 1 1 2 0
1790892844.973525 L 1000 1 1 5 0
1790892846.013513 L 1000 1 1 7 0
1790892847.053527 L 1000 1 1 5 0
1790892848.093494 L 1000 1 1 6 0
1790892849.237522 L 1000 1 1 3 0
1790892850.277505 L 1000 1 1 3 0
1790892851.321525 L 1000 1 1 6 0
1790892852.361656 L 1000 1 1 2 0
1790892853.505527 L 1000 1 1 4 0
1790892854.545529 L 1000 1 1 3 0
1790892855.585502 L 1000 1 1 5 0
1790892856.629529 L 1000 1 1 3 0
1790892857.773503 L 1000 1 1 2 0
1790892858.813524 L 1000 1 1 3 0
1790892859.853498 L 1000 1 1 2 0
1790892860.893525 L 1000 1 1 3 0
1790892862.037501 L 1000 1 1 3 0
1790892863.077525 L 1000 1 1 3 0
1790892864.117503 L 1000 1 1 2 0
1790892865.157523 L 1000 1 1 5 0
1790892866.197494 L 1000 1 1 2 0
1790892867.341528 L 1000 1 1 5 0
1790892868.381525 L 1000 1 1 2 0
1790892869.421533 L 1000 1 1 3 0
1790892870.461829 L 1000 1 1 2 0
1790892871.605503 L 1000 1 1 3 0
1790892872.645526 L 1000 1 1 6 0
1790892873.685505 L 1000 1 1 5 0
1790892874.725524 L 1000 1 1 3 0
1790892875.869502 L 1000 1 1 2 0
1790892876.909525 L 1000 1 1 5 0
1790892877.949503 L 1000 1 1 6 0
1790892878.989523 L 1000 1 1 4 0
1790892880.133498 L 1000 1 1 5 0
1790892881.173525 L 1000 1 1 3 0
1790892882.213503 L 1000 1 1 2 0
1790892883.253533 L 1000 1 1 3 0
1790892884.397510 L 1000 1 1 2 0
1790892885.437522 L 1000 1 1 7 0
1790892886.477535 L 1000 1 1 2 0
1790892887.517511 L 1000 1 1 4 0
1790892888.661539 L 1000 1 1 4 0
1790892889.701500 L 1000 1 1 8 0
1790892890.741535 L 1000 1 1 3 0
1790892891.781504 L 1000 1 1 3 0
1790892892.825873 L 1000 1 1 12 0
1790892893.969513 L 1000 1 1 9 0
1790892895.009537 L 1000 1 1 4 0
1790892896.049522 L 1000 1 1 3 0
1790892897.089913 L 1000 1 1 13 0
1790892898.233516 L 1000 1 1 9 0
1790892899.273538 L 1000 1 1 10 0
1790892900.313510 L 1000 1 1 9 0
1790892901.353899 L 1000 1 1 8 0
1790892902.497518 L 1000 1 1 12 0
1790892903.537544 L 1000 1 1 9 0
1790892904.577554 L 1000 1 1 10 0
1790892905.617734 L 1000 1 1 9 0
1790892906.761541 L 1000 1 1 9 0
1790892907.801515 L 1000 1 1 9 0
1790892908.841539 L 1000 1 1 15 0
1790892909.881716 L 1000 1 1 10 0
1790892911.025537 L 1000 1 1 8 0
1790892912.065506 L 1000 1 1 8 0
1790892913.105535 L 1000 1 1 8 0
1790892914.145610 L 1000 1 1 8 0
1790892915.289525 L 1000 1 1 3 0
1790892916.329500 L 1000 1 1 4 0
1790892917.369531 L 1000 1 1 11 0
1790892918.409505 L 1000 1 1 7 0
1790892919.553525 L 1000 1 1 4 0
1790892920.593534 L 1000 1 1 7 0
1790892921.633528 L 1000 1 1 4 0
1790892922.673554 L 1000 1 1 3 0
1790892923.817501 L 1000 1 1 8 0
1790892924.857536 L 1000 1 1 3 0
1790892925.897503 L 1000 1 1 2 0
1790892926.941524 L 1000 1 1 6 0
1790892928.085498 L 1000 1 1 2 0
1790892929.125522 L 1000 1 1 4 0
1790892930.165499 L 1000 1 1 2 0
1790892931.205524 L 1000 1 1 7 0
1790892932.349507 L 1000 1 1 2 0
1790892933.389524 L 1000 1 1 6 0
1790892934.429501 L 1000 1 1 2 0
1790892935.469529 L 1000 1 1 8 0
1790892936.509625 L 1000 1 1 6 0
1790892937.653534 L 1000 1 1 6 0
1790892938.693515 L 1000 1 1 2 0
1790892939.733508 L 1000 1 1 5 0
1790892940.773595 L 1000 1 1 5 0
1790892941.917501 L 1000 1 1 6 0
1790892942.957525 L 1000 1 1 4 0
1790892943.997505 L 1000 1 1 2 0
1790892945.037527 L 1000 1 1 3 0
1790892946.181509 L 1000 1 1 5 0
1790892947.221525 L 1000 1 1 10 0
1790892948.261497 L 1000 1 1 2 0
1790892949.301523 L 1000 1 1 4 0
1790892950.445528 L 1000 1 1 2 0
1790892951.485529 L 1000 1 1 6 0
1790892952.525508 L 1000 1 1 2 0
1790892953.569536 L 1000 1 1 6 0
1790892954.713521 L 1000 1 1 9 0
1790892955.753512 L 1000 1 1 3 0
1790892956.793543 L 1000 1 1 6 0
1790892957.833505 L 1000 1 1 7 0
1790892958.873541 L 1000 1 1 6 0
1790892960.017512 L 1000 1 1 7 0
1790892961.061538 L 1000 1 1 4 0
1790892962.101511 L 1000 1 1 6 0
1790892963.141529 L 1000 1 1 5 0
1790892964.285501 L 1000 1 1 2 0
1790892965.325528 L 1000 1 1 4 0
1790892966.365517 L 1000 1 1 2 0
1790892967.405529 L 1000 1 1 5 0
1790892968.549509 L 1000 1 1 2 0
1790892969.593529 L 1000 1 1 6 0
1790892970.633502 L 1000 1 1 2 0
1790892971.673530 L 1000 1 1 6 0
1790892972.817519 L 1000 1 1 2 0
1790892973.857509 L 1000 1 1 4 0
1790892974.897527 L 1000 1 1 4 0
1790892975.937507 L 1000 1 1 6 0
1790892977.081526 L 1000 1 1 8 0
1790892978.121506 L 1000 1 1 7 0
1790892979.161527 L 1000 1 1 5 0
1790892980.201507 L 1000 1 1 7 0
1790892981.241755 L 1000 1 1 4 0
1790892982.385505 L 1000 1 1 2 0
1790892983.425528 L 1000 1 1 3 0
1790892984.465504 L 1000 1 1 2 0
1790892985.505525 L 1000 1 1 4 0
1790892986.649505 L 1000 1 1 6 0
1790892987.689534 L 1000 1 1 3 0
1790892988.729522 L 1000 1 1 6 0
1790892989.769525 L 1000 1 1 3 0
1790892990.913516 L 1000 1 1 2 0
1790892991.953500 L 1000 1 1 5 0
1790892992.993528 L 1000 1 1 7 0
1790892994.033510 L 1000 1 1 7 0
1790892995.177524 L 1000 1 1 3 0
1790892996.217513 L 1000 1 1 2 0
1790892997.257529 L 1000 1 1 4 0
1790892998.297531 L 1000 1 1 6 0
1790892999.441558 L 1000 1 1 5 0
1790893000.481509 L 1000 1 1 8 0
1790893001.521547 L 1000 1 1 10 0
1790893002.561508 L 1000 1 1 8 0
1790893003.705538 L 1000 1 1 3 0
1790893004.749505 L 1000 1 1 2 0
1790893005.789550 L 1000 1 1 4 0
1790893006.829507 L 1000 1 1 2 0
1790893007.869532 L 1000 1 1 3 0
1790893009.013539 L 1000 1 1 6 0
1790893010.053503 L 1000 1 1 2 0
1790893011.093545 L 1000 1 1 7 0
1790893012.133505 L 1000 1 1 7 0
1790893013.277529 L 1000 1 1 5 0
1790893014.317505 L 1000 1 1 7 0
1790893015.357550 L 1000 1 1 11 0
1790893016.397517 L 1000 1 1 5 0
1790893017.541533 L 1000 1 1 7 0
1790893018.581503 L 1000 1 1 6 0
1790893019.621532 L 1000 1 1 3 0
1790893020.661505 L 1000 1 1 7 0
1790893021.805528 L 1000 1 1 4 0
1790893022.845505 L 1000 1 1 2 0
1790893023.885526 L 1000 1 1 4 0
1790893024.925504 L 1000 1 1 2 0
1790893026.069527 L 1000 1 1 6 0
1790893027.109533 L 1000 1 1 3 0
1790893028.149503 L 1000 1 1 2 0
1790893029.189529 L 1000 1 1 6 0
1790893030.229491 L 1000 1 1 2 0
1790893031.373531 L 1000 1 1 3 0
1790893032.413516 L 1000 1 1 2 0
1790893033.453529 L 1000 1 1 3 0
1790893034.493548 L 1000 1 1 2 0
1790893035.637527 L 1000 1 1 3 0
1790893036.677506 L 1000 1 1 6 0
1790893037.717530 L 1000 1 1 3 0
1790893038.757516 L 1000 1 1 7 0
1790893039.901527 L 1000 1 1 6 0
1790893040.941503 L 1000 1 1 2 0
1790893041.981528 L 1000 1 1 6 0
1790893043.021584 L 1000 1 1 2 0
1790893044.165503 L 1000 1 1 9 0
1790893045.205534 L 1000 1 1 6 0
1790893046.245505 L 1000 1 1 2 0
1790893047.285531 L 1000 1 1 3 0
1790893048.429507 L 1000 1 1 6 0
1790893049.469528 L 1000 1 1 3 0
1790893050.509502 L 1000 1 1 2 0
1790893051.549531 L 1000 1 1 3 0
1790893052.693504 L 1000 1 1 2 0
1790893053.733525 L 1000 1 1 5 0
1790893054.773504 L 1000 1 1 2 0
1790893055.813528 L 1000 1 1 3 0
1790893056.957501 L 1000 1 1 6 0
1790893057.997525 L 1000 1 1 4 0
1790893059.037500 L 1000 1 1 8 0
1790893060.085801 L 1000 1 5 48 0
1790893061.145713 L 1000 1 9 31 0
1790893062.301739 L 1000 1 9 23 0
1790893063.361586 L 1000 1 12 42 0
1790893064.417780 L 1000 1 11 25 0
1790893065.461848 L 1000 1 13 38 0
1790893066.613704 L 1000 1 12 40 0
1790893067.673624 L 1000 1 10 63 0
1790893068.733788 L 1000 1 9 37 0
1790893069.789810 L 1000 1 10 36 0
1790893070.841747 L 1000 1 10 44 0
1790893071.997706 L 1000 1 11 47 0
1790893073.053618 L 1000 1 11 42 0
1790893074.097590 L 1000 1 12 37 0
1790893075.153786 L 1000 1 9 30 0
1790893076.309771 L 1000 1 13 46 0
1790893077.361569 L 1000 1 9 36 0
1790893078.413749 L 1000 1 8 33 0
1790893079.473585 L 1000 1 10 34 0
1790893080.525979 L 1000 1 8 32 0
1790893081.681780 L 1000 1 11 49 0
1790893082.729640 L 1000 1 12 49 0
1790893083.785894 L 1000 1 14 41 0
1790893084.933847 L 1000 1 14 38 0
1790893085.993729 L 1000 1 15 43 0
1790893087.041758 L 1000 1 13 58 0
1790893088.085862 L 1000 1 14 38 0
1790893089.249699 L 1000 1 13 39 0
1790893090.301729 L 1000 1 11 38 0
1790893091.357583 L 1000 1 12 42 0
1790893092.397736 L 1000 1 10 35 0
1790893093.553804 L 1000 1 10 35 0
1790893094.609620 L 1000 1 11 35 0
1790893095.657659 L 1000 1 10 47 0
1790893096.705721 L 1000 1 14 43 0
1790893097.861298 L 1000 1 14 40 0
1790893098.901930 L 1000 1 16 40 0
1790893099.949754 L 1000 1 13 39 0
1790893101.005673 L 1000 1 13 43 0
1790893102.166833 L 1000 1 14 36 0
1790893103.217841 L 1000 1 13 60 0
1790893104.265670 L 1000 2 17 45 0
1790893105.326082 L 1000 2 15 47 0
1790893106.477880 L 1000 1 17 45 0
1790893107.533681 L 1000 1 16 41 0
1790893108.585793 L 1000 1 12 36 0
1790893109.645862 L 1000 1 11 34 0
1790893110.805540 L 1000 1 11 37 0
1790893111.849754 L 1000 1 11 38 0
1790893112.897712 L 1000 1 12 40 0
1790893113.953835 L 1000 1 12 41 0
1790893115.105809 L 1000 1 13 41 0
1790893116.155815 L 1000 1 18 40 0
1790893117.209639 L 1000 1 15 61 0
1790893118.361787 L 1000 1 11 41 0
1790893119.409837 L 1000 1 12 35 0
1790893120.457529 L 1000 1 4 44 0
1790893121.497527 L 1000 1 1 7 0
1790893122.569747 L 1000 1 18 32 0
1790893123.725774 L 1000 11 22 45 0
1790893124.769726 L 1000 8 22 40 0
1790893125.825773 L 1000 6 22 40 0
1790893126.889752 L 1000 13 23 48 0
1790893128.041746 L 1000 12 22 49 0
1790893129.097773 L 1000 6 22 52 0
1790893130.145743 L 1000 13 22 41 0
1790893131.301764 L 1000 11 22 43 0
1790893132.349750 L 1000 6 22 49 0
1790893133.401745 L 1000 6 22 44 0
1790893134.453920 L 1000 13 23 51 0
1790893135.617758 L 1000 6 22 54 0
1790893136.677743 L 1000 7 22 44 0
1790893137.737758 L 1000 12 22 50 0
1790893138.789753 L 1000 6 22 46 0
1790893139.857877 L 1000 6 22 39 0
1790893141.025743 L 1000 7 22 44 0
1790893142.065748 L 1000 9 22 42 0
1790893143.121768 L 1000 5 22 46 0
1790893144.173772 L 1000 7 22 42 0
1790893145.317914 L 1000 10 21 46 0
1790893146.357831 L 1000 6 22 43 0
1790893147.501781 L 1000 6 22 44 0
1790893148.541768 L 1000 10 22 47 0
1790893149.581793 L 1000 7 22 52 0
1790893150.729768 L 1000 6 21 43 0
1790893151.773772 L 1000 8 27 40 0
1790893152.921763 L 1000 8 22 46 0
1790893153.977755 L 1000 6 22 41 0
1790893155.025757 L 1000 7 22 52 0
1790893156.169748 L 1000 6 23 45 0
1790893157.229721 L 1000 6 22 51 0
1790893158.289731 L 1000 6 22 44 0
1790893159.337756 L 1000 7 22 46 0
1790893160.485752 L 1000 11 22 45 0
1790893161.541756 L 1000 13 22 42 0
1790893162.585742 L 1000 6 22 50 0
1790893163.737554 L 1000 13 22 40 0
1790893164.781740 L 1000 7 21 43 0
1790893165.829739 L 1000 6 22 44 0
1790893166.989776 L 1000 11 23 48 0
1790893168.045726 L 1000 7 22 50 0
1790893169.109769 L 1000 11 22 42 0
1790893170.161778 L 1000 5 21 32 0
1790893171.225972 L 1000 7 22 52 0
1790893172.389782 L 1000 11 22 38 0
1790893173.453774 L 1000 6 22 44 0
1790893174.521783 L 1000 12 22 49 0
1790893175.577782 L 1000 13 22 47 0
1790893176.621805 L 1000 6 22 43 0
1790893177.793811 L 1000 13 22 43 0
1790893178.853785 L 1000 8 22 45 0
1790893179.905738 L 1000 7 23 52 0
1790893180.949759 L 1000 7 22 47 0
1790893182.105545 L 1000 1 15 45 0
1790893183.145537 L 1000 1 1 7 0
1790893184.189523 L 1000 1 1 15 0
1790893185.233532 L 1000 1 1 23 0
1790893186.385536 L 1000 1 1 10 0
1790893187.425517 L 1000 1 1 2 0
1790893188.465532 L 1000 1 1 6 0
1790893189.509515 L 1000 1 1 2 0
1790893190.553873 L 1000 1 1 9 0
1790893191.705519 L 1000 1 1 12 0
1790893192.749538 L 1000 1 1 11 0
1790893193.793511 L 1000 1 1 8 0
1790893194.833533 L 1000 1 1 8 0
1790893195.977523 L 1000 1 1 10 0
1790893197.021535 L 1000 1 1 9 0
1790893198.069517 L 1000 1 1 10 0
1790893199.113535 L 1000 1 1 13 0
1790893200.157515 L 1000 1 1 2 0
1790893201.305548 L 1000 1 1 7 0
1790893202.361543 L 1000 1 1 12 0
1790893203.421520 L 1000 1 1 11 0
1790893204.489547 L 1000 1 1 8 0
1790893205.561536 L 1000 1 1 3 0
1790893206.621556 L 1000 1 1 8 0
1790893207.685517 L 1000 1 1 3 0
1790893208.749553 L 1000 1 1 10 0
1790893209.821516 L 1000 1 1 9 0
1790893210.869554 L 1000 1 1 7 0
1790893211.937504 L 1000 1 1 2 0
1790893212.981550 L 1000 1 1 9 0
1790893214.037520 L 1000 1 1 8 0
1790893215.093554 L 1000 1 1 10 0
1790893216.165504 L 1000 1 1 8 0
1790893217.229534 L 1000 1 1 6 0
1790893218.281497 L 1000 1 1 8 0
1790893219.337536 L 1000 1 1 7 0
1790893220.497514 L 1000 1 1 9 0
1790893221.465576 L 1000 1 1 7 0
1790893222.525525 L 1000 1 1 8 0
1790893223.693516 L 1000 1 1 2 0
1790893224.745528 L 1000 1 1 3 0
1790893225.809511 L 1000 1 1 10 0
1790893226.865528 L 1000 1 1 7 0
1790893227.937505 L 1000 1 1 3 0
1790893228.997528 L 1000 1 1 3 0
1790893230.069516 L 1000 1 1 2 0
1790893231.149535 L 1000 1 1 9 0
1790893232.209503 L 1000 1 1 9 0
1790893233.265524 L 1000 1 1 7 0
1790893234.333502 L 1000 1 1 2 0
1790893235.385524 L 1000 1 1 3 0
1790893236.449503 L 1000 1 1 2 0
1790893237.513523 L 1000 1 1 7 0
1790893238.573542 L 1000 1 1 5 0
1790893239.621503 L 1000 1 1 2 0
1790893240.689530 L 1000 1 1 3 0
1790893241.749502 L 1000 1 1 7 0
1790893242.805526 L 1000 1 1 3 0
1790893243.857545 L 1000 1 1 4 0
1790893245.001528 L 1000 1 1 4 0
1790893246.046048 L 1000 1 4 37 0
1790893247.085949 L 1000 1 24 64 0
1790893248.233949 L 1000 18 36 63 0
1790893249.274011 L 1000 1 15 70 0
1790893250.421975 L 1000 9 30 64 0
1790893251.469791 L 1000 1 8 34 0
1790893252.534044 L 1000 4 24 48 0
1790893253.581950 L 1000 13 28 62 0
1790893254.733896 L 1000 1 18 58 0
1790893255.773885 L 1000 1 24 50 0
1790893256.917985 L 1000 2 14 38 0
1790893257.961990 L 1000 1 22 50 0
1790893259.002040 L 1000 19 36 67 0
1790893260.145881 L 1000 1 14 69 0
1790893261.197622 L 1000 8 30 57 0
1790893262.261948 L 1000 1 17 44 0
1790893263.413710 L 1000 1 14 45 0
1790893264.465746 L 1000 5 32 57 0
1790893265.509680 L 1000 1 15 61 0
1790893266.570014 L 1000 1 28 51 0
1790893267.713862 L 1000 1 19 55 0
1790893268.757965 L 1000 1 18 49 0
1790893269.909948 L 1000 2 25 51 0
1790893270.953572 L 1000 1 19 50 0
1790893272.014042 L 1000 1 28 54 0
1790893273.081628 L 1000 1 17 58 0
1790893274.253899 L 1000 1 18 47 0
1790893275.293857 L 1000 1 25 69 0
1790893276.353824 L 1000 1 15 61 0
1790893277.410363 L 1000 3 29 52 0
1790893278.557601 L 1000 1 16 54 0
1790893279.602762 L 1000 1 23 53 0
1790893280.745871 L 1000 2 25 45 0
1790893281.785860 L 1000 1 15 49 0
1790893282.830039 L 1000 8 30 59 0
1790893283.973625 L 1000 1 14 57 0
1790893285.013801 L 1000 2 26 46 0
1790893286.057812 L 1000 1 26 46 0
1790893287.201800 L 1000 1 13 70 0
1790893288.241952 L 1000 9 32 72 0
1790893289.389939 L 1000 1 10 70 0
1790893290.433709 L 1000 1 25 47 0
1790893291.477782 L 1000 8 27 52 0
1790893292.622080 L 1000 1 12 49 0
1790893293.689804 L 1000 5 33 59 0
1790893294.754080 L 1000 1 11 49 0
1790893295.797886 L 1000 1 23 47 0
1790893296.941824 L 1000 4 26 45 0
1790893297.981934 L 1000 1 13 53 0
1790893299.129870 L 1000 7 33 52 0
1790893300.169961 L 1000 1 12 70 0
1790893301.233862 L 1000 1 25 50 0
1790893302.298024 L 1000 2 26 46 0
1790893303.461994 L 1000 1 11 55 0
1790893304.510004 L 1000 16 31 79 0
1790893305.570024 L 1000 1 10 50 0
1790893306.613801 L 1000 1 6 53 0
1790893307.757513 L 1000 1 1 2 0
1790893308.809536 L 1000 1 2 26 0
1790893309.849522 L 1000 1 1 2 0
1790893310.901542 L 1000 1 1 6 0
1790893311.941720 L 1000 1 1 7 0
1790893313.085534 L 1000 1 1 3 0
1790893314.125525 L 1000 1 1 5 0
1790893315.169531 L 1000 1 1 4 0
1790893316.209519 L 1000 1 1 2 0
1790893317.265925 L 1000 1 1 5 0
1790893318.433525 L 1000 1 1 9 0
1790893319.401534 L 1000 1 1 10 0
1790893320.469553 L 1000 1 1 7 0
1790893321.533516 L 1000 1 1 2 0
1790893322.697532 L 1000 1 1 7 0
1790893323.745515 L 1000 1 1 7 0
1790893324.813532 L 1000 1 1 7 0
1790893325.881509 L 1000 1 1 7 0
1790893326.945533 L 1000 1 1 5 0
1790893328.005514 L 1000 1 1 7 0
1790893329.065528 L 1000 1 1 6 0
1790893330.125515 L 1000 1 1 3 0
1790893331.181533 L 1000 1 1 6 0
1790893332.241510 L 1000 1 1 2 0
1790893333.313539 L 1000 1 1 7 0
1790893334.389514 L 1000 1 1 9 0
1790893335.437533 L 1000 1 1 5 0
1790893336.489533 L 1000 1 1 8 0
1790893337.529530 L 1000 1 1 3 0
1790893338.673546 L 1000 1 1 9 0
1790893339.713524 L 1000 1 1 2 0
1790893340.753544 L 1000 1 1 4 0
1790893341.793514 L 1000 1 1 2 0
1790893342.833814 L 1000 1 1 3 0
1790893343.977520 L 1000 1 1 2 0
1790893345.017539 L 1000 1 1 7 0
1790893346.057513 L 1000 1 1 6 0
1790893347.097868 L 1000 1 1 8 0
1790893348.245516 L 1000 1 1 7 0
1790893349.285560 L 1000 1 1 6 0
1790893350.325528 L 1000 1 1 9 0
1790893351.365556 L 1000 1 1 8 0
1790893352.509519 L 1000 1 1 7 0
1790893353.549551 L 1000 1 1 7 0
1790893354.589530 L 1000 1 1 2 0
1790893355.629566 L 1000 1 1 7 0
1790893356.773575 L 1000 1 1 7 0
1790893357.813540 L 1000 1 1 12 0
1790893358.861567 L 1000 1 1 11 0
1790893359.917553 L 1000 1 1 10 0
1790893360.957568 L 1000 1 1 8 0
1790893362.101528 L 1000 1 1 12 0
1790893363.149531 L 1000 1 1 9 0
1790893364.185533 L 1000 1 1 8 0
1790893365.225567 L 1000 1 1 8 0
1790893366.377537 L 1000 1 1 5 0
1790893367.425549 L 1000 1 1 9 0
1790893368.465508 L 1000 1 1 2 0
1790893369.193590 Closing cell "linux-guest"
1790893369.193652 [MG] Initializing memguard on CPU 3
1790893369.193677 [SMMUv2] Exiting SMMUv2 on cell 1
1790893369.193711 Page pool usage after cell destruction: mem 126/4061, remap 5/131072
1790893369.193736 [MG] Initializing memguard on CPU 3
1790893369.303977 [MG] Initializing memguard on CPU 3
1790893369.305341 [COL] Colored OP 0: PHYS 0x30000000 -> VIRT 0x30000000 (SIZE: 0x02000000, COL: 0x000000ff, extra: 0x0000000000000000)
1790893369.305376 [COL] Result: 0
1790893369.305409 [MG] Initializing memguard on CPU 3
1790893369.305435 Created cell "linux-guest"
1790893369.305522 Page pool usage after cell creation: mem 170/4061, remap 5/131072
1790893369.305562 [MG] Initializing memguard on CPU 3
1790893369.305650 [COL] Colored OP 3: PHYS 0x30000000 -> VIRT 0x30000000 (SIZE: 0x02000000, COL: 0x000000ff, extra: 0x0000000000000000)
1790893369.305682 [COL] Result: 0
1790893369.305709 Cell "linux-guest" can be loaded
1790940899.051438 <missed 230798 bytes of console log>
1790940899.052067 irqs: 64, preallocated irqs: 0
1790940899.052095 Root IRQ handler: 0xffff800080010000
1790940899.052128 rcu: srcu_init: Setting srcu_struct sizes based on contention.
1790940899.052159 arch_timer: cp15 timer(s) running at 54.00MHz (virt).
1790940899.052207 clocksource: arch_sys_counter: mask: 0xffffffffffffff max_cycles: 0xc743ce346, max_idle_ns: 440795203123 ns
1790940899.052251 sched_clock: 56 bits at 54MHz, resolution 18ns, wraps every 4398046511102ns
1790940899.052277 printk: legacy console [hvc0] enabled
1790940899.052305 printk: legacy bootconsole [jailhouse0] disabled
1790940899.052350 Calibrating delay loop (skipped), value calculated using timer frequency.. 108.00 BogoMIPS (lpj=54000)
1790940899.052376 pid_max: default: 4096 minimum: 301
1790940899.052418 Mount-cache hash table entries: 512 (order: 0, 4096 bytes, linear)
1790940899.052455 Mountpoint-cache hash table entries: 512 (order: 0, 4096 bytes, linear)
1790940899.052485 cacheinfo: Unable to detect cache hierarchy for CPU 0
1790940899.052510 rcu: Hierarchical SRCU implementation.
1790940899.052536 rcu: 	Max phase no-delay instances is 400.
1790940899.052559 smp: Bringing up secondary CPUs ...
1790940899.052581 smp: Brought up 1 node, 1 CPU
1790940899.052605 SMP: Total of 1 processors activated.
1790940899.052631 CPU features: detected: 32-bit EL0 Support
1790940899.052669 CPU features: detected: Data cache clean to the PoU not required for I/D coherence
1790940899.052697 CPU features: detected: CRC32 instructions
1790940899.052724 CPU features: detected: RCpc load-acquire (LDAPR)
1790940899.052757 CPU features: detected: Speculative Store Bypassing Safe (SSBS)
1790940899.052787 spectre-bhb mitigation disabled by compile time option
1790940899.052810 CPU: All CPU(s) started at EL1
1790940899.052837 alternatives: applying system-wide alternatives
1790940899.052856 devtmpfs: initialized
1790940899.052899 clocksource: jiffies: mask: 0xffffffff max_cycles: 0xffffffff, max_idle_ns: 1911260446275000 ns
1790940899.052932 futex hash table entries: 16 (order: -2, 1024 bytes, linear)
1790940899.052968 DMA: preallocated 128 KiB GFP_KERNEL pool for atomic allocations
1790940899.053001 hw-breakpoint: found 6 breakpoint and 4 watchpoint registers.
1790940899.053028 ASID allocator initialised with 65536 entries
1790940899.053058 clocksource: Switched to clocksource arch_sys_counter
1790940899.053088 workingset: timestamp_bits=62 max_order=13 bucket_order=0
1790940899.053110 clk: Disabling unused clocks
1790940899.053134 Freeing unused kernel memory: 1728K
1790940899.053154 Run /init as init process
1790940899.053188 linux-guest: 6.6.78-rt51+, cyclictest windows of 1 s, deadline 100 us
1790940900.192484 L 1000 1 2 14 0
1790940901.232495 L 1000 1 1 11 0
1790940902.272464 L 1000 1 1 9 0
1790940903.312498 L 1000 1 1 10 0
1790940904.456459 L 1000 1 1 2 0
1790940905.184503 Closing cell "linux-guest"
1790940905.184588 [MG] Initializing memguard on CPU 3
1790940905.184616 [SMMUv2] Exiting SMMUv2 on cell 1
1790940905.184652 Page pool usage after cell destruction: mem 78/4061, remap 5/131072
1790940905.184681 [MG] Initializing memguard on CPU 3
1790940905.318148 [MG] Initializing memguard on CPU 3
1790940905.318233 [COL] Colored OP 0: PHYS 0x30000000 -> VIRT 0x30000000 (SIZE: 0x02000000, COL: 0x000000ff, extra: 0x0000000000000000)
1790940905.318253 [COL] Result: 0
1790940905.318276 [MG] Initializing memguard on CPU 3
1790940905.319341 Created cell "linux-guest"
1790940905.319383 Page pool usage after cell creation: mem 170/4061, remap 5/131072
1790943321.325747 <missed 3864 bytes of console log>
1790943321.326362 irqs: 64, preallocated irqs: 0
1790943321.326390 Root IRQ handler: 0xffff800080010000
1790943321.326423 rcu: srcu_init: Setting srcu_struct sizes based on contention.
1790943321.326454 arch_timer: cp15 timer(s) running at 54.00MHz (virt).
1790943321.326502 clocksource: arch_sys_counter: mask: 0xffffffffffffff max_cycles: 0xc743ce346, max_idle_ns: 440795203123 ns
1790943321.326544 sched_clock: 56 bits at 54MHz, resolution 18ns, wraps every 4398046511102ns
1790943321.326570 printk: legacy console [hvc0] enabled
1790943321.326598 printk: legacy bootconsole [jailhouse0] disabled
1790943321.326643 Calibrating delay loop (skipped), value calculated using timer frequency.. 108.00 BogoMIPS (lpj=54000)
1790943321.326669 pid_max: default: 4096 minimum: 301
1790943321.326702 Mount-cache hash table entries: 512 (order: 0, 4096 bytes, linear)
1790943321.326738 Mountpoint-cache hash table entries: 512 (order: 0, 4096 bytes, linear)
1790943321.326768 cacheinfo: Unable to detect cache hierarchy for CPU 0
1790943321.326793 rcu: Hierarchical SRCU implementation.
1790943321.326819 rcu: 	Max phase no-delay instances is 400.
1790943321.326843 smp: Bringing up secondary CPUs ...
1790943321.326865 smp: Brought up 1 node, 1 CPU
1790943321.326889 SMP: Total of 1 processors activated.
1790943321.326915 CPU features: detected: 32-bit EL0 Support
1790943321.326954 CPU features: detected: Data cache clean to the PoU not required for I/D coherence
1790943321.326981 CPU features: detected: CRC32 instructions
1790943321.327009 CPU features: detected: RCpc load-acquire (LDAPR)
1790943321.327042 CPU features: detected: Speculative Store Bypassing Safe (SSBS)
1790943321.327072 spectre-bhb mitigation disabled by compile time option
1790943321.327094 CPU: All CPU(s) started at EL1
1790943321.327122 alternatives: applying system-wide alternatives
1790943321.327141 devtmpfs: initialized
1790943321.327184 clocksource: jiffies: mask: 0xffffffff max_cycles: 0xffffffff, max_idle_ns: 1911260446275000 ns
1790943321.327217 futex hash table entries: 16 (order: -2, 1024 bytes, linear)
1790943321.327253 DMA: preallocated 128 KiB GFP_KERNEL pool for atomic allocations
1790943321.327286 hw-breakpoint: found 6 breakpoint and 4 watchpoint registers.
1790943321.327314 ASID allocator initialised with 65536 entries
1790943321.327343 clocksource: Switched to clocksource arch_sys_counter
1790943321.327443 workingset: timestamp_bits=62 max_order=13 bucket_order=0
1790943321.327468 clk: Disabling unused clocks
1790943321.327492 Freeing unused kernel memory: 1728K
1790943321.327513 Run /init as init process
1790943321.327547 linux-guest: 6.6.78-rt51+, cyclictest windows of 1 s, deadline 100 us
1790943322.471791 L 1000 1 1 27 0
1790943323.511849 L 1000 1 1 2 0
1790943324.551819 L 1000 1 1 11 0
1790943325.592045 L 1000 1 1 8 0
1790943326.735719 L 1000 1 1 14 0
1790943327.467742 Closing cell "linux-guest"
1790943327.467813 [MG] Initializing memguard on CPU 3
1790943327.467838 [SMMUv2] Exiting SMMUv2 on cell 1
1790943327.467874 Page pool usage after cell destruction: mem 78/4061, remap 5/131072
1790943327.467900 [MG] Initializing memguard on CPU 3
1790943327.576434 [MG] Initializing memguard on CPU 3
1790943327.576519 [COL] Colored OP 0: PHYS 0x30000000 -> VIRT 0x30000000 (SIZE: 0x02000000, COL: 0x000000ff, extra: 0x0000000000000000)
1790943327.576569 [COL] Result: 0
1790943327.577640 [MG] Initializing memguard on CPU 3
1790943327.577663 Created cell "linux-guest"
1790943327.577695 Page pool usage after cell creation: mem 170/4061, remap 5/131072
1790944704.486589 <missed 47254 bytes of console log>
1790944704.486681 irqs: 64, preallocated irqs: 0
1790944704.486709 Root IRQ handler: 0xffff800080010000
1790944704.486743 rcu: srcu_init: Setting srcu_struct sizes based on contention.
1790944704.486775 arch_timer: cp15 timer(s) running at 54.00MHz (virt).
1790944704.486824 clocksource: arch_sys_counter: mask: 0xffffffffffffff max_cycles: 0xc743ce346, max_idle_ns: 440795203123 ns
1790944704.486865 sched_clock: 56 bits at 54MHz, resolution 18ns, wraps every 4398046511102ns
1790944704.486892 printk: legacy console [hvc0] enabled
1790944704.486921 printk: legacy bootconsole [jailhouse0] disabled
1790944704.486968 Calibrating delay loop (skipped), value calculated using timer frequency.. 108.00 BogoMIPS (lpj=54000)
1790944704.486995 pid_max: default: 4096 minimum: 301
1790944704.487029 Mount-cache hash table entries: 512 (order: 0, 4096 bytes, linear)
1790944704.487066 Mountpoint-cache hash table entries: 512 (order: 0, 4096 bytes, linear)
1790944704.487098 cacheinfo: Unable to detect cache hierarchy for CPU 0
1790944704.487123 rcu: Hierarchical SRCU implementation.
1790944704.487150 rcu: 	Max phase no-delay instances is 400.
1790944704.487174 smp: Bringing up secondary CPUs ...
1790944704.487197 smp: Brought up 1 node, 1 CPU
1790944704.487222 SMP: Total of 1 processors activated.
1790944704.487249 CPU features: detected: 32-bit EL0 Support
1790944704.487288 CPU features: detected: Data cache clean to the PoU not required for I/D coherence
1790944704.487316 CPU features: detected: CRC32 instructions
1790944704.487357 CPU features: detected: RCpc load-acquire (LDAPR)
1790944704.487393 CPU features: detected: Speculative Store Bypassing Safe (SSBS)
1790944704.487425 spectre-bhb mitigation disabled by compile time option
1790944704.487448 CPU: All CPU(s) started at EL1
1790944704.487476 alternatives: applying system-wide alternatives
1790944704.487496 devtmpfs: initialized
1790944704.487540 clocksource: jiffies: mask: 0xffffffff max_cycles: 0xffffffff, max_idle_ns: 1911260446275000 ns
1790944704.487575 futex hash table entries: 16 (order: -2, 1024 bytes, linear)
1790944704.487609 DMA: preallocated 128 KiB GFP_KERNEL pool for atomic allocations
1790944704.487643 hw-breakpoint: found 6 breakpoint and 4 watchpoint registers.
1790944704.487671 ASID allocator initialised with 65536 entries
1790944704.487702 clocksource: Switched to clocksource arch_sys_counter
1790944704.487734 workingset: timestamp_bits=62 max_order=13 bucket_order=0
1790944704.487756 clk: Disabling unused clocks
1790944704.487781 Freeing unused kernel memory: 1728K
1790944704.487802 Run /init as init process
1790944704.487837 linux-guest: 6.6.78-rt51+, cyclictest windows of 1 s, deadline 100 us
1790944705.631458 L 1000 1 2 13 0
1790944706.671431 L 1000 1 1 5 0
1790944707.711401 L 1000 1 1 9 0
1790944708.751422 L 1000 1 1 10 0
1790944709.895400 L 1000 1 1 2 0
1790944710.943467 L 1000 1 3 32 0
1790944711.979663 L 1000 3 11 47 0
1790944713.123471 L 1000 3 12 53 0
1790944714.163495 L 1000 2 11 44 0
1790944715.203582 L 1000 4 11 61 0
1790944716.347527 L 1000 3 12 60 0
1790944717.387496 L 1000 3 12 39 0
1790944718.427495 L 1000 3 12 48 0
1790944719.571548 L 1000 3 12 54 0
1790944720.611549 L 1000 3 11 41 0
1790944721.651492 L 1000 3 12 49 0
1790944722.799509 L 1000 3 12 35 0
1790944723.839485 L 1000 3 12 47 0
1790944724.879528 L 1000 2 11 60 0
1790944726.023508 L 1000 3 12 56 0
1790944727.063484 L 1000 4 12 51 0
1790944728.103809 L 1000 3 12 45 0
1790944729.251501 L 1000 3 13 55 0
1790944730.291507 L 1000 1 11 48 0
1790944731.331806 L 1000 3 12 40 0
1790944732.475497 L 1000 3 12 36 0
1790944733.515489 L 1000 2 12 40 0
1790944734.555792 L 1000 3 11 42 0
1790944735.699509 L 1000 3 12 41 0
1790944736.743495 L 1000 3 12 36 0
1790944737.783833 L 1000 3 12 59 0
1790944738.927475 L 1000 3 12 54 0
1790944739.967517 L 1000 3 12 37 0
1790944741.007412 L 1000 1 8 49 0
1790944742.151383 L 1000 1 1 2 0
1790944743.207446 L 1000 1 1 4 0
1790944744.263428 L 1000 1 1 2 0
1790944745.339446 L 1000 1 1 3 0
1790944746.407431 L 1000 1 1 2 0
1790944747.471442 L 1000 1 1 6 0
1790944748.535437 L 1000 1 1 2 0
1790944749.603439 L 1000 1 1 4 0
1790944750.655430 L 1000 1 1 7 0
1790944751.695438 L 1000 1 1 7 0
1790944752.735427 L 1000 1 1 2 0
1790944753.879434 L 1000 1 1 6 0
1790944754.919440 L 1000 1 1 6 0
1790944755.959424 L 1000 1 1 3 0
1790944756.999434 L 1000 1 1 3 0
1790944758.143416 L 1000 1 1 8 0
1790944759.183430 L 1000 1 1 5 0
1790944760.223424 L 1000 1 1 5 0
1790944761.263457 L 1000 1 1 6 0
1790944762.307444 L 1000 1 1 7 0
1790944763.459444 L 1000 1 1 3 0
1790944764.515435 L 1000 1 1 8 0
1790944765.563462 L 1000 1 1 3 0
1790944766.615432 L 1000 1 1 3 0
1790944767.671454 L 1000 1 1 5 0
1790944768.727446 L 1000 1 1 3 0
1790944769.775457 L 1000 1 1 3 0
1790944770.923420 L 1000 1 1 7 0
1790944771.963426 L 1000 1 1 3 0
1790944773.019423 L 1000 1 1 3 0
1790944774.059436 L 1000 1 1 6 0
1790944775.103421 L 1000 1 1 7 0
1790944776.247403 L 1000 1 1 2 0
1790944777.291423 L 1000 1 1 4 0
1790944778.331402 L 1000 1 1 8 0
1790944779.375420 L 1000 1 1 6 0
1790944780.415406 L 1000 1 1 6 0
1790944781.563418 L 1000 1 1 4 0
1790944782.607397 L 1000 1 1 7 0
1790944783.655419 L 1000 1 1 5 0
1790944784.711395 L 1000 1 1 2 0
1790944785.763420 L 1000 1 1 6 0
1790944786.827399 L 1000 1 1 6 0
1790944787.891413 L 1000 1 1 7 0
1790944788.947399 L 1000 1 1 7 0
1790944790.015412 L 1000 1 1 6 0
1790944791.079426 L 1000 1 1 2 0
1790944792.135400 L 1000 1 1 7 0
1790944793.191573 L 1000 1 1 5 0
1790944794.351405 L 1000 1 1 2 0
1790944795.391414 L 1000 1 1 4 0
1790944796.431400 L 1000 1 1 6 0
1790944797.483417 L 1000 1 1 3 0
1790944798.539397 L 1000 1 1 6 0
1790944799.587413 L 1000 1 1 3 0
1790944800.739393 L 1000 1 1 2 0
1790944801.803419 L 1000 1 1 3 0
1790944802.863393 L 1000 1 1 2 0
1790944803.919416 L 1000 1 1 3 0
1790944804.967410 L 1000 1 1 9 0
1790944806.007419 L 1000 1 1 3 0
1790944807.051633 L 1000 1 4 31 0
1790944808.211652 L 1000 1 13 27 0
1790944809.263695 L 1000 1 14 36 0
1790944810.315678 L 1000 1 17 36 0
1790944811.367718 L 1000 1 13 39 0
1790944812.419647 L 1000 1 15 33 0
1790944813.579536 L 1000 1 13 35 0
1790944814.623610 L 1000 1 12 43 0
1790944815.675417 L 1000 1 12 37 0
1790944816.823729 L 1000 1 9 33 0
1790944817.875675 L 1000 1 11 47 0
1790944818.935657 L 1000 1 14 44 0
1790944819.987698 L 1000 1 13 39 0
1790944821.143577 L 1000 1 11 50 0
1790944822.195469 L 1000 1 12 29 0
1790944823.251703 L 1000 1 5 33 0
1790944824.303610 L 1000 1 13 45 0
1790944825.355749 L 1000 1 13 40 0
1790944826.515424 L 1000 1 13 50 0
1790944827.563723 L 1000 1 8 36 0
1790944828.615528 L 1000 1 15 45 0
1790944829.671602 L 1000 1 15 37 0
1790944830.731739 L 1000 1 16 37 0
1790944831.887690 L 1000 1 16 44 0
1790944832.935708 L 1000 1 15 46 0
1790944833.987643 L 1000 1 15 48 0
1790944835.143723 L 1000 1 15 37 0
1790944836.207727 L 1000 1 19 40 0
1790944837.251414 L 1000 1 8 47 0
1790944838.291413 L 1000 1 1 8 0
1790944839.343505 L 1000 1 3 18 0
1790944840.487505 L 1000 2 5 21 0
1790944841.527493 L 1000 1 5 19 0
1790944842.571492 L 1000 2 5 17 0
1790944843.615512 L 1000 2 5 18 0
1790944844.759499 L 1000 1 5 18 0
1790944845.799504 L 1000 1 4 17 0
1790944846.839503 L 1000 2 5 21 0
1790944847.879486 L 1000 1 4 15 0
1790944849.023498 L 1000 2 5 17 0
1790944850.063494 L 1000 2 5 20 0
1790944851.107483 L 1000 2 5 14 0
1790944852.151499 L 1000 2 5 17 0
1790944853.295501 L 1000 2 5 19 0
1790944854.335487 L 1000 2 5 17 0
1790944855.379494 L 1000 2 5 18 0
1790944856.419878 L 1000 1 5 20 0
1790944857.563485 L 1000 2 5 19 0
1790944858.603500 L 1000 1 5 17 0
1790944859.643481 L 1000 1 5 15 0
1790944860.687535 L 1000 1 5 24 0
1790944861.831498 L 1000 1 5 20 0
1790944862.883502 L 1000 2 5 23 0
1790944863.927516 L 1000 2 5 21 0
1790944864.971493 L 1000 2 5 22 0
1790944866.115506 L 1000 2 5 23 0
1790944867.155513 L 1000 2 5 19 0
1790944868.199499 L 1000 2 5 18 0
1790944869.239410 L 1000 1 3 16 0
1790944870.383404 L 1000 1 1 3 0
1790944871.435427 L 1000 1 1 7 0
1790944872.487420 L 1000 1 1 9 0
1790944873.547408 L 1000 1 1 10 0
1790944874.599421 L 1000 1 1 4 0
1790944875.643412 L 1000 1 1 10 0
1790944876.695423 L 1000 1 1 8 0
1790944877.847406 L 1000 1 1 10 0
1790944878.903428 L 1000 1 1 6 0
1790944879.947388 L 1000 1 1 3 0
1790944881.003408 L 1000 1 1 6 0
1790944882.051429 L 1000 1 1 7 0
1790944883.099395 L 1000 1 1 9 0
1790944884.243417 L 1000 1 1 3 0
1790944885.291389 L 1000 1 1 7 0
1790944886.343413 L 1000 1 1 6 0
1790944887.395399 L 1000 1 1 3 0
1790944888.459421 L 1000 1 1 5 0
1790944889.503398 L 1000 1 1 5 0
1790944890.555428 L 1000 1 1 3 0
1790944891.707405 L 1000 1 1 6 0
1790944892.759451 L 1000 1 1 5 0
1790944893.811396 L 1000 1 1 8 0
1790944894.867396 L 1000 1 1 7 0
1790944895.919400 L 1000 1 1 2 0
1790944896.963422 L 1000 1 1 7 0
1790944898.007396 L 1000 1 1 2 0
1790944899.155417 L 1000 1 1 3 0
1790944900.203409 L 1000 1 1 2 0
1790944901.251419 L 1000 1 1 5 0
1790944902.291418 L 1000 1 1 8 0
1790944903.339421 L 1000 1 1 13 0
1790944904.395418 L 1000 1 1 11 0
1790944905.459412 L 1000 1 1 3 0
1790944906.519742 L 1000 1 1 9 0
1790944907.671409 L 1000 1 1 10 0
1790944908.723419 L 1000 1 1 9 0
1790944909.779408 L 1000 1 1 9 0
1790944910.839417 L 1000 1 1 11 0
1790944911.903411 L 1000 1 1 2 0
1790944912.955423 L 1000 1 1 3 0
1790944914.007411 L 1000 1 1 3 0
1790944915.063418 L 1000 1 1 4 0
1790944916.215402 L 1000 1 1 9 0
1790944917.271407 L 1000 1 1 4 0
1790944918.327427 L 1000 1 1 8 0
1790944919.379395 L 1000 1 1 5 0
1790944920.427417 L 1000 1 1 2 0
1790944921.471396 L 1000 1 1 9 0
1790944922.519411 L 1000 1 1 6 0
1790944923.671395 L 1000 1 1 7 0
1790944924.715407 L 1000 1 1 6 0
1790944925.759393 L 1000 1 1 2 0
1790944926.815418 L 1000 1 1 3 0
1790944927.863396 L 1000 1 1 6 0
1790944928.915414 L 1000 1 1 3 0
1790944929.963398 L 1000 1 1 2 0
1790944931.111420 L 1000 1 1 6 0
1790944932.159399 L 1000 1 1 5 0
1790944933.211409 L 1000 1 1 4 0
1790944934.251396 L 1000 1 1 4 0
1790944935.295466 L 1000 1 3 15 0
1790944936.439478 L 1000 3 7 16 0
1790944937.479477 L 1000 3 7 15 0
1790944938.519470 L 1000 3 7 13 0
1790944939.663466 L 1000 3 7 13 0
1790944940.703473 L 1000 4 7 15 0
1790944941.743464 L 1000 3 7 15 0
1790944942.783468 L 1000 3 7 14 0
1790944943.927474 L 1000 2 7 16 0
1790944944.967466 L 1000 3 7 15 0
1790944946.007464 L 1000 3 7 16 0
1790944947.047903 L 1000 4 7 14 0
1790944948.191465 L 1000 4 7 15 0
1790944949.231467 L 1000 3 7 16 0
1790944950.271468 L 1000 4 7 17 0
1790944951.415467 L 1000 4 7 15 0
1790944952.455467 L 1000 3 7 18 0
1790944953.499467 L 1000 4 7 12 0
1790944954.539469 L 1000 4 7 16 0
1790944955.683467 L 1000 3 7 13 0
1790944956.723467 L 1000 3 7 16 0
1790944957.763463 L 1000 4 7 17 0
1790944958.907467 L 1000 4 7 16 0
1790944959.953497 L 1000 3 7 18 0
1790944960.991466 L 1000 2 7 17 0
1790944962.035468 L 1000 4 7 17 0
1790944963.179467 L 1000 3 7 13 0
1790944964.219468 L 1000 3 7 16 0
1790944965.259419 L 1000 1 5 17 0
1790944966.299391 L 1000 1 1 5 0
1790944967.451436 L 1000 1 1 4 0
1790944968.491420 L 1000 1 1 7 0
1790944969.535451 L 1000 1 1 7 0
1790944970.575431 L 1000 1 1 2 0
1790944971.619453 L 1000 1 1 8 0
1790944972.763408 L 1000 1 1 8 0
1790944973.803427 L 1000 1 1 11 0
1790944974.847441 L 1000 1 1 3 0
1790944975.891437 L 1000 1 1 6 0
1790944976.935415 L 1000 1 1 8 0
1790944978.079424 L 1000 1 1 3 0
1790944979.119440 L 1000 1 1 6 0
1790944980.163441 L 1000 1 1 2 0
1790944981.203462 L 1000 1 1 7 0
1790944982.347431 L 1000 1 1 8 0
1790944983.391437 L 1000 1 1 7 0
1790944984.435424 L 1000 1 1 8 0
1790944985.479446 L 1000 1 1 8 0
1790944986.523643 L 1000 1 1 2 0
1790944987.667433 L 1000 1 1 8 0
1790944988.707429 L 1000 1 1 7 0
1790944989.747448 L 1000 1 1 7 0
1790944990.791443 L 1000 1 1 2 0
1790944991.935434 L 1000 1 1 9 0
1790944992.975439 L 1000 1 1 3 0
1790944994.019431 L 1000 1 1 4 0
1790944995.059436 L 1000 1 1 6 0
1790944996.203424 L 1000 1 1 2 0
1790944997.243413 L 1000 1 1 7 0
1790944998.283387 L 1000 1 1 8 0
1790944999.331599 L 1000 1 2 14 0
1790945000.499439 L 1000 3 5 12 0
1790945001.559450 L 1000 3 5 10 0
1790945002.623438 L 1000 4 5 12 0
1790945003.799462 L 1000 3 5 9 0
1790945004.871431 L 1000 4 5 11 0
1790945005.931452 L 1000 3 5 11 0
1790945006.987468 L 1000 3 5 10 0
1790945008.147450 L 1000 3 5 12 0
1790945009.207439 L 1000 4 5 11 0
1790945010.263446 L 1000 3 5 12 0
1790945011.423470 L 1000 3 5 11 0
1790945012.475448 L 1000 3 5 11 0
1790945013.527756 L 1000 3 5 11 0
1790945014.687454 L 1000 4 5 11 0
1790945015.755454 L 1000 4 5 10 0
1790945016.815445 L 1000 3 5 11 0
1790945017.979456 L 1000 4 5 13 0
1790945019.031451 L 1000 4 5 11 0
1790945020.103468 L 1000 1 5 10 0
1790945021.163569 L 1000 4 5 11 0
1790945022.323455 L 1000 3 5 13 0
1790945023.371470 L 1000 3 5 12 0
1790945024.543453 L 1000 3 5 12 0
1790945025.611462 L 1000 3 5 10 0
1790945026.667454 L 1000 4 5 13 0
1790945027.719782 L 1000 3 5 10 0
1790945028.863461 L 1000 3 5 18 0
1790945029.903434 L 1000 1 1 13 0
1790945030.943497 L 1000 1 1 9 0
1790945032.111455 L 1000 1 1 12 0
1790945033.079877 L 1000 1 1 17 0
1790945034.231456 L 1000 1 1 31 0
1790945035.271452 L 1000 1 1 16 0
1790945036.311457 L 1000 1 1 17 0
1790945037.351490 L 1000 1 1 11 0
1790945038.495434 L 1000 1 1 12 0
1790945039.535434 L 1000 1 1 20 0
1790945040.575443 L 1000 1 1 21 0
1790945041.615870 L 1000 1 1 26 0
1790945042.763439 L 1000 1 1 9 0
1790945043.803439 L 1000 1 1 12 0
1790945044.843444 L 1000 1 1 22 0
1790945045.883849 L 1000 1 1 6 0
1790945047.031431 L 1000 1 1 9 0
1790945048.071436 L 1000 1 1 13 0
1790945049.111442 L 1000 1 1 8 0
1790945050.151730 L 1000 1 1 26 0
1790945051.295428 L 1000 1 1 9 0
1790945052.335444 L 1000 1 1 12 0
1790945053.375430 L 1000 1 1 26 0
1790945054.415753 L 1000 1 1 8 0
1790945055.559439 L 1000 1 1 9 0
1790945056.599426 L 1000 1 1 12 0
1790945057.643439 L 1000 1 1 13 0
1790945058.683690 L 1000 1 1 19 0
1790945059.827428 L 1000 1 1 8 0
1790945060.867438 L 1000 1 1 11 0
1790945061.907421 L 1000 1 1 13 0
1790945062.947555 L 1000 1 1 7 0
1790945064.011754 L 1000 1 1 6 0
1790945065.171413 L 1000 1 2 10 0
1790945066.227419 L 1000 1 2 10 0
1790945067.283423 L 1000 1 2 10 0
1790945068.331440 L 1000 1 2 4 0
1790945069.371436 L 1000 1 2 9 0
1790945070.411450 L 1000 1 2 5 0
1790945071.555431 L 1000 2 2 7 0
1790945072.595420 L 1000 1 2 4 0
1790945073.635440 L 1000 1 2 9 0
1790945074.779442 L 1000 1 2 9 0
1790945075.819437 L 1000 1 2 10 0
1790945076.859436 L 1000 1 2 8 0
1790945077.899440 L 1000 1 2 9 0
1790945079.047435 L 1000 1 2 9 0
1790945080.087424 L 1000 1 2 9 0
1790945081.127422 L 1000 1 2 9 0
1790945082.167439 L 1000 1 2 8 0
1790945083.311418 L 1000 2 2 4 0
1790945084.351427 L 1000 1 2 10 0
1790945085.391428 L 1000 1 2 8 0
1790945086.431428 L 1000 1 2 10 0
1790945087.575423 L 1000 1 2 9 0
1790945088.615421 L 1000 1 2 11 0
1790945089.655427 L 1000 1 2 10 0
1790945090.695433 L 1000 1 2 11 0
1790945091.839423 L 1000 1 2 10 0
1790945092.879418 L 1000 1 2 10 0
1790945093.919412 L 1000 1 1 4 0
1790945094.959396 L 1000 1 1 8 0
1790945096.111444 L 1000 1 1 5 0
1790945097.163435 L 1000 1 1 9 0
1790945098.215428 L 1000 1 1 6 0
1790945099.279408 L 1000 1 1 9 0
1790945100.327430 L 1000 1 1 8 0
1790945101.375431 L 1000 1 1 3 0
1790945102.523407 L 1000 1 1 8 0
1790945103.579424 L 1000 1 1 3 0
1790945104.627407 L 1000 1 1 8 0
1790945105.687424 L 1000 1 1 7 0
1790945106.755422 L 1000 1 1 8 0
1790945107.815405 L 1000 1 1 2 0
1790945108.867405 L 1000 1 1 6 0
1790945109.915404 L 1000 1 1 7 0
1790945110.959563 L 1000 1 1 9 0
1790945112.115402 L 1000 1 1 8 0
1790945113.163398 L 1000 1 1 8 0
1790945114.227403 L 1000 1 1 3 0
1790945115.275403 L 1000 1 1 3 0
1790945116.335403 L 1000 1 1 7 0
1790945117.387410 L 1000 1 1 6 0
1790945118.459408 L 1000 1 1 2 0
1790945119.511399 L 1000 1 1 6 0
1790945120.559554 L 1000 1 1 8 0
1790945121.715401 L 1000 1 1 7 0
1790945122.767404 L 1000 1 1 2 0
1790945123.831397 L 1000 1 1 7 0
1790945124.891402 L 1000 1 1 7 0
1790945125.943416 L 1000 1 1 7 0
1790945126.983402 L 1000 1 1 2 0
1790945128.035415 L 1000 1 1 5 0
1790945129.095393 L 1000 1 1 2 0
1790945130.151701 L 1000 1 1 7 0
1790945131.299403 L 1000 1 1 3 0
1790945132.351400 L 1000 1 1 5 0
1790945133.403420 L 1000 1 1 4 0
1790945134.455397 L 1000 1 1 2 0
1790945135.503416 L 1000 1 1 6 0
1790945136.551401 L 1000 1 1 3 0
1790945137.703414 L 1000 1 1 3 0
1790945138.755402 L 1000 1 1 4 0
1790945139.807412 L 1000 1 1 3 0
1790945140.863391 L 1000 1 1 6 0
1790945141.923413 L 1000 1 1 5 0
1790945142.975402 L 1000 1 1 6 0
1790945144.039414 L 1000 1 1 3 0
1790945145.095393 L 1000 1 1 6 0
1790945146.155412 L 1000 1 1 7 0
1790945147.203400 L 1000 1 1 7 0
1790945148.259412 L 1000 1 1 6 0
1790945149.319389 L 1000 1 1 2 0
1790945150.463415 L 1000 1 1 5 0
1790945151.503414 L 1000 1 1 7 0
1790945152.543409 L 1000 1 1 4 0
1790945153.583729 L 1000 1 1 5 0
1790945154.727402 L 1000 1 1 2 0
1790945155.767417 L 1000 1 1 2 0
1790945156.807398 L 1000 1 1 5 0
1790945157.847424 L 1000 1 1 7 0
1790945158.991390 L 1000 1 1 4 0
1790945160.035501 L 1000 1 2 22 0
1790945161.075563 L 1000 1 4 26 0
1790945162.119520 L 1000 1 4 29 0
1790945163.267533 L 1000 1 4 37 0
1790945164.307558 L 1000 2 4 18 0
1790945165.351489 L 1000 2 4 20 0
1790945166.395460 L 1000 1 4 21 0
1790945167.543470 L 1000 1 4 26 0
1790945168.583517 L 1000 1 4 17 0
1790945169.623492 L 1000 1 4 21 0
1790945170.667897 L 1000 1 4 19 0
1790945171.811487 L 1000 1 4 19 0
1790945172.859459 L 1000 2 3 27 0
1790945173.907533 L 1000 1 4 35 0
1790945174.947474 L 1000 2 4 22 0
1790945176.091488 L 1000 2 4 17 0
1790945177.131699 L 1000 1 4 26 0
1790945178.171510 L 1000 1 4 21 0
1790945179.315499 L 1000 1 4 26 0
1790945180.355643 L 1000 1 4 25 0
1790945181.399513 L 1000 1 4 20 0
1790945182.443506 L 1000 2 4 21 0
1790945183.587471 L 1000 1 4 22 0
1790945184.631504 L 1000 1 4 22 0
1790945185.671519 L 1000 1 4 22 0
1790945186.711491 L 1000 1 4 24 0
1790945187.855822 L 1000 1 4 22 0
1790945188.899475 L 1000 1 4 17 0
1790945189.943419 L 1000 1 2 18 0
1790945190.983393 L 1000 1 1 2 0
1790945192.043413 L 1000 1 1 7 0
1790945193.099395 L 1000 1 1 8 0
1790945194.251416 L 1000 1 1 5 0
1790945195.295389 L 1000 1 1 2 0
1790945196.343409 L 1000 1 1 6 0
1790945197.391392 L 1000 1 1 8 0
1790945198.443409 L 1000 1 1 4 0
1790945199.495390 L 1000 1 1 2 0
1790945200.651407 L 1000 1 1 4 0
1790945201.699387 L 1000 1 1 2 0
1790945202.755408 L 1000 1 1 4 0
1790945203.811392 L 1000 1 1 7 0
1790945204.859416 L 1000 1 1 6 0
1790945205.911431 L 1000 1 1 8 0
1790945206.963390 L 1000 1 1 8 0
1790945208.007708 L 1000 1 1 4 0
1790945209.163393 L 1000 1 1 2 0
1790945210.211411 L 1000 1 1 6 0
1790945211.255391 L 1000 1 1 6 0
1790945212.299407 L 1000 1 1 4 0
1790945213.347386 L 1000 1 1 2 0
1790945214.495407 L 1000 1 1 4 0
1790945215.539384 L 1000 1 1 6 0
1790945216.587411 L 1000 1 1 5 0
1790945217.647387 L 1000 1 1 8 0
1790945218.695408 L 1000 1 1 6 0
1790945219.735386 L 1000 1 1 3 0
1790945220.795408 L 1000 1 1 4 0
1790945221.851557 L 1000 1 1 7 0
1790945222.999417 L 1000 1 1 5 0
1790945224.039428 L 1000 1 1 5 0
1790945225.079385 L 1000 1 1 7 0
1790945226.135437 L 1000 1 1 5 0
1790945227.183413 L 1000 1 1 9 0
1790945228.335432 L 1000 1 1 9 0
1790945229.391410 L 1000 1 1 2 0
1790945230.439430 L 1000 1 1 7 0
1790945231.499414 L 1000 1 1 7 0
1790945232.551421 L 1000 1 1 5 0
1790945233.611395 L 1000 1 1 2 0
1790945234.655413 L 1000 1 1 4 0
1790945235.703396 L 1000 1 1 2 0
1790945236.855417 L 1000 1 1 6 0
1790945237.911396 L 1000 1 1 2 0
1790945238.967410 L 1000 1 1 7 0
1790945240.011394 L 1000 1 1 6 0
1790945241.059411 L 1000 1 1 3 0
1790945242.107421 L 1000 1 1 2 0
1790945243.163405 L 1000 1 1 2 0
1790945244.219728 L 1000 1 1 7 0
1790945245.375394 L 1000 1 1 5 0
1790945246.431420 L 1000 1 1 3 0
1790945247.487441 L 1000 1 1 4 0
1790945248.543452 L 1000 1 1 11 0
1790945249.603416 L 1000 1 1 3 0
1790945250.651424 L 1000 1 1 10 0
1790945251.699413 L 1000 1 1 10 0
1790945252.751424 L 1000 1 1 9 0
1790945253.907407 L 1000 1 1 9 0
1790945254.963432 L 1000 1 1 3 0
1790945256.003421 L 1000 1 1 9 0
1790945257.043422 L 1000 1 1 11 0
1790945258.091875 L 1000 1 15 38 0
1790945259.243616 L 1000 2 18 41 0
1790945260.283625 L 1000 2 18 41 0
1790945261.323663 L 1000 1 17 43 0
1790945262.475607 L 1000 2 17 38 0
1790945263.524323 L 1000 2 18 42 0
1790945264.575553 L 1000 1 13 41 0
1790945265.715589 L 1000 2 15 38 0
1790945266.755599 L 1000 2 18 40 0
1790945267.799605 L 1000 2 17 38 0
1790945268.947662 L 1000 2 18 40 0
1790945269.995635 L 1000 2 18 39 0
1790945271.039801 L 1000 2 17 60 0
1790945272.183691 L 1000 2 18 44 0
1790945273.226464 L 1000 1 16 39 0
1790945274.264972 L 1000 1 18 39 0
1790945275.407668 L 1000 2 18 38 0
1790945276.451565 L 1000 1 12 39 0
1790945277.491568 L 1000 1 11 28 0
1790945278.635595 L 1000 2 18 42 0
1790945279.679654 L 1000 1 18 38 0
1790945280.731586 L 1000 2 18 43 0
1790945281.879605 L 1000 2 18 40 0
1790945282.919645 L 1000 2 17 60 0
1790945283.959564 L 1000 2 18 59 0
1790945285.118978 L 1000 1 17 48 0
1790945286.155626 L 1000 2 17 43 0
1790945287.195419 L 1000 2 18 41 0
1790945288.339382 L 1000 1 1 9 0
1790945289.383515 L 1000 1 1 24 0
1790945290.423503 L 1000 1 1 9 0
1790945291.463499 L 1000 1 1 5 0
1790945292.503854 L 1000 1 1 4 0
1790945293.647534 L 1000 1 1 5 0
1790945294.687545 L 1000 1 1 15 0
1790945295.727511 L 1000 1 1 15 0
1790945296.771840 L 1000 1 1 13 0
1790945297.915505 L 1000 1 1 13 0
1790945298.955500 L 1000 1 1 6 0
1790945299.995498 L 1000 1 1 13 0
1790945301.139498 L 1000 1 1 17 0
1790945302.179502 L 1000 1 1 15 0
1790945303.223507 L 1000 1 1 14 0
1790945304.263505 L 1000 1 1 17 0
1790945305.407502 L 1000 1 1 15 0
1790945306.447498 L 1000 1 1 16 0
1790945307.487518 L 1000 1 1 14 0
1790945308.531507 L 1000 1 1 15 0
1790945309.675509 L 1000 1 1 15 0
1790945310.719509 L 1000 1 1 15 0
1790945311.759503 L 1000 1 1 15 0
1790945312.799464 L 1000 1 1 15 0
1790945313.943513 L 1000 1 1 20 0
1790945314.983496 L 1000 1 1 15 0
1790945316.023527 L 1000 1 1 17 0
1790945317.063524 L 1000 1 1 5 0
1790945318.207527 L 1000 1 1 3 0
1790945319.247420 L 1000 1 1 9 0
1790945320.287406 L 1000 1 1 17 0
1790945321.335449 L 1000 1 1 11 0
1790945322.387412 L 1000 1 1 11 0
1790945323.451420 L 1000 1 1 10 0
1790945324.607402 L 1000 1 1 12 0
1790945325.575781 L 1000 1 1 4 0
1790945326.647404 L 1000 1 1 2 0
1790945327.711418 L 1000 1 1 5 0
1790945328.787408 L 1000 1 1 10 0
1790945329.851419 L 1000 1 1 6 0
1790945330.923440 L 1000 1 1 11 0
1790945331.983408 L 1000 1 1 10 0
1790945333.055421 L 1000 1 1 11 0
1790945334.119448 L 1000 1 1 9 0
1790945335.263424 L 1000 1 1 10 0
1790945336.303400 L 1000 1 1 9 0
1790945337.343423 L 1000 1 1 3 0
1790945338.383403 L 1000 1 1 9 0
1790945339.527425 L 1000 1 1 3 0
1790945340.567394 L 1000 1 1 9 0
1790945341.607422 L 1000 1 1 4 0
1790945342.647392 L 1000 1 1 7 0
1790945343.791413 L 1000 1 1 5 0
1790945344.831390 L 1000 1 1 3 0
1790945345.871413 L 1000 1 1 4 0
1790945346.911397 L 1000 1 1 2 0
1790945347.951609 L 1000 1 1 3 0
1790945349.099458 L 1000 1 1 2 0
1790945350.139400 L 1000 1 1 5 0
1790945351.179417 L 1000 1 1 9 0
1790945352.219428 L 1000 1 1 9 0
1790945353.367746 L 1000 1 1 15 0
1790945354.407759 L 1000 1 4 24 0
1790945355.447554 L 1000 1 3 27 0
1790945356.495754 L 1000 1 3 18 0
1790945357.639555 L 1000 2 3 18 0
1790945358.679693 L 1000 2 3 26 0
1790945359.719536 L 1000 1 3 11 0
1790945360.759851 L 1000 2 3 20 0
1790945361.903769 L 1000 2 3 17 0
1790945362.943697 L 1000 1 3 18 0
1790945363.987633 L 1000 2 3 23 0
1790945365.131645 L 1000 2 3 23 0
1790945366.175575 L 1000 2 3 10 0
1790945367.219526 L 1000 2 3 20 0
1790945368.259537 L 1000 2 3 19 0
1790945369.403526 L 1000 2 3 17 0
1790945370.447543 L 1000 2 3 12 0
1790945371.491529 L 1000 1 2 25 0
1790945372.531553 L 1000 2 3 13 0
1790945373.675557 L 1000 1 3 18 0
1790945374.715526 L 1000 2 3 15 0
1790945375.755556 L 1000 2 3 12 0
1790945376.799547 L 1000 2 3 17 0
1790945377.943548 L 1000 2 3 18 0
1790945378.983544 L 1000 2 3 32 0
1790945380.023563 L 1000 2 3 26 0
1790945381.167516 L 1000 2 3 18 0
1790945382.207535 L 1000 2 3 12 0
1790945383.247537 L 1000 2 3 23 0
1790945384.291429 L 1000 1 1 21 0
1790945385.435402 L 1000 1 1 9 0
1790945386.479452 L 1000 1 1 11 0
1790945387.519466 L 1000 1 1 11 0
1790945388.559433 L 1000 1 1 2 0
1790945389.603752 L 1000 1 1 25 0
1790945390.747437 L 1000 1 1 10 0
1790945391.787445 L 1000 1 1 4 0
1790945392.831438 L 1000 1 1 11 0
1790945393.871444 L 1000 1 1 10 0
1790945395.015428 L 1000 1 1 10 0
1790945396.055442 L 1000 1 1 5 0
1790945397.095430 L 1000 1 1 2 0
1790945398.135445 L 1000 1 1 10 0
1790945399.279437 L 1000 1 1 10 0
1790945400.319446 L 1000 1 1 10 0
1790945401.359456 L 1000 1 1 9 0
1790945402.411466 L 1000 1 1 11 0
1790945403.555405 L 1000 1 1 10 0
1790945404.595435 L 1000 1 1 9 0
1790945405.635450 L 1000 1 1 11 0
1790945406.675428 L 1000 1 1 8 0
1790945407.819460 L 1000 1 1 10 0
1790945408.859419 L 1000 1 1 9 0
1790945409.899479 L 1000 1 1 10 0
1790945410.939435 L 1000 1 1 2 0
1790945412.087454 L 1000 1 1 8 0
1790945413.135404 L 1000 1 1 2 0
1790945414.179437 L 1000 1 1 5 0
1790945415.219414 L 1000 1 1 2 0
1790945416.263424 L 1000 1 1 6 0
1790945417.407389 L 1000 1 1 8 0
1790945418.459718 L 1000 1 14 47 0
1790945419.511683 L 1000 6 22 52 0
1790945420.571690 L 1000 3 20 57 0
1790945421.731729 L 1000 6 22 49 0
1790945422.783711 L 1000 6 21 60 0
1790945423.851789 L 1000 5 21 46 0
1790945424.903733 L 1000 4 22 65 0
1790945425.959917 L 1000 3 22 45 0
1790945427.139740 L 1000 4 22 50 0
1790945428.203699 L 1000 2 22 50 0
1790945429.251735 L 1000 2 22 49 0
1790945430.307781 L 1000 3 21 55 0
1790945431.363783 L 1000 2 22 81 0
1790945432.527567 L 1000 3 18 45 0
1790945433.575721 L 1000 3 21 44 0
1790945434.631697 L 1000 2 20 44 0
1790945435.791694 L 1000 4 21 60 0
1790945436.835700 L 1000 3 20 54 0
1790945437.875700 L 1000 3 21 52 0
1790945439.039709 L 1000 8 21 63 0
1790945440.091662 L 1000 4 21 46 0
1790945441.143717 L 1000 5 21 59 0
1790945442.187722 L 1000 5 21 41 0
1790945443.343659 L 1000 7 22 67 0
1790945444.391692 L 1000 7 25 47 0
1790945445.447757 L 1000 6 22 43 0
1790945446.607676 L 1000 4 21 44 0
1790945447.647673 L 1000 4 21 43 0
1790945448.687421 L 1000 1 3 40 0
1790945449.831430 L 1000 1 1 6 0
1790945450.875417 L 1000 1 1 6 0
1790945451.927450 L 1000 1 1 2 0
1790945452.975418 L 1000 1 1 3 0
1790945454.019414 L 1000 1 1 2 0
1790945455.083433 L 1000 1 1 3 0
1790945456.155409 L 1000 1 1 5 0
1790945457.219440 L 1000 1 1 6 0
1790945458.287419 L 1000 1 1 2 0
1790945459.399403 L 1000 1 1 7 0
1790945460.435436 L 1000 1 1 6 0
1790945461.475386 L 1000 1 1 2 0
1790945462.619434 L 1000 1 1 2 0
1790945463.659377 L 1000 1 1 5 0
1790945464.699439 L 1000 1 1 2 0
1790947073.783036 <missed 3864 bytes of console log>
1790947073.783386 irqs: 64, preallocated irqs: 0
1790947073.783419 Root IRQ handler: 0xffff800080010000
1790947073.783456 rcu: srcu_init: Setting srcu_struct sizes based on contention.
1790947073.783492 arch_timer: cp15 timer(s) running at 54.00MHz (virt).
1790947073.783546 clocksource: arch_sys_counter: mask: 0xffffffffffffff max_cycles: 0xc743ce346, max_idle_ns: 440795203123 ns
1790947073.783589 sched_clock: 56 bits at 54MHz, resolution 18ns, wraps every 4398046511102ns
1790947073.783621 printk: legacy console [hvc0] enabled
1790947073.783653 printk: legacy bootconsole [jailhouse0] disabled
1790947073.783705 Calibrating delay loop (skipped), value calculated using timer frequency.. 108.00 BogoMIPS (lpj=54000)
1790947073.783735 pid_max: default: 4096 minimum: 301
1790947073.783773 Mount-cache hash table entries: 512 (order: 0, 4096 bytes, linear)
1790947073.783814 Mountpoint-cache hash table entries: 512 (order: 0, 4096 bytes, linear)
1790947073.783855 cacheinfo: Unable to detect cache hierarchy for CPU 0
1790947073.783883 rcu: Hierarchical SRCU implementation.
1790947073.783911 rcu: 	Max phase no-delay instances is 400.
1790947073.783937 smp: Bringing up secondary CPUs ...
1790947073.783961 smp: Brought up 1 node, 1 CPU
1790947073.783987 SMP: Total of 1 processors activated.
1790947073.784015 CPU features: detected: 32-bit EL0 Support
1790947073.784058 CPU features: detected: Data cache clean to the PoU not required for I/D coherence
1790947073.784088 CPU features: detected: CRC32 instructions
1790947073.784119 CPU features: detected: RCpc load-acquire (LDAPR)
1790947073.784155 CPU features: detected: Speculative Store Bypassing Safe (SSBS)
1790947073.784188 spectre-bhb mitigation disabled by compile time option
1790947073.784213 CPU: All CPU(s) started at EL1
1790947073.784243 alternatives: applying system-wide alternatives
1790947073.784264 devtmpfs: initialized
1790947073.784311 clocksource: jiffies: mask: 0xffffffff max_cycles: 0xffffffff, max_idle_ns: 1911260446275000 ns
1790947073.784348 futex hash table entries: 16 (order: -2, 1024 bytes, linear)
1790947073.784388 DMA: preallocated 128 KiB GFP_KERNEL pool for atomic allocations
1790947073.784424 hw-breakpoint: found 6 breakpoint and 4 watchpoint registers.
1790947073.784455 ASID allocator initialised with 65536 entries
1790947073.784487 clocksource: Switched to clocksource arch_sys_counter
1790947073.784521 workingset: timestamp_bits=62 max_order=13 bucket_order=0
1790947073.784545 clk: Disabling unused clocks
1790947073.784570 Freeing unused kernel memory: 1728K
1790947073.784592 Run /init as init process
1790947073.784630 linux-guest: 6.6.78-rt51+, cyclictest windows of 1 s, deadline 100 us
1790947074.923319 L 1000 1 2 22 0
1790947075.963304 L 1000 1 1 10 0
1790947077.003284 L 1000 1 1 2 0
1790947078.043304 L 1000 1 1 19 0
1790947079.187306 L 1000 1 1 10 0
1790947079.917623 Closing cell "linux-guest"
1790947079.917685 [MG] Initializing memguard on CPU 3
1790947079.917711 [SMMUv2] Exiting SMMUv2 on cell 1
1790947079.917747 Page pool usage after cell destruction: mem 78/4061, remap 5/131072
1790947079.917775 [MG] Initializing memguard on CPU 3
1790947080.037033 [MG] Initializing memguard on CPU 3
1790947080.037152 [COL] Colored OP 0: PHYS 0x30000000 -> VIRT 0x30000000 (SIZE: 0x02000000, COL: 0x000000ff, extra: 0x0000000000000000)
1790947080.038291 [COL] Result: 0
1790947080.038320 [MG] Initializing memguard on CPU 3
1790947080.038341 Created cell "linux-guest"
1790947080.038373 Page pool usage after cell creation: mem 170/4061, remap 5/131072
1790947080.038397 [MG] Initializing memguard on CPU 3
1790947080.038446 [COL] Colored OP 3: PHYS 0x30000000 -> VIRT 0x30000000 (SIZE: 0x02000000, COL: 0x000000ff, extra: 0x0000000000000000)
1790947080.038464 [COL] Result: 0
1790947080.038485 Cell "linux-guest" can be loaded
1790947107.870526 <missed 25882 bytes of console log>
1790947107.871274 irqs: 64, preallocated irqs: 0
1790947107.871306 Root IRQ handler: 0xffff800080010000
1790947107.871344 rcu: srcu_init: Setting srcu_struct sizes based on contention.
1790947107.871380 arch_timer: cp15 timer(s) running at 54.00MHz (virt).
1790947107.871430 clocksource: arch_sys_counter: mask: 0xffffffffffffff max_cycles: 0xc743ce346, max_idle_ns: 440795203123 ns
1790947107.871471 sched_clock: 56 bits at 54MHz, resolution 18ns, wraps every 4398046511102ns
1790947107.871500 printk: legacy console [hvc0] enabled
1790947107.871529 printk: legacy bootconsole [jailhouse0] disabled
1790947107.871577 Calibrating delay loop (skipped), value calculated using timer frequency.. 108.00 BogoMIPS (lpj=54000)
1790947107.871603 pid_max: default: 4096 minimum: 301
1790947107.871638 Mount-cache hash table entries: 512 (order: 0, 4096 bytes, linear)
1790947107.871675 Mountpoint-cache hash table entries: 512 (order: 0, 4096 bytes, linear)
1790947107.871707 cacheinfo: Unable to detect cache hierarchy for CPU 0
1790947107.871733 rcu: Hierarchical SRCU implementation.
1790947107.871759 rcu: 	Max phase no-delay instances is 400.
1790947107.871791 smp: Bringing up secondary CPUs ...
1790947107.871813 smp: Brought up 1 node, 1 CPU
1790947107.871837 SMP: Total of 1 processors activated.
1790947107.871863 CPU features: detected: 32-bit EL0 Support
1790947107.871902 CPU features: detected: Data cache clean to the PoU not required for I/D coherence
1790947107.871929 CPU features: detected: CRC32 instructions
1790947107.871960 CPU features: detected: RCpc load-acquire (LDAPR)
1790947107.871993 CPU features: detected: Speculative Store Bypassing Safe (SSBS)
1790947107.872024 spectre-bhb mitigation disabled by compile time option
1790947107.872046 CPU: All CPU(s) started at EL1
1790947107.872074 alternatives: applying system-wide alternatives
1790947107.872093 devtmpfs: initialized
1790947107.872136 clocksource: jiffies: mask: 0xffffffff max_cycles: 0xffffffff, max_idle_ns: 1911260446275000 ns
1790947107.872169 futex hash table entries: 16 (order: -2, 1024 bytes, linear)
1790947107.872209 DMA: preallocated 128 KiB GFP_KERNEL pool for atomic allocations
1790947107.872242 hw-breakpoint: found 6 breakpoint and 4 watchpoint registers.
1790947107.872270 ASID allocator initialised with 65536 entries
1790947107.872299 clocksource: Switched to clocksource arch_sys_counter
1790947107.872330 workingset: timestamp_bits=62 max_order=13 bucket_order=0
1790947107.872352 clk: Disabling unused clocks
1790947107.872375 Freeing unused kernel memory: 1728K
1790947107.872396 Run /init as init process
1790947107.872430 linux-guest: 6.6.78-rt51+, cyclictest windows of 1 s, deadline 100 us
1790947109.011344 L 1000 1 2 31 0
1790947110.051338 L 1000 1 1 10 0
1790947111.091280 L 1000 1 1 8 0
1790947112.131329 L 1000 1 1 10 0
1790947113.275313 L 1000 1 1 2 0
1790947114.327303 L 1000 1 1 10 0
1790947115.371303 L 1000 1 1 9 0
1790947116.427305 L 1000 1 1 7 0
1790947117.487283 L 1000 1 1 3 0
1790947118.543298 L 1000 1 1 4 0
1790947119.603299 L 1000 1 1 9 0
1790947120.667299 L 1000 1 1 9 0
1790947121.719552 L 1000 1 1 8 0
1790947122.875294 L 1000 1 1 7 0
1790947123.919402 L 1000 1 1 10 0
1790947124.963284 L 1000 1 1 10 0
1790947126.007297 L 1000 1 1 9 0
1790947127.067280 L 1000 1 1 2 0
1790947128.115368 L 1000 1 1 4 0
1790947129.263309 L 1000 1 1 4 0
1790947130.303308 L 1000 1 1 8 0
1790947131.347282 L 1000 1 1 9 0
1790947132.387302 L 1000 1 1 6 0
1790947133.531283 L 1000 1 1 10 0
1790947134.575302 L 1000 1 1 9 0
1790947135.619285 L 1000 1 1 9 0
1790947136.663305 L 1000 1 1 8 0
1790947137.703440 L 1000 1 1 9 0
1790947138.851303 L 1000 1 1 9 0
1790947139.895279 L 1000 1 1 10 0
1790947140.935288 L 1000 1 1 3 0
1790947141.983305 L 1000 1 1 3 0
1790947143.127290 L 1000 1 1 11 0
1790947144.171287 L 1000 1 1 9 0
1790947145.211290 L 1000 1 1 11 0
1790947146.255506 L 1000 1 1 37 0
1790947147.399451 L 1000 2 11 39 0
1790947148.439594 L 1000 2 11 40 0
1790947149.479438 L 1000 2 13 45 0
1790947150.627423 L 1000 2 11 38 0
1790947151.667459 L 1000 1 12 43 0
1790947152.711440 L 1000 1 11 44 0
1790947153.855414 L 1000 2 13 41 0
1790947154.895425 L 1000 2 12 41 0
1790947155.935416 L 1000 2 13 41 0
1790947157.079517 L 1000 2 12 39 0
1790947158.123432 L 1000 2 13 41 0
1790947159.163473 L 1000 2 12 42 0
1790947160.307546 L 1000 2 12 55 0
1790947161.347526 L 1000 2 12 61 0
1790947162.495432 L 1000 2 12 41 0
1790947163.535424 L 1000 2 12 40 0
1790947164.575749 L 1000 2 13 70 0
1790947165.719432 L 1000 2 13 61 0
1790947166.763581 L 1000 2 11 39 0
1790947167.803779 L 1000 1 12 42 0
1790947168.947436 L 1000 2 12 64 0
1790947169.987427 L 1000 2 11 39 0
1790947171.031778 L 1000 2 13 41 0
1790947172.175373 L 1000 2 13 41 0
1790947173.215437 L 1000 2 13 45 0
1790947174.259805 L 1000 2 13 51 0
1790947175.403399 L 1000 2 9 33 0
1790947176.443319 L 1000 1 8 43 0
1790947177.483290 L 1000 1 1 12 0
1790947178.531522 L 1000 1 1 10 0
1790947179.679320 L 1000 1 1 10 0
1790947180.723322 L 1000 1 1 9 0
1790947181.763310 L 1000 1 1 9 0
1790947182.807310 L 1000 1 1 9 0
1790947183.959306 L 1000 1 1 2 0
1790947185.003318 L 1000 1 1 10 0
1790947186.051368 L 1000 1 1 9 0
1790947187.095316 L 1000 1 1 9 0
1790947188.139300 L 1000 1 1 9 0
1790947189.287321 L 1000 1 1 3 0
1790947190.339515 L 1000 1 1 10 0
1790947191.383306 L 1000 1 1 9 0
1790947192.439311 L 1000 1 1 6 0
1790947193.491302 L 1000 1 1 2 0
1790947194.535309 L 1000 1 1 4 0
1790947195.587536 L 1000 1 1 11 0
1790947196.747306 L 1000 1 1 4 0
1790947197.787305 L 1000 1 1 8 0
1790947198.831310 L 1000 1 1 10 0
1790947199.891312 L 1000 1 1 9 0
1790947200.939307 L 1000 1 1 9 0
1790947202.083308 L 1000 1 1 9 0
1790947203.127315 L 1000 1 1 4 0
1790947204.171298 L 1000 1 1 2 0
1790947205.215313 L 1000 1 1 8 0
1790947206.255297 L 1000 1 1 9 0
1790947207.311646 L 1000 1 1 8 0
1790947208.459427 L 1000 1 1 8 0
1790947209.499324 L 1000 1 1 7 0
1790947210.543306 L 1000 1 1 8 0
1790947211.583300 L 1000 1 1 11 0
1790947212.727292 L 1000 1 1 2 0
1790947213.767296 L 1000 1 1 10 0
1790947214.811301 L 1000 1 1 8 0
1790947215.851290 L 1000 1 1 10 0
1790947216.999319 L 1000 1 1 9 0
1790947218.039294 L 1000 1 1 9 0
1790947219.079334 L 1000 1 1 8 0
1790947220.123309 L 1000 1 1 10 0
1790947221.167585 L 1000 1 1 8 0
1790947222.311291 L 1000 1 1 10 0
1790947223.355305 L 1000 1 1 11 0
1790947224.399279 L 1000 1 1 8 0
1790947225.439304 L 1000 1 1 6 0
1790947226.587287 L 1000 1 1 2 0
1790947227.631285 L 1000 1 1 5 0
1790947228.675307 L 1000 1 1 2 0
1790947229.719302 L 1000 1 1 3 0
1790947230.763306 L 1000 1 1 3 0
1790947231.907280 L 1000 1 1 2 0
1790947232.951299 L 1000 1 1 3 0
1790947233.991283 L 1000 1 1 4 0
1790947235.031295 L 1000 1 1 2 0
1790947236.175279 L 1000 1 1 7 0
1790947237.219299 L 1000 1 1 2 0
1790947238.259280 L 1000 1 1 2 0
1790947239.299296 L 1000 1 1 4 0
1790947240.443298 L 1000 1 1 3 0
1790947241.483294 L 1000 1 1 6 0
1790947242.527370 L 1000 1 2 30 0
1790947243.675383 L 1000 6 10 33 0
1790947244.723403 L 1000 6 10 34 0
1790947245.763379 L 1000 5 10 40 0
1790947246.911379 L 1000 6 13 34 0
1790947247.951409 L 1000 4 11 33 0
1790947249.099423 L 1000 5 10 35 0
1790947250.143375 L 1000 5 10 33 0
1790947251.183816 L 1000 6 10 34 0
1790947252.327495 L 1000 6 11 34 0
1790947253.371385 L 1000 4 10 34 0
1790947254.519454 L 1000 6 10 34 0
1790947255.563383 L 1000 5 10 35 0
1790947256.711376 L 1000 6 10 35 0
1790947257.755388 L 1000 4 10 35 0
1790947258.799426 L 1000 5 11 36 0
1790947259.947423 L 1000 6 10 41 0
1790947260.995432 L 1000 4 10 49 0
1790947262.139378 L 1000 4 11 49 0
1790947263.179370 L 1000 4 10 47 0
1790947264.219699 L 1000 6 10 56 0
1790947265.363389 L 1000 5 10 34 0
1790947266.403389 L 1000 5 10 35 0
1790947267.551459 L 1000 5 10 35 0
1790947268.591381 L 1000 6 11 46 0
1790947269.735377 L 1000 5 10 37 0
1790947270.779386 L 1000 6 11 36 0
1790947271.819390 L 1000 5 10 48 0
1790947272.963290 L 1000 1 6 33 0
1790947274.003289 L 1000 1 1 6 0
1790947275.047458 L 1000 1 1 16 0
1790947276.191447 L 1000 1 1 17 0
1790947277.231398 L 1000 1 1 5 0
1790947278.271428 L 1000 1 1 6 0
1790947279.311439 L 1000 1 1 13 0
1790947280.455449 L 1000 1 1 13 0
1790947281.495444 L 1000 1 1 16 0
1790947282.535439 L 1000 1 1 15 0
1790947283.575448 L 1000 1 1 13 0
1790947284.723460 L 1000 1 1 14 0
1790947285.763462 L 1000 1 1 15 0
1790947286.803438 L 1000 1 1 16 0
1790947287.847436 L 1000 1 1 5 0
1790947288.991424 L 1000 1 1 17 0
1790947290.031459 L 1000 1 1 15 0
1790947291.071441 L 1000 1 1 19 0
1790947292.111751 L 1000 1 1 18 0
1790947293.255462 L 1000 1 1 16 0
1790947294.295447 L 1000 1 1 18 0
1790947295.339445 L 1000 1 1 18 0
1790947296.483453 L 1000 1 1 19 0
1790947297.523435 L 1000 1 1 17 0
1790947298.563443 L 1000 1 1 17 0
1790947299.603416 L 1000 1 1 18 0
1790947300.747412 L 1000 1 1 16 0
1790947301.791423 L 1000 1 1 19 0
1790947302.831414 L 1000 1 1 18 0
1790947303.871410 L 1000 1 1 17 0
1790947305.015299 L 1000 1 1 38 0
1790947306.055303 L 1000 1 1 14 0
1790947307.107345 L 1000 1 2 30 0
1790947308.175447 L 1000 1 6 56 0
1790947309.231372 L 1000 1 4 28 0
1790947310.271811 L 1000 1 4 37 0
1790947311.415345 L 1000 1 4 46 0
1790947312.455345 L 1000 1 4 24 0
1790947313.495484 L 1000 1 3 24 0
1790947314.639362 L 1000 1 4 31 0
1790947315.679358 L 1000 1 4 28 0
1790947316.723343 L 1000 1 4 41 0
1790947317.763338 L 1000 1 4 32 0
1790947318.907337 L 1000 1 4 35 0
1790947319.947326 L 1000 1 4 28 0
1790947320.987337 L 1000 1 4 24 0
1790947322.027508 L 1000 1 3 25 0
1790947323.175525 L 1000 1 3 33 0
1790947324.215336 L 1000 1 4 26 0
1790947325.255486 L 1000 1 4 28 0
1790947326.299684 L 1000 1 4 43 0
1790947327.463347 L 1000 1 4 35 0
1790947328.523351 L 1000 1 4 36 0
1790947329.575376 L 1000 1 5 41 0
1790947330.635346 L 1000 1 4 27 0
1790947331.695357 L 1000 1 4 30 0
1790947332.739370 L 1000 1 4 31 0
1790947333.883333 L 1000 1 3 24 0
1790947334.923346 L 1000 1 4 30 0
1790947335.963344 L 1000 1 4 26 0
1790947337.003313 L 1000 1 2 34 0
1790947338.147301 L 1000 1 1 4 0
1790947339.191336 L 1000 1 3 36 0
1790947340.231404 L 1000 1 5 26 0
1790947341.271337 L 1000 1 4 20 0
1790947342.419335 L 1000 1 4 22 0
1790947343.459341 L 1000 2 4 20 0
1790947344.499341 L 1000 1 5 40 0
1790947345.539344 L 1000 1 5 32 0
1790947346.683332 L 1000 1 5 42 0
1790947347.723336 L 1000 1 6 36 0
1790947348.763342 L 1000 1 5 31 0
1790947349.907339 L 1000 2 4 26 0
1790947350.951373 L 1000 1 5 34 0
1790947351.995424 L 1000 2 5 30 0
1790947353.035348 L 1000 1 5 29 0
1790947354.075417 L 1000 1 5 44 0
1790947355.223332 L 1000 1 5 35 0
1790947356.263353 L 1000 1 5 38 0
1790947357.303347 L 1000 1 5 29 0
1790947358.447387 L 1000 1 5 35 0
1790947359.487389 L 1000 1 5 32 0
1790947360.527371 L 1000 1 5 37 0
1790947361.567329 L 1000 1 5 30 0
1790947362.715391 L 1000 1 5 37 0
1790947363.755336 L 1000 1 5 30 0
1790947364.795330 L 1000 1 5 38 0
1790947365.839338 L 1000 1 4 17 0
1790947366.983403 L 1000 1 4 22 0
1790947368.023449 L 1000 1 5 37 0
1790947369.063294 L 1000 1 3 29 0
1790947370.103293 L 1000 1 1 3 0
1790947371.251357 L 1000 1 1 33 0
1790947372.303406 L 1000 1 2 31 0
1790947373.363348 L 1000 1 2 21 0
1790947374.435355 L 1000 1 2 16 0
1790947375.487337 L 1000 1 2 16 0
1790947376.527345 L 1000 1 2 15 0
1790947377.671337 L 1000 1 2 16 0
1790947378.711317 L 1000 1 2 23 0
1790947379.751327 L 1000 1 2 23 0
1790947380.791334 L 1000 1 2 20 0
1790947381.935321 L 1000 1 2 28 0
1790947382.975337 L 1000 1 2 20 0
1790947384.019335 L 1000 1 2 21 0
1790947385.059357 L 1000 1 2 13 0
1790947386.203327 L 1000 1 2 17 0
1790947387.243330 L 1000 1 2 30 0
1790947388.287344 L 1000 1 2 16 0
1790947389.327334 L 1000 1 2 24 0
1790947390.471364 L 1000 1 2 9 0
1790947391.511343 L 1000 1 2 23 0
1790947392.551329 L 1000 1 2 13 0
1790947393.591702 L 1000 1 2 14 0
1790947394.735330 L 1000 1 2 13 0
1790947395.775331 L 1000 1 2 13 0
1790947396.815339 L 1000 1 2 21 0
1790947397.959333 L 1000 1 2 24 0
1790947399.003423 L 1000 1 2 19 0
1790947400.043343 L 1000 1 2 18 0
1790947401.083293 L 1000 1 1 20 0
1790947402.227269 L 1000 1 1 2 0
1790947403.275292 L 1000 1 1 5 0
1790947404.335290 L 1000 1 1 2 0
1790947405.387274 L 1000 1 1 8 0
1790947406.435299 L 1000 1 1 6 0
1790947407.499275 L 1000 1 1 2 0
1790947408.551305 L 1000 1 1 5 0
1790947409.591276 L 1000 1 1 10 0
1790947410.659501 L 1000 1 1 8 0
1790947411.811277 L 1000 1 1 7 0
1790947412.859296 L 1000 1 1 3 0
1790947413.919279 L 1000 1 1 7 0
1790947414.959296 L 1000 1 1 6 0
1790947416.015297 L 1000 1 1 8 0
1790947417.067292 L 1000 1 1 8 0
1790947418.119283 L 1000 1 1 2 0
1790947419.179439 L 1000 1 1 7 0
1790947420.327284 L 1000 1 1 8 0
1790947421.387293 L 1000 1 1 3 0
1790947422.435287 L 1000 1 1 2 0
1790947423.475279 L 1000 1 1 7 0
1790947424.527298 L 1000 1 1 3 0
1790947425.575461 L 1000 1 1 2 0
1790947426.739296 L 1000 1 1 6 0
1790947427.779275 L 1000 1 1 7 0
1790947428.831294 L 1000 1 1 3 0
1790947429.883275 L 1000 1 1 9 0
1790947430.935301 L 1000 1 1 4 0
1790947431.987277 L 1000 1 1 7 0
1790947433.035295 L 1000 1 1 6 0
1790947434.179272 L 1000 1 1 8 0
1790947435.223366 L 1000 1 1 7 0
1790947436.263359 L 1000 1 1 14 0
1790947437.311328 L 1000 1 1 11 0
1790947438.367341 L 1000 1 1 12 0
1790947439.511343 L 1000 1 1 10 0
1790947440.555320 L 1000 1 1 15 0
1790947441.595345 L 1000 1 2 13 0
1790947442.635329 L 1000 1 2 15 0
1790947443.779364 L 1000 1 2 13 0
1790947444.823340 L 1000 1 2 14 0
1790947445.863401 L 1000 1 2 9 0
1790947446.915376 L 1000 1 2 13 0
1790947448.063382 L 1000 1 2 16 0
1790947449.111377 L 1000 1 2 16 0
1790947450.155348 L 1000 1 2 12 0
1790947451.203368 L 1000 1 2 16 0
1790947452.255344 L 1000 1 2 17 0
1790947453.299734 L 1000 1 2 15 0
1790947454.455344 L 1000 1 2 12 0
1790947455.495375 L 1000 1 2 14 0
1790947456.535347 L 1000 1 2 12 0
1790947457.579339 L 1000 1 2 30 0
1790947458.727380 L 1000 1 2 12 0
1790947459.767346 L 1000 1 2 13 0
1790947460.807328 L 1000 1 2 17 0
1790947461.847357 L 1000 1 2 12 0
1790947462.991326 L 1000 1 2 10 0
1790947464.031340 L 1000 1 2 19 0
1790947465.079334 L 1000 1 2 19 0
1790947466.119311 L 1000 1 1 10 0
1790947467.271294 L 1000 1 1 14 0
1790947468.307287 L 1000 1 1 10 0
1790947469.351309 L 1000 1 1 6 0
1790947470.391300 L 1000 1 1 9 0
1790947471.539311 L 1000 1 1 3 0
1790947472.583291 L 1000 1 1 2 0
1790947473.623306 L 1000 1 1 9 0
1790947474.667308 L 1000 1 1 2 0
1790947475.707543 L 1000 1 1 11 0
1790947476.855309 L 1000 1 1 11 0
1790947477.895293 L 1000 1 1 11 0
1790947478.935294 L 1000 1 1 9 0
1790947479.979279 L 1000 1 1 10 0
1790947481.123301 L 1000 1 1 2 0
1790947482.163274 L 1000 1 1 2 0
1790947483.207294 L 1000 1 1 6 0
1790947484.251287 L 1000 1 1 5 0
1790947485.395291 L 1000 1 1 4 0
1790947486.435304 L 1000 1 1 2 0
1790947487.495295 L 1000 1 1 2 0
1790947488.543280 L 1000 1 1 8 0
1790947489.591294 L 1000 1 1 3 0
1790947490.631277 L 1000 1 1 7 0
1790947491.787306 L 1000 1 1 6 0
1790947492.831297 L 1000 1 1 2 0
1790947493.879296 L 1000 1 1 2 0
1790947494.927307 L 1000 1 1 7 0
1790947495.979297 L 1000 1 1 8 0
1790947497.031293 L 1000 1 1 8 0
1790947498.175298 L 1000 1 1 9 0
1790947499.231301 L 1000 1 1 8 0
1790947500.279271 L 1000 1 1 3 0
1790947501.331310 L 1000 1 1 6 0
1790947502.395269 L 1000 1 1 2 0
1790947503.455300 L 1000 1 1 3 0
1790947504.507264 L 1000 1 1 2 0
1790947505.563295 L 1000 1 1 7 0
1790947506.611301 L 1000 1 1 6 0
1790947507.679309 L 1000 1 1 14 0
1790947508.731396 L 1000 1 1 8 0
1790947509.883304 L 1000 1 1 7 0
1790947510.939329 L 1000 1 1 7 0
1790947511.987285 L 1000 1 1 3 0
1790947513.035296 L 1000 1 1 7 0
1790947514.087278 L 1000 1 1 8 0
1790947515.135289 L 1000 1 1 3 0
1790947516.191300 L 1000 1 1 2 0
1790947517.351290 L 1000 1 1 3 0
1790947518.407269 L 1000 1 1 2 0
1790947519.471292 L 1000 1 1 3 0
1790947520.527267 L 1000 1 1 7 0
1790947521.571289 L 1000 1 1 4 0
1790947522.619269 L 1000 1 1 2 0
1790947523.679287 L 1000 1 1 3 0
1790947524.731268 L 1000 1 1 6 0
1790947525.787288 L 1000 1 1 3 0
1790947526.939290 L 1000 1 1 6 0
1790947527.903471 L 1000 1 1 7 0
1790947529.063283 L 1000 1 1 4 0
1790947530.103286 L 1000 1 1 4 0
1790947531.151535 L 1000 1 5 38 0
1790947532.199541 L 1000 10 22 38 0
1790947533.355541 L 1000 12 22 40 0
1790947534.423561 L 1000 8 22 45 0
1790947535.483526 L 1000 6 22 42 0
1790947536.535515 L 1000 12 23 38 0
1790947537.683548 L 1000 11 22 42 0
1790947538.727544 L 1000 6 22 43 0
1790947539.767553 L 1000 12 22 45 0
1790947540.911556 L 1000 11 23 48 0
1790947541.951574 L 1000 7 22 47 0
1790947543.095531 L 1000 12 22 44 0
1790947544.135513 L 1000 10 22 52 0
1790947545.175544 L 1000 7 22 38 0
1790947546.323525 L 1000 7 22 43 0
1790947547.363561 L 1000 11 22 44 0
1790947548.407439 L 1000 8 22 40 0
1790947549.547539 L 1000 8 23 46 0
1790947550.587513 L 1000 12 19 41 0
1790947551.735520 L 1000 6 22 46 0
1790947552.775500 L 1000 8 22 45 0
1790947553.819681 L 1000 12 22 39 0
1790947554.963502 L 1000 8 22 39 0
1790947556.003524 L 1000 5 22 45 0
1790947557.147529 L 1000 6 22 37 0
1790947558.191530 L 1000 7 22 43 0
1790947559.231713 L 1000 8 22 45 0
1790947560.383519 L 1000 7 22 43 0
1790947561.431301 L 1000 1 12 41 0
1790947562.471296 L 1000 1 1 7 0
1790947563.515336 L 1000 1 4 45 0
1790947564.659410 L 1000 2 4 13 0
1790947565.699381 L 1000 2 5 33 0
1790947566.739440 L 1000 2 3 7 0
1790947567.883335 L 1000 2 5 28 0
1790947568.923358 L 1000 2 4 9 0
1790947569.963385 L 1000 2 4 26 0
1790947571.003360 L 1000 2 5 31 0
1790947572.147385 L 1000 2 4 14 0
1790947573.187376 L 1000 2 5 27 0
1790947574.227384 L 1000 2 3 9 0
1790947575.271342 L 1000 2 5 29 0
1790947576.419414 L 1000 2 3 12 0
1790947577.459340 L 1000 2 5 34 0
1790947578.499405 L 1000 2 3 8 0
1790947579.547428 L 1000 2 5 35 0
1790947580.695409 L 1000 2 3 21 0
1790947581.739366 L 1000 2 5 34 0
1790947582.779341 L 1000 2 3 13 0
1790947583.823347 L 1000 2 4 29 0
1790947584.967387 L 1000 2 4 27 0
1790947586.011401 L 1000 2 3 26 0
1790947587.051330 L 1000 2 5 35 0
1790947588.095389 L 1000 2 4 20 0
1790947589.239341 L 1000 2 5 30 0
1790947590.279399 L 1000 2 4 18 0
1790947591.323340 L 1000 2 5 35 0
1790947592.363399 L 1000 2 3 19 0
1790947593.507310 L 1000 1 3 33 0
1790947594.551315 L 1000 1 1 12 0
1790947595.595359 L 1000 1 3 11 0
1790947596.635440 L 1000 3 4 9 0
1790947597.779358 L 1000 3 5 14 0
1790947598.819370 L 1000 3 5 21 0
1790947599.863360 L 1000 3 5 10 0
1790947600.903355 L 1000 2 4 19 0
1790947602.047346 L 1000 3 5 19 0
1790947603.087345 L 1000 3 4 19 0
1790947604.127752 L 1000 3 5 15 0
1790947605.167365 L 1000 2 5 10 0
1790947606.311357 L 1000 2 4 11 0
1790947607.351337 L 1000 2 4 9 0
1790947608.391354 L 1000 2 4 12 0
1790947609.535353 L 1000 2 4 9 0
1790947610.579361 L 1000 2 5 15 0
1790947611.619377 L 1000 1 4 14 0
1790947612.659357 L 1000 2 5 11 0
1790947613.803373 L 1000 2 4 8 0
1790947614.847376 L 1000 3 5 14 0
1790947615.887350 L 1000 2 5 13 0
1790947616.927342 L 1000 2 5 14 0
1790947618.071362 L 1000 2 5 13 0
1790947619.111363 L 1000 2 4 16 0
1790947620.151376 L 1000 3 5 13 0
1790947621.191687 L 1000 3 4 12 0
1790947622.335364 L 1000 2 4 9 0
1790947623.375356 L 1000 2 4 10 0
1790947624.419364 L 1000 2 4 12 0
1790947625.459459 L 1000 1 3 15 0
1790947626.603288 L 1000 1 1 8 0
1790947627.655311 L 1000 1 1 5 0
1790947628.707304 L 1000 1 1 10 0
1790947629.747283 L 1000 1 1 9 0
1790947630.799299 L 1000 1 1 9 0
1790947631.955303 L 1000 1 1 4 0
1790947633.007323 L 1000 1 1 5 0
1790947634.047299 L 1000 1 1 8 0
1790947635.087310 L 1000 1 1 9 0
1790947636.127293 L 1000 1 1 9 0
1790947637.275324 L 1000 1 1 10 0
1790947638.315298 L 1000 1 1 9 0
1790947639.355313 L 1000 1 1 9 0
1790947640.395310 L 1000 1 1 7 0
1790947641.539307 L 1000 1 1 13 0
1790947642.579314 L 1000 1 1 13 0
1790947643.619294 L 1000 1 1 2 0
1790947644.659309 L 1000 1 1 8 0
1790947645.807292 L 1000 1 1 3 0
1790947646.847290 L 1000 1 1 9 0
1790947647.887295 L 1000 1 1 10 0
1790947648.927311 L 1000 1 1 4 0
1790947650.071290 L 1000 1 1 2 0
1790947651.111331 L 1000 1 1 6 0
1790947652.155306 L 1000 1 1 10 0
1790947653.195302 L 1000 1 1 9 0
1790947654.235276 L 1000 1 1 10 0
1790947655.379310 L 1000 1 1 10 0
1790947656.419317 L 1000 1 1 3 0
1790947657.459314 L 1000 1 1 9 0
1790947658.499262 L 1000 1 1 11 0
1790947659.651307 L 1000 1 1 10 0
1790947660.703311 L 1000 1 1 6 0
1790947661.747338 L 1000 1 1 6 0
1790947662.815315 L 1000 1 1 6 0
1790947663.891313 L 1000 1 1 10 0
1790947664.951292 L 1000 1 1 9 0
1790947666.003339 L 1000 1 1 3 0
1790947667.051317 L 1000 1 1 11 0
1790947668.111319 L 1000 1 1 3 0
1790947669.167322 L 1000 1 1 10 0
1790947670.319347 L 1000 1 1 9 0
1790947671.363343 L 1000 1 1 7 0
1790947672.403343 L 1000 1 1 11 0
1790947673.447315 L 1000 1 1 3 0
1790947674.491624 L 1000 1 1 7 0
1790947675.651310 L 1000 1 1 8 0
1790947676.695445 L 1000 1 1 3 0
1790947677.747303 L 1000 1 1 11 0
1790947678.791331 L 1000 1 1 15 0
1790947679.859325 L 1000 1 1 14 0
1790947680.919328 L 1000 1 1 10 0
1790947681.967324 L 1000 1 1 10 0
1790947683.023315 L 1000 1 1 11 0
1790947684.175297 L 1000 1 1 9 0
1790947685.227338 L 1000 1 1 9 0
1790947686.279301 L 1000 1 1 8 0
1790947687.343296 L 1000 1 1 4 0
1790947688.387296 L 1000 1 1 10 0
1790947689.435313 L 1000 1 1 8 0
1790947690.579276 L 1000 1 1 9 0
1790947691.619308 L 1000 1 1 11 0
1790947692.675302 L 1000 1 1 9 0
1790947693.715313 L 1000 1 1 8 0
1790947694.767302 L 1000 1 1 9 0
1790947695.823309 L 1000 1 1 8 0
1790947696.967319 L 1000 1 1 8 0
1790947698.019318 L 1000 1 1 8 0
1790947699.067313 L 1000 1 1 10 0
1790947700.119301 L 1000 1 1 9 0
1790947701.163311 L 1000 1 1 5 0
1790947702.207710 L 1000 1 1 5 0
1790947703.363337 L 1000 1 1 2 0
1790947704.403303 L 1000 1 1 2 0
1790947705.451310 L 1000 1 1 3 0
1790947706.495306 L 1000 1 1 11 0
1790947707.555309 L 1000 1 1 10 0
1790947708.603655 L 1000 1 1 9 0
1790947709.755313 L 1000 1 1 13 0
1790947710.799282 L 1000 1 1 9 0
1790947711.855304 L 1000 1 1 5 0
1790947712.899314 L 1000 1 1 4 0
1790947713.947318 L 1000 1 1 7 0
1790947714.999287 L 1000 1 1 8 0
1790947716.147305 L 1000 1 1 4 0
1790947717.195299 L 1000 1 1 6 0
1790947718.243308 L 1000 1 1 8 0
1790947719.291305 L 1000 1 1 7 0
1790947720.335284 L 1000 1 1 8 0
1790947721.487292 L 1000 1 1 5 0
1790947722.531298 L 1000 1 1 6 0
1790947723.571381 L 1000 1 1 3 0
1790947724.611595 L 1000 1 2 8 0
1790947725.755780 L 1000 1 2 18 0
1790947726.795476 L 1000 1 2 11 0
1790947727.835371 L 1000 1 2 8 0
1790947728.875345 L 1000 1 2 9 0
1790947730.019434 L 1000 1 2 19 0
1790947731.059425 L 1000 1 2 11 0
1790947732.099376 L 1000 1 2 10 0
1790947733.139474 L 1000 1 2 20 0
1790947734.283433 L 1000 1 2 11 0
1790947735.323514 L 1000 1 2 8 0
1790947736.363341 L 1000 1 2 17 0
1790947737.507634 L 1000 1 2 12 0
1790947738.547508 L 1000 1 2 14 0
1790947739.587395 L 1000 1 2 15 0
1790947740.627346 L 1000 1 2 13 0
1790947741.771510 L 1000 1 2 11 0
1790947742.811526 L 1000 1 2 15 0
1790947743.851353 L 1000 1 2 11 0
1790947744.892162 L 1000 1 2 14 0
1790947746.035359 L 1000 1 2 8 0
1790947747.079592 L 1000 1 2 12 0
1790947748.119356 L 1000 1 2 9 0
1790947749.159949 L 1000 1 2 8 0
1790947750.303527 L 1000 1 2 14 0
1790947751.343363 L 1000 1 2 8 0
1790947752.383326 L 1000 1 2 18 0
1790947753.527664 L 1000 1 2 15 0
1790947754.567287 L 1000 1 1 13 0
1790947755.607384 L 1000 1 1 4 0
1790947756.651285 L 1000 1 1 8 0
1790947757.795294 L 1000 1 1 8 0
1790947758.835275 L 1000 1 1 11 0
1790947759.875304 L 1000 1 1 8 0
1790947760.915267 L 1000 1 1 2 0
1790947762.059293 L 1000 1 1 6 0
1790947763.099292 L 1000 1 1 6 0
1790947764.139292 L 1000 1 1 3 0
1790947765.179265 L 1000 1 1 6 0
1790947766.323289 L 1000 1 1 6 0
1790947767.363271 L 1000 1 1 6 0
1790947768.403292 L 1000 1 1 8 0
1790947769.443280 L 1000 1 1 6 0
1790947770.483440 L 1000 1 1 7 0
1790947771.627290 L 1000 1 1 4 0
1790947772.667289 L 1000 1 1 6 0
1790947773.707287 L 1000 1 1 5 0
1790947774.747438 L 1000 1 1 8 0
1790947775.895296 L 1000 1 1 4 0
1790947776.935270 L 1000 1 1 7 0
1790947777.975290 L 1000 1 1 4 0
1790947779.015268 L 1000 1 1 8 0
1790947780.159293 L 1000 1 1 5 0
1790947781.199269 L 1000 1 1 3 0
1790947782.239289 L 1000 1 1 3 0
1790947783.279290 L 1000 1 1 6 0
1790947784.423292 L 1000 1 1 3 0
1790947785.463272 L 1000 1 1 8 0
1790947786.503294 L 1000 1 1 6 0
1790947787.543302 L 1000 1 1 2 0
1790947788.599345 L 1000 1 1 22 0
1790947789.659906 L 1000 1 1 26 0
1790947790.807397 L 1000 1 1 35 0
1790947791.847414 L 1000 1 1 27 0
1790947792.887771 L 1000 1 1 28 0
1790947793.947525 L 1000 1 1 29 0
1790947794.999480 L 1000 1 1 23 0
1790947796.060475 L 1000 1 1 30 0
1790947797.123944 L 1000 1 1 29 0
1790947798.271497 L 1000 1 1 22 0
1790947799.335747 L 1000 1 1 10 0
1790947800.399398 L 1000 1 1 31 0
1790947801.463430 L 1000 1 1 25 0
1790947802.511400 L 1000 1 1 25 0
1790947803.571694 L 1000 1 1 26 0
1790947804.627458 L 1000 1 1 28 0
1790947805.679896 L 1000 1 1 26 0
1790947806.727581 L 1000 1 1 22 0
1790947807.783589 L 1000 1 1 26 0
1790947808.939343 L 1000 1 1 22 0
1790947809.999380 L 1000 1 1 30 0
1790947811.071327 L 1000 1 1 26 0
1790947812.123776 L 1000 1 1 16 0
1790947813.175399 L 1000 1 1 30 0
1790947814.227621 L 1000 1 1 18 0
1790947815.283434 L 1000 1 1 28 0
1790947816.347365 L 1000 1 1 26 0
1790947817.407424 L 1000 1 1 19 0
1790947818.451681 L 1000 1 1 17 0
1790947819.595292 L 1000 1 1 10 0
1790947820.648930 L 1000 1 1 6 0
1790947821.700082 L 1000 1 1 8 0
1790947822.760867 L 1000 1 1 8 0
1790947823.807306 L 1000 1 1 6 0
1790947824.847308 L 1000 1 1 10 0
1790947825.991304 L 1000 1 1 7 0
1790947827.047302 L 1000 1 1 8 0
1790947828.095535 L 1000 1 1 8 0
1790947829.143300 L 1000 1 1 8 0
1790947830.195302 L 1000 1 1 3 0
1790947831.339293 L 1000 1 1 9 0
1790947832.379532 L 1000 1 1 2 0
1790947833.419291 L 1000 1 1 2 0
1790947834.467297 L 1000 1 1 6 0
1790947835.511293 L 1000 1 1 5 0
1790947836.567297 L 1000 1 1 4 0
1790947837.715299 L 1000 1 1 5 0
1790947838.767297 L 1000 1 1 4 0
1790947839.809177 L 1000 1 1 7 0
1790947840.847297 L 1000 1 1 3 0
1790947841.907656 L 1000 1 1 2 0
1790947842.963298 L 1000 1 1 7 0
1790947844.119301 L 1000 1 1 8 0
1790947845.179291 L 1000 1 1 8 0
1790947846.227298 L 1000 1 1 2 0
1790947847.272169 L 1000 1 1 2 0
1790947848.311300 L 1000 1 1 3 0
1790947849.351298 L 1000 1 1 4 0
1790947850.495295 L 1000 1 1 3 0
1790947851.535271 L 1000 1 1 7 0
1790947852.579707 L 1000 1 13 33 0
1790947853.623651 L 1000 2 18 44 0
1790947854.775592 L 1000 1 17 50 0
1790947855.821026 L 1000 1 18 45 0
1790947856.867536 L 1000 2 18 45 0
1790947858.020269 L 1000 2 17 32 0
1790947859.059608 L 1000 2 16 32 0
1790947860.103825 L 1000 1 18 34 0
1790947861.251613 L 1000 1 18 48 0
1790947862.303660 L 1000 2 18 48 0
1790947863.355500 L 1000 2 17 34 0
1790947864.407887 L 1000 2 17 33 0
1790947865.551501 L 1000 2 17 46 0
1790947866.591671 L 1000 2 17 48 0
1790947867.635673 L 1000 1 17 49 0
1790947868.779628 L 1000 2 17 44 0
1790947869.827606 L 1000 2 16 54 0
1790947870.867693 L 1000 2 17 35 0
1790947872.011594 L 1000 2 17 32 0
1790947873.051431 L 1000 1 16 32 0
1790947874.095563 L 1000 2 17 42 0
1790947875.247634 L 1000 2 15 45 0
1790947876.287498 L 1000 2 18 34 0
1790947877.335690 L 1000 2 17 43 0
1790947878.487683 L 1000 1 18 55 0
1790947879.531615 L 1000 1 18 45 0
1790947880.583449 L 1000 1 19 33 0
1790947881.727654 L 1000 1 18 31 0
1790947882.767314 L 1000 1 2 55 0
1790947883.811683 L 1000 1 1 6 0
1790947885.031583 L 1000 1 9 37 0
1790947886.039053 L 1000 1 7 27 0
1790947887.065058 L 1000 2 10 27 0
1790947888.116418 L 1000 1 8 32 0
1790947889.253247 L 1000 1 8 32 0
1790947890.334334 L 1000 1 9 29 0
1790947891.419397 L 1000 1 12 35 0
1790947892.477514 L 1000 1 10 42 0
1790947893.559484 L 1000 1 10 38 0
1790947894.626267 L 1000 1 10 33 0
1790947895.736642 L 1000 1 8 35 0
1790947896.800272 L 1000 2 13 38 0
1790947897.956590 L 1000 1 11 34 0
1790947898.941419 L 1000 1 10 36 0
1790947900.020072 L 1000 1 9 38 0
1790947901.066805 L 1000 2 10 41 0
1790947902.114776 L 1000 2 10 28 0
1790947903.175210 L 1000 2 8 32 0
1790947904.208793 L 1000 2 11 33 0
1790947905.395437 L 1000 2 14 37 0
1790947906.410872 L 1000 2 13 37 0
1790947907.531521 L 1000 1 10 40 0
1790947908.593171 L 1000 1 8 32 0
1790947909.640630 L 1000 1 8 33 0
1790947910.734980 L 1000 2 9 47 0
1790947911.897132 L 1000 1 11 38 0
1790947912.887394 L 1000 2 14 37 0
1790947913.884122 L 1000 1 10 32 0
1790947914.899793 L 1000 1 1 11 0
1790947916.047290 L 1000 1 1 17 0
1790947917.133025 L 1000 1 10 32 0
1790947918.184445 L 1000 1 13 39 0
1790947919.230410 L 1000 1 11 45 0
1790947920.285482 L 1000 1 12 49 0
1790947921.542866 L 1000 1 8 35 0
1790947922.463446 L 1000 1 14 45 0
1790947923.500218 L 1000 1 17 47 0
1790947924.660749 L 1000 1 15 42 0
1790947925.671581 L 1000 1 8 62 0
1790947926.791644 L 1000 1 6 30 0
1790947927.805886 L 1000 1 16 45 0
1790947929.013374 L 1000 1 12 38 0
1790947930.073001 L 1000 1 11 35 0
1790947931.155103 L 1000 1 10 40 0
1790947932.179437 L 1000 1 10 41 0
1790947933.255914 L 1000 1 12 40 0
1790947934.332607 L 1000 1 16 39 0
1790947935.451518 L 1000 1 9 46 0
1790947936.480839 L 1000 1 13 58 0
1790947937.549430 L 1000 1 7 37 0
1790947938.536192 L 1000 1 12 37 0
1790947939.770726 L 1000 1 8 35 0
1790947940.791357 L 1000 1 7 34 0
1790947941.893763 L 1000 1 12 46 0
1790947942.841238 L 1000 1 14 37 0
1790947943.959806 L 1000 1 12 37 0
1790947945.003086 L 1000 1 17 53 0
1790947946.071832 L 1000 1 6 39 0
1790947947.195313 L 1000 1 2 22 0
1790947948.235305 L 1000 1 1 8 0
1790947949.287303 L 1000 1 1 6 0
1790947950.347269 L 1000 1 1 8 0
1790947951.407303 L 1000 1 1 3 0
1790947952.463269 L 1000 1 1 7 0
1790947953.519292 L 1000 1 1 6 0
1790947954.579271 L 1000 1 1 2 0
1790947955.631292 L 1000 1 1 4 0
1790947956.783295 L 1000 1 1 3 0
1790947957.835290 L 1000 1 1 8 0
1790947958.891271 L 1000 1 1 2 0
1790947959.951290 L 1000 1 1 5 0
1790947961.007279 L 1000 1 1 5 0
1790947962.067287 L 1000 1 1 6 0
1790947963.135290 L 1000 1 1 5 0
1790947964.203270 L 1000 1 1 8 0
1790947965.263288 L 1000 1 1 3 0
1790947966.323273 L 1000 1 1 2 0
1790947967.367298 L 1000 1 1 3 0
1790947968.407415 L 1000 1 1 2 0
1790947969.551298 L 1000 1 1 8 0
1790947970.591282 L 1000 1 1 6 0
1790947971.631300 L 1000 1 1 7 0
1790947972.671269 L 1000 1 1 7 0
1790947973.815298 L 1000 1 1 3 0
1790947974.855268 L 1000 1 1 6 0
1790947975.895296 L 1000 1 1 3 0
1790947976.935296 L 1000 1 1 6 0
1790947978.079296 L 1000 1 1 3 0
1790947979.119283 L 1000 1 1 5 0
1790947980.159281 L 1000 1 1 5 0
1790947981.207301 L 1000 1 1 8 0
1790947982.263311 L 1000 1 1 3 0
1790947983.407307 L 1000 1 1 9 0
1790947984.447307 L 1000 1 1 10 0
1790947985.487314 L 1000 1 1 10 0
1790947986.527325 L 1000 1 1 2 0
1790947987.671311 L 1000 1 1 4 0
1790947988.711294 L 1000 1 1 10 0
1790947989.751307 L 1000 1 1 9 0
1790947990.791292 L 1000 1 1 11 0
1790947991.935310 L 1000 1 1 10 0
1790947992.975289 L 1000 1 1 13 0
1790947994.015311 L 1000 1 1 12 0
1790947995.055309 L 1000 1 1 8 0
1790947996.199307 L 1000 1 1 10 0
1790947997.239306 L 1000 1 1 4 0
1790947998.279316 L 1000 1 1 8 0
1790947999.319397 L 1000 1 1 9 0
1790948000.463296 L 1000 1 1 8 0
1790948001.503317 L 1000 1 1 9 0
1790948002.543312 L 1000 1 1 9 0
1790948003.583299 L 1000 1 1 4 0
1790948004.727290 L 1000 1 1 10 0
1790948005.775298 L 1000 1 1 13 0
1790948006.827295 L 1000 1 1 10 0
1790948007.871312 L 1000 1 1 4 0
1790948008.911296 L 1000 1 1 7 0
1790948010.055312 L 1000 1 1 7 0
1790948011.095347 L 1000 1 1 4 0
1790948012.139346 L 1000 1 1 12 0
1790948013.179415 L 1000 1 2 40 0
1790948014.323373 L 1000 1 16 48 0
1790948015.363610 L 1000 1 17 55 0
1790948016.404385 L 1000 1 15 63 0
1790948017.547596 L 1000 1 14 51 0
1790948018.591639 L 1000 1 15 52 0
1790948019.639359 L 1000 1 15 47 0
1790948020.679532 L 1000 1 14 42 0
1790948021.823499 L 1000 1 14 57 0
1790948022.867366 L 1000 1 14 80 0
1790948023.907681 L 1000 1 14 52 0
1790948025.051403 L 1000 1 12 49 0
1790948026.101974 L 1000 1 13 63 0
1790948027.147403 L 1000 1 14 60 0
1790948028.291706 L 1000 1 14 81 0
1790948029.331340 L 1000 1 15 63 0
1790948030.379367 L 1000 1 14 42 0
1790948031.419668 L 1000 1 14 55 0
1790948032.563419 L 1000 1 14 53 0
1790948033.603506 L 1000 1 14 59 0
1790948034.645584 L 1000 1 13 40 0
1790948035.787653 L 1000 1 14 54 0
1790948036.827670 L 1000 1 15 67 0
1790948037.867597 L 1000 1 14 61 0
1790948039.011566 L 1000 1 13 58 0
1790948040.051331 L 1000 1 14 58 0
1790948041.104078 L 1000 1 13 53 0
1790948042.251457 L 1000 1 13 46 0
1790948043.291338 L 1000 1 13 46 0
1790948044.331316 L 1000 1 1 7 0
1790948045.371315 L 1000 1 1 10 0
1790948046.431290 L 1000 1 1 6 0
1790948047.499357 L 1000 1 1 3 0
1790948048.555507 L 1000 1 1 3 0
1790948049.619641 L 1000 1 1 13 0
1790948050.783319 L 1000 1 1 9 0
1790948051.839292 L 1000 1 1 11 0
1790948052.899327 L 1000 1 1 9 0
1790948053.959328 L 1000 1 1 15 0
1790948055.011319 L 1000 1 1 7 0
1790948056.055315 L 1000 1 1 11 0
1790948057.119312 L 1000 1 1 12 0
1790948058.175317 L 1000 1 1 6 0
1790948059.215755 L 1000 1 1 11 0
1790948060.359787 L 1000 1 1 12 0
1790948061.399385 L 1000 1 1 2 0
1790948062.439403 L 1000 1 1 10 0
1790948063.479812 L 1000 1 1 12 0
1790948064.623994 L 1000 1 1 11 0
1790948065.663417 L 1000 1 1 11 0
1790948066.703450 L 1000 1 1 4 0
1790948067.743741 L 1000 1 1 7 0
1790948068.887740 L 1000 1 1 4 0
1790948069.927345 L 1000 1 1 7 0
1790948070.967331 L 1000 1 1 7 0
1790948072.007396 L 1000 1 1 4 0
1790948073.151423 L 1000 1 1 8 0
1790948074.191403 L 1000 1 1 3 0
1790948075.231300 L 1000 1 1 2 0
1790948076.271293 L 1000 1 1 5 0
1790948077.424207 L 1000 1 1 7 0
1790948078.471342 L 1000 1 1 6 0
1790948079.519107 L 1000 1 1 7 0
1790948080.555768 L 1000 1 1 8 0
1790948081.624265 L 1000 1 1 8 0
1790948082.751340 L 1000 1 1 3 0
1790948083.791300 L 1000 1 1 7 0
1790948084.842958 L 1000 1 1 3 0
1790948085.899817 L 1000 1 1 3 0
1790948086.932037 L 1000 1 1 7 0
1790948087.998238 L 1000 1 1 6 0
1790948089.143423 L 1000 1 1 8 0
1790948090.196614 L 1000 1 1 5 0
1790948091.257496 L 1000 1 1 8 0
1790948092.298390 L 1000 1 1 3 0
1790948093.341502 L 1000 1 1 20 0
1790948094.491727 L 1000 1 1 7 0
1790948095.556585 L 1000 1 1 9 0
1790948096.599307 L 1000 1 1 7 0
1790948097.654465 L 1000 1 1 7 0
1790948098.687308 L 1000 1 1 4 0
1790948099.735310 L 1000 1 1 6 0
1790948100.787162 L 1000 1 1 9 0
1790948101.946884 L 1000 1 1 7 0
1790948102.986608 L 1000 1 1 8 0
1790948104.024385 L 1000 1 1 3 0
1790948105.073081 L 1000 1 1 10 0
1790948106.125143 L 1000 1 1 3 0
1790948107.271307 L 1000 1 1 8 0
1790948108.311295 L 1000 1 1 5 0
1790948109.355392 L 1000 1 2 46 0
1790948110.395395 L 1000 1 14 30 0
1790948111.539390 L 1000 1 8 21 0
1790948112.579403 L 1000 1 10 30 0
1790948113.619372 L 1000 1 11 31 0
1790948114.763406 L 1000 1 12 30 0
1790948115.803369 L 1000 1 12 38 0
1790948116.843342 L 1000 1 8 24 0
1790948117.887694 L 1000 1 9 29 0
1790948119.031377 L 1000 1 12 30 0
1790948120.071372 L 1000 1 11 42 0
1790948121.115557 L 1000 1 11 41 0
1790948122.259369 L 1000 1 8 33 0
1790948123.299389 L 1000 1 14 29 0
1790948124.347917 L 1000 1 12 32 0
1790948125.387379 L 1000 1 11 30 0
1790948126.531402 L 1000 1 8 26 0
1790948127.571371 L 1000 1 11 31 0
1790948128.611330 L 1000 1 10 31 0
1790948129.755381 L 1000 1 12 29 0
1790948130.799375 L 1000 1 8 27 0
1790948131.839459 L 1000 1 10 29 0
1790948132.983415 L 1000 1 8 27 0
1790948134.023380 L 1000 1 9 28 0
1790948135.063372 L 1000 1 12 31 0
1790948136.103441 L 1000 1 9 28 0
1790948137.251356 L 1000 1 10 29 0
1790948138.291414 L 1000 1 10 38 0
1790948139.335301 L 1000 1 9 34 0
1790948140.375270 L 1000 1 1 2 0
1790948141.529159 L 1000 1 1 7 0
1790948142.575419 L 1000 1 1 15 0
1790948143.619456 L 1000 1 1 11 0
1790948144.667390 L 1000 1 1 10 0
1790948145.712809 L 1000 1 1 10 0
1790948146.872692 L 1000 1 1 11 0
1790948147.915878 L 1000 1 1 18 0
1790948148.967386 L 1000 1 1 11 0
1790948150.024584 L 1000 1 1 11 0
1790948151.083368 L 1000 1 1 11 0
1790948152.143881 L 1000 1 1 10 0
1790948153.184274 L 1000 1 1 9 0
1790948154.335423 L 1000 1 1 10 0
1790948155.383421 L 1000 1 1 15 0
1790948156.431372 L 1000 1 1 14 0
1790948157.476666 L 1000 1 1 14 0
1790948158.516839 L 1000 1 1 13 0
1790948159.667366 L 1000 1 1 13 0
1790948160.707375 L 1000 1 1 11 0
1790948161.752160 L 1000 1 1 9 0
1790948162.815515 L 1000 1 1 10 0
1790948163.867399 L 1000 1 1 10 0
1790948164.911626 L 1000 1 1 12 0
1790948166.059370 L 1000 1 1 10 0
1790948167.107952 L 1000 1 1 11 0
1790948168.163410 L 1000 1 1 10 0
1790948169.203408 L 1000 1 1 9 0
1790948170.256136 L 1000 1 1 11 0
1790948171.315317 L 1000 1 1 8 0
1790948172.459266 L 1000 1 1 2 0
1790948173.499298 L 1000 1 1 10 0
1790948174.539297 L 1000 1 1 3 0
1790948175.579308 L 1000 1 1 10 0
1790948176.723300 L 1000 1 1 2 0
1790948177.763296 L 1000 1 1 6 0
1790948178.803307 L 1000 1 1 3 0
1790948179.843299 L 1000 1 1 6 0
1790948180.987298 L 1000 1 1 10 0
1790948182.027298 L 1000 1 1 10 0
1790948183.071295 L 1000 1 1 3 0
1790948184.111305 L 1000 1 1 3 0
1790948185.255302 L 1000 1 1 6 0
1790948186.295299 L 1000 1 1 9 0
1790948187.335299 L 1000 1 1 17 0
1790948188.375300 L 1000 1 1 9 0
1790948189.519300 L 1000 1 1 10 0
1790948190.559299 L 1000 1 1 10 0
1790948191.599351 L 1000 1 1 11 0
1790948192.639473 L 1000 1 1 10 0
1790948193.783301 L 1000 1 1 10 0
1790948194.823296 L 1000 1 1 9 0
1790948195.863301 L 1000 1 1 3 0
1790948196.903283 L 1000 1 1 8 0
1790948198.047300 L 1000 1 1 3 0
1790948199.087308 L 1000 1 1 7 0
1790948200.127300 L 1000 1 1 7 0
1790948201.167567 L 1000 1 1 3 0
1790948202.315298 L 1000 1 1 10 0
1790948203.355388 L 1000 1 1 3 0
1790948204.395311 L 1000 1 1 9 0
1790948205.439672 L 1000 1 1 8 0
1790948206.583439 L 1000 3 6 47 0
1790948207.623452 L 1000 4 6 16 0
1790948208.663440 L 1000 4 6 26 0
1790948209.703463 L 1000 2 5 25 0
1790948210.847436 L 1000 4 5 21 0
1790948211.891443 L 1000 3 5 22 0
1790948212.931444 L 1000 3 5 22 0
1790948214.075441 L 1000 3 5 19 0
1790948215.119452 L 1000 3 5 21 0
1790948216.159434 L 1000 3 5 23 0
1790948217.303443 L 1000 3 6 20 0
1790948218.343449 L 1000 2 6 22 0
1790948219.383462 L 1000 1 5 22 0
1790948220.423435 L 1000 3 6 20 0
1790948221.567466 L 1000 3 5 23 0
1790948222.611468 L 1000 3 6 13 0
1790948223.651458 L 1000 3 5 23 0
1790948224.795459 L 1000 4 5 23 0
1790948225.835471 L 1000 3 5 25 0
1790948226.875464 L 1000 3 5 23 0
1790948227.915760 L 1000 3 5 21 0
1790948229.059470 L 1000 3 5 21 0
1790948230.099455 L 1000 3 5 23 0
1790948231.139433 L 1000 3 5 22 0
1790948232.287452 L 1000 4 5 22 0
1790948233.327473 L 1000 2 5 24 0
1790948234.367452 L 1000 2 5 22 0
1790948235.411336 L 1000 1 5 23 0
1790948236.555274 L 1000 1 1 10 0
1790948237.599297 L 1000 1 1 5 0
1790948238.643297 L 1000 1 1 2 0
1790948239.687301 L 1000 1 1 3 0
1790948240.831307 L 1000 1 1 7 0
1790948241.871296 L 1000 1 1 5 0
1790948242.911299 L 1000 1 1 4 0
1790948243.951313 L 1000 1 1 6 0
1790948244.999327 L 1000 1 1 14 0
1790948246.151293 L 1000 1 1 6 0
1790948247.199299 L 1000 1 1 8 0
1790948248.243297 L 1000 1 1 7 0
1790948249.287312 L 1000 1 1 5 0
1790948250.327705 L 1000 1 1 6 0
1790948251.471296 L 1000 1 1 8 0
1790948252.511298 L 1000 1 1 3 0
1790948253.551301 L 1000 1 1 10 0
1790948254.599316 L 1000 1 1 11 0
1790948255.751299 L 1000 1 1 8 0
1790948256.803295 L 1000 1 1 8 0
1790948257.855306 L 1000 1 1 3 0
1790948258.907328 L 1000 1 1 3 0
1790948259.951306 L 1000 1 1 4 0
1790948260.991336 L 1000 1 1 3 0
1790948262.143301 L 1000 1 1 3 0
1790948263.183309 L 1000 1 1 8 0
1790948264.231300 L 1000 1 1 11 0
1790948265.279316 L 1000 1 1 8 0
1790948266.327305 L 1000 1 1 4 0
1790948267.475287 L 1000 1 1 10 0
1790948268.515291 L 1000 1 1 14 0
1790948269.567451 L 1000 1 1 12 0
1790948270.603546 L 1000 2 12 42 0
1790948271.751585 L 1000 2 11 44 0
1790948272.803470 L 1000 2 11 27 0
1790948273.847576 L 1000 2 12 36 0
1790948274.991532 L 1000 2 12 29 0
1790948276.031697 L 1000 2 12 27 0
1790948277.075430 L 1000 1 12 33 0
1790948278.119758 L 1000 2 11 27 0
1790948279.263501 L 1000 2 12 34 0
1790948280.311564 L 1000 2 11 28 0
1790948281.347760 L 1000 2 11 30 0
1790948282.491668 L 1000 2 14 30 0
1790948283.535561 L 1000 2 12 30 0
1790948284.583468 L 1000 2 11 36 0
1790948285.727629 L 1000 2 12 30 0
1790948286.771648 L 1000 2 11 45 0
1790948287.811615 L 1000 2 11 31 0
1790948288.955572 L 1000 2 10 32 0
1790948289.999431 L 1000 1 10 31 0
1790948291.047514 L 1000 2 12 38 0
1790948292.199445 L 1000 2 12 28 0
1790948293.243505 L 1000 2 12 37 0
1790948294.287508 L 1000 2 12 32 0
1790948295.331716 L 1000 2 12 51 0
1790948296.479487 L 1000 2 12 34 0
1790948297.523616 L 1000 2 12 44 0
1790948298.576079 L 1000 2 11 39 0
1790948299.719284 L 1000 1 10 26 0
1790948300.759292 L 1000 1 1 6 0
1790948301.803635 L 1000 1 4 35 0
1790948302.843825 L 1000 1 24 51 0
1790948303.991572 L 1000 6 32 83 0
1790948305.031637 L 1000 1 15 45 0
1790948306.177186 L 1000 4 31 52 0
1790948307.215775 L 1000 9 36 86 0
1790948308.367897 L 1000 21 36 76 0
1790948309.415848 L 1000 10 36 68 0
1790948310.471727 L 1000 19 36 60 0
1790948311.523820 L 1000 12 34 68 0
1790948312.675423 L 1000 4 31 87 0
1790948313.723321 L 1000 1 3 47 0
1790948314.799354 L 1000 1 1 10 0
1790948315.851803 L 1000 1 23 47 0
1790948317.007735 L 1000 19 36 78 0
1790948318.067727 L 1000 15 36 64 0
1790948319.123754 L 1000 13 34 66 0
1790948320.171674 L 1000 8 25 69 0
1790948321.323744 L 1000 1 14 60 0
1790948322.367389 L 1000 1 6 31 0
1790948323.407468 L 1000 1 15 38 0
1790948324.551438 L 1000 1 1 12 0
1790948325.591701 L 1000 2 17 41 0
1790948326.631818 L 1000 6 30 54 0
1790948327.779368 L 1000 1 20 59 0
1790948328.815646 L 1000 2 21 42 0
1790948329.964885 L 1000 8 32 63 0
1790948331.003771 L 1000 11 36 75 0
1790948332.147302 L 1000 1 19 55 0
1790948333.187296 L 1000 1 1 5 0
1790948334.231797 L 1000 1 10 65 0
1790948335.279378 L 1000 1 12 41 0
1790948336.431743 L 1000 1 13 35 0
1790948337.483605 L 1000 1 7 42 0
1790948338.539529 L 1000 1 16 54 0
1790948339.699757 L 1000 1 8 50 0
1790948340.759358 L 1000 1 13 40 0
1790948341.811819 L 1000 1 12 41 0
1790948342.855716 L 1000 1 9 42 0
1790948343.999687 L 1000 6 15 41 0
1790948345.039715 L 1000 1 8 50 0
1790948346.083387 L 1000 1 15 51 0
1790948347.230358 L 1000 1 10 29 0
1790948348.267354 L 1000 1 9 59 0
1790948349.311595 L 1000 1 14 39 0
1790948350.455771 L 1000 7 13 40 0
1790948351.495360 L 1000 1 6 57 0
1790948352.639776 L 1000 1 9 30 0
1790948353.683779 L 1000 7 14 50 0
1790948354.723387 L 1000 1 11 37 0
1790948355.867650 L 1000 1 2 20 0
1790948356.911818 L 1000 1 16 59 0
1790948357.951671 L 1000 6 13 51 0
1790948359.095382 L 1000 1 7 35 0
1790948360.139741 L 1000 1 6 24 0
1790948361.283722 L 1000 5 13 48 0
1790948362.343348 L 1000 1 12 38 0
1790948363.395702 L 1000 1 1 13 0
1790948364.435303 L 1000 1 7 58 0
1790948365.579296 L 1000 1 1 9 0
1790948366.627619 L 1000 1 23 43 0
1790948367.667868 L 1000 6 31 68 0
1790948368.823671 L 1000 5 30 58 0
1790948369.871568 L 1000 14 31 58 0
1790948370.923659 L 1000 9 30 62 0
1790948372.071554 L 1000 9 30 56 0
1790948373.115677 L 1000 9 30 55 0
1790948374.271565 L 1000 10 31 57 0
1790948375.311578 L 1000 9 30 58 0
1790948376.355647 L 1000 9 30 61 0
1790948377.503636 L 1000 15 31 64 0
1790948378.543632 L 1000 11 31 59 0
1790948379.687638 L 1000 16 31 66 0
1790948380.727626 L 1000 8 30 54 0
1790948381.875507 L 1000 11 31 56 0
1790948382.911683 L 1000 3 29 60 0
1790948384.055668 L 1000 9 31 56 0
1790948385.099617 L 1000 6 30 60 0
1790948386.244567 L 1000 10 30 63 0
1790948387.283618 L 1000 6 30 55 0
1790948388.327679 L 1000 9 31 56 0
1790948389.471631 L 1000 9 30 43 0
1790948390.511582 L 1000 13 30 59 0
1790948391.659627 L 1000 7 31 51 0
1790948392.699656 L 1000 11 31 58 0
1790948393.843623 L 1000 11 30 58 0
1790948394.883565 L 1000 7 31 62 0
1790948395.923565 L 1000 1 26 55 0
1790948397.067293 L 1000 1 1 8 0
1790948398.111722 L 1000 1 1 9 0
1790948399.151727 L 1000 1 2 14 0
1790948400.193318 L 1000 1 2 12 0
1790948401.335486 L 1000 1 2 10 0
1790948402.376298 L 1000 1 2 14 0
1790948403.416032 L 1000 1 2 16 0
1790948404.560063 L 1000 1 2 22 0
1790948405.600174 L 1000 1 2 19 0
1790948406.640292 L 1000 1 2 20 0
1790948407.679872 L 1000 1 2 13 0
1790948408.823528 L 1000 1 1 16 0
1790948409.863429 L 1000 1 2 20 0
1790948410.911646 L 1000 1 2 18 0
1790948411.953497 L 1000 1 2 16 0
1790948413.095347 L 1000 1 2 21 0
1790948414.136166 L 1000 1 2 18 0
1790948415.175401 L 1000 1 2 16 0
1790948416.319456 L 1000 1 2 10 0
1790948417.368653 L 1000 1 1 18 0
1790948418.411431 L 1000 1 1 22 0
1790948419.455627 L 1000 1 2 18 0
1790948420.600098 L 1000 1 2 16 0
1790948421.640297 L 1000 1 2 9 0
1790948422.679670 L 1000 1 1 12 0
1790948423.721626 L 1000 1 2 25 0
1790948424.864482 L 1000 1 2 17 0
1790948425.905390 L 1000 1 1 26 0
1790948426.944918 L 1000 1 2 16 0
1790948428.087313 L 1000 1 2 17 0
1790948429.127333 L 1000 1 1 10 0
1790948430.171305 L 1000 1 1 10 0
1790948431.211303 L 1000 1 1 3 0
1790948432.355296 L 1000 1 1 2 0
1790948433.399335 L 1000 1 1 7 0
1790948434.443296 L 1000 1 1 2 0
1790948435.495309 L 1000 1 1 10 0
1790948436.547330 L 1000 1 1 12 0
1790948437.603319 L 1000 1 1 10 0
1790948438.659301 L 1000 1 1 8 0
1790948439.815310 L 1000 1 1 5 0
1790948440.867281 L 1000 1 1 2 0
1790948441.919310 L 1000 1 1 5 0
1790948442.979280 L 1000 1 1 8 0
1790948444.031297 L 1000 1 1 6 0
1790948445.071291 L 1000 1 1 6 0
1790948446.119300 L 1000 1 1 11 0
1790948447.171347 L 1000 1 1 6 0
1790948448.339282 L 1000 1 1 2 0
1790948449.387296 L 1000 1 1 3 0
1790948450.447281 L 1000 1 1 2 0
1790948451.503297 L 1000 1 1 4 0
1790948452.555282 L 1000 1 1 7 0
1790948453.599299 L 1000 1 1 3 0
1790948454.655288 L 1000 1 1 9 0
1790948455.715298 L 1000 1 1 3 0
1790948456.771304 L 1000 1 1 6 0
1790948457.823312 L 1000 1 1 6 0
1790948458.979281 L 1000 1 1 2 0
1790948460.027302 L 1000 1 1 2 0
1790948461.067295 L 1000 1 1 5 0
1790948462.108367 L 1000 1 1 11 0
1790948463.152460 L 1000 1 2 18 0
1790948464.301241 L 1000 1 1 19 0
1790948465.348582 L 1000 1 1 8 0
1790948466.389424 L 1000 1 1 10 0
1790948467.439402 L 1000 1 1 9 0
1790948468.483912 L 1000 1 1 9 0
1790948469.635311 L 1000 1 1 12 0
1790948470.684251 L 1000 1 1 2 0
1790948471.729666 L 1000 1 1 3 0
1790948472.771848 L 1000 1 1 10 0
1790948473.815337 L 1000 1 1 10 0
1790948474.967375 L 1000 1 1 6 0
1790948476.017836 L 1000 1 1 2 0
1790948477.061469 L 1000 1 1 10 0
1790948478.115624 L 1000 1 1 8 0
1790948479.182673 L 1000 1 1 8 0
1790948480.235574 L 1000 1 1 5 0
1790948481.284925 L 1000 1 1 2 0
1790948482.435300 L 1000 1 1 5 0
1790948483.483283 L 1000 1 1 2 0
1790948484.528592 L 1000 1 1 9 0
1790948485.577791 L 1000 1 1 8 0
1790948486.635395 L 1000 1 1 8 0
1790948487.707341 L 1000 1 1 9 0
1790948488.780753 L 1000 1 1 6 0
1790948489.848639 L 1000 1 1 3 0
1790948490.915300 L 1000 1 1 3 0
1790948491.983304 L 1000 1 1 6 0
1790948493.023275 L 1000 1 1 9 0
1790948494.071304 L 1000 1 1 4 0
1790948495.131285 L 1000 1 1 5 0
1790948496.275281 L 1000 1 1 3 0
1790948497.315293 L 1000 1 1 5 0
1790948498.355298 L 1000 1 1 6 0
1790948499.399279 L 1000 1 1 2 0
1790948500.547294 L 1000 1 1 5 0
1790948501.587306 L 1000 1 1 3 0
1790948502.635301 L 1000 1 1 7 0
1790948503.675292 L 1000 1 1 2 0
1790948504.715282 L 1000 1 1 3 0
1790948505.859305 L 1000 1 1 6 0
1790948506.899293 L 1000 1 1 3 0
1790948507.939294 L 1000 1 1 3 0
1790948508.979282 L 1000 1 1 2 0
1790948510.123290 L 1000 1 1 3 0
1790948511.163281 L 1000 1 1 2 0
1790948512.203294 L 1000 1 1 6 0
1790948513.243281 L 1000 1 1 9 0
1790948514.391294 L 1000 1 1 7 0
1790948515.431281 L 1000 1 1 2 0
1790948516.471292 L 1000 1 1 8 0
1790948517.511283 L 1000 1 1 2 0
1790948518.551286 L 1000 1 1 3 0
1790948519.695282 L 1000 1 1 8 0
1790948520.735292 L 1000 1 1 3 0
1790948521.775292 L 1000 1 1 3 0
1790948522.815550 L 1000 1 1 3 0
1790948523.959293 L 1000 1 1 6 0
1790948524.999303 L 1000 1 1 6 0
1790948526.039304 L 1000 1 1 4 0
1790948527.099301 L 1000 1 1 16 0
1790948528.155301 L 1000 1 1 11 0
1790948529.219280 L 1000 1 1 10 0
1790948530.279298 L 1000 1 1 10 0
1790948531.439281 L 1000 1 1 9 0
1790948532.495301 L 1000 1 1 8 0
1790948533.551285 L 1000 1 1 7 0
1790948534.603297 L 1000 1 1 4 0
1790948535.663272 L 1000 1 1 9 0
1790948536.719290 L 1000 1 1 6 0
1790948537.771278 L 1000 1 1 8 0
1790948538.835291 L 1000 1 1 6 0
1790948539.903309 L 1000 1 1 2 0
1790948540.959271 L 1000 1 1 3 0
1790948542.007288 L 1000 1 1 4 0
1790948543.063272 L 1000 1 1 2 0
1790948544.215290 L 1000 1 1 3 0
1790948545.275271 L 1000 1 1 2 0
1790948546.335289 L 1000 1 1 5 0
1790948547.399287 L 1000 1 1 2 0
1790948548.459291 L 1000 1 1 6 0
1790948549.527274 L 1000 1 1 5 0
1790948550.583289 L 1000 1 1 8 0
1790948551.631288 L 1000 1 1 6 0
1790948552.687289 L 1000 1 1 4 0
1790948553.747277 L 1000 1 1 2 0
1790948554.791291 L 1000 1 1 3 0
1790948555.851269 L 1000 1 1 6 0
1790948556.999289 L 1000 1 1 4 0
1790948558.039283 L 1000 1 1 2 0
1790948559.099295 L 1000 1 1 6 0
1790948560.155293 L 1000 1 1 4 0
1790948561.211275 L 1000 1 1 2 0
1790948562.275298 L 1000 1 1 3 0
1790948563.327275 L 1000 1 1 7 0
1790948564.375296 L 1000 1 1 6 0
1790948565.423276 L 1000 1 1 6 0
1790948566.575281 L 1000 1 1 3 0
1790948567.631270 L 1000 1 1 8 0
1790948568.687288 L 1000 1 1 4 0
1790948569.751275 L 1000 1 1 8 0
1790948570.807289 L 1000 1 1 5 0
1790948571.871292 L 1000 1 1 6 0
1790948572.931293 L 1000 1 1 7 0
1790948573.995278 L 1000 1 1 2 0
1790948575.055293 L 1000 1 1 4 0
1790948576.119329 L 1000 1 1 2 0
1790948577.183292 L 1000 1 1 3 0
1790948578.227296 L 1000 1 1 7 0
1790948579.275278 L 1000 1 1 8 0
1790948580.423289 L 1000 1 1 3 0
1790948581.475277 L 1000 1 1 2 0
1790948582.527292 L 1000 1 1 5 0
1790948583.571271 L 1000 1 1 2 0
1790948584.619293 L 1000 1 1 6 0
1790948585.663475 L 1000 1 1 5 0
1790948586.827289 L 1000 1 1 3 0
1790948587.883271 L 1000 1 1 6 0
1790948588.935292 L 1000 1 1 6 0
1790948589.975277 L 1000 1 1 2 0
1790948591.023335 L 1000 1 1 21 0
1790948592.071329 L 1000 1 1 9 0
1790948593.215313 L 1000 1 1 6 0
1790948594.267294 L 1000 1 1 10 0
1790948595.319362 L 1000 1 1 8 0
1790948596.379358 L 1000 1 1 9 0
1790948597.435348 L 1000 1 1 4 0
1790948598.491334 L 1000 1 1 5 0
1790948599.547343 L 1000 1 1 7 0
1790948600.607335 L 1000 1 1 9 0
1790948601.659301 L 1000 1 1 4 0
1790948602.715325 L 1000 1 1 9 0
1790948603.775783 L 1000 1 1 3 0
1790948604.931333 L 1000 1 1 12 0
1790948605.987322 L 1000 1 1 10 0
1790948607.031349 L 1000 1 1 12 0
1790948608.091340 L 1000 1 1 15 0
1790948609.155332 L 1000 1 1 8 0
1790948610.211320 L 1000 1 1 11 0
1790948611.259339 L 1000 1 1 13 0
1790948612.307317 L 1000 1 1 9 0
1790948613.367650 L 1000 1 1 20 0
1790948614.535317 L 1000 1 1 10 0
1790948615.595316 L 1000 1 1 9 0
1790948616.659325 L 1000 1 1 8 0
1790948617.731343 L 1000 1 1 8 0
1790948618.787339 L 1000 1 1 11 0
1790948619.839343 L 1000 1 1 12 0
1790948620.895303 L 1000 1 1 10 0
1790948621.935308 L 1000 1 1 11 0
1790948622.991304 L 1000 1 1 8 0
1790948624.039301 L 1000 1 1 2 0
1790948625.095653 L 1000 1 1 8 0
1790948626.247295 L 1000 1 1 11 0
1790948627.311307 L 1000 1 1 6 0
1790948628.359291 L 1000 1 1 9 0
1790948629.427300 L 1000 1 1 7 0
1790948630.491305 L 1000 1 1 2 0
1790948631.535291 L 1000 1 1 9 0
1790948632.579323 L 1000 1 1 7 0
1790948633.631299 L 1000 1 1 2 0
1790948634.687615 L 1000 1 1 10 0
1790948635.835292 L 1000 1 1 8 0
1790948636.887325 L 1000 1 1 8 0
1790948637.931304 L 1000 1 1 9 0
1790948638.983331 L 1000 1 1 9 0
1790948640.035296 L 1000 1 1 10 0
1790948641.087324 L 1000 1 1 5 0
1790948642.247315 L 1000 1 1 17 0
1790948643.295323 L 1000 1 1 8 0
1790948644.347299 L 1000 1 1 9 0
1790948645.403316 L 1000 1 1 11 0
1790948646.455295 L 1000 1 1 10 0
1790948647.507319 L 1000 1 1 8 0
1790948648.559328 L 1000 1 1 10 0
1790948649.715298 L 1000 1 1 8 0
1790948650.775315 L 1000 1 1 9 0
1790948651.831292 L 1000 1 1 3 0
1790948652.879313 L 1000 1 1 9 0
1790948653.919287 L 1000 1 1 3 0
1790948654.971305 L 1000 1 1 10 0
1790948656.023297 L 1000 1 1 9 0
1790948657.167318 L 1000 1 1 18 0
1790948658.207310 L 1000 1 1 2 0
1790948659.247303 L 1000 1 1 4 0
1790948660.287287 L 1000 1 1 8 0
1790948661.431311 L 1000 1 1 8 0
1790948662.471308 L 1000 1 1 9 0
1790948663.511315 L 1000 1 1 10 0
1790948664.551290 L 1000 1 1 2 0
1790948665.695304 L 1000 1 1 11 0
1790948666.735304 L 1000 1 1 2 0
1790948667.775305 L 1000 1 1 3 0
1790948668.815316 L 1000 1 1 10 0
1790948669.959291 L 1000 1 1 6 0
1790948670.999311 L 1000 1 1 9 0
1790948672.039294 L 1000 1 1 2 0
1790948673.079303 L 1000 1 1 10 0
1790948674.223292 L 1000 1 1 10 0
1790948675.263304 L 1000 1 1 11 0
1790948676.303287 L 1000 1 1 10 0
1790948677.343307 L 1000 1 1 9 0
1790948678.487291 L 1000 1 1 10 0
1790948679.527306 L 1000 1 1 7 0
1790948680.567286 L 1000 1 1 2 0
1790948681.611302 L 1000 1 1 7 0
1790948682.651523 L 1000 1 1 6 0
1790948683.795301 L 1000 1 1 7 0
1790948684.835304 L 1000 1 1 7 0
1790948685.875267 L 1000 1 1 10 0
1790948686.919334 L 1000 1 1 7 0
1790948688.063328 L 1000 1 1 4 0
1790948689.103314 L 1000 1 1 7 0
1790948690.143299 L 1000 1 1 3 0
1790948691.187331 L 1000 1 1 8 0
1790948692.331328 L 1000 1 1 3 0
1790948693.371325 L 1000 1 1 8 0
1790948694.411313 L 1000 1 1 9 0
1790948695.451325 L 1000 1 1 7 0
1790948696.595298 L 1000 1 1 3 0
1790948697.635322 L 1000 1 1 4 0
1790948698.675303 L 1000 1 1 3 0
1790948699.715318 L 1000 1 1 5 0
1790948700.859283 L 1000 1 1 8 0
1790948701.899306 L 1000 1 1 13 0
1790948702.939332 L 1000 1 1 9 0
1790948703.979303 L 1000 1 1 2 0
1790948705.123313 L 1000 1 1 4 0
1790948706.163305 L 1000 1 1 7 0
1790948707.203307 L 1000 1 1 4 0
1790948708.247321 L 1000 1 1 9 0
1790948709.287588 L 1000 1 1 8 0
1790948710.431310 L 1000 1 1 4 0
1790948711.471328 L 1000 1 1 6 0
1790948712.511318 L 1000 1 1 4 0
1790948713.551331 L 1000 1 1 7 0
1790948714.695306 L 1000 1 1 7 0
1790948715.735325 L 1000 1 1 4 0
1790948716.775294 L 1000 1 1 8 0
1790948717.815292 L 1000 1 1 7 0
1790948718.963288 L 1000 1 1 6 0
1790948720.003297 L 1000 1 1 4 0
1790948721.051313 L 1000 1 1 3 0
1790948722.095297 L 1000 1 1 6 0
1790948723.143315 L 1000 1 1 5 0
1790948724.287294 L 1000 1 1 2 0
1790948725.327308 L 1000 1 1 3 0
1790948726.379300 L 1000 1 1 2 0
1790948727.427330 L 1000 1 1 4 0
1790948728.471297 L 1000 1 1 7 0
1790948729.627311 L 1000 1 1 6 0
1790948730.671298 L 1000 1 1 7 0
1790948731.723307 L 1000 1 1 9 0
1790948732.771308 L 1000 1 1 7 0
1790948733.823305 L 1000 1 1 8 0
1790948734.867290 L 1000 1 1 7 0
1790948735.915292 L 1000 1 1 3 0
1790948737.059284 L 1000 1 1 3 0
1790948738.107310 L 1000 1 1 3 0
1790948739.159319 L 1000 1 1 3 0
1790948740.211297 L 1000 1 1 6 0
1790948741.255328 L 1000 1 1 7 0
1790948742.403288 L 1000 1 1 7 0
1790948743.451311 L 1000 1 1 4 0
1790948744.503292 L 1000 1 1 2 0
1790948745.555307 L 1000 1 1 5 0
1790948746.599294 L 1000 1 1 2 0
1790948747.647306 L 1000 1 1 5 0
1790948748.795288 L 1000 1 1 2 0
1790948749.835291 L 1000 1 1 3 0
1790948750.879301 L 1000 1 1 4 0
1790948751.919304 L 1000 1 1 7 0
1790948752.963302 L 1000 1 1 3 0
1790948754.107307 L 1000 1 1 7 0
1790948755.151280 L 1000 1 1 9 0
1790948756.191281 L 1000 1 1 4 0
1790948757.235305 L 1000 1 1 3 0
1790948758.383305 L 1000 1 1 7 0
1790948759.427312 L 1000 1 1 9 0
1790948760.471299 L 1000 1 1 2 0
1790948761.511315 L 1000 1 1 8 0
1790948762.559316 L 1000 1 1 4 0
1790948763.711305 L 1000 1 1 9 0
1790948764.755294 L 1000 1 1 9 0
1790948765.799327 L 1000 1 1 11 0
1790948766.839301 L 1000 1 1 8 0
1790948767.879632 L 1000 1 1 9 0
1790948769.023300 L 1000 1 1 10 0
1790948770.063323 L 1000 1 1 5 0
1790948771.107296 L 1000 1 1 8 0
1790948772.147322 L 1000 1 1 11 0
1790948773.291285 L 1000 1 1 4 0
1790948774.331331 L 1000 1 1 6 0
1790948775.371325 L 1000 1 1 10 0
1790948776.411296 L 1000 1 1 9 0
1790948777.555287 L 1000 1 1 8 0
1790948778.595291 L 1000 1 1 6 0
1790948779.635303 L 1000 1 1 3 0
1790948780.675297 L 1000 1 1 11 0
1790948781.819304 L 1000 1 1 4 0
1790948782.871290 L 1000 1 1 10 0
1790948783.923303 L 1000 1 1 10 0
1790948784.983277 L 1000 1 1 9 0
1790948786.055298 L 1000 1 1 10 0
1790948787.115276 L 1000 1 1 8 0
1790948788.175299 L 1000 1 1 7 0
1790948789.235277 L 1000 1 1 2 0
1790948790.291295 L 1000 1 1 7 0
1790948791.339295 L 1000 1 1 2 0
1790948792.399286 L 1000 1 1 6 0
1790948793.459537 L 1000 1 1 6 0
1790948794.611277 L 1000 1 1 9 0
1790948795.671312 L 1000 1 1 12 0
1790948796.735277 L 1000 1 1 9 0
1790948797.787297 L 1000 1 1 6 0
1790948798.851271 L 1000 1 1 2 0
1790948799.915300 L 1000 1 1 4 0
1790948800.963267 L 1000 1 1 7 0
1790948802.015291 L 1000 1 1 9 0
1790948803.071294 L 1000 1 1 6 0
1790948804.119317 L 1000 1 1 6 0
1790948805.263294 L 1000 1 1 2 0
1790948806.307310 L 1000 1 1 9 0
1790948807.347270 L 1000 1 1 2 0
1790948808.395301 L 1000 1 1 3 0
1790948809.439293 L 1000 1 1 2 0
1790948810.587280 L 1000 1 1 9 0
1790948811.631298 L 1000 1 1 6 0
1790948812.675298 L 1000 1 1 6 0
1790948813.715305 L 1000 1 1 8 0
1790948814.859529 L 1000 1 1 8 0
1790948815.911312 L 1000 1 1 8 0
1790948816.959275 L 1000 1 1 2 0
1790948818.023306 L 1000 1 1 3 0
1790948819.079272 L 1000 1 1 6 0
1790948820.127297 L 1000 1 1 6 0
1790948821.191269 L 1000 1 1 2 0
1790948822.239299 L 1000 1 1 5 0
1790948823.303314 L 1000 1 1 6 0
1790948824.359299 L 1000 1 1 4 0
1790948825.523282 L 1000 1 1 6 0
1790948826.567282 L 1000 1 1 6 0
1790948827.623303 L 1000 1 1 2 0
1790948828.687315 L 1000 1 1 9 0
1790948829.735312 L 1000 1 1 6 0
1790948830.783283 L 1000 1 1 2 0
1790948831.843313 L 1000 1 1 7 0
1790948832.895321 L 1000 1 1 6 0
1790948833.959317 L 1000 1 1 9 0
1790948835.011556 L 1000 1 1 9 0
1790948836.175324 L 1000 1 1 7 0
1790948837.223271 L 1000 1 1 8 0
1790948838.275313 L 1000 1 1 3 0
1790948839.327272 L 1000 1 1 5 0
1790948840.375306 L 1000 1 1 5 0
1790948841.427277 L 1000 1 1 3 0
1790948842.475301 L 1000 1 1 3 0
1790948843.535304 L 1000 1 1 6 0
1790948844.691305 L 1000 1 1 3 0
1790948845.731310 L 1000 1 1 6 0
1790948846.771269 L 1000 1 1 8 0
1790948847.815300 L 1000 1 1 7 0
1790948848.959291 L 1000 1 1 7 0
1790948849.999295 L 1000 1 1 3 0
1790948851.039273 L 1000 1 1 2 0
1790948852.079291 L 1000 1 1 3 0
1790948853.119517 L 1000 1 1 3 0
1790948854.263291 L 1000 1 1 6 0
1790948855.303273 L 1000 1 1 6 0
1790948856.343290 L 1000 1 1 6 0
1790948857.383492 L 1000 1 1 7 0
1790948858.527303 L 1000 1 1 5 0
1790948859.567271 L 1000 1 1 9 0
1790948860.607292 L 1000 1 1 6 0
1790948861.647275 L 1000 1 1 5 0
1790948862.791291 L 1000 1 1 3 0
1790948863.831299 L 1000 1 1 6 0
1790948864.871275 L 1000 1 1 2 0
1790948865.911292 L 1000 1 1 7 0
1790948867.055272 L 1000 1 1 5 0
1790948868.095291 L 1000 1 1 6 0
1790948869.135278 L 1000 1 1 11 0
1790948870.175298 L 1000 1 1 3 0
1790948871.319273 L 1000 1 1 5 0
1790948872.359291 L 1000 1 1 3 0
1790948873.399294 L 1000 1 1 5 0
1790948874.439294 L 1000 1 1 6 0
1790948875.583275 L 1000 1 1 2 0
1790948876.627300 L 1000 1 1 7 0
1790948877.667298 L 1000 1 1 5 0
1790948878.707316 L 1000 1 1 5 0
1790948879.755295 L 1000 1 1 7 0
1790948880.915295 L 1000 1 1 2 0
1790948881.975295 L 1000 1 1 9 0
1790948883.031281 L 1000 1 1 2 0
1790948884.083292 L 1000 1 1 3 0
1790948885.135277 L 1000 1 1 6 0
1790948886.187288 L 1000 1 1 2 0
1790948887.251272 L 1000 1 1 2 0
1790948888.295290 L 1000 1 1 5 0
1790948889.339467 L 1000 1 1 2 0
1790948890.487293 L 1000 1 1 7 0
1790948891.535274 L 1000 1 1 2 0
1790948892.579290 L 1000 1 1 6 0
1790948893.635292 L 1000 1 1 2 0
1790948894.683294 L 1000 1 1 3 0
1790948895.743271 L 1000 1 1 2 0
1790948896.807292 L 1000 1 1 2 0
1790948897.859455 L 1000 1 1 2 0
1790948899.019290 L 1000 1 1 3 0
1790948900.075292 L 1000 1 1 7 0
1790948901.127274 L 1000 1 1 7 0
1790948902.187295 L 1000 1 1 3 0
1790948903.231293 L 1000 1 1 3 0
1790948904.291292 L 1000 1 1 5 0
1790948905.351279 L 1000 1 1 2 0
1790948906.399293 L 1000 1 1 6 0
1790948907.447430 L 1000 1 1 2 0
1790948908.607279 L 1000 1 1 3 0
1790948909.643298 L 1000 1 1 7 0
1790948910.683297 L 1000 1 1 3 0
1790948911.727296 L 1000 1 1 4 0
1790948912.871292 L 1000 1 1 5 0
1790948913.911297 L 1000 1 1 6 0
1790948914.951305 L 1000 1 1 5 0
1790948915.991277 L 1000 1 1 8 0
1790948917.135308 L 1000 1 1 8 0
1790948918.175284 L 1000 1 1 2 0
1790948919.219283 L 1000 1 1 4 0
1790948920.259302 L 1000 1 1 7 0
1790948921.299277 L 1000 1 1 2 0
1790948922.443291 L 1000 1 1 6 0
1790948923.483297 L 1000 1 1 7 0
1790948924.523298 L 1000 1 1 7 0
1790948925.563272 L 1000 1 1 7 0
1790948926.707298 L 1000 1 1 2 0
1790948927.747275 L 1000 1 1 7 0
1790948928.787295 L 1000 1 1 7 0
1790948929.827274 L 1000 1 1 2 0
1790948930.971293 L 1000 1 1 5 0
1790948932.011276 L 1000 1 1 6 0
1790948933.051292 L 1000 1 1 3 0
1790948934.091294 L 1000 1 1 6 0
1790948935.235299 L 1000 1 1 5 0
1790948936.275283 L 1000 1 1 7 0
1790948937.315282 L 1000 1 1 5 0
1790948938.355295 L 1000 1 1 5 0
1790948939.499273 L 1000 1 1 2 0
1790948940.539291 L 1000 1 1 3 0
1790948941.579292 L 1000 1 1 8 0
1790948942.619293 L 1000 1 1 3 0
1790948943.663291 L 1000 1 1 11 0
1790948944.807312 L 1000 1 1 7 0
1790948945.847289 L 1000 1 1 3 0
1790948946.887317 L 1000 1 1 7 0
1790948947.927409 L 1000 1 1 2 0
1790948949.071309 L 1000 1 1 6 0
1790948950.111284 L 1000 1 1 6 0
1790948951.151306 L 1000 1 1 7 0
1790948952.191444 L 1000 1 1 11 0
1790948953.335284 L 1000 1 1 8 0
1790948954.375314 L 1000 1 1 4 0
1790948955.415276 L 1000 1 1 2 0
1790948956.455295 L 1000 1 1 2 0
1790948957.599282 L 1000 1 1 2 0
1790948958.639296 L 1000 1 1 7 0
1790948959.679279 L 1000 1 1 7 0
1790948960.723303 L 1000 1 1 7 0
1790948961.867279 L 1000 1 1 7 0
1790948962.907298 L 1000 1 1 6 0
1790948963.947296 L 1000 1 1 2 0
1790948964.987303 L 1000 1 1 7 0
1790948966.131280 L 1000 1 1 7 0
1790948967.171307 L 1000 1 1 3 0
1790948968.211281 L 1000 1 1 9 0
1790948969.251312 L 1000 1 1 3 0
1790948970.395283 L 1000 1 1 8 0
1790948971.435303 L 1000 1 1 7 0
1790948972.475308 L 1000 1 1 6 0
1790948973.519331 L 1000 1 1 3 0
1790948974.559578 L 1000 1 1 8 0
1790948975.707302 L 1000 1 1 7 0
1790948976.747300 L 1000 1 1 4 0
1790948977.791282 L 1000 1 1 5 0
1790948978.835296 L 1000 1 1 4 0
1790948979.983283 L 1000 1 1 7 0
1790948981.027299 L 1000 1 1 3 0
1790948982.071279 L 1000 1 1 9 0
1790948983.115296 L 1000 1 1 5 0
1790948984.155298 L 1000 1 1 2 0
1790948985.311307 L 1000 1 1 5 0
1790948986.355282 L 1000 1 1 7 0
1790948987.403297 L 1000 1 1 3 0
1790948988.447399 L 1000 1 1 9 0
1790948989.495299 L 1000 1 1 6 0
1790948990.543281 L 1000 1 1 6 0
1790948991.687306 L 1000 1 1 5 0
1790948992.727307 L 1000 1 1 2 0
1790948993.771302 L 1000 1 1 2 0
1790948994.815298 L 1000 1 1 7 0
1790948995.863480 L 1000 1 1 2 0
1790948997.011296 L 1000 1 1 11 0
1790948998.051286 L 1000 1 1 5 0
1790948999.091299 L 1000 1 1 5 0
1790949000.139282 L 1000 1 1 6 0
1790949001.283301 L 1000 1 1 3 0
1790949002.323281 L 1000 1 1 6 0
1790949003.367301 L 1000 1 1 4 0
1790949004.411297 L 1000 1 1 2 0
1790949005.463297 L 1000 1 1 8 0
1790949006.607273 L 1000 1 1 2 0
1790949007.651292 L 1000 1 1 4 0
1790949008.691289 L 1000 1 1 5 0
1790949009.731298 L 1000 1 1 6 0
1790949010.875290 L 1000 1 1 2 0
1790949011.915277 L 1000 1 1 10 0
1790949012.955293 L 1000 1 1 6 0
1790949013.999295 L 1000 1 1 3 0
1790949015.039293 L 1000 1 1 3 0
1790949016.183275 L 1000 1 1 7 0
1790949017.223297 L 1000 1 1 6 0
1790949018.263276 L 1000 1 1 6 0
1790949019.303299 L 1000 1 1 3 0
1790949020.447278 L 1000 1 1 2 0
1790949021.487291 L 1000 1 1 5 0
1790949022.527276 L 1000 1 1 7 0
1790949023.567291 L 1000 1 1 4 0
1790949024.711294 L 1000 1 1 3 0
1790949025.751293 L 1000 1 1 6 0
1790949026.791275 L 1000 1 1 6 0
1790949027.831292 L 1000 1 1 2 0
1790949028.975297 L 1000 1 1 6 0
1790949030.015281 L 1000 1 1 2 0
1790949031.055295 L 1000 1 1 3 0
1790949032.099286 L 1000 1 1 2 0
1790949033.243294 L 1000 1 1 3 0
1790949034.283292 L 1000 1 1 3 0
1790949035.323298 L 1000 1 1 4 0
1790949036.363275 L 1000 1 1 8 0
1790949037.403292 L 1000 1 1 6 0
1790949038.547276 L 1000 1 1 8 0
1790949039.591298 L 1000 1 1 6 0
1790949040.631290 L 1000 1 1 3 0
1790949041.671297 L 1000 1 1 5 0
1790949042.815276 L 1000 1 1 2 0
1790949043.855307 L 1000 1 1 3 0
1790949044.899279 L 1000 1 1 6 0
1790949045.939298 L 1000 1 1 6 0
1790949047.083303 L 1000 1 1 5 0
1790949048.123275 L 1000 1 1 8 0
1790949049.163297 L 1000 1 1 6 0
1790949050.203278 L 1000 1 1 7 0
1790949051.347295 L 1000 1 1 4 0
1790949052.387281 L 1000 1 1 2 0
1790949053.427293 L 1000 1 1 5 0
1790949054.467296 L 1000 1 1 7 0
1790949055.611302 L 1000 1 1 6 0
1790949056.651287 L 1000 1 1 7 0
1790949057.691297 L 1000 1 1 4 0
1790949058.731295 L 1000 1 1 7 0
1790949059.771295 L 1000 1 1 5 0
1790949060.915277 L 1000 1 1 2 0
1790949061.955300 L 1000 1 1 5 0
1790949062.995277 L 1000 1 1 2 0
1790949064.035583 L 1000 1 1 3 0
1790949065.179295 L 1000 1 1 3 0
1790949066.219278 L 1000 1 1 7 0
1790949067.259294 L 1000 1 1 6 0
1790949068.299279 L 1000 1 1 2 0
1790949069.447299 L 1000 1 1 3 0
1790949070.487273 L 1000 1 1 7 0
1790949071.531299 L 1000 1 1 3 0
1790949072.575288 L 1000 1 1 5 0
1790949073.719295 L 1000 1 1 7 0
1790949074.767292 L 1000 1 1 7 0
1790949075.811296 L 1000 1 1 3 0
1790949076.855280 L 1000 1 1 2 0
1790949077.895302 L 1000 1 1 6 0
1790949079.039304 L 1000 1 1 7 0
1790949080.083294 L 1000 1 1 6 0
1790949081.131283 L 1000 1 1 2 0
1790949082.175284 L 1000 1 1 6 0
1790949083.219307 L 1000 1 1 6 0
1790949084.363314 L 1000 1 1 3 0
1790949085.403327 L 1000 1 1 7 0
1790949086.443285 L 1000 1 1 2 0
1790949087.483314 L 1000 1 1 4 0
1790949088.627288 L 1000 1 1 8 0
1790949089.667305 L 1000 1 1 7 0
1790949090.707276 L 1000 1 1 2 0
1790949091.747302 L 1000 1 1 5 0
1790949092.891271 L 1000 1 1 2 0
1790949093.931298 L 1000 1 1 5 0
1790949094.971320 L 1000 1 1 3 0
1790949096.011317 L 1000 1 1 4 0
1790949097.155276 L 1000 1 1 9 0
1790949098.195317 L 1000 1 1 3 0
1790949099.239286 L 1000 1 1 10 0
1790949100.279293 L 1000 1 1 7 0
1790949101.319314 L 1000 1 1 3 0
1790949102.463283 L 1000 1 1 12 0
1790949103.507303 L 1000 1 1 11 0
1790949104.551309 L 1000 1 1 10 0
1790949105.607301 L 1000 1 1 10 0
1790949106.659289 L 1000 1 1 2 0
1790949107.811297 L 1000 1 1 7 0
1790949108.863284 L 1000 1 1 2 0
1790949109.919304 L 1000 1 1 10 0
1790949110.979289 L 1000 1 1 7 0
1790949112.019326 L 1000 1 1 6 0
1790949113.059324 L 1000 1 1 2 0
1790949114.203321 L 1000 1 1 6 0
1790949115.247303 L 1000 1 1 9 0
1790949116.287319 L 1000 1 1 7 0
1790949117.339317 L 1000 1 1 9 0
1790949118.383281 L 1000 1 1 7 0
1790949119.527294 L 1000 1 1 6 0
1790949120.567281 L 1000 1 1 7 0
1790949121.615296 L 1000 1 1 6 0
1790949122.659294 L 1000 1 1 6 0
1790949123.707291 L 1000 1 1 3 0
1790949124.859298 L 1000 1 1 3 0
1790949125.903297 L 1000 1 1 3 0
1790949126.943277 L 1000 1 1 3 0
1790949127.983295 L 1000 1 1 6 0
1790949129.027452 L 1000 1 1 6 0
1790949130.175305 L 1000 1 1 7 0
1790949131.219291 L 1000 1 1 5 0
1790949132.259307 L 1000 1 1 5 0
1790949133.299284 L 1000 1 1 7 0
1790949134.443299 L 1000 1 1 6 0
1790949135.491284 L 1000 1 1 2 0
1790949136.551269 L 1000 1 1 9 0
1790949137.611291 L 1000 1 1 6 0
1790949138.667275 L 1000 1 1 3 0
1790949139.723287 L 1000 1 1 4 0
1790949140.783273 L 1000 1 1 5 0
1790949141.847298 L 1000 1 1 3 0
1790949142.903272 L 1000 1 1 2 0
1790949143.955292 L 1000 1 1 3 0
1790949145.019293 L 1000 1 1 3 0
1790949146.175288 L 1000 1 1 4 0
1790949147.231277 L 1000 1 1 6 0
1790949148.291294 L 1000 1 1 3 0
1790949149.363291 L 1000 1 1 3 0
1790949150.423297 L 1000 1 1 3 0
1790949151.491277 L 1000 1 1 7 0
1790949152.543294 L 1000 1 1 4 0
1790949153.607278 L 1000 1 1 6 0
1790949154.667292 L 1000 1 1 4 0
1790949155.711292 L 1000 1 1 2 0
1790949156.771272 L 1000 1 1 6 0
1790949157.819293 L 1000 1 1 3 0
1790949158.871273 L 1000 1 1 2 0
1790949159.927292 L 1000 1 1 5 0
1790949161.087272 L 1000 1 1 2 0
1790949162.139291 L 1000 1 1 3 0
1790949163.187277 L 1000 1 1 7 0
1790949164.243311 L 1000 1 1 6 0
1790949165.307293 L 1000 1 1 8 0
1790949166.351291 L 1000 1 1 9 0
1790949167.391265 L 1000 1 1 2 0
1790949168.539359 L 1000 1 2 10 0
1790949169.579395 L 1000 1 2 14 0
1790949170.619358 L 1000 1 2 11 0
1790949171.659390 L 1000 1 2 10 0
1790949172.803369 L 1000 1 2 10 0
1790949173.843385 L 1000 1 2 10 0
1790949174.883377 L 1000 1 2 10 0
1790949175.923392 L 1000 1 2 17 0
1790949177.067355 L 1000 2 2 17 0
1790949178.107361 L 1000 1 2 13 0
1790949179.147366 L 1000 1 2 17 0
1790949180.291375 L 1000 2 2 13 0
1790949181.331365 L 1000 2 2 16 0
1790949182.371375 L 1000 1 2 18 0
1790949183.411373 L 1000 2 2 14 0
1790949184.555373 L 1000 1 2 15 0
1790949185.595361 L 1000 1 2 12 0
1790949186.635346 L 1000 1 2 23 0
1790949187.675435 L 1000 2 2 31 0
1790949188.823361 L 1000 1 2 28 0
1790949189.863355 L 1000 1 2 13 0
1790949190.903376 L 1000 2 2 14 0
1790949191.943919 L 1000 1 2 27 0
1790949193.087373 L 1000 1 2 18 0
1790949194.127369 L 1000 2 2 21 0
1790949195.167373 L 1000 2 2 25 0
1790949196.311366 L 1000 1 2 25 0
1790949197.351371 L 1000 2 2 30 0
1790949198.395317 L 1000 1 1 28 0
1790949199.435318 L 1000 1 1 10 0
1790949200.491303 L 1000 1 1 9 0
1790949201.551601 L 1000 1 1 10 0
1790949202.707299 L 1000 1 1 19 0
1790949203.763284 L 1000 1 1 10 0
1790949204.819306 L 1000 1 1 11 0
1790949205.875291 L 1000 1 1 10 0
1790949206.927287 L 1000 1 1 8 0
1790949207.971304 L 1000 1 1 6 0
1790949209.031286 L 1000 1 1 8 0
1790949210.087335 L 1000 1 1 3 0
1790949211.151283 L 1000 1 1 2 0
1790949212.303301 L 1000 1 1 2 0
1790949213.355289 L 1000 1 1 10 0
1790949214.423299 L 1000 1 1 11 0
1790949215.491301 L 1000 1 1 11 0
1790949216.547303 L 1000 1 1 11 0
1790949217.607289 L 1000 1 1 2 0
1790949218.659298 L 1000 1 1 4 0
1790949219.707301 L 1000 1 1 8 0
1790949220.771299 L 1000 1 1 4 0
1790949221.815295 L 1000 1 1 2 0
1790949222.875301 L 1000 1 1 9 0
1790949224.027281 L 1000 1 1 10 0
1790949225.075296 L 1000 1 1 6 0
1790949226.131306 L 1000 1 1 11 0
1790949227.191291 L 1000 1 1 10 0
1790949228.239300 L 1000 1 1 11 0
1790949229.299293 L 1000 1 1 10 0
1790949230.339307 L 1000 1 1 4 0
1790949231.483275 L 1000 1 1 8 0
1790949232.527301 L 1000 1 1 9 0
1790949233.575283 L 1000 1 1 2 0
1790949234.627308 L 1000 1 1 10 0
1790949235.667278 L 1000 1 1 7 0
1790949236.815301 L 1000 1 1 10 0
1790949237.855296 L 1000 1 1 12 0
1790949238.903300 L 1000 1 1 7 0
1790949239.947298 L 1000 1 1 9 0
1790949240.991297 L 1000 1 1 11 0
1790949242.139286 L 1000 1 1 10 0
1790949243.187295 L 1000 1 1 8 0
1790949244.235284 L 1000 1 1 8 0
1790949245.275301 L 1000 1 1 9 0
1790949246.315612 L 1000 1 1 8 0
1790949247.467277 L 1000 1 1 2 0
1790949248.511300 L 1000 1 1 12 0
1790949249.559281 L 1000 1 1 3 0
1790949250.607295 L 1000 1 1 6 0
1790949251.647490 L 1000 1 1 2 0
1790949252.795290 L 1000 1 1 8 0
1790949253.835289 L 1000 1 1 10 0
1790949254.875296 L 1000 1 1 17 0
1790949255.935280 L 1000 1 1 9 0
1790949256.987295 L 1000 1 1 8 0
1790949258.135280 L 1000 1 1 11 0
1790949259.183301 L 1000 1 1 8 0
1790949260.227301 L 1000 1 1 5 0
1790949261.271315 L 1000 1 1 7 0
1790949262.311306 L 1000 1 1 2 0
1790949263.455303 L 1000 1 1 10 0
1790949264.499306 L 1000 1 1 10 0
1790949265.539307 L 1000 1 1 3 0
1790949266.579296 L 1000 1 1 10 0
1790949267.723283 L 1000 1 1 7 0
1790949268.763305 L 1000 1 1 11 0
1790949269.803294 L 1000 1 1 10 0
1790949270.843304 L 1000 1 1 3 0
1790949271.987286 L 1000 1 1 6 0
1790949273.031302 L 1000 1 1 3 0
1790949274.071292 L 1000 1 1 2 0
1790949275.111304 L 1000 1 1 4 0
1790949276.259292 L 1000 1 1 11 0
1790949277.299312 L 1000 1 1 9 0
1790949278.339279 L 1000 1 1 10 0
1790949279.379294 L 1000 1 1 7 0
1790949280.523296 L 1000 1 1 10 0
1790949281.575287 L 1000 1 1 11 0
1790949282.627335 L 1000 1 1 10 0
1790949283.683276 L 1000 1 1 2 0
1790949284.735314 L 1000 1 1 7 0
1790949285.791317 L 1000 1 1 8 0
1790949286.839320 L 1000 1 1 8 0
1790949287.895290 L 1000 1 1 13 0
1790949288.955316 L 1000 1 1 5 0
1790949290.107316 L 1000 1 1 9 0
1790949291.167316 L 1000 1 1 8 0
1790949292.227286 L 1000 1 1 9 0
1790949293.287318 L 1000 1 1 8 0
1790949294.327312 L 1000 1 1 9 0
1790949295.367308 L 1000 1 1 5 0
1790949296.431324 L 1000 1 1 12 0
1790949297.495328 L 1000 1 1 9 0
1790949298.575295 L 1000 1 1 8 0
1790949299.623355 L 1000 1 1 4 0
1790949300.767352 L 1000 1 1 11 0
1790949301.807345 L 1000 1 1 2 0
1790949302.847368 L 1000 1 1 7 0
1790949303.887346 L 1000 1 1 9 0
1790949305.035301 L 1000 1 1 9 0
1790949306.075353 L 1000 1 1 3 0
1790949307.115362 L 1000 1 1 8 0
1790949308.155361 L 1000 1 1 7 0
1790949309.299329 L 1000 1 1 5 0
1790949310.339377 L 1000 1 1 4 0
1790949311.379385 L 1000 1 1 12 0
1790949312.419356 L 1000 1 1 11 0
1790949313.563351 L 1000 1 1 3 0
1790949314.603351 L 1000 1 1 2 0
1790949315.643374 L 1000 1 1 10 0
1790949316.683355 L 1000 1 1 2 0
1790949317.827356 L 1000 1 1 9 0
1790949318.867367 L 1000 1 1 9 0
1790949319.907368 L 1000 1 1 7 0
1790949320.947380 L 1000 1 1 4 0
1790949322.091346 L 1000 1 1 2 0
1790949323.131353 L 1000 1 1 12 0
1790949324.171351 L 1000 1 1 10 0
1790949325.211374 L 1000 1 1 8 0
1790949326.355313 L 1000 1 1 9 0
1790949327.395303 L 1000 1 1 9 0
1790949328.439323 L 1000 1 1 11 0
1790949329.479307 L 1000 1 1 11 0
1790949330.519612 L 1000 1 1 10 0
1790949331.679304 L 1000 1 1 3 0
1790949332.727287 L 1000 1 1 10 0
1790949333.775312 L 1000 1 1 11 0
1790949334.827328 L 1000 1 1 11 0
1790949335.891317 L 1000 1 1 9 0
1790949336.955300 L 1000 1 1 9 0
1790949337.995298 L 1000 1 1 2 0
1790949339.139311 L 1000 1 1 10 0
1790949340.179311 L 1000 1 1 9 0
1790949341.219307 L 1000 1 1 10 0
1790949342.259284 L 1000 1 1 9 0
1790949343.403312 L 1000 1 1 3 0
1790949344.443295 L 1000 1 1 2 0
1790949345.483309 L 1000 1 1 6 0
1790949346.539279 L 1000 1 1 10 0
1790949347.615293 L 1000 1 1 2 0
1790949348.671278 L 1000 1 1 11 0
1790949349.715304 L 1000 1 1 5 0
1790949350.863301 L 1000 1 1 10 0
1790949351.923280 L 1000 1 1 5 0
1790949352.971294 L 1000 1 1 9 0
1790949354.031280 L 1000 1 1 9 0
1790949355.075297 L 1000 1 1 7 0
1790949356.135301 L 1000 1 1 11 0
1790949357.191300 L 1000 1 1 9 0
1790949358.247307 L 1000 1 1 8 0
1790949359.391304 L 1000 1 1 8 0
1790949360.431335 L 1000 1 2 9 0
1790949361.471334 L 1000 1 2 14 0
1790949362.511429 L 1000 1 2 10 0
1790949363.655350 L 1000 1 2 14 0
1790949364.695367 L 1000 1 2 16 0
1790949365.735494 L 1000 1 2 16 0
1790949366.779654 L 1000 1 2 9 0
1790949367.924165 L 1000 1 2 9 0
1790949368.963356 L 1000 1 2 9 0
1790949370.007460 L 1000 1 2 15 0
1790949371.151347 L 1000 1 3 15 0
1790949372.191555 L 1000 1 2 14 0
1790949373.231921 L 1000 1 2 14 0
1790949374.271563 L 1000 1 2 21 0
1790949375.415432 L 1000 1 2 18 0
1790949376.460092 L 1000 1 2 12 0
1790949377.503374 L 1000 1 2 13 0
1790949378.544538 L 1000 1 2 22 0
1790949379.687612 L 1000 1 2 14 0
1790949380.727738 L 1000 1 2 17 0
1790949381.767429 L 1000 1 2 17 0
1790949382.911581 L 1000 1 2 24 0
1790949383.952126 L 1000 1 2 18 0
1790949384.995576 L 1000 1 2 18 0
1790949386.039447 L 1000 1 2 9 0
1790949387.183493 L 1000 1 2 14 0
1790949388.223494 L 1000 1 2 12 0
1790949389.263707 L 1000 1 2 20 0
1790949390.303477 L 1000 1 2 12 0
1790949391.447306 L 1000 1 1 11 0
1790949392.491305 L 1000 1 1 7 0
1790949393.531307 L 1000 1 1 15 0
1790949394.571292 L 1000 1 1 10 0
1790949395.715326 L 1000 1 1 9 0
1790949396.755289 L 1000 1 1 9 0
1790949397.795304 L 1000 1 1 6 0
1790949398.835290 L 1000 1 1 6 0
1790949399.979302 L 1000 1 1 8 0
1790949401.019303 L 1000 1 1 2 0
1790949402.059305 L 1000 1 1 5 0
1790949403.099302 L 1000 1 1 9 0
1790949404.243305 L 1000 1 1 9 0
1790949405.283327 L 1000 1 1 7 0
1790949406.323302 L 1000 1 1 3 0
1790949407.363308 L 1000 1 1 11 0
1790949408.507300 L 1000 1 1 8 0
1790949409.547297 L 1000 1 1 8 0
1790949410.587300 L 1000 1 1 3 0
1790949411.639315 L 1000 1 1 10 0
1790949412.687301 L 1000 1 1 8 0
1790949413.847321 L 1000 1 1 11 0
1790949414.899297 L 1000 1 1 10 0
1790949415.951326 L 1000 1 1 10 0
1790949416.999298 L 1000 1 1 2 0
1790949418.051326 L 1000 1 1 4 0
1790949419.091305 L 1000 1 1 2 0
1790949420.143683 L 1000 1 1 6 0
1790949421.311271 L 1000 1 1 12 0
1790949422.359304 L 1000 1 1 10 0
1790949423.403303 L 1000 1 1 5 0
1790949424.447311 L 1000 1 1 12 0
1790949425.491311 L 1000 1 1 11 0
1790949426.543291 L 1000 1 1 8 0
1790949427.687304 L 1000 1 1 9 0
1790949428.735292 L 1000 1 1 11 0
1790949429.783301 L 1000 1 1 5 0
1790949430.831302 L 1000 1 1 10 0
1790949431.879309 L 1000 1 1 3 0
1790949433.023281 L 1000 1 1 11 0
1790949434.067307 L 1000 1 1 9 0
1790949435.107293 L 1000 1 1 12 0
1790949436.151308 L 1000 1 1 8 0
1790949437.195266 L 1000 1 1 10 0
1790949438.347302 L 1000 1 1 3 0
1790949439.395280 L 1000 1 1 10 0
1790949440.435294 L 1000 1 1 6 0
1790949441.483307 L 1000 1 1 11 0
1790949442.627346 L 1000 1 1 8 0
1790949443.667325 L 1000 1 1 6 0
1790949444.707282 L 1000 1 1 8 0
1790949445.747315 L 1000 1 1 8 0
1790949446.787338 L 1000 1 1 2 0
1790949447.931305 L 1000 1 1 6 0
1790949448.971277 L 1000 1 1 6 0
1790949450.011303 L 1000 1 1 7 0
1790949451.051603 L 1000 1 1 3 0
1790949452.195317 L 1000 1 1 9 0
1790949453.235274 L 1000 1 1 8 0
1790949454.275301 L 1000 1 1 3 0
1790949455.315274 L 1000 1 1 2 0
1790949456.463349 L 1000 1 1 9 0
1790949457.503350 L 1000 2 3 11 0
1790949458.543356 L 1000 2 3 17 0
1790949459.583706 L 1000 2 3 14 0
1790949460.731344 L 1000 2 3 18 0
1790949461.775358 L 1000 2 3 13 0
1790949462.815352 L 1000 2 3 15 0
1790949463.859750 L 1000 2 3 20 0
1790949465.003355 L 1000 2 3 13 0
1790949466.043377 L 1000 2 3 15 0
1790949467.083361 L 1000 2 3 17 0
1790949468.227379 L 1000 2 3 28 0
1790949469.267378 L 1000 1 3 20 0
1790949470.307369 L 1000 2 3 16 0
1790949471.347373 L 1000 2 3 19 0
1790949472.491381 L 1000 2 3 13 0
1790949473.535386 L 1000 2 3 27 0
1790949474.575378 L 1000 2 3 26 0
1790949475.615631 L 1000 2 3 25 0
1790949476.763378 L 1000 2 3 12 0
1790949477.803406 L 1000 2 3 16 0
1790949478.843371 L 1000 2 3 23 0
1790949479.987389 L 1000 1 3 23 0
1790949481.027391 L 1000 2 3 21 0
1790949482.071353 L 1000 1 3 23 0
1790949483.111365 L 1000 2 3 26 0
1790949484.255355 L 1000 2 3 24 0
1790949485.295341 L 1000 1 3 29 0
1790949486.335335 L 1000 1 2 17 0
1790949487.375278 L 1000 1 1 7 0
1790949488.539302 L 1000 1 1 9 0
1790949489.603282 L 1000 1 1 6 0
1790949490.563301 L 1000 1 1 9 0
1790949491.731291 L 1000 1 1 11 0
1790949492.779293 L 1000 1 1 9 0
1790949493.827282 L 1000 1 1 9 0
1790949494.891296 L 1000 1 1 10 0
1790949495.951330 L 1000 1 1 10 0
1790949497.015275 L 1000 1 1 11 0
1790949498.083334 L 1000 1 1 3 0
1790949499.147281 L 1000 1 1 10 0
1790949500.211290 L 1000 1 1 10 0
1790949501.283313 L 1000 1 1 11 0
1790949502.351303 L 1000 1 1 11 0
1790949503.423279 L 1000 1 1 8 0
1790949504.487298 L 1000 1 1 7 0
1790949505.551278 L 1000 1 1 3 0
1790949506.611295 L 1000 1 1 11 0
1790949507.671276 L 1000 1 1 10 0
1790949508.731304 L 1000 1 1 7 0
1790949509.791283 L 1000 1 1 9 0
1790949510.851305 L 1000 1 1 9 0
1790949511.891273 L 1000 1 1 9 0
1790949513.043302 L 1000 1 1 13 0
1790949514.087302 L 1000 1 1 2 0
1790949515.139281 L 1000 1 1 8 0
1790949516.187302 L 1000 1 1 9 0
1790949517.235275 L 1000 1 1 10 0
1790949518.379297 L 1000 1 1 8 0
1790949519.419291 L 1000 1 1 9 0
1790949520.463306 L 1000 1 1 8 0
1790949521.511306 L 1000 1 1 7 0
1790949522.571303 L 1000 1 1 10 0
1790949523.619285 L 1000 1 1 11 0
1790949524.767302 L 1000 1 1 7 0
1790949525.819277 L 1000 1 1 2 0
1790949526.867299 L 1000 1 1 9 0
1790949527.927267 L 1000 1 1 8 0
1790949528.979306 L 1000 1 1 6 0
1790949530.019271 L 1000 1 1 5 0
1790949531.163304 L 1000 1 1 6 0
1790949532.203303 L 1000 1 1 7 0
1790949533.243269 L 1000 1 1 6 0
1790949534.283306 L 1000 1 1 6 0
1790949535.427267 L 1000 1 1 3 0
1790949536.467309 L 1000 1 1 6 0
1790949537.507273 L 1000 1 1 9 0
1790949538.547293 L 1000 1 1 6 0
1790949539.691265 L 1000 1 1 6 0
1790949540.731302 L 1000 1 1 6 0
1790949541.771310 L 1000 1 1 5 0
1790949542.811309 L 1000 1 1 5 0
1790949543.855449 L 1000 1 1 3 0
1790949544.999307 L 1000 1 1 8 0
1790949546.039314 L 1000 1 1 2 0
1790949547.079312 L 1000 1 1 9 0
1790949548.119275 L 1000 1 1 9 0
1790949549.263317 L 1000 1 1 4 0
1790949550.307314 L 1000 1 1 9 0
1790949551.347314 L 1000 1 1 12 0
1790949552.283326 Closing cell "linux-guest"
1790949552.283411 [MG] Initializing memguard on CPU 3
1790949552.283450 [SMMUv2] Exiting SMMUv2 on cell 1
1790949552.283547 Page pool usage after cell destruction: mem 126/4061, remap 5/131072
1790949552.283615 [MG] Initializing memguard on CPU 3
1790949552.599382 <missed 2399 bytes of console log>
1790949552.599465 lated value of scheduler-enlistment delay is 100 jiffies.
1790949552.599537 rcu: Adjusting geometry for rcu_fanout_leaf=16, nr_cpu_ids=1
1790949552.599574 NR_IRQS: 64, nr_irqs: 64, preallocated irqs: 0
1790949552.599603 Root IRQ handler: 0xffff800080010000
1790949552.599641 rcu: srcu_init: Setting srcu_struct sizes based on contention.
1790949552.599678 arch_timer: cp15 timer(s) running at 54.00MHz (virt).
1790949552.599733 clocksource: arch_sys_counter: mask: 0xffffffffffffff max_cycles: 0xc743ce346, max_idle_ns: 440795203123 ns
1790949552.599778 sched_clock: 56 bits at 54MHz, resolution 18ns, wraps every 4398046511102ns
1790949552.599808 printk: legacy console [hvc0] enabled
1790949552.599840 printk: legacy bootconsole [jailhouse0] disabled
1790949552.599891 Calibrating delay loop (skipped), value calculated using timer frequency.. 108.00 BogoMIPS (lpj=54000)
1790949552.599931 pid_max: default: 4096 minimum: 301
1790949552.599968 Mount-cache hash table entries: 512 (order: 0, 4096 bytes, linear)
1790949552.600008 Mountpoint-cache hash table entries: 512 (order: 0, 4096 bytes, linear)
1790949552.600042 cacheinfo: Unable to detect cache hierarchy for CPU 0
1790949552.600069 rcu: Hierarchical SRCU implementation.
1790949552.600097 rcu: 	Max phase no-delay instances is 400.
1790949552.600123 smp: Bringing up secondary CPUs ...
1790949552.600147 smp: Brought up 1 node, 1 CPU
1790949552.600173 SMP: Total of 1 processors activated.
1790949552.600201 CPU features: detected: 32-bit EL0 Support
1790949552.600244 CPU features: detected: Data cache clean to the PoU not required for I/D coherence
1790949552.600275 CPU features: detected: CRC32 instructions
1790949552.600307 CPU features: detected: RCpc load-acquire (LDAPR)
1790949552.600344 CPU features: detected: Speculative Store Bypassing Safe (SSBS)
1790949552.600377 spectre-bhb mitigation disabled by compile time option
1790949552.600401 CPU: All CPU(s) started at EL1
1790949552.600431 alternatives: applying system-wide alternatives
1790949552.600452 devtmpfs: initialized
1790949552.600499 clocksource: jiffies: mask: 0xffffffff max_cycles: 0xffffffff, max_idle_ns: 1911260446275000 ns
1790949552.600535 futex hash table entries: 16 (order: -2, 1024 bytes, linear)
1790949552.600572 DMA: preallocated 128 KiB GFP_KERNEL pool for atomic allocations
1790949552.600608 hw-breakpoint: found 6 breakpoint and 4 watchpoint registers.
1790949552.600638 ASID allocator initialised with 65536 entries
1790949552.600671 clocksource: Switched to clocksource arch_sys_counter
1790949552.600705 workingset: timestamp_bits=62 max_order=13 bucket_order=0
1790949552.600729 clk: Disabling unused clocks
