1790952465.337885 <missed 143369 bytes of console log>
1790952465.337964 1 1 13 0
1790952465.337984 L 1000 1 1 13 0
1790952465.338002 L 1000 1 1 12 0
1790952465.338018 L 1000 1 1 3 0
1790952465.338035 L 1000 1 1 8 0
1790952465.338051 L 1000 1 1 12 0
1790952465.338068 L 1000 1 1 15 0
1790952465.338084 L 1000 1 1 15 0
1790952465.338101 L 1000 1 1 11 0
1790952465.338117 L 1000 1 1 13 0
1790952465.338133 L 1000 1 1 13 0
1790952465.338149 L 1000 1 1 3 0
1790952465.338165 L 1000 1 1 12 0
1790952465.338182 L 1000 1 1 14 0
1790952465.338198 L 1000 1 1 15 0
1790952465.338214 L 1000 1 1 13 0
1790952465.338230 L 1000 1 1 13 0
1790952465.338246 L 1000 1 1 13 0
1790952465.338262 L 1000 1 1 12 0
1790952465.338279 L 1000 1 1 14 0
1790952465.338295 L 1000 1 1 15 0
1790952465.338311 L 1000 1 1 8 0
1790952465.338327 L 1000 1 1 12 0
1790952465.338343 L 1000 1 1 12 0
1790952465.338359 L 1000 1 1 16 0
1790952465.338375 L 1000 1 1 13 0
1790952465.338391 L 1000 1 1 13 0
1790952465.338408 L 1000 1 1 15 0
1790952465.338424 L 1000 1 1 12 0
1790952465.338440 L 1000 1 1 13 0
1790952465.338456 L 1000 1 1 13 0
1790952465.338472 L 1000 1 1 14 0
1790952465.338488 L 1000 1 1 12 0
1790952465.338504 L 1000 1 1 3 0
1790952465.338520 L 1000 1 1 5 0
1790952465.338536 L 1000 1 1 10 0
1790952465.338552 L 1000 1 1 13 0
1790952465.338569 L 1000 1 1 15 0
1790952465.338585 L 1000 1 1 10 0
1790952465.338601 L 1000 1 1 15 0
1790952465.338617 L 1000 1 1 12 0
1790952465.338633 L 1000 1 1 15 0
1790952465.338653 Closing cell "linux-guest"
1790952465.338676 [MG] Initializing memguard on CPU 3
1790952465.338699 [SMMUv2] Exiting SMMUv2 on cell 1
1790952465.338751 [COL] Colored OP 1: PHYS 0x30000000 -> VIRT 0x30000000 (SIZE: 0x02000000, COL: 0x000000ff, extra: 0x0000000000000000)
1790952465.338773 [COL] Result: 0
1790952465.338823 [COL] Colored OP 4: PHYS 0x30000000 -> VIRT 0x30000000 (SIZE: 0x02000000, COL: 0x000000ff, extra: 0x0000000000000001)
1790952465.338841 [COL] Result: 0
1790952465.338878 Page pool usage after cell destruction: mem 142/4061, remap 5/131072
1790952465.338906 [MG] Initializing memguard on CPU 3
1790952465.338929 [MG] Initializing memguard on CPU 3
1790952465.338980 [COL] Colored OP 0: PHYS 0x30000000 -> VIRT 0x00000000 (SIZE: 0x00400000, COL: 0x000000ff, extra: 0x0000000000000000)
1790952465.338999 [COL] Result: 0
1790952465.339021 [MG] Initializing memguard on CPU 3
1790952465.339041 Created cell "rt-bench"
1790952465.339073 Page pool usage after cell creation: mem 155/4061, remap 5/131072
1790952465.339125 [COL] Colored OP 3: PHYS 0x30000000 -> VIRT 0x00000000 (SIZE: 0x00400000, COL: 0x000000ff, extra: 0x0000000000000000)
1790952465.339150 [MG] Initializing memguard on CPU 3
1790952465.339167 [COL] Result: 0
1790952465.339188 Cell "rt-bench" can be loaded
1790952465.339252 [COL] Colored OP 2: PHYS 0x30000000 -> VIRT 0x00000000 (SIZE: 0x00400000, COL: 0x000000ff, extra: 0x0000000000000000)
1790952465.339274 [COL] Result: 0
1790952465.339324 [COL] Colored OP 4: PHYS 0x30000000 -> VIRT 0x00000000 (SIZE: 0x00400000, COL: 0x000000ff, extra: 0x0000000000000001)
1790952465.339343 [COL] Result: 0
1790952465.339362 Started cell "rt-bench"
1790952465.339384 [MG] Initializing memguard on CPU 3
1790952465.339413 rt-bench: ws 768 KB, 1024 loads/period, window 1000
1790952466.375320 W 0 lat 314 462 1462 0 exe 23796 33425 142703 resp 143703 39 pmu 1023377 108551 8240858 5307598 57254061
1790952467.311308 W 1 lat 296 314 1296 0 exe 17277 26944 159203 resp 159722 24 pmu 1023326 120282 8247260 7488579 67682062
1790952468.351280 W 2 lat 296 296 333 0 exe 16722 19499 49999 resp 50314 0 pmu 1023534 39555 8249028 7584491 49630890
1790952469.391313 W 3 lat 296 296 518 0 exe 16925 22703 117111 resp 117425 6 pmu 1023440 76445 8248508 6446346 57456238
1790952470.327315 W 4 lat 296 296 370 0 exe 16351 21555 114481 resp 114814 4 pmu 1023396 63020 8245616 7135472 54609809
1790952471.371318 W 5 lat 296 296 555 0 exe 17222 23666 120222 resp 120629 8 pmu 1023461 87589 8249716 7099843 60242913
1790952472.307359 W 6 lat 296 481 3870 0 exe 18314 112055 445833 resp 446499 275 pmu 1022600 664353 8253480 7174360 338328138
1790952473.347312 W 7 lat 296 296 444 0 exe 17074 23962 114222 resp 114574 12 pmu 1023344 91069 8250706 10896093 63603977
1790952474.399330 W 8 lat 296 296 1018 0 exe 17833 32462 151685 resp 152092 28 pmu 1023047 185788 8239195 7113585 84706104
1790952475.339309 W 9 lat 296 296 537 0 exe 18759 25629 116555 resp 116907 6 pmu 1023442 109448 8239420 7537605 65324565
1790952476.399316 W 10 lat 296 296 333 0 exe 18018 22388 43648 resp 43962 0 pmu 1023514 71548 8234300 7154139 56408907
1790952477.339312 W 11 lat 296 296 907 0 exe 18018 27833 117425 resp 117759 12 pmu 1023329 135444 8239814 6403671 70678043
1790952478.387322 W 12 lat 296 296 333 0 exe 18611 22518 41777 resp 42092 0 pmu 1023557 73496 8239596 7171857 56749116
1790952479.327312 W 13 lat 296 296 518 0 exe 18370 24740 110444 resp 110777 6 pmu 1023407 99074 8236387 6388818 62405152
1790952480.367307 W 14 lat 296 296 333 0 exe 17648 21999 45703 resp 45999 0 pmu 1023572 67438 8235508 7086279 55440956
1790952481.307310 W 15 lat 296 296 740 0 exe 18462 25592 133277 resp 133685 6 pmu 1023473 108880 8237824 6420574 64484875
1790952482.371346 W 16 lat 296 296 425 0 exe 18611 25740 105740 resp 106055 4 pmu 1023467 111390 8242732 7320967 65258270
1790952483.327316 W 17 lat 296 296 425 0 exe 18092 24629 114999 resp 115425 5 pmu 1023440 98041 8236353 7044936 62601266
1790952484.399298 W 18 lat 296 296 425 0 exe 18425 22333 49444 resp 49759 0 pmu 1023557 71046 8236104 7129882 56273752
1790952485.359315 W 19 lat 296 296 425 0 exe 18796 25259 112833 resp 113148 5 pmu 1023408 105410 8237691 6463987 63721982
1790952486.399328 W 20 lat 296 296 333 0 exe 19259 22999 45907 resp 46203 0 pmu 1023537 78688 8237200 7114427 57884730
1790952487.347315 W 21 lat 296 296 462 0 exe 19444 28129 110944 resp 111277 11 pmu 1023326 138925 8235852 6435566 71281298
1790952488.403319 W 22 lat 296 296 333 0 exe 18518 22611 43537 resp 43851 0 pmu 1023496 74197 8234644 7113395 56910349
1790952489.359342 W 23 lat 296 296 1240 0 exe 19055 25629 116314 resp 117555 7 pmu 1023441 109758 8235863 6406297 64667676
1790952490.311303 W 24 lat 296 296 333 0 exe 19092 23944 49518 resp 49814 0 pmu 1023494 89865 8234916 7161237 60229177
1790952491.363322 W 25 lat 296 296 425 0 exe 19370 26962 116537 resp 116851 5 pmu 1023473 125452 8238488 6475554 67999105
1790952492.403342 W 26 lat 296 296 407 0 exe 18555 24685 109129 resp 109462 5 pmu 1023462 98648 8235079 7162984 62505166
1790952493.339324 W 27 lat 296 296 351 0 exe 18259 25240 110981 resp 111314 6 pmu 1023408 105106 8237502 7073351 64054255
1790952494.379300 W 28 lat 296 296 333 0 exe 19462 23796 47185 resp 47499 0 pmu 1023521 88057 8236916 7092663 59817751
1790952495.315347 W 29 lat 296 314 1796 0 exe 19018 35666 156185 resp 157666 42 pmu 1022928 226733 8238189 6453682 92862577
1790952496.355324 W 30 lat 296 296 444 0 exe 18388 31333 128111 resp 128481 25 pmu 1023013 175504 8237783 7614208 81557584
1790952497.395313 W 31 lat 296 296 592 0 exe 19240 28407 117740 resp 118055 9 pmu 1023410 143025 8238123 7295888 72486054
1790952498.331320 W 32 lat 296 296 333 0 exe 18870 22777 46388 resp 46703 0 pmu 1023484 76095 8236657 7182164 57370011
1790952499.371343 W 33 lat 296 296 425 0 exe 19111 26037 115407 resp 115722 7 pmu 1023451 114598 8240245 6437466 65630746
1790952500.327303 W 34 lat 296 296 333 0 exe 18796 22925 43740 resp 44055 0 pmu 1023504 77822 8232868 7145627 57717556
1790952501.383396 W 35 lat 296 296 537 0 exe 19407 25907 123462 resp 123777 6 pmu 1023414 112893 8239523 6411387 65311523
1790952502.331313 W 36 lat 296 296 499 0 exe 18759 25833 110833 resp 111240 5 pmu 1023363 111908 8234862 7227648 65333720
1790952503.375314 W 37 lat 296 296 592 0 exe 18537 26222 120185 resp 120592 6 pmu 1023409 116903 8239679 7097948 66550682
1790952504.311311 W 38 lat 296 296 388 0 exe 16999 24629 101907 resp 102296 1 pmu 1023392 99582 8244241 7192843 62653146
1790952505.351311 W 39 lat 296 296 425 0 exe 16777 21814 109574 resp 109907 7 pmu 1023371 65951 8243399 6993202 55540955
1790952506.399318 W 40 lat 296 314 1277 0 exe 17222 60537 222055 resp 223333 61 pmu 1022318 507442 8252807 7054896 182248195
1790952507.335317 W 41 lat 296 296 481 0 exe 17777 43629 124111 resp 124444 10 pmu 1023137 324609 8252684 8384425 114813470
1790952508.375329 W 42 lat 296 296 537 0 exe 17870 55240 96407 resp 96944 0 pmu 1022875 463970 8253027 7314358 147670272
1790952509.311317 W 43 lat 296 314 555 0 exe 20981 73037 118666 resp 119018 7 pmu 1022425 674294 8252462 7097239 199738516
1790952510.351372 W 44 lat 296 296 425 0 exe 17259 56314 94462 resp 94777 0 pmu 1022743 475999 8251674 7423630 152096893
1790952511.391389 W 45 lat 296 314 537 0 exe 18333 72851 115111 resp 115462 12 pmu 1022214 672689 8254713 7078507 197878535
1790952512.331329 W 46 lat 296 314 518 0 exe 17907 59296 117944 resp 118370 4 pmu 1022592 510494 8250904 7373860 164416432
1790952513.371326 W 47 lat 296 314 796 0 exe 17370 62833 110074 resp 110407 12 pmu 1022628 551351 8246926 7332470 182066319
1790952514.307326 W 48 lat 296 296 555 0 exe 18277 64240 102925 resp 103259 1 pmu 1022901 570711 8250698 7269673 178359691
1790952515.351342 W 49 lat 296 314 1074 0 exe 17537 70370 118092 resp 119166 11 pmu 1022731 642353 8252018 7208548 192340670
1790952516.391326 W 50 lat 296 296 499 0 exe 17370 55148 95407 resp 95722 0 pmu 1022987 462609 8252521 7393464 152128802
1790952517.331332 W 51 lat 296 314 1092 0 exe 17999 79037 119259 resp 120351 12 pmu 1022348 743928 8248475 7082893 222885631
1790952518.371328 W 52 lat 296 296 518 0 exe 17462 58444 101166 resp 101481 1 pmu 1022859 501634 8252814 7451054 159778757
1790952519.307325 W 53 lat 296 314 555 0 exe 22111 78870 125462 resp 125777 11 pmu 1022480 743457 8255979 7157534 222789570
1790952520.347327 W 54 lat 296 296 574 0 exe 17981 66259 98666 resp 98981 0 pmu 1022591 593884 8248379 7526321 184173656
1790952521.387331 W 55 lat 296 314 518 0 exe 17499 65629 114888 resp 115277 11 pmu 1022547 585928 8248739 7174665 179803492
1790952522.327337 W 56 lat 296 314 518 0 exe 17999 62870 127166 resp 127666 10 pmu 1022581 552905 8251227 7331574 176051019
1790952523.367329 W 57 lat 296 314 537 0 exe 20407 82259 136055 resp 136592 12 pmu 1022153 782972 8250554 7443506 234357014
1790952524.407329 W 58 lat 296 296 555 0 exe 17462 61462 96111 resp 96425 0 pmu 1022717 537440 8250401 7641584 166009923
1790952525.343325 W 59 lat 296 314 518 0 exe 18166 72611 110314 resp 110833 9 pmu 1022435 670020 8250660 7122205 196125338
1790952526.383328 W 60 lat 296 314 555 0 exe 17722 71999 102074 resp 102518 1 pmu 1022416 661777 8251437 7324295 203146619
1790952527.319331 W 61 lat 296 314 666 0 exe 17574 65351 120166 resp 120574 23 pmu 1022521 580243 8252461 7236710 195563059
1790952528.359327 W 62 lat 296 314 537 0 exe 17629 71999 102407 resp 102722 4 pmu 1022475 662030 8249958 7383982 203160242
1790952529.403329 W 63 lat 296 314 537 0 exe 17537 70629 119388 resp 119833 11 pmu 1022337 644397 8250103 7238750 204593683
1790952530.339330 W 64 lat 296 314 611 0 exe 18333 71111 95944 resp 96259 0 pmu 1022559 651844 8254718 7402017 197411472
1790952531.379369 W 65 lat 296 314 537 0 exe 18018 72481 111092 resp 111611 8 pmu 1022368 667415 8251450 7173481 201004884
1790952532.315327 W 66 lat 296 314 574 0 exe 18185 70574 98277 resp 98777 0 pmu 1022464 644144 8248394 7330802 197662912
1790952533.359331 W 67 lat 296 314 574 0 exe 22555 81537 125833 resp 126166 15 pmu 1022141 774811 8254003 7194289 226646129
1790952534.399324 W 68 lat 296 314 499 0 exe 17907 68388 94592 resp 94907 0 pmu 1022735 619685 8254880 7545670 185414518
1790952535.335329 W 69 lat 296 314 555 0 exe 17796 68999 112722 resp 113037 12 pmu 1022362 624489 8247027 7143809 196699912
1790952536.375322 W 70 lat 296 314 981 0 exe 17148 52148 150796 resp 151259 33 pmu 1022654 423250 8248881 7328094 144663670
1790952537.311320 W 71 lat 296 296 1111 0 exe 16925 20962 114722 resp 115166 6 pmu 1023398 55654 8245043 7623947 53880963
1790952538.363419 W 72 lat 296 833 8222 0 exe 17296 112444 715462 resp 721777 409 pmu 1022662 468191 8286038 7107862 299743718
1790952539.399484 W 73 lat 333 1074 4499 0 exe 151777 182092 241499 resp 242351 1000 pmu 1024396 983656 8369626 13644135 513232880
1790952540.335470 W 74 lat 333 1018 2666 0 exe 136222 182037 241074 resp 241981 1000 pmu 1024609 983864 8354277 9880664 510895060
1790952541.375468 W 75 lat 333 1037 3481 0 exe 148314 182685 237962 resp 238870 1000 pmu 1024554 983263 8361855 9789032 512163262
1790952542.311465 W 76 lat 333 1037 3351 0 exe 130370 182203 230444 resp 231574 1000 pmu 1024412 984638 8356548 9825888 511445251
1790952543.351385 W 77 lat 333 1037 3851 0 exe 142592 181870 246666 resp 247296 1000 pmu 1024548 984641 8358484 9658908 510361040
1790952544.391465 W 78 lat 351 1018 3685 0 exe 144611 182407 246129 resp 246944 1000 pmu 1024501 984354 8355532 9880674 511781575
1790952545.327470 W 79 lat 333 1037 3333 0 exe 154648 181444 229629 resp 230425 1000 pmu 1024383 983565 8361374 9888134 509352723
1790952546.371455 W 80 lat 314 1018 3277 0 exe 149425 182870 262592 resp 264388 1000 pmu 1024618 984576 8358319 9766738 512931240
1790952547.307477 W 81 lat 314 999 3296 0 exe 152759 182222 241833 resp 243111 1000 pmu 1024345 982318 8351309 10081897 511250733
1790952548.347452 W 82 lat 333 1018 3777 0 exe 139370 182333 248722 resp 250037 1000 pmu 1024600 986572 8361581 9884972 511918996
1790952549.387458 W 83 lat 333 1037 2962 0 exe 150648 181925 236851 resp 238685 1000 pmu 1024427 982953 8359889 9890422 510458285
1790952550.327478 W 84 lat 314 999 2870 0 exe 135481 182388 240185 resp 241148 1000 pmu 1024563 984742 8355238 9824643 511797734
1790952551.367461 W 85 lat 333 1018 3185 0 exe 150907 182592 237592 resp 238296 1000 pmu 1024544 983509 8362930 9779333 511802704
1790952552.407460 W 86 lat 314 981 2888 0 exe 144277 182129 246759 resp 248425 1000 pmu 1024583 984173 8355618 9832036 511207985
1790952553.347503 W 87 lat 314 999 3574 0 exe 133592 181944 235814 resp 237111 1000 pmu 1024616 984733 8360124 9891290 510627529
1790952554.387474 W 88 lat 296 999 2870 0 exe 107388 180759 231759 resp 233851 1000 pmu 1024435 984305 8354508 9729158 507630109
1790952555.323476 W 89 lat 314 981 2944 0 exe 108999 179759 240074 resp 241185 1000 pmu 1024194 982202 8354248 9552046 504955337
1790952556.363458 W 90 lat 333 1018 3925 0 exe 141518 182222 240111 resp 240796 1000 pmu 1024702 984822 8365443 9633641 511324709
1790952557.403462 W 91 lat 333 1037 3388 0 exe 148555 181611 249888 resp 250944 1000 pmu 1024416 982712 8361104 9811863 509691092
1790952558.339462 W 92 lat 333 1018 3407 0 exe 123185 181740 247962 resp 250055 1000 pmu 1024600 984844 8356260 9941111 510442120
1790952559.379469 W 93 lat 314 999 3074 0 exe 153222 181759 250425 resp 251462 1000 pmu 1024502 982439 8361110 9800674 510027026
1790952560.315452 W 94 lat 333 1018 3444 0 exe 140888 181444 244833 resp 246074 1000 pmu 1024531 984506 8357165 9968501 509646056
1790952561.359483 W 95 lat 333 1166 3740 0 exe 152962 181611 237555 resp 239759 1000 pmu 1024371 982543 8358404 9852542 509787224
1790952562.399458 W 96 lat 351 1074 2981 0 exe 148388 182740 240888 resp 241944 1000 pmu 1024518 984956 8362836 9848148 512602970
1790952563.335459 W 97 lat 333 1074 3129 0 exe 148185 182074 252666 resp 253888 1000 pmu 1024555 984532 8360906 9854203 510814961
1790952564.375481 W 98 lat 333 1055 3833 0 exe 146537 182907 244222 resp 245833 1000 pmu 1024526 984853 8365746 9969153 513188146
1790952565.311456 W 99 lat 333 1055 3444 0 exe 153351 182333 241833 resp 243425 1000 pmu 1024599 982555 8357138 9886125 511372801
1790952566.351449 W 100 lat 333 1037 2629 0 exe 154240 182851 252462 resp 253925 1000 pmu 1024519 984303 8356118 9891306 512651344
1790952567.395465 W 101 lat 314 1074 3092 0 exe 151833 182018 250370 resp 252444 1000 pmu 1024520 983031 8367399 9999717 510777086
1790952568.331313 W 102 lat 296 796 3296 0 exe 17203 125074 374166 resp 377462 636 pmu 1024107 663707 8316612 9967091 348949002
1790952569.371291 W 103 lat 296 296 370 0 exe 16518 19648 47999 resp 48314 0 pmu 1023469 41038 8243565 10251002 51553501
1790952570.307684 W 104 lat 296 481 4277 0 exe 17037 67796 231722 resp 232055 365 pmu 1021559 423394 8260320 6427322 272036434
1790952571.351420 W 105 lat 314 833 3574 0 exe 111925 146925 182222 resp 183351 1000 pmu 1020030 1024962 8298561 8530729 683030558
1790952572.391373 W 106 lat 314 777 3611 0 exe 107981 145925 176537 resp 178759 1000 pmu 1023628 1029484 8331578 8908012 697901326
1790952573.327602 W 107 lat 314 814 3462 0 exe 113277 146407 182888 resp 183777 1000 pmu 1023202 1028983 8326695 8832063 696700490
1790952574.367418 W 108 lat 314 814 3592 0 exe 112962 147870 187685 resp 188592 1000 pmu 1022778 1028344 8321049 8917124 698064369
1790952575.407382 W 109 lat 314 814 4166 0 exe 112370 147629 184555 resp 185240 1000 pmu 1022600 1028055 8322553 8971571 696513653
1790952576.343512 W 110 lat 296 777 3388 0 exe 110222 147592 207518 resp 207962 1000 pmu 1021448 1026831 8308753 8937820 690329593
1790952577.383569 W 111 lat 314 814 3814 0 exe 113981 149074 184148 resp 186185 1000 pmu 1020888 1025845 8294987 9151202 689738413
1790952578.319373 W 112 lat 314 796 3851 0 exe 109685 147648 204425 resp 205814 1000 pmu 1021498 1026636 8313497 8953957 687079278
1790952579.359378 W 113 lat 314 833 3481 0 exe 110851 149074 193166 resp 194333 1000 pmu 1020854 1026015 8305065 9125212 684411581
1790952580.399621 W 114 lat 314 833 4092 0 exe 112833 148925 191629 resp 192777 1000 pmu 1019874 1024931 8292583 9022477 680149702
1790952581.335371 W 115 lat 296 833 6148 0 exe 110962 153685 631981 resp 634092 1000 pmu 1019572 1024376 8294240 9019451 685519605
1790952582.375662 W 116 lat 296 796 3833 0 exe 110185 146222 206648 resp 207611 1000 pmu 1022592 1028161 8327780 13452411 689067937
1790952583.311390 W 117 lat 296 796 3759 0 exe 112351 144370 189018 resp 189611 1000 pmu 1023541 1029640 8331346 9140398 691102518
1790952584.351401 W 118 lat 314 796 4259 0 exe 108851 145388 196148 resp 196611 1000 pmu 1022853 1028343 8322723 8963367 690610993
1790952585.392239 W 119 lat 314 777 3555 0 exe 113944 145537 177018 resp 178037 1000 pmu 1022881 1028299 8326523 9024304 691693751
1790952586.327513 W 120 lat 314 814 3259 0 exe 111888 144740 190481 resp 191148 1000 pmu 1022680 1027841 8322268 8858425 697571504
1790952587.368063 W 121 lat 314 796 3277 0 exe 111333 144999 193814 resp 194462 1000 pmu 1021952 1028127 8323730 8975494 683225701
1790952588.407924 W 122 lat 296 796 3240 0 exe 111351 145740 188944 resp 189740 1000 pmu 1022726 1028185 8327499 9007433 686268040
1790952589.343545 W 123 lat 314 796 3537 0 exe 116925 144537 175537 resp 176092 1000 pmu 1023895 1030103 8335570 8962919 695053499
1790952590.384074 W 124 lat 314 777 3074 0 exe 113962 143907 184925 resp 185499 1000 pmu 1023556 1029723 8335272 8851282 694233925
1790952591.323401 W 125 lat 314 814 4462 0 exe 115481 144759 183296 resp 184222 1000 pmu 1023725 1030216 8339193 8924828 693975579
1790952592.368192 W 126 lat 314 777 3981 0 exe 111370 145499 185444 resp 186574 1000 pmu 1022568 1028626 8322058 8929202 688394176
1790952593.407386 W 127 lat 296 814 3444 0 exe 112407 147277 183074 resp 184611 1000 pmu 1020034 1025334 8296856 8932292 678749541
1790952594.343417 W 128 lat 296 777 3092 0 exe 110944 147185 182814 resp 183370 1000 pmu 1021006 1026951 8311741 8922057 679280688
1790952595.383838 W 129 lat 314 796 3592 0 exe 110648 146388 181444 resp 182703 1000 pmu 1020768 1026128 8309169 8904766 684959927
1790952596.319425 W 130 lat 314 796 4018 0 exe 111148 145740 208777 resp 210407 1000 pmu 1022912 1029218 8333212 8891916 690078943
1790952597.359467 W 131 lat 296 777 3388 0 exe 114351 145555 190574 resp 191222 1000 pmu 1023508 1028933 8328385 9168285 693599816
1790952598.399571 W 132 lat 314 777 3499 0 exe 109092 144333 200870 resp 201499 1000 pmu 1023759 1029797 8337374 8993327 689777124
1790952599.335720 W 133 lat 314 814 3185 0 exe 111407 145203 179499 resp 179981 1000 pmu 1023672 1029804 8335909 9064537 693431553
1790952600.375323 W 134 lat 296 611 3259 0 exe 17777 106370 191907 resp 192240 674 pmu 1022560 732533 8295412 8863538 486767146
1790952601.311288 W 135 lat 296 296 333 0 exe 16740 19333 47981 resp 48296 0 pmu 1023418 37008 8247034 8321840 49609771
1790952602.355875 W 136 lat 296 1499 10222 0 exe 17055 149314 603240 resp 608981 326 pmu 1020181 343520 8254357 6426454 382434963
1790952603.395759 W 137 lat 333 4648 12351 0 exe 85185 454740 630925 resp 636111 996 pmu 1011408 875909 8249834 12715434 1156889882
1790952604.331727 W 138 lat 2148 5574 10907 0 exe 271999 517870 634092 resp 639185 1000 pmu 1009017 890635 8238905 14884073 1298385668
1790952605.371749 W 139 lat 296 2814 10870 0 exe 35407 280444 600111 resp 606629 570 pmu 1013171 694599 8235922 16170312 732036175
1790952606.315542 W 140 lat 370 5444 12314 0 exe 74333 527722 658370 resp 667222 998 pmu 1011220 884208 8252136 13445369 1325612156
1790952607.355404 W 141 lat 296 2796 11185 0 exe 71999 320185 614462 resp 620740 965 pmu 1012178 813579 8233848 15491303 830159648
1790952608.395535 W 142 lat 296 3259 10518 0 exe 74851 359648 620981 resp 627351 930 pmu 1014666 852226 8260288 13970685 930593703
1790952609.335835 W 143 lat 962 5333 12740 0 exe 223444 505074 641944 resp 649407 1000 pmu 1009937 885421 8242147 14247122 1271077377
1790952610.375395 W 144 lat 296 4962 13648 0 exe 61759 459888 626518 resp 636814 974 pmu 1009104 834555 8230770 15957049 1162054155
1790952611.315788 W 145 lat 296 3481 10277 0 exe 43685 362796 615999 resp 622981 849 pmu 1011374 755734 8235100 14781677 926072183
1790952612.355405 W 146 lat 296 3833 9444 0 exe 55685 400648 615796 resp 619925 893 pmu 1010083 803115 8224651 14059983 1016531127
1790952613.403561 W 147 lat 314 2925 9037 0 exe 70259 324592 583388 resp 588222 908 pmu 1012985 814860 8253172 14290417 852160612
1790952614.363884 W 148 lat 1333 5018 10592 0 exe 207259 491314 630740 resp 635222 1000 pmu 1011540 890163 8250285 13656129 1239845295
1790952615.407831 W 149 lat 1777 4722 11944 0 exe 238666 456444 613703 resp 620759 1000 pmu 1007475 823984 8216718 15669863 1152003337
1790952616.343472 W 150 lat 296 4129 10425 0 exe 61722 422685 581592 resp 588962 970 pmu 1009612 804477 8220267 15502784 1071149683
1790952617.383617 W 151 lat 296 3888 7999 0 exe 50407 405055 577666 resp 582574 940 pmu 1010206 791120 8226609 14111435 1028079788
1790952618.323734 W 152 lat 296 2888 8888 0 exe 61555 320574 548759 resp 551574 986 pmu 1012120 792116 8243325 13901926 835577198
1790952619.363672 W 153 lat 851 5018 11796 0 exe 198777 490129 633388 resp 640240 1000 pmu 1010538 879204 8245905 13235301 1232890908
1790952620.403610 W 154 lat 351 4425 10407 0 exe 107592 439092 593240 resp 597666 1000 pmu 1008314 814598 8223678 15663476 1110429033
1790952621.339592 W 155 lat 314 4259 10444 0 exe 93259 430888 585018 resp 590296 997 pmu 1009577 804536 8227139 14526425 1097996935
1790952622.391650 W 156 lat 314 3814 10870 0 exe 67203 408240 594166 resp 599185 978 pmu 1010209 784844 8228400 14335014 1043355076
1790952623.331546 W 157 lat 296 2629 9999 0 exe 86407 306055 556685 resp 562222 961 pmu 1012319 806430 8238619 14181271 801559661
1790952624.387949 W 158 lat 425 5074 12425 0 exe 129999 492796 622777 resp 629240 1000 pmu 1009845 878863 8237263 13384015 1238293988
1790952625.339538 W 159 lat 462 4703 9703 0 exe 149814 462685 633185 resp 638851 1000 pmu 1009269 851877 8232903 15226401 1166594987
1790952626.403576 W 160 lat 314 3925 9055 0 exe 80870 399740 569833 resp 575962 996 pmu 1009905 760266 8223608 15259660 1013774013
1790952627.359539 W 161 lat 314 4074 8518 0 exe 78648 424037 614074 resp 620240 995 pmu 1010954 801851 8238365 13961111 1079647266
1790952628.307440 W 162 lat 314 2629 9296 0 exe 72074 306370 576259 resp 585555 916 pmu 1012651 814493 8241750 14511790 800341797
1790952629.359723 W 163 lat 351 4981 23166 0 exe 111425 485962 606703 resp 612814 1000 pmu 1010637 880980 8243619 13525053 1225438655
1790952630.399695 W 164 lat 1685 5111 10574 0 exe 162777 477796 613944 resp 620833 1000 pmu 1007711 843175 8222041 14989551 1205542810
1790952631.335685 W 165 lat 314 3722 9259 0 exe 76351 378499 569574 resp 573574 990 pmu 1010639 748468 8234428 15226229 963361648
1790952632.375316 W 166 lat 296 3481 10777 0 exe 17481 347962 607166 resp 611962 726 pmu 1012522 617338 8231930 13818466 878024411
1790952633.311309 W 167 lat 296 296 759 0 exe 17129 24648 126518 resp 126851 11 pmu 1023332 98854 8253276 13755271 66997580
1790952634.355679 W 168 lat 296 1055 9722 0 exe 16907 95092 576444 resp 580629 265 pmu 1020947 229352 8258714 7242721 283994570
1790952635.399494 W 169 lat 814 3611 9388 0 exe 113444 328259 567907 resp 572222 1000 pmu 1014019 680226 8242075 12163236 1017008651
1790952636.343436 W 170 lat 666 3370 10111 0 exe 94888 315425 481444 resp 485148 999 pmu 1013801 668006 8237739 13740674 998894025
1790952637.383528 W 171 lat 462 3518 8111 0 exe 102925 314314 558962 resp 565092 1000 pmu 1014631 653657 8246832 12717812 994360802
1790952638.319497 W 172 lat 462 3629 8574 0 exe 95722 313666 515037 resp 518074 999 pmu 1014623 632347 8247384 13529389 989106777
1790952639.359737 W 173 lat 425 3574 8592 0 exe 106796 334222 614518 resp 618703 1000 pmu 1013965 685394 8241395 13038573 1038965168
1790952640.407668 W 174 lat 555 3555 8351 0 exe 109444 314055 533129 resp 536925 1000 pmu 1014306 656658 8240829 14196811 992081905
1790952641.351474 W 175 lat 722 3499 10092 0 exe 110277 332037 575518 resp 579666 1000 pmu 1013828 683472 8240175 13292571 1028368824
1790952642.399554 W 176 lat 796 3555 8296 0 exe 103222 319055 507907 resp 511462 1000 pmu 1014352 640545 8243134 13821710 1008588460
1790952643.335633 W 177 lat 777 3407 8092 0 exe 114870 335574 594092 resp 597314 1000 pmu 1014115 717161 8233336 13033917 1037628423
1790952644.375772 W 178 lat 925 3499 7759 0 exe 102314 322314 503796 resp 508277 1000 pmu 1013833 662194 8238436 14033262 1006378175
1790952645.311569 W 179 lat 722 3481 7685 0 exe 110111 324777 553981 resp 557833 1000 pmu 1014177 680180 8228196 13007032 1016939474
1790952646.367626 W 180 lat 333 3462 8481 0 exe 100425 319222 501777 resp 505074 1000 pmu 1014404 657824 8235736 13555499 1003326424
1790952647.407550 W 181 lat 518 3499 7999 0 exe 115833 334148 562277 resp 565666 1000 pmu 1013797 680301 8234704 12956329 1041397288
1790952648.343513 W 182 lat 592 3444 8629 0 exe 104962 326592 555148 resp 558555 1000 pmu 1014020 685048 8228747 13712376 1015433665
1790952649.399537 W 183 lat 351 3425 8037 0 exe 116629 328574 549944 resp 553333 1000 pmu 1014209 689988 8233582 13552181 1025845355
1790952650.331508 W 184 lat 499 3611 12055 0 exe 116722 323499 515888 resp 520018 1000 pmu 1014093 664921 8242396 13564046 1012516497
1790952651.375632 W 185 lat 629 3388 7925 0 exe 110370 319333 514592 resp 518722 1000 pmu 1014111 676671 8231919 13223971 1006601391
1790952652.319464 W 186 lat 481 3462 7499 0 exe 90907 313166 505814 resp 510148 998 pmu 1014676 642667 8238210 13137298 992766380
1790952653.363596 W 187 lat 537 3499 7685 0 exe 104462 330796 606203 resp 610740 1000 pmu 1014229 681561 8237340 12919973 1027677897
1790952654.407695 W 188 lat 777 3370 7851 0 exe 113740 324462 499981 resp 503481 1000 pmu 1014156 663933 8233090 14082274 1023722466
1790952655.347619 W 189 lat 740 3481 7981 0 exe 110537 327888 566537 resp 571388 1000 pmu 1014499 680959 8243556 13030852 1022175954
1790952656.387667 W 190 lat 666 3629 8796 0 exe 116518 330962 504333 resp 509388 1000 pmu 1013851 665725 8231956 13705378 1029299250
1790952657.327492 W 191 lat 611 3370 8851 0 exe 108629 321629 500962 resp 505037 1000 pmu 1014172 675176 8234788 13134101 1003405565
1790952658.367612 W 192 lat 666 3499 7851 0 exe 93499 331740 558851 resp 561870 999 pmu 1014350 674767 8239926 13007863 1037219354
1790952659.307614 W 193 lat 833 3555 8296 0 exe 113703 331425 537444 resp 541148 1000 pmu 1014278 674285 8236509 13552610 1027055070
1790952660.351501 W 194 lat 759 3499 8518 0 exe 98499 315499 580981 resp 585314 1000 pmu 1014947 652890 8240798 13444533 988144438
1790952661.395618 W 195 lat 351 3388 7888 0 exe 112944 320222 494814 resp 498685 1000 pmu 1013928 670686 8239651 13727912 1006154700
1790952662.335579 W 196 lat 796 3592 8537 0 exe 108351 330203 550407 resp 554296 1000 pmu 1014045 675378 8238969 12953982 1025793364
1790952663.379648 W 197 lat 759 3425 9925 0 exe 109444 318240 494833 resp 499092 1000 pmu 1014183 666180 8235906 13543582 996636060
1790952664.323318 W 198 lat 296 2703 8314 0 exe 17685 244685 578777 resp 582796 775 pmu 1017018 526668 8242438 12940509 772280045
1790952665.363287 W 199 lat 296 296 333 0 exe 16666 19370 48777 resp 49092 0 pmu 1023490 37849 8243675 12935958 52512124
1790952666.315266 W 200 lat 296 296 999 0 exe 17055 31777 180203 resp 181018 36 pmu 1022910 177904 8245888 6433522 82357968
1790952667.375317 W 201 lat 296 296 499 0 exe 33037 45092 80092 resp 80407 0 pmu 1022991 342631 8246801 7817469 114185354
1790952668.323321 W 202 lat 296 296 425 0 exe 33111 41185 109462 resp 109870 11 pmu 1022980 296360 8248268 6957677 104369713
1790952669.375314 W 203 lat 296 296 629 0 exe 34611 44148 117351 resp 117685 5 pmu 1022687 332602 8247220 7232468 112015209
1790952670.311313 W 204 lat 296 296 555 0 exe 31333 40277 123944 resp 124351 8 pmu 1023132 285785 8246698 7334258 102142948
1790952671.359305 W 205 lat 296 296 425 0 exe 30666 37037 54444 resp 54759 0 pmu 1023374 248185 8249023 7364470 93075467
1790952672.403309 W 206 lat 296 296 555 0 exe 28814 38518 106629 resp 107055 9 pmu 1023154 264836 8245654 6648865 97346279
1790952673.343304 W 207 lat 296 296 351 0 exe 28018 34055 51740 resp 52055 0 pmu 1023387 211896 8247596 7170126 85337917
1790952674.399319 W 208 lat 296 296 592 0 exe 30259 40759 122518 resp 122925 16 pmu 1022979 290927 8249504 6593247 103522553
1790952675.335304 W 209 lat 296 296 425 0 exe 32425 38370 60388 resp 60703 0 pmu 1023224 263632 8246655 7347499 96431910
1790952676.383319 W 210 lat 296 296 518 0 exe 33592 42055 128518 resp 129037 11 pmu 1023068 306696 8251157 6723677 106233962
1790952677.339301 W 211 lat 296 296 462 0 exe 33870 40166 58851 resp 59166 0 pmu 1023143 285553 8249942 7430842 101037622
1790952678.391314 W 212 lat 296 296 685 0 exe 30518 40296 111777 resp 112185 12 pmu 1023056 285751 8245284 6724668 101765309
1790952679.351313 W 213 lat 296 296 555 0 exe 30685 40314 105981 resp 106296 6 pmu 1023000 286692 8249521 7239558 102159155
1790952680.407314 W 214 lat 296 296 499 0 exe 31018 39814 130240 resp 130611 9 pmu 1023043 280016 8247709 7181299 101064045
1790952681.359297 W 215 lat 296 296 333 0 exe 30999 37981 59796 resp 60111 0 pmu 1023146 258922 8248065 7422854 95635610
1790952682.323314 W 216 lat 296 296 666 0 exe 32111 40462 107814 resp 108314 10 pmu 1022981 287950 8246213 6708246 102449555
1790952683.383298 W 217 lat 296 296 333 0 exe 32351 38222 60555 resp 60870 0 pmu 1023278 262318 8243661 7208925 96017787
1790952684.335335 W 218 lat 296 296 796 0 exe 31962 41574 126388 resp 126703 22 pmu 1022881 300150 8246483 6723837 105696130
1790952685.395315 W 219 lat 296 296 388 0 exe 29796 36703 60555 resp 60944 0 pmu 1023220 244250 8246773 7399323 92278674
1790952686.355325 W 220 lat 296 296 555 0 exe 31444 42203 114648 resp 114962 14 pmu 1022714 308078 8243062 6704175 106725960
1790952687.399300 W 221 lat 296 296 481 0 exe 34777 40611 63296 resp 63611 0 pmu 1023110 290676 8243974 7281171 101886296
1790952688.351326 W 222 lat 296 296 462 0 exe 33148 42111 119129 resp 119462 13 pmu 1022709 306312 8240186 6776029 106495284
1790952689.407318 W 223 lat 296 296 611 0 exe 31851 40722 118111 resp 118592 7 pmu 1022784 290010 8243341 7333692 102977551
1790952690.351316 W 224 lat 296 296 1722 0 exe 32425 42074 119722 resp 120092 14 pmu 1022635 306981 8245596 7311564 106889274
1790952691.391308 W 225 lat 296 296 444 0 exe 34722 40296 63425 resp 63740 0 pmu 1022767 286582 8245461 7342386 101326482
1790952692.327418 W 226 lat 296 296 444 0 exe 34611 43722 107703 resp 108037 10 pmu 1022617 326369 8243537 6775307 110927428
1790952693.367423 W 227 lat 296 296 425 0 exe 33722 39722 61203 resp 61518 0 pmu 1023057 280266 8247516 7234845 100063029
1790952694.407420 W 228 lat 296 296 888 0 exe 32222 44018 133777 resp 134666 25 pmu 1022676 328854 8246711 6745075 112079290
1790952695.343477 W 229 lat 296 296 333 0 exe 31814 37518 57277 resp 57574 0 pmu 1023295 254382 8246813 7490152 94350071
1790952696.383315 W 230 lat 296 296 722 0 exe 18388 42722 116685 resp 117018 21 pmu 1022866 314633 8249118 6684814 108700236
1790952697.319289 W 231 lat 296 296 333 0 exe 16685 19407 45685 resp 45981 0 pmu 1023430 38061 8243341 7239815 49143084
1790952698.370630 W 232 lat 296 314 2111 0 exe 17018 37277 203944 resp 204277 120 pmu 1021982 230671 8240025 6402802 100562402
1790952699.407337 W 233 lat 296 333 1037 0 exe 85592 100203 153574 resp 153888 348 pmu 1012977 971633 8197697 8086303 292602089
1790952700.350219 W 234 lat 296 333 629 0 exe 90962 98203 125777 resp 126222 122 pmu 1012593 966324 8190477 8234453 287696029
1790952701.410273 W 235 lat 296 333 648 0 exe 92518 98666 108092 resp 108388 172 pmu 1012739 970252 8191154 7972039 288617371
1790952702.319365 W 236 lat 296 333 648 0 exe 77166 97685 113333 resp 113907 149 pmu 1012966 959474 8197335 7804583 284771859
1790952703.367843 W 237 lat 296 333 611 0 exe 80814 97592 109148 resp 109499 116 pmu 1012448 961586 8188864 7776775 284824879
1790952704.315311 W 238 lat 296 333 629 0 exe 91481 99018 117092 resp 117499 238 pmu 1012660 972583 8193715 7751655 290561710
1790952705.356453 W 239 lat 296 333 666 0 exe 93592 98814 108462 resp 108981 166 pmu 1012013 972009 8190899 7891631 290607236
1790952706.395199 W 240 lat 296 333 592 0 exe 84981 97129 115481 resp 115888 67 pmu 1012572 956611 8186874 7815244 282451480
1790952707.330407 W 241 lat 296 333 611 0 exe 75574 98425 107499 resp 107833 141 pmu 1012528 967682 8188180 7833214 287783076
1790952708.380488 W 242 lat 296 333 629 0 exe 82481 97796 114833 resp 115166 112 pmu 1012576 961917 8193019 7712596 285739024
1790952709.307336 W 243 lat 296 333 592 0 exe 86333 97981 112962 resp 113444 117 pmu 1012739 964175 8192555 7817453 286182201
1790952710.366238 W 244 lat 296 333 666 0 exe 83685 96648 121425 resp 121814 89 pmu 1012281 951647 8185539 7819371 281743098
1790952711.411242 W 245 lat 296 333 629 0 exe 85796 98648 108222 resp 108555 201 pmu 1012512 969931 8189714 7884291 288839186
1790952712.365610 W 246 lat 296 333 592 0 exe 78851 97777 119111 resp 119537 101 pmu 1012530 962131 8192923 7772078 285521273
1790952713.409918 W 247 lat 296 333 611 0 exe 77518 97851 109518 resp 109999 132 pmu 1012741 962628 8195139 7842298 285392248
1790952714.355394 W 248 lat 296 333 722 0 exe 88870 98166 123666 resp 124240 175 pmu 1012624 965090 8194444 7740569 287096874
1790952715.406223 W 249 lat 296 333 592 0 exe 84296 97999 107981 resp 108296 94 pmu 1012574 964726 8186999 7941143 286546699
1790952716.346625 W 250 lat 296 333 666 0 exe 87814 98592 128907 resp 129574 147 pmu 1012692 970168 8199927 7758939 289017702
1790952717.392915 W 251 lat 296 333 592 0 exe 86648 98574 112222 resp 112648 150 pmu 1012501 969361 8190518 7990873 289339296
1790952718.332986 W 252 lat 296 333 555 0 exe 87314 97833 113629 resp 113944 117 pmu 1012800 963178 8192580 7816281 285887416
1790952719.377467 W 253 lat 296 333 703 0 exe 87444 98685 122981 resp 123462 193 pmu 1012625 970484 8195421 7829467 289101768
1790952720.327035 W 254 lat 296 333 685 0 exe 88685 98388 119611 resp 119962 158 pmu 1012488 967900 8197896 7929384 288386731
1790952721.378160 W 255 lat 296 333 574 0 exe 89703 97944 106129 resp 106481 92 pmu 1012360 964303 8189523 7899558 286357827
1790952722.399331 W 256 lat 296 333 629 0 exe 74499 97462 116592 resp 117037 123 pmu 1012701 958723 8194211 7767082 283721845
1790952723.345278 W 257 lat 296 333 611 0 exe 87814 98574 106740 resp 107055 174 pmu 1012459 970162 8194493 7794217 288891968
1790952724.399655 W 258 lat 296 333 611 0 exe 90666 98037 109944 resp 110277 104 pmu 1012394 964372 8192790 7766885 286677684
1790952725.315334 W 259 lat 296 333 629 0 exe 90537 98370 122129 resp 122666 140 pmu 1012419 966725 8189392 7810719 287734631
1790952726.364298 W 260 lat 296 333 629 0 exe 76018 98407 112759 resp 113111 170 pmu 1012714 967057 8189938 7934735 287573646
1790952727.398085 W 261 lat 296 333 592 0 exe 88055 97574 108148 resp 108481 116 pmu 1012577 961309 8190043 7767591 283862855
1790952728.331327 W 262 lat 296 351 3777 0 exe 18277 94981 168777 resp 169537 154 pmu 1013635 908039 8192083 7777300 306916944
1790952729.371290 W 263 lat 296 296 333 0 exe 16722 19425 50555 resp 50870 0 pmu 1023496 38279 8248141 8039595 49665017
1790952730.307332 W 264 lat 296 296 1296 0 exe 17018 28037 175555 resp 176851 35 pmu 1023105 133721 8247046 6451720 72961547
1790952731.355311 W 265 lat 296 296 333 0 exe 18796 23740 45370 resp 45703 0 pmu 1023454 87475 8240993 7756096 60099752
1790952732.403318 W 266 lat 296 296 1203 0 exe 17944 25148 122722 resp 123925 6 pmu 1023368 103936 8240968 6431926 63458737
1790952733.339302 W 267 lat 296 296 333 0 exe 18222 23037 45166 resp 45481 0 pmu 1023471 79559 8239656 7216962 58055049
1790952734.379314 W 268 lat 296 296 425 0 exe 19185 26611 119074 resp 119407 5 pmu 1023418 121716 8241132 6423351 67153030
1790952735.331313 W 269 lat 296 296 444 0 exe 18962 25462 116240 resp 116555 3 pmu 1023422 107817 8242070 7185568 64434751
1790952736.375365 W 270 lat 296 296 703 0 exe 18851 26370 107814 resp 108203 6 pmu 1023379 118618 8241016 7150476 66860395
1790952737.315307 W 271 lat 296 296 333 0 exe 19222 23611 45944 resp 46259 0 pmu 1023495 86265 8242124 7071801 59351501
1790952738.367311 W 272 lat 296 296 462 0 exe 19388 26555 137888 resp 138203 6 pmu 1023415 120343 8242600 6438841 66905343
1790952739.331304 W 273 lat 296 296 351 0 exe 18907 24074 47111 resp 47425 0 pmu 1023445 91306 8236528 7374599 60670243
1790952740.391317 W 274 lat 296 296 444 0 exe 19111 28703 118296 resp 118648 10 pmu 1023318 145783 8238265 6451443 72643490
1790952741.327304 W 275 lat 296 296 333 0 exe 19055 23518 44259 resp 44574 0 pmu 1023443 84921 8239220 7188156 59184984
1790952742.379350 W 276 lat 296 296 499 0 exe 19888 26666 112518 resp 112833 5 pmu 1023414 121834 8240082 6420756 67105629
1790952743.339302 W 277 lat 296 296 333 0 exe 19370 24407 44481 resp 44796 0 pmu 1023478 95562 8239564 7124153 61356934
1790952744.399312 W 278 lat 296 296 999 0 exe 19537 26462 131425 resp 131888 6 pmu 1023374 119351 8237252 6429119 66736272
1790952745.339316 W 279 lat 296 296 444 0 exe 18537 26018 110888 resp 111203 6 pmu 1023439 114410 8239653 7313875 65834895
1790952746.399335 W 280 lat 296 296 425 0 exe 19185 26333 112611 resp 112925 5 pmu 1023390 117990 8239524 7097604 66764044
1790952747.355303 W 281 lat 296 296 333 0 exe 19129 23537 43018 resp 43333 0 pmu 1023493 85023 8238184 7119515 59180802
1790952748.315312 W 282 lat 296 296 740 0 exe 19481 26314 111703 resp 112018 6 pmu 1023379 117809 8237288 6408689 66292701
1790952749.371307 W 283 lat 296 296 333 0 exe 19611 25055 45537 resp 45870 0 pmu 1023435 102973 8237718 7113365 62916331
1790952750.307339 W 284 lat 296 296 462 0 exe 19333 28055 118462 resp 118777 11 pmu 1023271 138478 8238022 6444200 71113731
1790952751.347293 W 285 lat 296 296 351 0 exe 19314 22944 50740 resp 51074 0 pmu 1023468 78236 8234752 7187547 57774818
1790952752.391317 W 286 lat 296 296 444 0 exe 19018 26388 112703 resp 113018 6 pmu 1023390 118747 8238424 6484264 66521164
1790952753.331309 W 287 lat 296 296 370 0 exe 20092 24481 47314 resp 47629 0 pmu 1023452 96226 8238356 7119936 61493759
1790952754.395313 W 288 lat 296 296 407 0 exe 19277 26351 111981 resp 112296 6 pmu 1023391 118163 8241417 6461568 66419970
1790952755.355313 W 289 lat 296 296 574 0 exe 19351 26185 109407 resp 109740 6 pmu 1023428 116206 8237058 7113761 66130222
1790952756.303314 W 290 lat 296 296 722 0 exe 18814 26203 117555 resp 118166 5 pmu 1023396 116493 8240963 7088414 66510858
1790952757.371325 W 291 lat 296 296 333 0 exe 19777 24537 45944 resp 46259 0 pmu 1023501 97281 8238480 7169422 61692958
1790952758.307314 W 292 lat 296 296 333 0 exe 18648 26259 109499 resp 109814 6 pmu 1023434 117066 8236719 6446412 66156894
1790952759.347316 W 293 lat 296 296 351 0 exe 19499 24222 47740 resp 48055 0 pmu 1023445 93309 8236701 7084977 60860687
1790952760.387327 W 294 lat 296 296 759 0 exe 20259 29851 116611 resp 117037 11 pmu 1023349 160121 8243096 6461446 75522822
1790952761.323286 W 295 lat 296 296 351 0 exe 16981 21944 134814 resp 135148 3 pmu 1023419 67729 8247885 7184762 55765757
1790952762.363885 W 296 lat 296 296 407 0 exe 16611 21351 107962 resp 108277 6 pmu 1023376 60618 8245081 7308513 54646857
1790952763.403330 W 297 lat 296 314 3148 0 exe 17648 77148 255833 resp 256407 50 pmu 1022486 706962 8250808 7035347 209726379
1790952764.339342 W 298 lat 296 314 499 0 exe 18777 73277 111185 resp 111499 13 pmu 1022801 677719 8259892 8813484 197835287
1790952765.379330 W 299 lat 296 314 592 0 exe 17259 63259 105055 resp 105462 6 pmu 1022949 557990 8254928 7338695 167605786
1790952766.315331 W 300 lat 296 314 518 0 exe 17518 64462 116740 resp 117203 11 pmu 1022996 571470 8252743 7220649 176345006
1790952767.355322 W 301 lat 296 314 555 0 exe 17722 58074 94833 resp 95203 0 pmu 1023253 495828 8252631 7344491 164248546
1790952768.395331 W 302 lat 296 314 722 0 exe 17370 71277 115499 resp 116148 6 pmu 1022935 652335 8254755 7094179 198763491
1790952769.331321 W 303 lat 296 296 592 0 exe 17277 66629 94666 resp 94962 0 pmu 1023102 598475 8256906 7367523 184600905
1790952770.371334 W 304 lat 296 314 759 0 exe 17648 64999 114166 resp 114481 14 pmu 1022940 578127 8255819 7132987 175315458
1790952771.307315 W 305 lat 296 314 499 0 exe 17185 68388 90407 resp 90722 0 pmu 1023120 620075 8255045 7322678 182827558
1790952772.351331 W 306 lat 296 314 759 0 exe 18407 70111 119388 resp 119870 9 pmu 1023032 639594 8255961 7098210 189850159
1790952773.391332 W 307 lat 296 296 518 0 exe 17703 63611 91388 resp 91703 0 pmu 1023077 562798 8255141 7404932 172530225
1790952774.327325 W 308 lat 296 314 629 0 exe 19425 74444 114481 resp 114833 8 pmu 1022895 691225 8256804 7086791 203850515
1790952775.371328 W 309 lat 296 314 629 0 exe 17611 67555 114685 resp 115018 6 pmu 1023136 608792 8264010 7381328 192114610
1790952776.307332 W 310 lat 296 314 574 0 exe 17574 66592 123129 resp 123499 13 pmu 1022991 596505 8253461 7339747 189951191
1790952777.347323 W 311 lat 296 314 685 0 exe 17388 66648 96018 resp 96462 0 pmu 1023040 598985 8257120 7419312 187641056
1790952778.387329 W 312 lat 296 314 518 0 exe 18240 66166 118240 resp 118629 10 pmu 1022921 590890 8253188 7148252 190937712
1790952779.323325 W 313 lat 296 296 685 0 exe 17388 55333 90222 resp 90537 0 pmu 1023182 464368 8254989 7371155 152666598
1790952780.367333 W 314 lat 296 314 796 0 exe 20481 75444 123166 resp 123703 16 pmu 1022724 701473 8256125 7033129 213504725
1790952781.303330 W 315 lat 296 296 592 0 exe 18092 57462 90907 resp 91240 0 pmu 1023083 488507 8253964 7480259 165710787
1790952782.343334 W 316 lat 296 314 796 0 exe 21296 76129 110851 resp 111166 11 pmu 1022700 709346 8254143 7053659 222060394
1790952783.383325 W 317 lat 296 296 740 0 exe 16999 54870 98499 resp 98814 0 pmu 1023168 458730 8252204 7363469 150958804
1790952784.319331 W 318 lat 296 314 907 0 exe 17925 75388 118981 resp 119481 11 pmu 1022843 700673 8254809 7111836 211921051
1790952785.359334 W 319 lat 296 314 666 0 exe 17740 66666 110722 resp 111055 4 pmu 1022921 598555 8254093 7425675 182801278
1790952786.399335 W 320 lat 296 314 574 0 exe 17740 62981 121666 resp 121999 8 pmu 1023126 555132 8258459 7296626 171845016
1790952787.335325 W 321 lat 296 314 518 0 exe 18814 70185 93740 resp 94055 0 pmu 1023030 641164 8257476 7387156 191575728
1790952788.375330 W 322 lat 296 314 574 0 exe 18870 71759 134462 resp 135018 9 pmu 1022942 658685 8255102 7148830 197380679
1790952789.311330 W 323 lat 296 314 537 0 exe 17796 69166 95981 resp 96296 0 pmu 1022892 628627 8255091 7565760 190619332
1790952790.351332 W 324 lat 296 314 574 0 exe 21055 79055 122129 resp 122425 13 pmu 1022691 744376 8256254 7161330 217801123
1790952791.391326 W 325 lat 296 314 499 0 exe 17259 72518 96166 resp 96481 0 pmu 1022865 668756 8256139 7488468 198560240
1790952792.327337 W 326 lat 296 314 518 0 exe 17518 67222 110240 resp 110740 7 pmu 1022809 604571 8252103 7177006 184566183
1790952793.367318 W 327 lat 296 296 759 0 exe 16759 28666 139666 resp 140425 27 pmu 1023037 144875 8247288 7293460 76055104
1790952794.303309 W 328 lat 296 296 814 0 exe 16833 21999 109611 resp 109944 6 pmu 1023402 68099 8245727 7393781 56330171
1790952795.347454 W 329 lat 296 1111 6185 0 exe 17333 175018 644888 resp 646111 893 pmu 1021232 840919 8331301 7060874 483465940
1790952796.387452 W 330 lat 314 1018 3685 0 exe 141962 170814 251851 resp 253999 1000 pmu 1021901 918613 8352956 13217077 485831159
1790952797.323454 W 331 lat 333 1018 3277 0 exe 141833 170370 221851 resp 222962 1000 pmu 1021881 913785 8352120 9880656 482413750
1790952798.363460 W 332 lat 333 1037 3388 0 exe 138407 170851 224981 resp 226703 1000 pmu 1021804 917484 8349900 9570586 483812902
1790952799.403471 W 333 lat 333 1037 3222 0 exe 139259 170203 225055 resp 225740 1000 pmu 1021720 913017 8353321 9590863 482011813
1790952800.339470 W 334 lat 314 1018 3259 0 exe 100666 169388 238370 resp 239592 1000 pmu 1021589 920256 8349235 9586533 479831548
1790952801.383460 W 335 lat 314 1037 3814 0 exe 140037 170333 221462 resp 222499 1000 pmu 1021722 913482 8353566 9525555 482320439
1790952802.319460 W 336 lat 314 999 2814 0 exe 135499 170703 227703 resp 228296 1000 pmu 1022089 917184 8351509 9559889 483405597
1790952803.359446 W 337 lat 314 1037 3481 0 exe 140629 169981 226296 resp 228333 1000 pmu 1021706 912542 8345623 9594146 481235289
1790952804.399464 W 338 lat 314 1074 2981 0 exe 140185 169944 222611 resp 223203 1000 pmu 1021959 916693 8354228 9612812 481703237
1790952805.335457 W 339 lat 314 1037 3240 0 exe 139296 170592 225055 resp 226740 1000 pmu 1022099 918401 8356047 9563922 482971973
1790952806.375489 W 340 lat 333 1037 3351 0 exe 139259 170814 228111 resp 229333 1000 pmu 1021997 918637 8353848 9593830 483659210
1790952807.315470 W 341 lat 314 1037 3222 0 exe 139592 170870 229777 resp 231111 1000 pmu 1021616 913721 8351205 9623646 483583122
1790952808.359492 W 342 lat 333 1055 4518 0 exe 136074 170425 247611 resp 248888 1000 pmu 1021935 917567 8352959 9642024 482874894
1790952809.399471 W 343 lat 333 999 3944 0 exe 140537 170277 221740 resp 223277 1000 pmu 1021512 914289 8343630 9807016 482014489
1790952810.335474 W 344 lat 333 999 3407 0 exe 130944 171055 227648 resp 228648 1000 pmu 1022043 921404 8348151 9567935 484484216
1790952811.375477 W 345 lat 333 999 2648 0 exe 142055 170407 227296 resp 229888 1000 pmu 1021759 914389 8346762 9577557 482319417
1790952812.311465 W 346 lat 333 1037 3740 0 exe 133648 170629 238629 resp 239574 1000 pmu 1021964 914936 8360599 9630745 483309875
1790952813.351459 W 347 lat 314 1074 3759 0 exe 141814 171259 240777 resp 241518 1000 pmu 1021832 916902 8356658 9700580 484762219
1790952814.391493 W 348 lat 333 1018 2814 0 exe 141388 170481 243018 resp 243833 1000 pmu 1021637 911794 8347964 9765042 482619332
1790952815.331480 W 349 lat 314 1037 4074 0 exe 125925 171388 234388 resp 234833 1000 pmu 1021952 922978 8350069 9776835 485489014
1790952816.371512 W 350 lat 314 981 3240 0 exe 91518 167148 220425 resp 221074 998 pmu 1021653 910532 8345764 9622322 474122261
1790952817.307453 W 351 lat 314 1018 3370 0 exe 121925 170240 234203 resp 235314 1000 pmu 1021926 917036 8351521 9285792 482252218
1790952818.347458 W 352 lat 333 1055 4129 0 exe 140537 170925 226740 resp 227888 1000 pmu 1021953 913986 8353949 9594196 483729510
1790952819.387469 W 353 lat 333 1018 3666 0 exe 128740 170870 238518 resp 240074 1000 pmu 1021769 917329 8347161 9620560 483826178
1790952820.323553 W 354 lat 314 981 2870 0 exe 139999 169925 225425 resp 225925 1000 pmu 1021862 917213 8345715 9678568 481430378
1790952821.367482 W 355 lat 333 1018 3851 0 exe 138703 170740 227166 resp 229685 1000 pmu 1021944 920249 8355350 9589731 483465383
1790952822.307458 W 356 lat 333 1018 3592 0 exe 135666 169425 221796 resp 222444 1000 pmu 1021753 913384 8352905 9619966 480240225
1790952823.347474 W 357 lat 351 1277 4166 0 exe 140370 171092 231481 resp 234296 1000 pmu 1021828 918269 8351602 9533863 484519830
1790952824.387469 W 358 lat 333 1092 3499 0 exe 142296 170759 225555 resp 226574 1000 pmu 1021598 913203 8346421 9677597 483347333
1790952825.323316 W 359 lat 296 444 4111 0 exe 16833 48666 304981 resp 306574 158 pmu 1023291 248309 8251105 9610718 132044523
1790952826.363286 W 360 lat 296 296 333 0 exe 17111 19796 52925 resp 53222 0 pmu 1023400 42476 8244788 9168794 51265825
1790952827.403378 W 361 lat 296 629 3018 0 exe 17407 121240 183407 resp 184018 805 pmu 1020802 878838 8295560 6481425 544410980
1790952828.339386 W 362 lat 314 814 4222 0 exe 110185 146111 183888 resp 184499 1000 pmu 1015718 1020066 8257966 8312286 672775009
1790952829.379397 W 363 lat 296 740 3203 0 exe 112129 145092 183796 resp 184888 1000 pmu 1020903 1025336 8303857 8912518 694354172
1790952830.315484 W 364 lat 296 740 2851 0 exe 112999 145351 201185 resp 201814 1000 pmu 1021623 1026440 8311969 8913117 701264009
1790952831.359566 W 365 lat 314 759 3703 0 exe 109888 145666 181537 resp 184037 1000 pmu 1020564 1025196 8295897 9088441 693346876
1790952832.399366 W 366 lat 296 722 3277 0 exe 68481 140555 185666 resp 186907 952 pmu 1022000 1022444 8322723 8891962 659087747
1790952833.339642 W 367 lat 314 759 3037 0 exe 113462 143759 180333 resp 181074 1000 pmu 1021960 1027274 8315800 8692053 698013438
1790952834.379375 W 368 lat 296 740 3777 0 exe 114222 144666 172962 resp 173740 1000 pmu 1022234 1028139 8328530 8876093 700505051
1790952835.315407 W 369 lat 314 759 3185 0 exe 112629 145685 183259 resp 184037 1000 pmu 1022057 1028151 8324974 8814460 698185881
1790952836.355387 W 370 lat 296 796 3351 0 exe 109981 146203 182370 resp 183074 1000 pmu 1019213 1023865 8285349 8911783 688910294
1790952837.400041 W 371 lat 296 740 4055 0 exe 68888 140944 184499 resp 185722 947 pmu 1020075 1017949 8292427 8892627 647548876
1790952838.335596 W 372 lat 314 777 3425 0 exe 113833 144833 180462 resp 181055 1000 pmu 1021531 1026858 8309837 8688306 699156516
1790952839.375382 W 373 lat 314 759 4814 0 exe 114611 145870 196759 resp 197370 1000 pmu 1022173 1027161 8314863 8885968 703800331
1790952840.311391 W 374 lat 314 759 3444 0 exe 114314 146203 193796 resp 194277 1000 pmu 1021815 1026903 8314385 9064962 702633329
1790952841.351400 W 375 lat 296 796 3944 0 exe 113148 145851 187259 resp 188425 1000 pmu 1022067 1026853 8310125 9027999 701908933
1790952842.400014 W 376 lat 296 740 3833 0 exe 74759 140740 178759 resp 179814 950 pmu 1021689 1021077 8315046 8960942 654830056
1790952843.339402 W 377 lat 296 740 3944 0 exe 110351 144944 181037 resp 181666 1000 pmu 1021517 1026895 8312314 8657244 696877603
1790952844.380103 W 378 lat 314 777 3481 0 exe 113018 144611 183296 resp 186148 1000 pmu 1020752 1026006 8303877 8877398 694401928
1790952845.315917 W 379 lat 296 777 5166 0 exe 110444 145222 206925 resp 207407 1000 pmu 1018937 1024106 8292565 8920672 683784338
1790952846.355462 W 380 lat 296 796 3648 0 exe 111037 145018 201388 resp 201981 1000 pmu 1019266 1023885 8287568 9143718 687112744
1790952847.396178 W 381 lat 296 740 3388 0 exe 69277 141888 190555 resp 191648 938 pmu 1018421 1011301 8268930 9083056 637935353
1790952848.331388 W 382 lat 314 777 3907 0 exe 109999 145999 182981 resp 183499 1000 pmu 1019095 1023652 8292087 8751394 684101569
1790952849.371657 W 383 lat 296 740 3388 0 exe 101370 143018 189296 resp 189888 1000 pmu 1021424 1026528 8311782 8899920 687502754
1790952850.307827 W 384 lat 314 740 3499 0 exe 110129 143092 182240 resp 183425 1000 pmu 1021954 1026932 8312171 8902376 693276087
1790952851.347960 W 385 lat 314 777 3611 0 exe 114648 143925 192574 resp 193833 1000 pmu 1021631 1026830 8312595 8879531 691889060
1790952852.387371 W 386 lat 296 722 2907 0 exe 81629 139481 183092 resp 184111 950 pmu 1021498 1020809 8301730 9010753 649689453
1790952853.324126 W 387 lat 314 796 4055 0 exe 111648 144333 186518 resp 186907 1000 pmu 1020868 1025290 8296521 8723515 690004618
1790952854.363623 W 388 lat 314 759 3222 0 exe 113240 143759 186777 resp 189999 1000 pmu 1021767 1027023 8313426 8935235 693994481
1790952855.403860 W 389 lat 314 759 3388 0 exe 111518 144555 200370 resp 200981 1000 pmu 1018930 1023563 8288532 8952937 680307759
1790952856.339415 W 390 lat 277 777 4444 0 exe 111296 144907 183351 resp 183759 1000 pmu 1015630 1019552 8251702 9071829 671163134
1790952857.379313 W 391 lat 296 388 3203 0 exe 17166 48314 180351 resp 180944 201 pmu 1021732 285725 8238951 8904178 180922309
1790952858.315285 W 392 lat 296 296 351 0 exe 17055 19277 48574 resp 48888 0 pmu 1023370 36068 8236214 7912548 49231884
1790952859.367674 W 393 lat 296 3481 11611 0 exe 17444 342111 652166 resp 657981 797 pmu 1016554 733442 8266065 6435255 875748152
1790952860.411625 W 394 lat 648 5370 12648 0 exe 109092 507111 645481 resp 651444 1000 pmu 1011405 894320 8249499 14188105 1274636320
1790952861.351405 W 395 lat 296 5166 11574 0 exe 77092 486888 652296 resp 660888 972 pmu 1010569 880962 8242232 15421345 1225167894
1790952862.391884 W 396 lat 296 3185 11074 0 exe 41888 321759 622499 resp 627574 620 pmu 1013676 729937 8244658 15232604 829667096
1790952863.327426 W 397 lat 296 4722 11907 0 exe 46425 473370 642944 resp 647537 963 pmu 1011541 868807 8238931 13904033 1200156979
1790952864.395715 W 398 lat 296 2111 12074 0 exe 56518 246555 585074 resp 588851 913 pmu 1014236 793664 8247443 14898430 654088808
1790952865.351734 W 399 lat 759 4870 13666 0 exe 128574 482166 634555 resp 639851 1000 pmu 1012586 895109 8250143 13219975 1219188743
1790952866.403717 W 400 lat 2555 5351 12499 0 exe 229296 500462 647944 resp 654592 1000 pmu 1008861 869460 8224148 15284929 1259006267
1790952867.343672 W 401 lat 296 3611 9203 0 exe 39499 371648 575240 resp 579796 914 pmu 1010130 780252 8211508 16025876 947366668
1790952868.391605 W 402 lat 351 4648 9240 0 exe 88999 477444 622499 resp 629092 996 pmu 1008275 826210 8202413 13659038 1204044265
1790952869.343548 W 403 lat 296 2407 9888 0 exe 66481 274351 602370 resp 606759 875 pmu 1013092 802745 8235531 14923459 721221537
1790952870.311438 W 404 lat 314 4722 12185 0 exe 117444 473555 623981 resp 629055 1000 pmu 1011317 882298 8239232 13575329 1196447202
1790952871.355742 W 405 lat 1148 4685 12499 0 exe 186944 473851 607870 resp 620370 1000 pmu 1009700 876829 8221516 15068839 1198186252
1790952872.399782 W 406 lat 370 4629 10314 0 exe 114129 452055 603499 resp 608796 1000 pmu 1008452 821523 8225244 15299458 1146427076
1790952873.335452 W 407 lat 296 3888 8648 0 exe 57833 417388 637333 resp 642203 959 pmu 1011009 818192 8224375 14731358 1064271112
1790952874.375644 W 408 lat 296 2888 9129 0 exe 65240 320740 583407 resp 587740 932 pmu 1012026 803862 8230589 14600292 828476760
1790952875.312281 W 409 lat 425 4574 10333 0 exe 117685 468796 620370 resp 626981 1000 pmu 1010235 879339 8232187 13609661 1183903989
1790952876.355623 W 410 lat 1314 4648 11222 0 exe 117407 459111 633222 resp 638999 1000 pmu 1009806 850534 8226805 15008474 1160500468
1790952877.395502 W 411 lat 999 4740 10351 0 exe 175314 460648 618407 resp 624425 1000 pmu 1008815 832863 8213560 15092029 1169322796
1790952878.331424 W 412 lat 296 3759 8240 0 exe 50129 394703 588166 resp 593185 937 pmu 1010506 795329 8219588 15236759 1002912912
1790952879.371850 W 413 lat 296 2999 10185 0 exe 61777 323314 547314 resp 551185 935 pmu 1012344 799483 8233167 13954794 845584922
1790952880.311866 W 414 lat 388 4759 10537 0 exe 108222 476092 633037 resp 640074 1000 pmu 1011088 870632 8234203 13248059 1198629026
1790952881.351814 W 415 lat 499 4481 9962 0 exe 155925 443370 628111 resp 635277 1000 pmu 1010028 842400 8223704 15128008 1126318262
1790952882.391754 W 416 lat 851 4685 11722 0 exe 178444 457851 606333 resp 610685 1000 pmu 1009161 826095 8223583 15150492 1157912375
1790952883.331523 W 417 lat 296 3037 9888 0 exe 45944 339351 633222 resp 639981 908 pmu 1009864 806534 8203565 15115198 878021215
1790952884.371825 W 418 lat 314 3537 9574 0 exe 87296 377407 584759 resp 592870 984 pmu 1012333 841703 8235065 14121081 983164584
1790952885.307841 W 419 lat 462 4462 10981 0 exe 169166 451814 611203 resp 617444 1000 pmu 1010058 853637 8223081 14041414 1144263020
1790952886.347777 W 420 lat 574 4370 11611 0 exe 145888 446277 595240 resp 599444 1000 pmu 1010479 857049 8227748 15089984 1131464309
1790952887.391753 W 421 lat 999 4740 11685 0 exe 162203 475592 620611 resp 625703 1000 pmu 1008932 841983 8217619 14779633 1199970506
1790952888.327513 W 422 lat 296 2648 8537 0 exe 59370 299351 574629 resp 580962 788 pmu 1011989 784458 8228675 15269670 780592027
1790952889.367314 W 423 lat 296 1037 7907 0 exe 16833 109907 538203 resp 543166 239 pmu 1020131 265296 8233226 13389438 285758355
1790952890.303306 W 424 lat 296 296 370 0 exe 16944 21666 111481 resp 111851 5 pmu 1023284 63862 8245166 11846315 58147430
1790952891.363521 W 425 lat 296 2444 7851 0 exe 16925 228314 529574 resp 532611 748 pmu 1016786 546221 8245866 7075909 727617990
1790952892.395779 W 426 lat 907 3388 8481 0 exe 105222 305037 559851 resp 563259 1000 pmu 1014596 661792 8241790 12352706 992596943
1790952893.331511 W 427 lat 611 3444 8185 0 exe 109518 308555 481481 resp 487166 1000 pmu 1014354 662238 8243961 13493316 998523814
1790952894.379425 W 428 lat 425 3370 8148 0 exe 100166 310018 530148 resp 534962 1000 pmu 1013976 670726 8242216 12757307 1000176830
1790952895.319548 W 429 lat 444 3333 9925 0 exe 107574 300722 469277 resp 473222 1000 pmu 1014247 646747 8239144 13198580 979404391
1790952896.363572 W 430 lat 444 3370 8481 0 exe 102611 310796 580148 resp 585314 1000 pmu 1015171 664755 8252200 12585096 1001485988
1790952897.311572 W 431 lat 611 3407 7944 0 exe 98444 295129 473037 resp 477925 999 pmu 1014692 628288 8251705 13718199 968778516
1790952898.363536 W 432 lat 351 3333 8185 0 exe 88999 303814 561833 resp 564296 999 pmu 1014584 662199 8248330 12545188 984862084
1790952899.307508 W 433 lat 777 3407 7407 0 exe 94203 297166 487833 resp 491685 999 pmu 1015194 627471 8249073 13416596 961631216
1790952900.351643 W 434 lat 518 3444 10388 0 exe 109555 313203 559222 resp 561925 1000 pmu 1013898 676293 8248018 12675120 1008438694
1790952901.395535 W 435 lat 685 3444 10425 0 exe 105629 315999 497148 resp 499944 1000 pmu 1013890 666900 8238745 13553761 1006665269
1790952902.335589 W 436 lat 481 3333 8981 0 exe 105999 313703 583796 resp 587277 1000 pmu 1014184 682013 8243213 12929053 1009107680
1790952903.375664 W 437 lat 666 3518 8907 0 exe 90907 294592 472388 resp 475425 996 pmu 1015035 600756 8253866 13780352 969362221
1790952904.311617 W 438 lat 518 3351 9037 0 exe 102481 306148 544962 resp 548314 1000 pmu 1014134 668434 8237411 12494699 989052075
1790952905.363607 W 439 lat 666 3481 8055 0 exe 109481 308629 484518 resp 490240 1000 pmu 1014475 660358 8245777 13336514 997237752
1790952906.407568 W 440 lat 370 3314 7592 0 exe 108203 314851 519814 resp 521703 1000 pmu 1014563 687203 8255447 12787966 1009642466
1790952907.347690 W 441 lat 629 3555 8259 0 exe 94574 294907 512222 resp 517277 998 pmu 1015310 605935 8248680 13141750 964255259
1790952908.395592 W 442 lat 462 3333 8370 0 exe 103037 307203 593740 resp 598240 1000 pmu 1014974 655513 8249548 12919708 992271081
1790952909.335573 W 443 lat 666 3388 7314 0 exe 95574 293499 500203 resp 505666 998 pmu 1015446 612813 8256442 13834396 961591076
1790952910.383516 W 444 lat 703 3388 7666 0 exe 107740 307296 557574 resp 560499 1000 pmu 1014440 664489 8245981 12794183 989865613
1790952911.319557 W 445 lat 537 3462 9166 0 exe 110037 315888 513314 resp 517796 1000 pmu 1014305 662922 8245802 13487016 1007121441
1790952912.359508 W 446 lat 407 3351 7777 0 exe 106944 309092 531537 resp 535888 1000 pmu 1014409 667285 8245121 13113467 999143767
1790952913.407457 W 447 lat 444 3370 9166 0 exe 108629 308888 486129 resp 490018 1000 pmu 1014146 665094 8252473 13237624 993856312
1790952914.347573 W 448 lat 407 3259 7296 0 exe 86277 305388 509555 resp 511037 999 pmu 1014654 670153 8244305 12795721 988567174
1790952915.391613 W 449 lat 944 3425 9314 0 exe 110388 314259 473185 resp 477277 1000 pmu 1014341 660151 8245812 12878787 1011731508
1790952916.335727 W 450 lat 611 3370 8703 0 exe 117111 309944 556981 resp 560203 1000 pmu 1014276 676661 8243233 12706496 996256002
1790952917.379650 W 451 lat 388 3388 7629 0 exe 109907 315055 529888 resp 535259 1000 pmu 1014049 677936 8241148 13547098 1010820277
1790952918.319542 W 452 lat 648 3425 8611 0 exe 100462 304277 488944 resp 493425 1000 pmu 1014604 651911 8243108 13270143 991882963
1790952919.367695 W 453 lat 407 3351 7407 0 exe 110685 310944 579296 resp 581703 1000 pmu 1014072 664712 8243446 12761358 1002178663
1790952920.407512 W 454 lat 444 3370 8296 0 exe 100981 306407 498166 resp 502685 1000 pmu 1014601 659659 8242710 13731510 989939262
1790952921.351310 W 455 lat 296 1203 7685 0 exe 17129 118037 564740 resp 566814 307 pmu 1020582 305758 8240115 12862187 360859849
1790952922.391281 W 456 lat 296 296 333 0 exe 16796 18870 48074 resp 48388 0 pmu 1023364 31605 8238357 12139026 50779570
1790952923.339334 W 457 lat 296 296 685 0 exe 16944 36851 177611 resp 178037 36 pmu 1022925 237243 8241884 6424576 94590048
1790952924.403305 W 458 lat 296 296 425 0 exe 28259 33648 53499 resp 53814 0 pmu 1023366 206711 8242546 7812961 84659317
1790952925.375320 W 459 lat 296 314 1370 0 exe 28722 40759 127407 resp 128777 10 pmu 1023145 288391 8242480 6610426 102570402
1790952926.347315 W 460 lat 296 296 555 0 exe 29407 41925 111518 resp 111833 1 pmu 1023134 302361 8242842 7397443 105600725
1790952927.403316 W 461 lat 296 296 648 0 exe 26425 36203 116185 resp 116592 11 pmu 1023206 235949 8244130 7238305 91780088
1790952928.359303 W 462 lat 296 296 333 0 exe 27370 32888 55074 resp 55388 0 pmu 1023315 197727 8245501 7242373 82555094
1790952929.307310 W 463 lat 296 296 925 0 exe 29296 37314 108703 resp 109037 8 pmu 1023175 250117 8242603 6617468 94420676
1790952930.355302 W 464 lat 296 296 333 0 exe 28962 33462 55222 resp 55537 0 pmu 1023273 204461 8241725 7188566 84002099
1790952931.303320 W 465 lat 296 314 722 0 exe 27722 44222 147481 resp 147907 15 pmu 1022922 330703 8246949 6629724 112849804
1790952932.343302 W 466 lat 296 296 351 0 exe 30518 35611 59870 resp 60185 0 pmu 1023294 230373 8242024 7602582 89450746
1790952933.383315 W 467 lat 296 296 592 0 exe 30259 40148 112999 resp 113314 7 pmu 1022790 284086 8244184 6694729 101586988
1790952934.319296 W 468 lat 296 296 425 0 exe 30425 37388 62444 resp 62740 0 pmu 1022915 251341 8239072 7248758 93901440
1790952935.359315 W 469 lat 296 296 574 0 exe 31314 40296 118277 resp 118611 9 pmu 1023089 286239 8248012 6729188 101984276
1790952936.399312 W 470 lat 296 296 481 0 exe 29537 37240 110148 resp 110462 8 pmu 1023099 249427 8245050 7307568 94120963
1790952937.335311 W 471 lat 296 296 611 0 exe 29685 39018 114351 resp 114685 9 pmu 1023164 270317 8240076 7201457 98861572
1790952938.375297 W 472 lat 296 296 333 0 exe 31703 37499 58481 resp 58796 0 pmu 1023305 253411 8243900 7253910 94110901
1790952939.311311 W 473 lat 296 296 703 0 exe 30833 38925 126425 resp 126814 9 pmu 1023203 268905 8239054 6696117 98266830
1790952940.351298 W 474 lat 296 296 462 0 exe 29703 35481 57574 resp 57888 0 pmu 1023291 229239 8245763 7380686 89123412
1790952941.391323 W 475 lat 296 296 518 0 exe 29666 40555 107462 resp 107981 13 pmu 1022944 288344 8247692 6667789 103158879
1790952942.327317 W 476 lat 296 296 351 0 exe 29203 34092 51740 resp 52055 0 pmu 1023328 211878 8241817 7193313 85378229
1790952943.367326 W 477 lat 296 296 1055 0 exe 27425 36388 113351 resp 113796 9 pmu 1023249 239075 8246025 6599290 91778586
1790952944.303320 W 478 lat 296 296 333 0 exe 26851 32407 53333 resp 53648 0 pmu 1023406 191732 8241761 7222423 81179497
1790952945.343311 W 479 lat 296 296 574 0 exe 27555 37796 118148 resp 118574 9 pmu 1023105 255287 8244182 6595019 95405665
1790952946.383328 W 480 lat 296 296 481 0 exe 29611 36777 109129 resp 109518 5 pmu 1023142 243700 8245586 7275582 92913222
1790952947.319310 W 481 lat 296 296 611 0 exe 30481 38314 115888 resp 116240 9 pmu 1023153 262207 8249662 7189756 96987352
1790952948.359310 W 482 lat 296 296 407 0 exe 28574 34629 57222 resp 57537 0 pmu 1023334 218539 8244768 7269858 86747374
1790952949.307326 W 483 lat 296 296 555 0 exe 29814 38296 131574 resp 131907 8 pmu 1023165 261726 8246166 6654175 96926269
1790952950.363319 W 484 lat 296 296 444 0 exe 27999 33666 54518 resp 54833 0 pmu 1023362 207138 8245960 7423064 84739672
1790952951.315328 W 485 lat 296 296 685 0 exe 28148 38907 123759 resp 124111 11 pmu 1022992 268179 8241846 6619535 98818707
1790952952.367302 W 486 lat 296 296 388 0 exe 28314 33592 53018 resp 53333 0 pmu 1023346 206171 8244973 7340311 84291172
1790952953.307314 W 487 lat 296 296 444 0 exe 16999 33092 136037 resp 136407 16 pmu 1023016 198861 8244496 6605328 84433335
1790952954.347277 W 488 lat 296 296 333 0 exe 16870 18999 51870 resp 52185 0 pmu 1023369 33303 8239508 7377147 48247198
1790952955.395363 W 489 lat 296 314 1203 0 exe 16796 73240 170277 resp 170592 264 pmu 1017154 650664 8217851 6464223 210123225
1790952956.335338 W 490 lat 296 333 740 0 exe 84222 98814 122388 resp 122722 237 pmu 1012930 967576 8190708 7923643 291145611
1790952957.375370 W 491 lat 296 333 574 0 exe 89277 98592 120481 resp 120796 271 pmu 1012773 966561 8196346 7907705 290681102
1790952958.311340 W 492 lat 296 314 574 0 exe 87759 98370 110611 resp 110944 288 pmu 1012822 967880 8192203 7912066 289723933
1790952959.359329 W 493 lat 296 333 629 0 exe 87166 98981 126518 resp 126962 333 pmu 1012991 970340 8192727 7804672 292120994
1790952960.403342 W 494 lat 296 314 555 0 exe 75999 97499 108537 resp 108851 184 pmu 1012810 957439 8188822 7964428 285257152
1790952961.355334 W 495 lat 296 333 1481 0 exe 71333 98240 127574 resp 128499 228 pmu 1012832 962100 8191630 7720385 289403625
1790952962.395342 W 496 lat 296 314 592 0 exe 84074 98074 119148 resp 119518 256 pmu 1012850 959749 8188332 7898865 288513609
1790952963.339337 W 497 lat 296 333 1333 0 exe 88351 99185 112370 resp 112759 433 pmu 1013002 971206 8193289 7870783 293530164
1790952964.379460 W 498 lat 296 333 574 0 exe 63388 96537 110796 resp 111111 171 pmu 1013148 945202 8194065 7833062 282095878
1790952965.323668 W 499 lat 296 333 666 0 exe 78370 98944 127537 resp 127870 360 pmu 1012815 971022 8194596 7675592 292506744
1790952966.382354 W 500 lat 296 333 629 0 exe 88925 98833 112166 resp 112481 416 pmu 1012875 968233 8192413 7930891 291954587
1790952967.320655 W 501 lat 296 333 592 0 exe 91444 99129 112351 resp 112666 319 pmu 1012780 969818 8194777 7828625 293313086
1790952968.365255 W 502 lat 296 333 611 0 exe 86814 98574 110055 resp 110388 295 pmu 1012630 965282 8189277 7844325 290924805
1790952969.418124 W 503 lat 296 333 722 0 exe 81703 98851 111259 resp 111666 362 pmu 1012857 968073 8188333 7795738 291821715
1790952970.342132 W 504 lat 296 333 518 0 exe 89018 97370 108981 resp 109314 195 pmu 1012830 954576 8186105 7784162 285121018
1790952971.387065 W 505 lat 296 333 1148 0 exe 91499 98574 120222 resp 120962 252 pmu 1012601 965146 8189344 7789143 291713969
1790952972.328723 W 506 lat 296 333 592 0 exe 85703 99388 111018 resp 111333 447 pmu 1013050 973659 8195432 7925884 293253361
1790952973.356036 W 507 lat 296 333 611 0 exe 87666 99648 110648 resp 110981 458 pmu 1012801 973882 8188745 7804057 295230163
1790952974.399351 W 508 lat 296 333 1277 0 exe 90055 97925 109629 resp 110685 300 pmu 1012649 958803 8189411 7811157 288228915
1790952975.341852 W 509 lat 296 351 1148 0 exe 82166 98851 120962 resp 121611 383 pmu 1012992 964731 8193068 7811479 290342014
1790952976.397889 W 510 lat 296 333 740 0 exe 80370 98925 110740 resp 111129 371 pmu 1012711 964390 8189814 7887323 290868124
1790952977.319335 W 511 lat 296 333 833 0 exe 91481 99962 118870 resp 119333 496 pmu 1012931 972220 8196046 7773378 295428951
1790952978.360193 W 512 lat 296 333 555 0 exe 92055 99388 119111 resp 119518 410 pmu 1012914 968471 8192967 7916186 292867183
1790952979.408899 W 513 lat 296 333 592 0 exe 92499 99833 119296 resp 119611 452 pmu 1012689 970197 8197356 7917019 294472963
1790952980.339361 W 514 lat 296 333 611 0 exe 75333 98166 109129 resp 109444 313 pmu 1012831 955301 8185352 7922758 287002458
1790952981.388143 W 515 lat 296 333 648 0 exe 72370 99685 138296 resp 138851 493 pmu 1013038 969799 8202400 7727342 292661124
1790952982.340201 W 516 lat 296 333 666 0 exe 86203 99703 115888 resp 116296 447 pmu 1012736 968175 8192443 8013153 293676175
1790952983.387689 W 517 lat 296 333 555 0 exe 90851 99018 117944 resp 118333 378 pmu 1012799 963981 8189256 7857551 290860553
1790952984.317058 W 518 lat 296 333 592 0 exe 77944 99129 113666 resp 113981 432 pmu 1012813 964680 8192624 7897429 290174070
1790952985.351324 W 519 lat 296 333 3074 0 exe 16814 60129 206499 resp 207999 207 pmu 1018723 490823 8220071 7789788 177129192
1790952986.391286 W 520 lat 296 296 351 0 exe 16851 19111 49333 resp 49629 0 pmu 1023374 34418 8237113 8235135 49033408
1790952987.339319 W 521 lat 296 314 1740 0 exe 16814 29166 224240 resp 225351 41 pmu 1023045 141777 8238327 6438462 75573487
1790952988.379308 W 522 lat 296 296 333 0 exe 18555 24370 51092 resp 51407 0 pmu 1023502 94780 8230361 8248898 61936278
1790952989.315315 W 523 lat 296 296 518 0 exe 19518 26259 113999 resp 114314 7 pmu 1023276 116539 8236937 6490811 66167841
1790952990.355305 W 524 lat 296 296 333 0 exe 19314 23851 51222 resp 51537 0 pmu 1023340 88273 8233308 7135285 59972304
1790952991.399315 W 525 lat 296 296 629 0 exe 19166 26518 123888 resp 124314 6 pmu 1023263 119638 8238794 6493317 66815242
1790952992.351317 W 526 lat 296 296 481 0 exe 18870 25685 108944 resp 109259 5 pmu 1023388 110360 8239281 7234832 65026811
1790952993.307316 W 527 lat 296 296 425 0 exe 19111 26666 118759 resp 119092 5 pmu 1023342 121760 8237205 7078292 67640719
1790952994.371307 W 528 lat 296 296 333 0 exe 19037 24222 46499 resp 46814 0 pmu 1023379 92737 8236256 7182456 60892510
1790952995.327311 W 529 lat 296 296 592 0 exe 19740 26370 110703 resp 111148 6 pmu 1023346 118201 8236373 6446644 66427267
1790952996.367314 W 530 lat 296 296 351 0 exe 18870 24166 47555 resp 47851 0 pmu 1023404 92226 8233748 7104933 60740936
1790952997.303316 W 531 lat 296 296 740 0 exe 20185 28462 122666 resp 123148 9 pmu 1023245 142444 8235888 6456043 72075192
1790952998.343301 W 532 lat 296 296 351 0 exe 19166 23407 47499 resp 47814 0 pmu 1023378 83244 8237312 7238094 58961817
1790952999.391313 W 533 lat 296 296 407 0 exe 20277 27240 120833 resp 121240 5 pmu 1023308 128507 8236876 6453309 68597867
1790953000.355306 W 534 lat 296 296 333 0 exe 20185 25462 48648 resp 48944 0 pmu 1023378 107630 8234904 7212160 63961679
1790953001.311312 W 535 lat 296 296 407 0 exe 19851 26981 111092 resp 111407 6 pmu 1023327 125355 8237583 6479951 67978295
1790953002.359344 W 536 lat 296 296 611 0 exe 19629 26222 111370 resp 111870 5 pmu 1023369 116256 8237134 7110986 66246403
1790953003.399312 W 537 lat 296 296 481 0 exe 19666 26518 110185 resp 110629 6 pmu 1023344 119987 8235258 7110674 67189387
1790953004.335301 W 538 lat 296 296 333 0 exe 19166 23629 52185 resp 52499 0 pmu 1023415 85884 8234884 7099636 59402546
1790953005.375311 W 539 lat 296 296 407 0 exe 18611 26685 125592 resp 125907 6 pmu 1023333 122198 8237873 6501200 67282504
1790953006.311301 W 540 lat 296 296 333 0 exe 19907 24481 47166 resp 47462 0 pmu 1023404 96022 8236532 7248163 61613330
1790953007.351316 W 541 lat 296 296 722 0 exe 19074 27777 119129 resp 119444 10 pmu 1023219 134415 8234125 6458776 70407423
1790953008.391307 W 542 lat 296 296 425 0 exe 19703 25018 52703 resp 53018 0 pmu 1023430 102138 8234604 7192950 62852303
1790953009.327313 W 543 lat 296 296 666 0 exe 19574 26074 115962 resp 116629 6 pmu 1023309 114704 8237144 6516253 65770184
1790953010.367339 W 544 lat 296 296 351 0 exe 19092 24074 46166 resp 46481 0 pmu 1023355 91162 8236108 7156775 60561424
1790953011.303313 W 545 lat 296 296 444 0 exe 18555 26092 117370 resp 117722 6 pmu 1023287 114819 8233151 6442883 65798196
1790953012.343325 W 546 lat 296 296 462 0 exe 17870 23981 106055 resp 106499 3 pmu 1023365 90371 8235634 7163140 60776229
1790953013.383319 W 547 lat 296 296 555 0 exe 19018 26592 119814 resp 120370 6 pmu 1023300 120738 8235426 7036541 67348434
1790953014.319311 W 548 lat 296 296 333 0 exe 19574 24481 46851 resp 47166 0 pmu 1023336 95992 8234404 7193859 61579107
1790953015.359323 W 549 lat 296 296 518 0 exe 19222 26277 126629 resp 127055 6 pmu 1023365 116909 8236633 6454199 66171893
1790953016.399300 W 550 lat 296 296 351 0 exe 19129 24055 44111 resp 44444 0 pmu 1023388 90814 8235640 7260805 60555481
1790953017.335320 W 551 lat 296 296 462 0 exe 17111 27537 119314 resp 119740 11 pmu 1023203 132176 8242324 6422381 70301484
1790953018.375287 W 552 lat 296 296 351 0 exe 16888 20870 86833 resp 87148 0 pmu 1023346 54995 8243401 7182891 52725902
1790953019.311337 W 553 lat 296 314 2351 0 exe 16722 45351 244407 resp 245518 51 pmu 1022827 327946 8244626 6822654 121191966
1790953020.351322 W 554 lat 296 296 462 0 exe 18277 61185 95388 resp 95814 0 pmu 1022705 534889 8248933 8534171 160010712
1790953021.391555 W 555 lat 296 314 592 0 exe 18092 78462 119999 resp 120481 11 pmu 1021747 739592 8244398 7117814 209121846
1790953022.327343 W 556 lat 296 314 555 0 exe 18055 72037 112611 resp 112962 3 pmu 1022177 663948 8249690 7450496 190657314
1790953023.367337 W 557 lat 296 314 555 0 exe 17407 68185 116944 resp 117351 10 pmu 1022169 616225 8243953 7343507 187383123
1790953024.303324 W 558 lat 296 314 518 0 exe 18407 71592 95222 resp 95611 0 pmu 1022527 656147 8245011 7364628 207490745
1790953025.343339 W 559 lat 296 314 574 0 exe 17481 64870 118648 resp 118981 14 pmu 1022544 575896 8250448 7169052 182648502
1790953026.383325 W 560 lat 296 314 518 0 exe 18425 73944 96759 resp 97092 0 pmu 1022427 685670 8247895 7365128 202571533
1790953027.319330 W 561 lat 296 314 611 0 exe 17907 73222 118259 resp 118685 12 pmu 1022250 675702 8250371 7196075 203248384
1790953028.359331 W 562 lat 296 314 555 0 exe 16999 64703 107999 resp 108537 5 pmu 1022404 574787 8246285 7405761 177089898
1790953029.399329 W 563 lat 296 314 685 0 exe 21388 81611 118574 resp 119259 7 pmu 1022013 775485 8246998 7256504 229898376
1790953030.335328 W 564 lat 296 314 666 0 exe 17148 63074 96907 resp 97222 0 pmu 1022559 556179 8248933 7470024 174349658
1790953031.375330 W 565 lat 296 314 518 0 exe 17592 66185 117944 resp 118388 6 pmu 1022465 592845 8250914 7137496 184007950
1790953032.311327 W 566 lat 296 314 407 0 exe 18462 73037 95074 resp 95388 0 pmu 1022437 675124 8244941 7365501 200328015
1790953033.351324 W 567 lat 296 314 499 0 exe 17259 62629 121518 resp 122018 16 pmu 1022610 550174 8251874 7174117 169051098
1790953034.391327 W 568 lat 296 314 518 0 exe 17592 72759 92370 resp 92685 0 pmu 1022576 671539 8249722 7381929 197303841
1790953035.327331 W 569 lat 296 314 518 0 exe 17907 63999 115129 resp 115481 6 pmu 1022582 566717 8247002 7142055 173370218
1790953036.367328 W 570 lat 296 314 499 0 exe 22981 79499 94629 resp 94944 0 pmu 1022180 752493 8249361 7327510 216693304
1790953037.303329 W 571 lat 296 314 518 0 exe 17777 63629 122999 resp 123370 9 pmu 1022478 562301 8246377 7225100 173978435
1790953038.343333 W 572 lat 296 314 537 0 exe 23518 82574 111314 resp 111740 9 pmu 1021840 787590 8243688 7403955 227772584
1790953039.383332 W 573 lat 296 314 740 0 exe 17814 61814 119388 resp 119796 10 pmu 1022533 541263 8243640 7410824 166120193
1790953040.319322 W 574 lat 296 314 444 0 exe 17277 66074 92407 resp 92722 0 pmu 1022508 592483 8250500 7360021 177411255
1790953041.359346 W 575 lat 296 314 555 0 exe 17074 77611 123222 resp 123555 11 pmu 1021990 728462 8246251 7106842 213992171
1790953042.399327 W 576 lat 296 314 722 0 exe 17259 60944 96574 resp 96888 0 pmu 1022419 529490 8243637 7472447 174911761
1790953043.335328 W 577 lat 296 314 611 0 exe 21722 78555 123314 resp 123629 16 pmu 1022202 738062 8248005 7124391 218390276
1790953044.375328 W 578 lat 296 314 444 0 exe 17666 62907 92777 resp 93111 0 pmu 1022747 554859 8250151 7501435 167798830
1790953045.315321 W 579 lat 296 314 555 0 exe 18111 71259 131740 resp 132296 7 pmu 1022357 653272 8251144 7096917 194947739
1790953046.355327 W 580 lat 296 314 518 0 exe 18259 74444 97074 resp 97388 0 pmu 1022219 691178 8244111 7532240 206778072
1790953047.395334 W 581 lat 296 314 518 0 exe 17574 65888 133314 resp 133833 10 pmu 1022450 588041 8249671 7200665 186799551
1790953048.331331 W 582 lat 296 314 870 0 exe 20111 81370 107518 resp 108388 7 pmu 1022030 771419 8246273 7518001 237238165
1790953049.371312 W 583 lat 296 296 685 0 exe 17388 47240 137611 resp 137944 34 pmu 1022571 364393 8246685 7353564 129886667
1790953050.307290 W 584 lat 296 296 333 0 exe 16851 19111 48111 resp 48407 0 pmu 1023374 34158 8235562 7466812 48557224
1790953051.366979 W 585 lat 296 944 6722 0 exe 17018 127666 630907 resp 637629 371 pmu 1022312 376867 8270001 6427234 332997092
1790953052.403479 W 586 lat 314 999 2907 0 exe 128777 194166 451518 resp 454203 1000 pmu 1026915 1022953 8391038 12868463 543286299
1790953053.339489 W 587 lat 314 1037 2999 0 exe 139277 194185 239499 resp 241277 1000 pmu 1027298 1024322 8404007 11926988 543724949
1790953054.379479 W 588 lat 333 1018 3259 0 exe 162462 193592 402462 resp 405611 1000 pmu 1026844 1022736 8394994 9855558 539987804
1790953055.315495 W 589 lat 314 999 3296 0 exe 154796 192851 260351 resp 260962 1000 pmu 1026844 1022887 8397041 11606225 539538857
1790953056.355467 W 590 lat 314 1037 2833 0 exe 171185 195388 246574 resp 247944 1000 pmu 1027089 1023060 8395064 10130424 544404091
1790953057.395476 W 591 lat 333 999 2851 0 exe 143111 192685 225907 resp 226648 1000 pmu 1026919 1023091 8398080 10088754 538247955
1790953058.335470 W 592 lat 333 1018 2944 0 exe 144981 194833 234740 resp 235962 1000 pmu 1027114 1023362 8395569 9725128 542992481
1790953059.375489 W 593 lat 333 1037 3018 0 exe 140907 193999 243259 resp 243925 1000 pmu 1027032 1023458 8401391 9836541 541337756
1790953060.311474 W 594 lat 314 1018 3185 0 exe 175351 193518 242037 resp 243222 1000 pmu 1027001 1022794 8396337 9894877 539680150
1790953061.351501 W 595 lat 333 1055 3944 0 exe 137796 196574 247148 resp 247777 1000 pmu 1027168 1023937 8403127 10055698 547361069
1790953062.391476 W 596 lat 314 981 3018 0 exe 121722 190351 238203 resp 238981 1000 pmu 1026355 1020911 8384806 9935885 531529918
1790953063.331487 W 597 lat 314 1037 3037 0 exe 141314 193425 227129 resp 228314 1000 pmu 1026737 1022797 8397477 9730203 539585781
1790953064.371473 W 598 lat 333 1055 2814 0 exe 144240 194537 242666 resp 243999 1000 pmu 1027269 1023656 8401568 9735458 542448940
1790953065.307477 W 599 lat 314 999 2666 0 exe 176574 193037 235333 resp 237277 1000 pmu 1026769 1022746 8390504 9910767 538608957
1790953066.347459 W 600 lat 314 981 2981 0 exe 146962 194462 241981 resp 242944 1000 pmu 1026825 1022412 8384136 9993743 542239863
1790953067.391485 W 601 lat 314 1037 3592 0 exe 177611 193925 246777 resp 247388 1000 pmu 1026714 1022884 8393042 9915515 540612486
1790953068.327481 W 602 lat 333 981 3833 0 exe 150666 193425 248777 resp 250388 1000 pmu 1026965 1022942 8394265 10115755 540172372
1790953069.367478 W 603 lat 314 999 2870 0 exe 173666 194037 237777 resp 239518 1000 pmu 1026937 1022868 8391395 10004549 540984813
1790953070.303488 W 604 lat 314 1037 3518 0 exe 138296 193518 250111 resp 251703 1000 pmu 1026955 1023516 8404947 10008491 540183428
1790953071.343483 W 605 lat 314 1074 3222 0 exe 174333 195870 238444 resp 239277 1000 pmu 1027081 1023656 8400796 9954808 545500385
1790953072.383477 W 606 lat 314 1018 3259 0 exe 142629 194444 245166 resp 246074 1000 pmu 1027027 1023126 8390081 10025126 542273287
1790953073.319471 W 607 lat 333 999 3222 0 exe 146518 192740 247259 resp 250481 1000 pmu 1026891 1022896 8397041 9926894 538178955
1790953074.363486 W 608 lat 314 1055 2814 0 exe 125981 195129 237185 resp 239185 1000 pmu 1027129 1023735 8395882 9970277 543940667
1790953075.403476 W 609 lat 333 1018 2759 0 exe 176074 193444 246648 resp 248685 1000 pmu 1026746 1022595 8394488 9770874 539518355
1790953076.339488 W 610 lat 351 1018 3481 0 exe 153444 192833 231870 resp 232333 1000 pmu 1026922 1022877 8394287 10107446 538597169
1790953077.379478 W 611 lat 314 1037 3092 0 exe 171944 194833 240259 resp 240944 1000 pmu 1027025 1022678 8391560 9839134 542721398
1790953078.319423 W 612 lat 314 1037 4018 0 exe 147999 193481 257351 resp 260092 1000 pmu 1027185 1023624 8397915 10024525 540110698
1790953079.355477 W 613 lat 314 962 3259 0 exe 124981 190629 225333 resp 226351 1000 pmu 1026404 1020991 8384233 10083875 532331723
1790953080.395482 W 614 lat 314 1037 2907 0 exe 137796 193592 264111 resp 266740 1000 pmu 1026936 1023206 8397113 9621541 540071476
1790953081.331315 W 615 lat 296 814 4370 0 exe 17425 146148 457092 resp 460574 705 pmu 1025785 768471 8341884 10094157 405359474
1790953082.371309 W 616 lat 296 314 2629 0 exe 16925 25148 238037 resp 238592 17 pmu 1023206 94631 8247167 11193183 68132683
1790953083.307375 W 617 lat 296 370 3407 0 exe 16740 44981 187351 resp 188018 153 pmu 1022364 268732 8257088 8369493 156465009
1790953084.347381 W 618 lat 296 722 3444 0 exe 112185 145074 191277 resp 192722 1000 pmu 1018291 1023996 8278095 7968235 672766180
1790953085.387576 W 619 lat 314 777 4148 0 exe 109685 144148 185814 resp 186388 1000 pmu 1018647 1024267 8280512 8991136 673712695
1790953086.323394 W 620 lat 296 740 2944 0 exe 112370 143388 179814 resp 180759 1000 pmu 1021646 1027751 8310312 8918881 683001380
1790953087.363409 W 621 lat 296 740 3481 0 exe 112629 142518 185537 resp 185851 1000 pmu 1023634 1030180 8327174 8863865 698126480
1790953088.403371 W 622 lat 296 759 3962 0 exe 109129 144444 193611 resp 194333 1000 pmu 1019768 1025203 8284283 8917669 676657847
1790953089.339563 W 623 lat 314 796 4277 0 exe 111962 143648 187722 resp 188185 1000 pmu 1021301 1026836 8305008 8995260 686599007
1790953090.383377 W 624 lat 296 740 3407 0 exe 111333 144648 202388 resp 202814 1000 pmu 1019997 1025738 8288761 8946971 676749163
1790953091.319399 W 625 lat 314 777 4796 0 exe 110925 144444 187111 resp 187981 1000 pmu 1018133 1023399 8271661 9090657 673555902
1790953092.359582 W 626 lat 314 759 2999 0 exe 112333 145444 179555 resp 180055 1000 pmu 1020279 1026302 8293252 8944270 679768444
1790953093.399440 W 627 lat 296 777 3666 0 exe 110222 144722 179055 resp 180314 1000 pmu 1020873 1026601 8297208 8869798 687621989
1790953094.335378 W 628 lat 296 759 3888 0 exe 110648 144574 187518 resp 188796 1000 pmu 1020626 1026063 8291777 8857815 681636477
1790953095.375451 W 629 lat 314 722 2944 0 exe 110555 142648 181407 resp 181888 1000 pmu 1021678 1027745 8312217 8945049 683259537
1790953096.311787 W 630 lat 296 814 4537 0 exe 113388 144666 186499 resp 188870 1000 pmu 1019359 1024544 8282779 8864841 678631699
1790953097.351991 W 631 lat 314 722 4166 0 exe 112240 144296 180740 resp 181740 1000 pmu 1017830 1023010 8269328 8957936 673408820
1790953098.391851 W 632 lat 314 759 3370 0 exe 114203 143833 175611 resp 177351 1000 pmu 1021255 1027496 8312085 8883374 686191172
1790953099.327407 W 633 lat 296 740 3240 0 exe 111203 143240 177407 resp 177759 1000 pmu 1020138 1025959 8292257 8839675 682333380
1790953100.367624 W 634 lat 314 740 4074 0 exe 111722 142351 187129 resp 190203 1000 pmu 1021653 1027660 8306443 8831903 683098274
1790953101.303692 W 635 lat 314 722 3166 0 exe 113407 142462 174314 resp 175499 1000 pmu 1023035 1029205 8319357 8944978 692696792
1790953102.343642 W 636 lat 314 740 4370 0 exe 111629 142259 179333 resp 180129 1000 pmu 1023138 1029824 8325648 8811978 688936477
1790953103.383587 W 637 lat 314 740 3833 0 exe 110277 143648 179592 resp 180759 1000 pmu 1018615 1024194 8275361 8856355 672928164
1790953104.320020 W 638 lat 296 777 3870 0 exe 110722 143759 173944 resp 175277 1000 pmu 1019404 1025051 8286883 8858370 676281556
1790953105.359577 W 639 lat 314 740 3370 0 exe 109537 143074 173388 resp 174240 1000 pmu 1021437 1028447 8319638 8805830 683584615
1790953106.399939 W 640 lat 296 722 3222 0 exe 109925 143759 181407 resp 181851 1000 pmu 1020168 1026051 8287966 8785767 675734871
1790953107.335419 W 641 lat 296 722 3462 0 exe 113351 143999 174129 resp 175037 1000 pmu 1020037 1026010 8290344 8868442 682827152
1790953108.375982 W 642 lat 296 740 4037 0 exe 112333 143796 187370 resp 188129 1000 pmu 1021036 1027920 8312720 8817367 682895044
1790953109.311384 W 643 lat 296 722 3148 0 exe 111648 143111 173499 resp 173999 1000 pmu 1019870 1026261 8297884 8945932 677758945
1790953110.351920 W 644 lat 277 740 3666 0 exe 112166 143759 179574 resp 180259 1000 pmu 1019992 1026101 8297338 8794707 681067426
1790953111.391713 W 645 lat 277 722 3314 0 exe 108851 142462 175259 resp 175999 1000 pmu 1019039 1024834 8282514 8864818 673826644
1790953112.327867 W 646 lat 314 740 3759 0 exe 111055 143148 177999 resp 178685 1000 pmu 1020111 1026178 8301574 8796931 679367520
1790953113.367315 W 647 lat 296 685 2611 0 exe 19777 130092 165611 resp 166703 883 pmu 1023134 950322 8319651 8840724 619430988
1790953114.303307 W 648 lat 296 296 1018 0 exe 17148 22166 115999 resp 116314 8 pmu 1023356 69845 8247733 8188351 57212054
1790953115.347709 W 649 lat 296 592 12370 0 exe 16962 55777 536185 resp 539462 118 pmu 1023546 153320 8260874 7125797 145958365
1790953116.387814 W 650 lat 333 4462 10870 0 exe 104518 495518 702777 resp 707888 1000 pmu 1022990 996975 8329246 11570868 1258988839
1790953117.323859 W 651 lat 2444 5666 11629 0 exe 440851 577777 670240 resp 677981 1000 pmu 1026368 1003253 8377470 15894527 1449671649
1790953118.363411 W 652 lat 296 3611 14018 0 exe 70981 387999 674314 resp 684240 765 pmu 1022072 946977 8320252 17695171 999099515
1790953119.407860 W 653 lat 296 4462 15166 0 exe 60685 487333 673407 resp 679666 828 pmu 1022903 943607 8343204 14939540 1228577502
1790953120.343879 W 654 lat 314 3592 10740 0 exe 95055 431592 668611 resp 673296 996 pmu 1021415 982995 8314134 15367817 1098756385
1790953121.383581 W 655 lat 296 3037 10981 0 exe 69185 381759 680592 resp 686444 826 pmu 1019229 952049 8291707 15178242 981101036
1790953122.327806 W 656 lat 314 4666 11388 0 exe 119518 507259 667203 resp 673537 1000 pmu 1024304 1004985 8355398 14924051 1285101040
1790953123.367880 W 657 lat 1722 5703 12981 0 exe 251277 572888 663611 resp 668814 1000 pmu 1026147 1001780 8380239 15681990 1438030210
1790953124.407804 W 658 lat 296 2481 10944 0 exe 62999 294907 652814 resp 661370 674 pmu 1018233 901943 8278259 16646627 773319283
1790953125.347521 W 659 lat 925 5537 10870 0 exe 252925 588759 685333 resp 692370 1000 pmu 1023769 991759 8331094 14191779 1476020049
1790953126.387647 W 660 lat 296 1944 8055 0 exe 80666 295962 592833 resp 598314 931 pmu 1017643 955328 8271643 16946194 781234835
1790953127.323630 W 661 lat 314 3888 9796 0 exe 104222 465981 627222 resp 634277 1000 pmu 1019959 987625 8304390 13653033 1183427640
1790953128.363809 W 662 lat 1370 5351 10796 0 exe 231796 552851 664499 resp 673833 1000 pmu 1024869 997261 8366688 14991149 1390896570
1790953129.311405 W 663 lat 296 3925 10925 0 exe 85518 429629 665203 resp 671907 910 pmu 1021042 955255 8305760 16465099 1097079343
1790953130.367793 W 664 lat 314 4240 10685 0 exe 61185 481111 667685 resp 674222 889 pmu 1019692 948890 8308229 15099406 1218107151
1790953131.315473 W 665 lat 296 3407 9666 0 exe 103962 425722 649907 resp 654888 1000 pmu 1018657 973285 8290029 15259726 1091068632
1790953132.375627 W 666 lat 296 2685 8074 0 exe 100148 362555 656629 resp 662555 1000 pmu 1016951 977930 8264166 15001986 949743001
1790953133.331706 W 667 lat 314 4518 12425 0 exe 106203 496055 649092 resp 656555 1000 pmu 1023678 996054 8352351 14727374 1269286891
1790953134.375760 W 668 lat 666 5333 11277 0 exe 248962 550055 648740 resp 655425 1000 pmu 1025005 998372 8374054 15388520 1383774833
1790953135.323906 W 669 lat 296 2814 8703 0 exe 77629 358574 665333 resp 669537 778 pmu 1016405 911530 8257645 16364394 924968971
1790953136.379578 W 670 lat 314 4037 10814 0 exe 84018 506092 670537 resp 677759 979 pmu 1019159 977539 8292186 14677218 1283842230
1790953137.331719 W 671 lat 314 1925 7148 0 exe 83518 314185 588259 resp 592870 974 pmu 1016169 966072 8259946 15530500 819724616
1790953138.400085 W 672 lat 574 4018 8814 0 exe 123611 519962 658129 resp 662629 1000 pmu 1022234 991024 8332832 13703699 1311024978
1790953139.351445 W 673 lat 481 4425 11555 0 exe 140944 544499 669314 resp 676277 1000 pmu 1024172 995887 8358283 15651204 1370839844
1790953140.395646 W 674 lat 296 3444 9111 0 exe 50888 414833 595296 resp 602037 958 pmu 1015375 927816 8250129 16000100 1056739193
1790953141.331438 W 675 lat 314 4555 10129 0 exe 95925 526148 656277 resp 662148 996 pmu 1019723 987567 8312175 14142018 1327899781
1790953142.371624 W 676 lat 314 2240 8666 0 exe 101537 316222 595648 resp 600444 1000 pmu 1015838 975481 8261633 15540274 843839283
1790953143.311775 W 677 lat 314 4481 10314 0 exe 108592 494574 636666 resp 641296 1000 pmu 1021467 993641 8329255 13887908 1254164042
1790953144.351620 W 678 lat 1944 4999 11944 0 exe 263351 525685 649666 resp 657685 1000 pmu 1022646 993622 8332277 15243859 1327684237
1790953145.395314 W 679 lat 296 3722 8666 0 exe 25222 426111 624018 resp 629611 941 pmu 1016402 915558 8260993 16339170 1083869358
1790953146.331279 W 680 lat 296 296 333 0 exe 16907 19314 44685 resp 44981 0 pmu 1023407 36655 8244457 14347798 53193564
1790953147.371493 W 681 lat 296 370 5518 0 exe 16944 32888 547962 resp 552666 59 pmu 1022978 121117 8249802 6393501 89125241
1790953148.315648 W 682 lat 425 3037 8685 0 exe 123425 356759 591111 resp 595092 1000 pmu 1017495 968406 8270294 11545560 1165155222
1790953149.355493 W 683 lat 425 2981 9388 0 exe 127425 360999 589074 resp 592370 1000 pmu 1018080 972788 8275230 14155236 1169229112
1790953150.403637 W 684 lat 407 2851 7481 0 exe 130722 356555 590925 resp 595351 1000 pmu 1018041 976409 8275407 14175882 1171222470
1790953151.339610 W 685 lat 425 2999 7444 0 exe 131240 359944 591962 resp 597444 1000 pmu 1018008 979822 8271927 14184017 1165210173
1790953152.387511 W 686 lat 333 2888 6981 0 exe 131351 350759 614314 resp 618314 1000 pmu 1017624 966923 8270994 14219841 1150669269
1790953153.327621 W 687 lat 351 2925 7888 0 exe 121092 347833 621629 resp 625148 1000 pmu 1017525 966059 8271588 14387311 1135393174
1790953154.379665 W 688 lat 518 2944 7351 0 exe 119851 347925 601092 resp 602555 1000 pmu 1017725 969062 8276302 14396980 1148000826
1790953155.331583 W 689 lat 351 2925 7703 0 exe 118111 345444 603592 resp 607722 1000 pmu 1017781 970015 8273786 14173692 1147480396
1790953156.375639 W 690 lat 444 2962 8388 0 exe 121388 356148 628222 resp 633203 1000 pmu 1017434 975894 8273875 14191860 1176825407
1790953157.319647 W 691 lat 481 3074 8740 0 exe 127444 361259 615925 resp 619499 1000 pmu 1017575 977097 8276424 14516349 1176293077
1790953158.359551 W 692 lat 370 3129 7833 0 exe 129388 365296 595777 resp 600148 1000 pmu 1017403 967159 8269774 14444875 1187399669
1790953159.403683 W 693 lat 499 2796 7555 0 exe 135685 344518 624703 resp 628888 1000 pmu 1017935 987430 8272659 14272543 1149218668
1790953160.340091 W 694 lat 351 2962 6814 0 exe 133037 349462 611185 resp 615407 1000 pmu 1018027 982081 8275351 14486000 1154000984
1790953161.383632 W 695 lat 351 2907 7759 0 exe 124518 349592 613351 resp 617592 1000 pmu 1017996 973997 8270142 14358471 1156909058
1790953162.331485 W 696 lat 370 2851 7444 0 exe 127277 347092 584740 resp 589055 1000 pmu 1017585 968825 8270943 14343101 1150813024
1790953163.367618 W 697 lat 444 2907 7796 0 exe 117055 345074 600796 resp 604240 1000 pmu 1017170 968589 8274133 14056705 1134231309
1790953164.319536 W 698 lat 407 2759 7944 0 exe 121574 336722 613037 resp 619759 1000 pmu 1017889 972091 8267090 14154161 1142579720
1790953165.363556 W 699 lat 351 2888 7296 0 exe 133592 345203 608092 resp 611092 1000 pmu 1017839 970831 8276818 14273701 1131670192
1790953166.403507 W 700 lat 388 3129 7851 0 exe 130259 359870 599777 resp 603870 1000 pmu 1017506 964093 8275935 14305118 1163587264
1790953167.347632 W 701 lat 518 3037 7240 0 exe 131462 358888 612537 resp 616166 1000 pmu 1017206 953494 8267757 14288377 1151367023
1790953168.408926 W 702 lat 499 2740 6666 0 exe 119222 334314 605388 resp 608907 1000 pmu 1017433 961250 8264030 14411903 1131371286
1790953169.347663 W 703 lat 499 2944 7333 0 exe 128944 344518 585740 resp 587981 1000 pmu 1018007 976265 8278155 14151124 1138418453
1790953170.387537 W 704 lat 425 2907 8111 0 exe 135870 357648 601685 resp 606462 1000 pmu 1017497 964603 8260800 14052369 1145892824
1790953171.339827 W 705 lat 351 2944 8370 0 exe 129537 354537 594666 resp 598814 1000 pmu 1017478 962111 8267539 14328049 1141409397
1790953172.383480 W 706 lat 481 3074 7703 0 exe 110240 357351 606333 resp 610666 1000 pmu 1017933 964252 8272877 14208761 1159425079
1790953173.327484 W 707 lat 388 2962 7129 0 exe 130740 345425 610370 resp 613314 1000 pmu 1017684 961389 8265425 14241843 1137017314
1790953174.363730 W 708 lat 407 2999 8166 0 exe 132555 351333 600555 resp 604703 1000 pmu 1017464 967359 8263526 14314152 1152061998
1790953175.407560 W 709 lat 444 3055 7629 0 exe 129388 358407 595611 resp 597759 1000 pmu 1017505 965812 8267536 14266199 1151367879
1790953176.347401 W 710 lat 351 3018 6999 0 exe 126481 348148 602518 resp 606796 1000 pmu 1017681 964577 8275728 14224261 1143746064
1790953177.387326 W 711 lat 314 2888 7222 0 exe 97833 345185 607518 resp 611203 998 pmu 1017928 977340 8264772 14234172 1132209221
1790953178.323280 W 712 lat 296 296 333 0 exe 16962 20833 94222 resp 94537 0 pmu 1023339 54789 8240145 14120376 56839789
1790953179.363352 W 713 lat 296 296 1074 0 exe 16611 21925 224759 resp 225833 12 pmu 1023352 64864 8253205 6896619 56494381
1790953180.327322 W 714 lat 296 314 2518 0 exe 31129 56666 240240 resp 241314 41 pmu 1022655 468082 8242958 8213406 145401901
1790953181.403315 W 715 lat 296 296 425 0 exe 32166 42388 56259 resp 56574 0 pmu 1023390 309252 8249605 8621503 106710589
1790953182.347305 W 716 lat 296 296 444 0 exe 28925 39222 120944 resp 121333 10 pmu 1023112 272652 8246816 6701225 99469617
1790953183.395315 W 717 lat 296 296 333 0 exe 28462 34370 57481 resp 57796 0 pmu 1023344 215733 8247353 7316505 86343947
1790953184.351313 W 718 lat 296 314 722 0 exe 29759 40518 113777 resp 114333 19 pmu 1023059 288182 8247986 6654536 103261614
1790953185.399313 W 719 lat 296 296 407 0 exe 28037 33333 54722 resp 55018 0 pmu 1023363 202878 8243472 7257932 83572331
1790953186.351299 W 720 lat 296 296 703 0 exe 28870 37666 122851 resp 123351 12 pmu 1023209 254086 8248724 6619754 95496637
1790953187.395327 W 721 lat 296 296 425 0 exe 28870 34129 53999 resp 54296 0 pmu 1023389 212725 8248858 7329493 86008193
1790953188.339303 W 722 lat 296 296 833 0 exe 29074 36981 113629 resp 114462 10 pmu 1023157 245813 8243726 6620753 93332657
1790953189.395316 W 723 lat 296 296 499 0 exe 27462 37759 124703 resp 125055 7 pmu 1023150 254904 8243275 7237176 95454211
1790953190.343306 W 724 lat 296 296 518 0 exe 29222 36888 112444 resp 112925 11 pmu 1023200 244743 8246361 7339705 93554753
1790953191.395340 W 725 lat 296 296 462 0 exe 28074 34259 53129 resp 53444 0 pmu 1023319 214340 8245113 7222163 85881576
1790953192.347311 W 726 lat 296 296 796 0 exe 28203 37111 112277 resp 112851 10 pmu 1023226 247615 8246266 6608915 93774876
1790953193.387327 W 727 lat 296 296 444 0 exe 29629 37999 72333 resp 72648 0 pmu 1023253 259196 8246941 7218497 95728502
1790953194.323317 W 728 lat 296 314 722 0 exe 30166 42222 117444 resp 117999 19 pmu 1022904 308447 8248383 6827603 107514989
1790953195.363302 W 729 lat 296 296 351 0 exe 29518 36296 57944 resp 58259 0 pmu 1023465 239039 8246869 7305073 90890790
1790953196.403317 W 730 lat 296 296 629 0 exe 30425 39444 109407 resp 109962 11 pmu 1023064 275449 8249461 6674090 99736748
1790953197.339304 W 731 lat 296 296 425 0 exe 29574 36944 58333 resp 58666 0 pmu 1023204 246740 8249814 7211588 92796330
1790953198.403322 W 732 lat 296 314 648 0 exe 34407 48925 120129 resp 120444 11 pmu 1022606 387666 8246867 6681900 124462630
1790953199.359320 W 733 lat 296 296 648 0 exe 33499 44166 140481 resp 140814 7 pmu 1022716 331727 8242572 7385042 111816078
1790953200.323322 W 734 lat 296 314 611 0 exe 33481 53722 134574 resp 135037 13 pmu 1022671 442441 8246773 7560320 137238851
1790953201.383308 W 735 lat 296 296 407 0 exe 28351 35962 55296 resp 55611 0 pmu 1023337 235016 8246187 7549478 90604850
1790953202.339320 W 736 lat 296 296 759 0 exe 29555 38777 136629 resp 137388 12 pmu 1023236 267848 8247424 6640356 98012521
1790953203.395312 W 737 lat 296 296 407 0 exe 30203 35351 54870 resp 55185 0 pmu 1023446 227172 8241640 7477941 88820350
1790953204.351314 W 738 lat 296 296 870 0 exe 29592 40574 125592 resp 125999 18 pmu 1022844 288615 8247068 6642215 103361371
1790953205.399308 W 739 lat 296 296 425 0 exe 28555 34981 55518 resp 55833 0 pmu 1023374 222692 8242409 7375430 87902280
1790953206.351329 W 740 lat 296 296 592 0 exe 29648 38759 112574 resp 112944 8 pmu 1023200 267599 8250549 6638714 97855252
1790953207.407304 W 741 lat 296 296 425 0 exe 29999 35185 57888 resp 58203 0 pmu 1023333 225454 8248685 7234857 88290815
1790953208.355334 W 742 lat 296 296 740 0 exe 31166 41407 117222 resp 117537 11 pmu 1023031 298577 8245622 6670701 104924979
1790953209.303325 W 743 lat 296 296 740 0 exe 31703 41981 115148 resp 115629 6 pmu 1023084 306190 8249282 7302630 106482768
1790953210.347309 W 744 lat 296 296 611 0 exe 16777 26425 119685 resp 120203 12 pmu 1023219 120415 8239672 7288164 67808137
1790953211.387507 W 745 lat 296 296 333 0 exe 16629 18740 46222 resp 46555 0 pmu 1023365 30152 8237228 7180722 47453270
1790953212.323338 W 746 lat 296 351 2111 0 exe 17499 96999 186851 resp 187592 342 pmu 1013924 929511 8209594 6405486 283435761
1790953213.371331 W 747 lat 296 333 981 0 exe 91351 97777 112370 resp 112703 116 pmu 1013015 958915 8195043 8218319 287331165
1790953214.311339 W 748 lat 296 333 722 0 exe 91259 98388 118203 resp 118851 139 pmu 1013110 962755 8199008 7838852 290745898
1790953215.355335 W 749 lat 296 333 574 0 exe 89407 98370 109037 resp 109370 139 pmu 1013607 964189 8199222 7900012 289421753
1790953216.403331 W 750 lat 296 333 629 0 exe 86611 97777 121555 resp 121888 106 pmu 1013215 958725 8196017 7796610 286905422
1790953217.339345 W 751 lat 296 333 685 0 exe 89685 97703 108703 resp 109018 137 pmu 1013248 957667 8194922 7905324 287206885
1790953218.379348 W 752 lat 296 333 833 0 exe 85574 98129 114759 resp 115592 110 pmu 1013183 961965 8193039 7791905 288520529
1790953219.323335 W 753 lat 296 333 592 0 exe 87740 97592 107499 resp 107814 135 pmu 1012972 958286 8193644 7837408 286682122
1790953220.371345 W 754 lat 296 333 648 0 exe 87574 98222 113203 resp 113518 127 pmu 1013289 963279 8199293 7769195 289120279
1790953221.315334 W 755 lat 296 333 648 0 exe 85111 97499 109740 resp 110055 66 pmu 1013027 955483 8190969 7828655 286481465
1790953222.370121 W 756 lat 296 333 592 0 exe 87351 97185 111611 resp 111944 82 pmu 1012954 953750 8191045 7778046 284548604
1790953223.405460 W 757 lat 296 333 666 0 exe 87907 97499 106074 resp 106407 66 pmu 1013079 957449 8194914 7806114 286582141
1790953224.346623 W 758 lat 296 333 666 0 exe 90351 98499 117574 resp 117907 122 pmu 1013265 965377 8198081 7755731 290281410
1790953225.396917 W 759 lat 296 333 722 0 exe 82370 97055 110351 resp 110666 119 pmu 1013284 952291 8197522 7887964 284039971
1790953226.330716 W 760 lat 296 333 722 0 exe 82333 97222 120055 resp 120629 115 pmu 1013133 954317 8199022 7768730 284847918
1790953227.370465 W 761 lat 296 333 592 0 exe 69111 97555 108555 resp 108870 128 pmu 1013265 956591 8199612 7867669 286742959
1790953228.415819 W 762 lat 296 333 685 0 exe 86425 97407 113518 resp 113925 116 pmu 1013363 955070 8200633 7686459 286937323
1790953229.362186 W 763 lat 296 333 592 0 exe 90833 98277 110648 resp 110981 130 pmu 1013012 963287 8192374 7822807 289081244
1790953230.392588 W 764 lat 296 333 574 0 exe 91222 98111 134314 resp 134666 140 pmu 1013117 961534 8200181 7819509 289090926
1790953231.330487 W 765 lat 296 333 611 0 exe 86222 97148 107092 resp 107425 75 pmu 1013086 951774 8198480 8057049 285550412
1790953232.380057 W 766 lat 296 333 611 0 exe 89925 97944 119092 resp 119407 129 pmu 1013385 960195 8203068 7755307 288558112
1790953233.306818 W 767 lat 296 333 555 0 exe 84666 97259 107888 resp 108351 59 pmu 1013090 953761 8195674 7897617 285074558
1790953234.358677 W 768 lat 296 333 592 0 exe 87111 97037 112296 resp 112611 66 pmu 1012910 951407 8193189 7756505 284613301
1790953235.404007 W 769 lat 296 333 537 0 exe 70333 96962 108629 resp 108944 121 pmu 1013660 949694 8204170 7811049 282532655
1790953236.344850 W 770 lat 296 333 703 0 exe 81666 97629 112259 resp 112629 80 pmu 1013232 955963 8195636 7689785 286922455
1790953237.384544 W 771 lat 296 333 648 0 exe 90833 97814 108703 resp 109148 122 pmu 1013260 957879 8195411 7787424 287051819
1790953238.319098 W 772 lat 296 333 851 0 exe 87907 97425 109611 resp 109944 98 pmu 1013235 954967 8195441 7798552 285566282
1790953239.372724 W 773 lat 296 333 629 0 exe 87259 97629 108499 resp 108888 110 pmu 1013103 956796 8196938 7791652 286976754
1790953240.320602 W 774 lat 296 333 592 0 exe 89259 97592 123407 resp 123777 120 pmu 1013089 956653 8194185 7777636 287303055
1790953241.355097 W 775 lat 296 333 629 0 exe 89259 97962 108925 resp 109407 133 pmu 1013198 960984 8195109 7936266 288376889
1790953242.387310 W 776 lat 296 314 2481 0 exe 17148 35888 159796 resp 160796 76 pmu 1022097 213448 8235862 7793882 129768338
1790953243.323280 W 777 lat 296 296 333 0 exe 16611 18851 43055 resp 43370 0 pmu 1023366 31693 8247035 7643150 48075198
1790953244.367311 W 778 lat 296 314 1407 0 exe 16722 31462 159759 resp 160129 72 pmu 1022969 170150 8246626 6373430 81403480
1790953245.303313 W 779 lat 296 296 444 0 exe 16740 21666 113796 resp 114203 4 pmu 1023315 64030 8244107 7609749 55355771
1790953245.619304 Closing cell "rt-bench"
1790953245.619388 [MG] Initializing memguard on CPU 3
1790953245.619415 [SMMUv2] Exiting SMMUv2 on cell 1
1790953245.619466 [COL] Colored OP 1: PHYS 0x30000000 -> VIRT 0x00000000 (SIZE: 0x00400000, COL: 0x000000ff, extra: 0x0000000000000000)
1790953245.619487 [COL] Result: 0
1790953245.619563 [COL] Colored OP 4: PHYS 0x30000000 -> VIRT 0x00000000 (SIZE: 0x00400000, COL: 0x000000ff, extra: 0x0000000000000001)
1790953245.619584 [COL] Result: 0
1790953245.619618 Page pool usage after cell destruction: mem 142/4061, remap 5/131072
1790953245.619644 [MG] Initializing memguard on CPU 3
1790953245.723314 [MG] Initializing memguard on CPU 3
1790953245.723377 [MG] Initializing memguard on CPU 3
1790953245.723401 Created cell "rt-bench"
1790953245.723440 Page pool usage after cell creation: mem 151/4061, remap 5/131072
