1790953245.796734 <missed 230169 bytes of console log>
1790953245.796842 2611 66 pmu 1012910 951407 8193189 7756505 284613301
1790953245.796900 W 769 lat 296 333 537 0 exe 70333 96962 108629 resp 108944 121 pmu 1013660 949694 8204170 7811049 282532655
1790953245.796956 W 770 lat 296 333 703 0 exe 81666 97629 112259 resp 112629 80 pmu 1013232 955963 8195636 7689785 286922455
1790953245.797011 W 771 lat 296 333 648 0 exe 90833 97814 108703 resp 109148 122 pmu 1013260 957879 8195411 7787424 287051819
1790953245.797065 W 772 lat 296 333 851 0 exe 87907 97425 109611 resp 109944 98 pmu 1013235 954967 8195441 7798552 285566282
1790953245.797121 W 773 lat 296 333 629 0 exe 87259 97629 108499 resp 108888 110 pmu 1013103 956796 8196938 7791652 286976754
1790953245.797175 W 774 lat 296 333 592 0 exe 89259 97592 123407 resp 123777 120 pmu 1013089 956653 8194185 7777636 287303055
1790953245.797228 W 775 lat 296 333 629 0 exe 89259 97962 108925 resp 109407 133 pmu 1013198 960984 8195109 7936266 288376889
1790953245.797283 W 776 lat 296 314 2481 0 exe 17148 35888 159796 resp 160796 76 pmu 1022097 213448 8235862 7793882 129768338
1790953245.797334 W 777 lat 296 296 333 0 exe 16611 18851 43055 resp 43370 0 pmu 1023366 31693 8247035 7643150 48075198
1790953245.797388 W 778 lat 296 314 1407 0 exe 16722 31462 159759 resp 160129 72 pmu 1022969 170150 8246626 6373430 81403480
1790953245.797440 W 779 lat 296 296 444 0 exe 16740 21666 113796 resp 114203 4 pmu 1023315 64030 8244107 7609749 55355771
1790953245.797462 Closing cell "rt-bench"
1790953245.797488 [MG] Initializing memguard on CPU 3
1790953245.797514 [SMMUv2] Exiting SMMUv2 on cell 1
1790953245.797570 [COL] Colored OP 1: PHYS 0x30000000 -> VIRT 0x00000000 (SIZE: 0x00400000, COL: 0x000000ff, extra: 0x0000000000000000)
1790953245.797592 [COL] Result: 0
1790953245.797648 [COL] Colored OP 4: PHYS 0x30000000 -> VIRT 0x00000000 (SIZE: 0x00400000, COL: 0x000000ff, extra: 0x0000000000000001)
1790953245.797669 [COL] Result: 0
1790953245.797706 Page pool usage after cell destruction: mem 142/4061, remap 5/131072
1790953245.797735 [MG] Initializing memguard on CPU 3
1790953245.797762 [MG] Initializing memguard on CPU 3
1790953245.797787 [MG] Initializing memguard on CPU 3
1790953245.797811 Created cell "rt-bench"
1790953245.797850 Page pool usage after cell creation: mem 151/4061, remap 5/131072
1790953245.797878 [MG] Initializing memguard on CPU 3
1790953245.797902 Cell "rt-bench" can be loaded
1790953245.797923 Started cell "rt-bench"
1790953245.797949 [MG] Initializing memguard on CPU 3
1790953245.797982 rt-bench: ws 768 KB, 1024 loads/period, window 1000
1790953246.835332 W 0 lat 333 462 2037 0 exe 18629 22962 138296 resp 138833 4 pmu 791704 39614 6388457 5307448 41589610
1790953247.771285 W 1 lat 296 296 1425 0 exe 12870 15351 146222 resp 147648 9 pmu 791670 19127 6387382 7366922 39395552
1790953248.811304 W 2 lat 296 296 629 0 exe 12833 14444 83888 resp 84203 0 pmu 791409 13416 6381647 7379746 37945804
1790953249.851316 W 3 lat 296 296 333 0 exe 12777 13296 16351 resp 16648 0 pmu 788413 454 6355552 6741980 34029293
1790953250.787283 W 4 lat 296 296 777 0 exe 12851 14481 81777 resp 82555 0 pmu 790076 13765 6371039 6058955 37375862
1790953251.827324 W 5 lat 296 296 333 0 exe 12907 13277 16962 resp 17259 0 pmu 788896 316 6364149 6724347 33895087
1790953252.771318 W 6 lat 296 296 1092 0 exe 12851 18425 137888 resp 138981 8 pmu 793089 55258 6394816 6065754 50447058
1790953253.827332 W 7 lat 296 296 629 0 exe 12888 13351 14611 resp 14907 0 pmu 788848 506 6352821 7308290 34551240
1790953254.775314 W 8 lat 296 296 499 0 exe 12777 14537 90870 resp 91370 0 pmu 788857 14439 6353695 6043691 37505360
1790953255.819302 W 9 lat 296 296 351 0 exe 12833 13314 14370 resp 14685 0 pmu 788252 306 6350218 6812366 34050985
1790953256.859319 W 10 lat 296 296 833 0 exe 12870 14611 87537 resp 88203 0 pmu 790618 14979 6370571 6039538 37720399
1790953257.799302 W 11 lat 296 296 462 0 exe 12907 14296 77018 resp 77481 0 pmu 789602 11468 6360197 6782298 37177932
1790953258.839318 W 12 lat 296 296 537 0 exe 12907 14499 80740 resp 81129 0 pmu 789456 13736 6360346 6672918 37802116
1790953259.775307 W 13 lat 296 296 333 0 exe 12888 13314 14814 resp 15111 0 pmu 787777 360 6345529 6711091 34016958
1790953260.815350 W 14 lat 296 296 537 0 exe 12925 14592 99796 resp 100259 1 pmu 790400 14377 6368495 6044166 37617976
1790953261.855334 W 15 lat 296 296 333 0 exe 12888 13333 14537 resp 14870 0 pmu 787917 407 6343837 6902698 34187501
1790953262.799359 W 16 lat 296 296 685 0 exe 12925 15499 89703 resp 90111 0 pmu 789382 25226 6360092 6041756 40623906
1790953263.843299 W 17 lat 296 296 370 0 exe 12851 13333 14703 resp 14999 0 pmu 788104 384 6350092 6806568 34113168
1790953264.779328 W 18 lat 277 296 518 0 exe 12833 14537 83129 resp 83499 0 pmu 790327 14262 6365140 6043112 37509916
1790953265.835307 W 19 lat 296 296 425 0 exe 12851 13351 14185 resp 14481 0 pmu 789328 388 6355037 6734455 34100396
1790953266.775318 W 20 lat 296 296 425 0 exe 12888 14629 105499 resp 105925 1 pmu 789746 15028 6363735 6038319 37715099
1790953267.835353 W 21 lat 296 296 592 0 exe 12870 14425 83537 resp 83981 0 pmu 787859 13212 6346223 6958940 37633069
1790953268.775334 W 22 lat 296 296 537 0 exe 12851 14648 93703 resp 94018 0 pmu 790363 15097 6368225 6739084 38257905
1790953269.815305 W 23 lat 277 296 351 0 exe 12833 13333 14851 resp 15148 0 pmu 788375 413 6348088 6840806 34141430
1790953270.859334 W 24 lat 296 296 666 0 exe 12888 14574 86370 resp 86666 0 pmu 789915 14608 6364135 6044274 37601126
1790953271.795300 W 25 lat 296 296 370 0 exe 12907 13314 14499 resp 14814 0 pmu 788795 308 6356045 6767885 34059703
1790953272.835321 W 26 lat 277 296 574 0 exe 12888 15685 98722 resp 99222 0 pmu 790476 27312 6368860 6041479 40988517
1790953273.771306 W 27 lat 296 296 407 0 exe 12925 13351 14833 resp 15129 0 pmu 789376 450 6358053 6897460 34249209
1790953274.811315 W 28 lat 296 296 1129 0 exe 12685 14666 94851 resp 95981 0 pmu 789769 15303 6362603 6045139 37934101
1790953275.851311 W 29 lat 296 296 351 0 exe 12851 13333 14537 resp 14833 0 pmu 789462 332 6357984 6858628 34162006
1790953276.787340 W 30 lat 296 296 870 0 exe 12870 14592 84129 resp 84685 0 pmu 789656 14846 6361651 6041451 37625004
1790953277.843365 W 31 lat 296 296 481 0 exe 12925 14407 90388 resp 90722 0 pmu 789887 12559 6365312 6747685 37424584
1790953278.783333 W 32 lat 296 296 499 0 exe 12925 14592 97240 resp 97740 0 pmu 790738 14501 6371208 6806684 38114911
1790953279.831306 W 33 lat 296 296 351 0 exe 12888 13351 16055 resp 16351 0 pmu 789152 482 6356110 6876941 34212438
1790953280.767317 W 34 lat 296 296 629 0 exe 12888 14611 93481 resp 93999 0 pmu 789004 15173 6356551 6056831 37729777
1790953281.815298 W 35 lat 296 296 351 0 exe 12851 13333 14888 resp 15185 0 pmu 789071 404 6355218 6840151 34163971
1790953282.855308 W 36 lat 296 296 518 0 exe 12796 16222 90074 resp 90388 0 pmu 789623 34218 6372736 6044872 42971557
1790953283.791278 W 37 lat 296 296 333 0 exe 12833 13240 14148 resp 14444 0 pmu 787233 83 6350097 6812063 33804942
1790953284.831332 W 38 lat 296 314 2129 0 exe 12833 28018 206537 resp 207166 25 pmu 778845 157769 6295844 6036832 114235591
1790953285.767319 W 39 lat 296 296 537 0 exe 12851 20037 34833 resp 35148 0 pmu 774318 80573 6251909 8045807 76944578
1790953286.807328 W 40 lat 296 296 629 0 exe 12925 18037 98055 resp 98685 0 pmu 781760 55479 6312723 6279075 60357126
1790953287.847330 W 41 lat 296 296 574 0 exe 13129 23537 81777 resp 82222 0 pmu 770487 122446 6231020 6903764 91152676
1790953288.783327 W 42 lat 296 296 611 0 exe 12962 20055 89981 resp 90537 0 pmu 777871 80397 6285692 6768289 69803619
1790953289.823340 W 43 lat 296 296 777 0 exe 13129 20870 34944 resp 35370 0 pmu 769975 90354 6223255 6832857 78081007
1790953290.863327 W 44 lat 296 296 685 0 exe 12925 18851 93296 resp 93981 0 pmu 778252 65626 6287118 6287541 65183346
1790953291.799317 W 45 lat 296 296 629 0 exe 12833 18666 29518 resp 29814 0 pmu 775880 64051 6268500 6860819 68003057
1790953292.839332 W 46 lat 296 296 592 0 exe 12944 20703 91537 resp 91851 0 pmu 774937 87308 6264057 6219260 79840863
1790953293.775328 W 47 lat 296 296 518 0 exe 12944 18537 33129 resp 33462 0 pmu 774723 62300 6257051 6850209 72840416
1790953294.819330 W 48 lat 296 296 592 0 exe 12888 20129 89462 resp 89759 0 pmu 775807 81085 6273197 6254932 79793788
1790953295.859328 W 49 lat 296 296 703 0 exe 12944 20055 29092 resp 29407 0 pmu 771845 80702 6236774 6826342 84602781
1790953296.795326 W 50 lat 296 296 629 0 exe 12870 19629 91499 resp 91870 0 pmu 776842 74885 6275610 6222990 73713354
1790953297.835354 W 51 lat 296 296 703 0 exe 12962 21370 88499 resp 89055 0 pmu 774570 96123 6263129 6844586 83232743
1790953298.771317 W 52 lat 296 296 629 0 exe 12962 21129 87888 resp 88222 0 pmu 774428 92922 6259311 6825016 79594333
1790953299.811341 W 53 lat 296 296 574 0 exe 12925 20351 29481 resp 29777 0 pmu 769651 84088 6221252 6816197 78733526
1790953300.855327 W 54 lat 296 296 574 0 exe 12888 18499 88870 resp 89314 0 pmu 778780 60973 6291515 6227676 66745271
1790953301.791327 W 55 lat 296 296 611 0 exe 12962 20444 37481 resp 37796 0 pmu 770003 85326 6223506 6812923 93270711
1790953302.831326 W 56 lat 296 296 777 0 exe 12999 20814 115962 resp 116259 3 pmu 776543 88320 6273369 6308503 76114228
1790953303.767324 W 57 lat 296 296 592 0 exe 13074 20055 27574 resp 27888 0 pmu 769536 80480 6219323 7096260 80166233
1790953304.807328 W 58 lat 296 296 555 0 exe 12962 19518 93166 resp 93499 0 pmu 777415 73482 6281555 6207945 74118413
1790953305.847317 W 59 lat 296 296 555 0 exe 12888 18999 28111 resp 28407 0 pmu 774737 68000 6259567 6860633 74566011
1790953306.783329 W 60 lat 296 296 740 0 exe 12907 22018 85296 resp 85648 0 pmu 770735 104179 6231943 6206896 113940593
1790953307.823332 W 61 lat 296 296 814 0 exe 12888 19574 77222 resp 77555 0 pmu 776601 74747 6271177 6795122 73247166
1790953308.863327 W 62 lat 296 296 648 0 exe 13074 22444 107203 resp 107648 1 pmu 770367 108205 6227754 6702534 87561915
1790953309.799731 W 63 lat 296 296 833 0 exe 12796 18499 28685 resp 28981 0 pmu 775048 61695 6262270 7017218 69428784
1790953310.839344 W 64 lat 296 296 518 0 exe 12981 21944 101999 resp 102333 1 pmu 772123 102651 6239844 6211085 86446213
1790953311.775329 W 65 lat 296 296 722 0 exe 12962 19370 29499 resp 29851 0 pmu 772851 72502 6248178 6960868 74548036
1790953312.815323 W 66 lat 296 296 740 0 exe 13037 23148 92092 resp 92833 0 pmu 773596 116630 6251376 6224121 88668469
1790953313.855328 W 67 lat 296 296 574 0 exe 12962 18851 30722 resp 31055 0 pmu 774140 65816 6253129 6871354 69619408
1790953314.795313 W 68 lat 296 296 1166 0 exe 12777 17870 124981 resp 125888 10 pmu 791795 50345 6388522 6232904 51284314
1790953315.835281 W 69 lat 296 296 370 0 exe 12851 13277 14111 resp 14425 0 pmu 789658 65 6367493 7175581 34084816
1790953316.779478 W 70 lat 296 1037 7555 0 exe 12925 157462 714870 resp 719240 602 pmu 925328 617385 7539906 6038936 424932925
1790953317.819496 W 71 lat 314 962 2870 0 exe 150370 195166 267037 resp 267444 1000 pmu 1030129 1030884 8410644 13829459 550130673
1790953318.859492 W 72 lat 314 944 2981 0 exe 137518 194907 267574 resp 267888 1000 pmu 1030321 1030593 8407061 10183217 547394259
1790953319.795474 W 73 lat 314 962 3018 0 exe 173518 195462 243037 resp 245148 1000 pmu 1030273 1030527 8406701 10123100 548406770
1790953320.835477 W 74 lat 314 944 3370 0 exe 144129 194962 246648 resp 247444 1000 pmu 1030187 1030729 8409362 10069593 547560981
1790953321.771505 W 75 lat 314 925 2777 0 exe 173703 195185 240166 resp 241814 1000 pmu 1030045 1030058 8397870 9951495 547589371
1790953322.811492 W 76 lat 333 981 3851 0 exe 140444 195111 273259 resp 277111 1000 pmu 1030359 1030648 8407488 10036903 548023276
1790953323.851486 W 77 lat 314 944 3333 0 exe 111574 192462 250907 resp 252685 1000 pmu 1028728 1027334 8390318 10217820 540882458
1790953324.791486 W 78 lat 314 944 2981 0 exe 158666 194833 250074 resp 250777 1000 pmu 1030191 1030317 8399786 9823483 547042119
1790953325.831487 W 79 lat 314 981 3648 0 exe 167277 195499 253999 resp 254703 1000 pmu 1030238 1030583 8406782 10055395 548486200
1790953326.767494 W 80 lat 314 944 3944 0 exe 138814 194759 247222 resp 247796 1000 pmu 1030233 1030565 8405373 10144600 547091453
1790953327.807489 W 81 lat 314 925 3592 0 exe 148870 195555 287999 resp 289240 1000 pmu 1030112 1030574 8404743 9931343 548568376
1790953328.847506 W 82 lat 314 962 2981 0 exe 146851 194685 259296 resp 261481 1000 pmu 1030217 1030559 8406173 10394919 547078963
1790953329.787436 W 83 lat 333 962 3574 0 exe 177870 195444 246092 resp 246999 1000 pmu 1030294 1030465 8405879 10095313 548415390
1790953330.823500 W 84 lat 333 944 2777 0 exe 127018 195333 256018 resp 256351 1000 pmu 1030226 1030372 8404001 10118837 548394733
1790953331.863462 W 85 lat 314 962 2740 0 exe 177370 195092 265629 resp 266796 1000 pmu 1030140 1030531 8405905 9956238 547477365
1790953332.799497 W 86 lat 314 944 2944 0 exe 132759 195425 256999 resp 258129 1000 pmu 1030152 1030352 8403074 10307018 548865246
1790953333.839492 W 87 lat 314 962 2962 0 exe 178851 195388 239999 resp 241240 1000 pmu 1030237 1030436 8404279 9999957 548126761
1790953334.775482 W 88 lat 314 944 2777 0 exe 150888 194629 260481 resp 263259 1000 pmu 1030230 1030702 8406324 10061102 546593367
1790953335.819453 W 89 lat 333 944 2833 0 exe 177388 195351 249055 resp 249685 1000 pmu 1030261 1030287 8401349 10128788 548036034
1790953336.859494 W 90 lat 333 981 3555 0 exe 149999 194499 248981 resp 250111 1000 pmu 1030197 1030606 8405001 10140339 546417916
1790953337.795483 W 91 lat 314 925 2685 0 exe 143833 195111 251870 resp 252370 1000 pmu 1030082 1030286 8399708 10004611 547612988
1790953338.835484 W 92 lat 314 944 2685 0 exe 146703 195111 249888 resp 250740 1000 pmu 1030266 1030818 8410876 9997821 547771450
1790953339.771438 W 93 lat 296 944 3166 0 exe 127240 195037 245129 resp 246333 1000 pmu 1030052 1030018 8389151 9994302 546952993
1790953340.811494 W 94 lat 296 944 2962 0 exe 117333 193018 255370 resp 256277 1000 pmu 1028787 1027727 8400089 9853088 542588880
1790953341.851495 W 95 lat 314 944 3111 0 exe 172703 195425 254888 resp 255481 1000 pmu 1030193 1030340 8403638 9893489 548043976
1790953342.787497 W 96 lat 314 944 2740 0 exe 133370 195240 258407 resp 259222 1000 pmu 1030209 1030630 8404740 10176684 548414318
1790953343.827480 W 97 lat 314 962 2611 0 exe 176240 196018 253444 resp 254555 1000 pmu 1030210 1030301 8402388 10013446 549595683
1790953344.867475 W 98 lat 314 944 2537 0 exe 142425 194907 239092 resp 239888 1000 pmu 1030214 1030573 8404292 10183000 547396288
1790953345.803470 W 99 lat 314 944 2629 0 exe 177462 195277 245629 resp 246462 1000 pmu 1030308 1030258 8401266 9862842 547828058
1790953346.843307 W 100 lat 296 592 4444 0 exe 12870 93277 392222 resp 395351 433 pmu 895345 462698 7238608 10104360 261227445
1790953347.779302 W 101 lat 296 296 407 0 exe 12833 14166 76777 resp 77092 0 pmu 791811 10095 6387500 10254616 38761757
1790953348.819381 W 102 lat 296 499 3111 0 exe 12907 77462 179462 resp 180166 537 pmu 888459 541634 7208146 6670114 380750518
1790953349.860184 W 103 lat 296 685 3833 0 exe 99314 126611 162185 resp 163648 999 pmu 947929 946229 7689718 8031885 656391795
1790953350.795377 W 104 lat 296 703 3462 0 exe 101777 127092 166203 resp 166888 1000 pmu 957545 956219 7772578 8545473 659814256
1790953351.835402 W 105 lat 296 666 3111 0 exe 99185 126999 154185 resp 154685 999 pmu 961604 960096 7806663 8594725 665569752
1790953352.771534 W 106 lat 296 666 3611 0 exe 104222 128611 173666 resp 174185 1000 pmu 974811 973731 7912712 8458280 672526332
1790953353.811699 W 107 lat 296 648 2685 0 exe 102981 129851 159722 resp 160074 1000 pmu 982558 981678 7970990 8688750 681207603
1790953354.851665 W 108 lat 296 648 3444 0 exe 85351 127537 161499 resp 162259 987 pmu 961102 959608 7796070 8543730 661681684
1790953355.787799 W 109 lat 296 666 3018 0 exe 103981 129425 159185 resp 159888 1000 pmu 979510 978501 7954008 8467705 679522147
1790953356.827946 W 110 lat 296 611 2648 0 exe 92833 128592 159333 resp 159944 998 pmu 983638 981882 7985344 8544779 674793040
1790953357.867640 W 111 lat 296 629 2962 0 exe 94407 128499 158499 resp 159148 996 pmu 974883 973627 7905268 8483836 677231072
1790953358.803530 W 112 lat 296 648 3462 0 exe 93888 128777 186629 resp 187481 995 pmu 969495 968430 7867663 8484822 671938097
1790953359.843620 W 113 lat 296 648 2425 0 exe 91037 128777 153185 resp 154944 996 pmu 983429 982349 7978525 8768580 683023795
1790953360.784263 W 114 lat 277 648 3592 0 exe 100462 129740 162518 resp 163314 1000 pmu 982670 981967 7971464 8419181 678434128
1790953361.827558 W 115 lat 296 648 3092 0 exe 97555 127148 162111 resp 163166 998 pmu 953667 952280 7740084 8565198 658737887
1790953362.867849 W 116 lat 296 648 3833 0 exe 106962 129907 178074 resp 178425 1000 pmu 981242 980206 7963993 8532674 679398905
1790953363.803932 W 117 lat 296 629 3592 0 exe 99185 128944 153592 resp 154129 999 pmu 980146 978745 7957194 8753284 679208331
1790953364.843382 W 118 lat 296 648 2814 0 exe 101722 129018 168629 resp 169759 1000 pmu 978674 977420 7943556 8464456 677258692
1790953365.779558 W 119 lat 296 629 2648 0 exe 89740 128259 157296 resp 157648 993 pmu 976238 974770 7910811 8627058 678670079
1790953366.819893 W 120 lat 296 629 2888 0 exe 101666 127518 165111 resp 166481 1000 pmu 963235 961766 7814776 8445234 665281973
1790953367.859838 W 121 lat 296 648 3481 0 exe 95314 126277 152740 resp 156222 988 pmu 955480 953444 7753262 8585446 666838307
1790953368.796501 W 122 lat 296 648 3259 0 exe 93888 127166 169055 resp 169518 989 pmu 972187 970905 7893524 8437392 677749116
1790953369.836063 W 123 lat 314 685 4092 0 exe 102833 128685 149796 resp 150277 1000 pmu 979716 978944 7956652 8581813 679133911
1790953370.771414 W 124 lat 296 648 2481 0 exe 106555 128759 170611 resp 171018 1000 pmu 981898 981295 7966751 8446000 680248431
1790953371.811643 W 125 lat 296 666 3722 0 exe 99037 127259 163907 resp 165185 1000 pmu 955110 953918 7750446 8664201 661640399
1790953372.851374 W 126 lat 296 666 3259 0 exe 98462 127222 163851 resp 164333 997 pmu 961590 960464 7811658 8562850 660255929
1790953373.787480 W 127 lat 296 666 3925 0 exe 95592 128462 156537 resp 156925 996 pmu 976051 974585 7919726 8552988 678690253
1790953374.827901 W 128 lat 296 666 5314 0 exe 96962 129055 157833 resp 163148 999 pmu 975996 974955 7921846 8474760 676309311
1790953375.867409 W 129 lat 296 629 2740 0 exe 99407 128444 151574 resp 153333 999 pmu 976710 976077 7935583 8529070 677418937
1790953376.803871 W 130 lat 296 666 9777 0 exe 104629 128814 165351 resp 166203 1000 pmu 981867 980877 7970992 8444794 678504931
1790953377.843550 W 131 lat 296 629 3111 0 exe 101092 129333 156092 resp 157018 1000 pmu 980373 979205 7960595 8641285 679421384
1790953378.779321 W 132 lat 296 481 2796 0 exe 12907 69111 148333 resp 148999 470 pmu 882148 482745 7126526 8498695 343612622
1790953379.819277 W 133 lat 296 296 351 0 exe 12888 13296 15537 resp 15833 0 pmu 790019 222 6374069 7674037 34438795
1790953380.867671 W 134 lat 296 2722 14222 0 exe 12907 277777 717999 resp 725240 497 pmu 905205 527069 7375184 6053082 702101528
1790953381.815806 W 135 lat 314 4888 11962 0 exe 103999 529999 692296 resp 698518 1000 pmu 1018835 1025306 8305320 14518402 1346307252
1790953382.860001 W 136 lat 1685 5999 11759 0 exe 324222 590462 682240 resp 686185 1000 pmu 1031321 1021586 8425315 15972447 1488216726
1790953383.795879 W 137 lat 296 2518 13314 0 exe 60425 294851 672574 resp 678814 580 pmu 969408 844222 7875315 17274193 785378808
1790953384.843906 W 138 lat 1611 5870 12796 0 exe 332166 626185 718481 resp 723981 1000 pmu 1027692 1030267 8371613 14376641 1571595727
1790953385.787400 W 139 lat 296 2333 9111 0 exe 67129 325388 654499 resp 658333 956 pmu 991727 966759 8036321 17868138 861990459
1790953386.839749 W 140 lat 296 3796 10666 0 exe 69333 464592 673444 resp 680962 950 pmu 1003535 995900 8171000 14348073 1190300968
1790953387.791822 W 141 lat 1055 5629 12351 0 exe 163055 578666 697203 resp 706296 1000 pmu 1028313 1028249 8402311 15278001 1460114196
1790953388.835415 W 142 lat 296 5277 12018 0 exe 83703 546481 694537 resp 699796 998 pmu 1022495 1004467 8323508 16583813 1385099080
1790953389.771845 W 143 lat 296 3370 12648 0 exe 42833 402944 707907 resp 714703 723 pmu 984039 911308 8018841 15972467 1039981934
1790953390.819455 W 144 lat 296 4407 10148 0 exe 103055 547666 711555 resp 716351 1000 pmu 1010151 1014018 8211245 15186078 1387885849
1790953391.867579 W 145 lat 296 1796 9407 0 exe 68759 295055 662222 resp 667259 947 pmu 991511 962798 8048819 16229765 792276664
1790953392.811991 W 146 lat 425 3999 11185 0 exe 127333 517740 676037 resp 680129 1000 pmu 1020227 1027890 8312983 14286788 1320063733
1790953393.863740 W 147 lat 796 4999 12407 0 exe 256740 584925 688925 resp 696518 1000 pmu 1030509 1024053 8426456 15846864 1474787826
1790953394.811680 W 148 lat 296 2851 10851 0 exe 53037 396833 670888 resp 676944 882 pmu 996467 955916 8077786 16988980 1039275697
1790953395.855440 W 149 lat 888 5129 11129 0 exe 117203 582240 699666 resp 704685 1000 pmu 1023307 1027036 8324067 14821358 1467668850
1790953396.795385 W 150 lat 296 2166 9814 0 exe 87629 303111 633129 resp 640129 994 pmu 985559 966046 7982446 16367283 813499245
1790953397.843876 W 151 lat 296 4518 14074 0 exe 81074 498259 697444 resp 704222 977 pmu 1011361 1008966 8241609 14143953 1266254131
1790953398.779900 W 152 lat 1148 5740 11259 0 exe 128203 563444 685925 resp 690407 1000 pmu 1028040 1025173 8388980 15762010 1428477189
1790953399.835728 W 153 lat 333 4277 9796 0 exe 100796 498888 668462 resp 673907 1000 pmu 1019029 1021200 8290648 16193164 1273863963
1790953400.779786 W 154 lat 296 4166 9148 0 exe 24111 501462 687888 resp 694314 955 pmu 1005583 985507 8166890 15544876 1278559325
1790953401.831691 W 155 lat 296 2703 9277 0 exe 81777 360407 699203 resp 703648 984 pmu 989171 974843 8020010 15369526 942948414
1790953402.783712 W 156 lat 296 3851 10185 0 exe 81722 448888 649518 resp 654574 975 pmu 1009120 1006161 8222007 15049109 1159926528
1790953403.839713 W 157 lat 1055 5518 12037 0 exe 235870 559111 683444 resp 689796 1000 pmu 1024925 1027275 8361842 15007702 1416144879
1790953404.783741 W 158 lat 833 4722 10203 0 exe 115240 526055 674074 resp 678370 1000 pmu 1024222 1027140 8328574 16696836 1336889943
1790953405.839747 W 159 lat 296 3537 18314 0 exe 21037 439925 647833 resp 652518 929 pmu 994303 965382 8083383 15809919 1136497248
1790953406.791772 W 160 lat 296 3425 10333 0 exe 70574 418259 677314 resp 682111 987 pmu 1000039 988489 8117082 14679974 1084947533
1790953407.847767 W 161 lat 296 3611 11351 0 exe 88999 426777 676629 resp 683907 959 pmu 1003114 997531 8159823 15074074 1102005712
1790953408.791714 W 162 lat 333 5111 11222 0 exe 103722 543185 700499 resp 706425 1000 pmu 1018546 1025238 8299834 15220516 1376482938
1790953409.835812 W 163 lat 2222 5259 12370 0 exe 272444 553185 685925 resp 690925 1000 pmu 1027434 1025313 8380907 16115013 1401254909
1790953410.787311 W 164 lat 296 2981 11129 0 exe 12833 297999 683648 resp 690185 529 pmu 914044 545688 7392131 16872817 757696446
1790953411.827309 W 165 lat 296 296 333 0 exe 12870 13240 13796 resp 14092 0 pmu 786780 81 6350030 14255051 38273457
1790953412.771639 W 166 lat 296 1277 8074 0 exe 12777 133777 590925 resp 593666 435 pmu 869712 454046 7047967 6034828 510495941
1790953413.811575 W 167 lat 314 2518 7148 0 exe 95796 281944 577092 resp 580685 994 pmu 971946 972384 7880825 12466659 1084524219
1790953414.855571 W 168 lat 314 2351 6759 0 exe 91537 275333 579611 resp 582907 990 pmu 964883 962978 7823401 13490171 1084008244
1790953415.803558 W 169 lat 333 2499 6888 0 exe 87777 289481 600518 resp 603296 989 pmu 961784 955962 7798637 13456623 1107326329
1790953416.839531 W 170 lat 333 2518 8777 0 exe 95555 285518 613259 resp 619425 990 pmu 968248 966845 7845919 13716757 1103467332
1790953417.779604 W 171 lat 314 2574 7425 0 exe 90796 286981 610833 resp 614777 983 pmu 959959 956343 7785281 13889664 1097844559
1790953418.827590 W 172 lat 314 2444 7111 0 exe 91722 276129 615759 resp 620833 991 pmu 962826 959562 7812486 13831315 1089536866
1790953419.767564 W 173 lat 314 2611 7851 0 exe 92203 287851 596388 resp 603277 991 pmu 970851 969715 7872313 13834171 1096051690
1790953420.819683 W 174 lat 296 2351 7907 0 exe 92685 266407 580907 resp 585425 985 pmu 964106 961007 7816946 13715054 1078834860
1790953421.867760 W 175 lat 296 2425 7296 0 exe 88259 275444 595740 resp 599481 985 pmu 958455 955606 7767912 13442498 1090531444
1790953422.815603 W 176 lat 314 2592 7962 0 exe 82777 297240 583703 resp 586962 987 pmu 959335 956531 7776666 13607408 1123316744
1790953423.863779 W 177 lat 314 2444 6759 0 exe 94444 280444 597296 resp 601370 987 pmu 960962 957500 7785991 13570574 1091593729
1790953424.799682 W 178 lat 314 2444 7296 0 exe 92555 273240 623925 resp 630370 983 pmu 964665 964057 7822914 13678034 1089455650
1790953425.843549 W 179 lat 333 2574 9092 0 exe 90999 290074 616296 resp 622925 991 pmu 967939 968573 7850618 13913346 1110468930
1790953426.779604 W 180 lat 314 2351 6666 0 exe 89240 266370 580648 resp 585407 988 pmu 956803 954516 7752396 13924124 1082568316
1790953427.823875 W 181 lat 296 2259 7092 0 exe 88314 261240 577777 resp 582722 984 pmu 959998 955626 7784536 13417544 1079574945
1790953428.867589 W 182 lat 314 2481 6870 0 exe 90037 272055 614092 resp 619296 991 pmu 960218 958348 7787748 13361279 1085266055
1790953429.807553 W 183 lat 314 2425 8018 0 exe 91407 277240 589833 resp 593055 986 pmu 960569 958334 7775463 13788260 1090921194
1790953430.851772 W 184 lat 314 2518 8518 0 exe 92055 277740 591574 resp 594777 990 pmu 962617 959222 7800477 13574042 1077099101
1790953431.791578 W 185 lat 314 2462 7944 0 exe 93666 271925 595888 resp 600092 992 pmu 965205 964649 7825831 13600094 1078155749
1790953432.831489 W 186 lat 314 2370 7444 0 exe 89370 273833 600777 resp 604962 990 pmu 963376 961127 7807918 13624049 1091757186
1790953433.771583 W 187 lat 296 2481 7166 0 exe 92555 273166 583277 resp 587499 983 pmu 961770 959202 7798523 13658002 1082445742
1790953434.811588 W 188 lat 333 2499 7777 0 exe 90574 276296 579037 resp 583555 989 pmu 963749 960718 7810703 13494925 1079676158
1790953435.855569 W 189 lat 314 2481 8259 0 exe 87962 290703 595240 resp 599240 990 pmu 961949 959385 7791066 13463212 1123047805
1790953436.795543 W 190 lat 314 2537 9259 0 exe 91925 279444 604203 resp 608055 992 pmu 961369 957731 7795569 13683541 1096160795
1790953437.847499 W 191 lat 333 2611 7833 0 exe 87074 286462 589759 resp 593074 984 pmu 966915 965090 7835548 13741343 1099019017
1790953438.787546 W 192 lat 314 2277 7648 0 exe 87092 260870 598999 resp 602444 984 pmu 964154 961290 7823166 13598372 1074199806
1790953439.831551 W 193 lat 314 2555 9796 0 exe 92962 276740 609685 resp 612907 990 pmu 962993 959770 7804166 13560848 1083144127
1790953440.767584 W 194 lat 314 2537 8018 0 exe 88870 286611 601074 resp 603370 987 pmu 962046 958817 7794417 13787458 1109871291
1790953441.819567 W 195 lat 314 2499 6814 0 exe 94425 280481 589870 resp 593833 987 pmu 962551 961270 7806049 13716543 1085708509
1790953442.859308 W 196 lat 296 1444 7796 0 exe 12888 158351 557796 resp 560722 562 pmu 885113 564886 7146836 13602494 633259408
1790953443.799303 W 197 lat 296 296 537 0 exe 12833 13999 71629 resp 71999 0 pmu 789947 8503 6375343 12256129 39597409
1790953444.847321 W 198 lat 296 296 1222 0 exe 12833 21129 182999 resp 183314 6 pmu 789754 84887 6371673 6617291 58865783
1790953445.795311 W 199 lat 296 296 555 0 exe 13074 14777 20629 resp 20944 0 pmu 783636 14053 6315230 7769799 40260238
1790953446.843316 W 200 lat 296 296 777 0 exe 13055 15351 93722 resp 94148 0 pmu 785487 22614 6332512 6112010 41943565
1790953447.791307 W 201 lat 296 296 537 0 exe 13037 14240 24499 resp 24814 0 pmu 782010 9838 6302144 6847255 39452794
1790953448.855313 W 202 lat 296 296 666 0 exe 13018 17037 102425 resp 102888 1 pmu 785464 41719 6334080 6147540 48484243
1790953449.815305 W 203 lat 296 296 499 0 exe 13037 14185 19518 resp 19833 0 pmu 782197 9065 6299161 6942155 39161227
1790953450.867314 W 204 lat 296 296 555 0 exe 13074 15851 107314 resp 107685 1 pmu 785569 27856 6329529 6097385 44111956
1790953451.819302 W 205 lat 296 296 425 0 exe 13018 14018 19296 resp 19592 0 pmu 783294 7012 6309146 6984582 38385342
1790953452.779314 W 206 lat 296 296 555 0 exe 13129 15740 101888 resp 102333 1 pmu 785158 27107 6328640 6093662 43765568
1790953453.839311 W 207 lat 296 296 574 0 exe 13074 15351 84111 resp 84592 0 pmu 783724 22768 6317329 6930332 42867912
1790953454.791313 W 208 lat 296 296 592 0 exe 13092 15685 101037 resp 101629 1 pmu 785597 26212 6330828 6750625 43697895
1790953455.855301 W 209 lat 296 296 462 0 exe 13111 13962 18611 resp 18907 0 pmu 783709 6356 6314965 6922298 38065351
1790953456.811312 W 210 lat 296 296 574 0 exe 13018 15648 92703 resp 93055 0 pmu 785802 25808 6332715 6087273 43212266
1790953457.767302 W 211 lat 296 296 407 0 exe 13074 13962 18351 resp 18648 0 pmu 785038 6248 6325534 6836976 37535132
1790953458.831314 W 212 lat 296 296 740 0 exe 13074 16833 100777 resp 101148 1 pmu 785576 39565 6331635 6084250 46839323
1790953459.779300 W 213 lat 296 296 407 0 exe 13092 13870 18296 resp 18592 0 pmu 785604 5295 6328766 6924986 37320717
1790953460.835313 W 214 lat 296 296 537 0 exe 13055 15574 88907 resp 89222 0 pmu 785162 25330 6327350 6083367 43028601
1790953461.795304 W 215 lat 296 296 537 0 exe 12999 14037 18037 resp 18333 0 pmu 783944 7297 6318545 6798486 38448987
1790953462.855316 W 216 lat 296 296 537 0 exe 13018 15555 98166 resp 98592 0 pmu 786276 24590 6336593 6081889 42942062
1790953463.791313 W 217 lat 296 296 685 0 exe 13111 15370 89629 resp 89962 0 pmu 785223 22789 6328284 6891468 42620141
1790953464.831314 W 218 lat 296 296 870 0 exe 13018 15444 91518 resp 92388 0 pmu 785881 23417 6332989 6805840 42546487
1790953465.767322 W 219 lat 296 296 518 0 exe 12962 13962 19333 resp 19629 0 pmu 784162 6517 6314669 6828182 37686681
1790953466.807313 W 220 lat 296 296 518 0 exe 12999 15555 103685 resp 104203 1 pmu 786529 24847 6334190 6094125 42549071
1790953467.847304 W 221 lat 296 296 444 0 exe 13037 13833 19222 resp 19518 0 pmu 784618 5040 6319565 6946843 37551136
1790953468.783315 W 222 lat 296 296 648 0 exe 13037 16944 94740 resp 95055 0 pmu 787241 40738 6345046 6092249 47667888
1790953469.823304 W 223 lat 296 296 518 0 exe 13037 14055 18351 resp 18666 0 pmu 782107 7564 6300796 6864222 38458968
1790953470.863314 W 224 lat 296 296 611 0 exe 12907 15685 101314 resp 101777 1 pmu 784948 26036 6330678 6085164 43463218
1790953471.807325 W 225 lat 296 296 462 0 exe 13018 14166 18740 resp 19055 0 pmu 782819 8883 6303726 6923544 39016740
1790953472.867318 W 226 lat 296 296 574 0 exe 13111 15462 100462 resp 100962 1 pmu 786903 23722 6338184 6089151 42614349
1790953473.815314 W 227 lat 296 296 740 0 exe 13037 15444 88074 resp 88425 0 pmu 784225 23713 6318534 6914859 43255084
1790953474.859305 W 228 lat 296 296 592 0 exe 12944 15629 83592 resp 84185 0 pmu 788531 25946 6357091 6790631 42597022
1790953475.795276 W 229 lat 296 296 333 0 exe 12796 13351 16407 resp 16703 0 pmu 789741 848 6371828 6746789 34012924
1790953476.839619 W 230 lat 296 314 1129 0 exe 12833 31796 138759 resp 139222 14 pmu 806668 204974 6529632 6060035 98336353
1790953477.781294 W 231 lat 296 351 685 0 exe 41481 66499 105314 resp 105666 2 pmu 879594 610929 7144335 7381034 219958765
1790953478.835643 W 232 lat 296 333 648 0 exe 31444 68499 98240 resp 98555 0 pmu 886556 635937 7194936 7360793 225331193
1790953479.778179 W 233 lat 296 333 703 0 exe 31703 64111 86129 resp 86537 0 pmu 882896 587719 7167884 7249416 214082462
1790953480.820330 W 234 lat 296 333 648 0 exe 33925 62888 86481 resp 86796 0 pmu 878294 574084 7129895 7108315 210525961
1790953481.854166 W 235 lat 296 333 611 0 exe 34740 64333 99018 resp 99555 0 pmu 877122 589865 7114973 7116075 213659150
1790953482.810132 W 236 lat 296 333 722 0 exe 39499 66166 90666 resp 91074 0 pmu 884221 610718 7174420 7253691 219047204
1790953483.848996 W 237 lat 296 333 666 0 exe 45037 67444 99685 resp 100166 1 pmu 888380 624624 7214302 7202964 223205706
1790953484.796017 W 238 lat 296 333 592 0 exe 29740 56944 84111 resp 84407 0 pmu 863278 508338 7008427 7327328 194729696
1790953485.842366 W 239 lat 296 333 629 0 exe 23981 66277 98740 resp 99055 0 pmu 886148 611274 7196976 7041348 219772759
1790953486.785136 W 240 lat 296 333 592 0 exe 45314 66870 85018 resp 85388 0 pmu 889645 617886 7217547 7205928 221504415
1790953487.847846 W 241 lat 296 333 629 0 exe 18481 58462 99259 resp 99592 0 pmu 864989 522698 7018030 7178261 196984625
1790953488.784563 W 242 lat 296 333 666 0 exe 20759 64296 85055 resp 85555 0 pmu 881831 589937 7157483 7144526 214329116
1790953489.837167 W 243 lat 296 333 648 0 exe 35796 67944 94518 resp 95018 0 pmu 887197 629665 7201976 7044079 224219302
1790953490.775423 W 244 lat 296 333 629 0 exe 36444 62796 85888 resp 86296 0 pmu 875693 573826 7106012 7232063 209949361
1790953491.831897 W 245 lat 296 333 666 0 exe 45314 66462 98370 resp 98685 0 pmu 885936 613825 7192097 7122702 220520651
1790953492.869092 W 246 lat 296 333 648 0 exe 37333 64333 84462 resp 84777 0 pmu 880763 591109 7143062 7309857 214519290
1790953493.800654 W 247 lat 296 333 777 0 exe 27314 64296 103444 resp 104037 2 pmu 877653 589617 7124682 7120171 213901085
1790953494.844061 W 248 lat 296 333 666 0 exe 43740 65944 88351 resp 88666 0 pmu 885130 608026 7183043 7261802 219301187
1790953495.775330 W 249 lat 296 351 685 0 exe 36666 65907 95055 resp 95481 0 pmu 884537 607486 7178643 7199099 219169061
1790953496.824651 W 250 lat 296 333 648 0 exe 37666 64425 87388 resp 87814 0 pmu 879811 591413 7137980 7231571 214261664
1790953497.773560 W 251 lat 296 333 740 0 exe 32166 61740 106240 resp 106685 1 pmu 875386 560406 7103902 7152148 207889950
1790953498.813742 W 252 lat 296 333 629 0 exe 36666 61944 89351 resp 89814 0 pmu 875552 563380 7110377 7300160 207985707
1790953499.867324 W 253 lat 296 333 814 0 exe 42203 67407 111611 resp 111999 4 pmu 888007 622985 7207041 7154456 223221551
1790953500.787334 W 254 lat 296 333 629 0 exe 47407 65166 92259 resp 92574 0 pmu 886708 598663 7200836 7432439 217637584
1790953501.845630 W 255 lat 296 351 629 0 exe 45222 66981 102351 resp 102666 3 pmu 886836 618855 7197355 7252689 221778588
1790953502.792201 W 256 lat 296 333 555 0 exe 28629 60333 84277 resp 84611 0 pmu 870908 545703 7065848 7351879 203222481
1790953503.836110 W 257 lat 296 333 666 0 exe 37925 65611 107148 resp 107629 3 pmu 883333 603889 7165390 7054400 217803880
1790953504.784484 W 258 lat 296 333 611 0 exe 16333 57037 89944 resp 90277 0 pmu 860392 507904 6985220 7357349 193212085
1790953505.824175 W 259 lat 296 333 685 0 exe 19166 65648 97111 resp 97499 0 pmu 882904 604298 7163694 7033372 217595201
1790953506.863314 W 260 lat 296 351 2611 0 exe 12981 53666 156814 resp 157314 43 pmu 861024 453684 6965174 7163152 216144857
1790953507.803306 W 261 lat 296 296 574 0 exe 12833 14185 84814 resp 85351 0 pmu 789754 10509 6368788 7679509 37549021
1790953508.847346 W 262 lat 296 296 1499 0 exe 12888 16611 229611 resp 230425 6 pmu 790888 32845 6375188 6750927 44399423
1790953509.791315 W 263 lat 296 296 518 0 exe 12814 15499 84925 resp 85240 0 pmu 791083 25101 6376604 8217378 41919626
1790953510.831328 W 264 lat 296 296 407 0 exe 12888 13314 15351 resp 15648 0 pmu 789338 284 6357152 6756982 34016097
1790953511.783312 W 265 lat 296 296 407 0 exe 12851 14592 89648 resp 89962 0 pmu 789980 14626 6362269 6050015 37634569
1790953512.831305 W 266 lat 296 296 333 0 exe 12796 13314 14648 resp 14944 0 pmu 788185 301 6347229 6799403 34056427
1790953513.767315 W 267 lat 296 296 444 0 exe 12814 14555 89203 resp 89518 0 pmu 790482 14441 6367221 6042161 37550680
1790953514.807343 W 268 lat 296 296 740 0 exe 12796 14314 74074 resp 74462 0 pmu 790742 11508 6371200 6794609 37157121
1790953515.847319 W 269 lat 296 296 462 0 exe 12814 14518 85574 resp 85925 0 pmu 788981 14147 6354667 6643974 37858301
1790953516.783297 W 270 lat 296 296 425 0 exe 12833 13333 14833 resp 15129 0 pmu 788642 383 6353021 6758626 34101276
1790953517.823337 W 271 lat 296 296 1129 0 exe 12833 14518 86092 resp 86481 0 pmu 789656 14074 6359931 6044675 37495236
1790953518.863314 W 272 lat 296 296 407 0 exe 12796 13333 14666 resp 14962 0 pmu 788272 458 6350132 6767401 34126713
1790953519.803322 W 273 lat 296 296 518 0 exe 12907 15592 93740 resp 94055 0 pmu 790944 26114 6375344 6042828 40884434
1790953520.767337 W 274 lat 296 296 388 0 exe 12870 13351 15351 resp 15648 0 pmu 789019 558 6357065 6846068 34250272
1790953521.811341 W 275 lat 296 296 592 0 exe 12833 14648 103055 resp 103648 1 pmu 790343 15060 6366296 6050006 37800580
1790953522.859299 W 276 lat 296 296 425 0 exe 12870 13333 14555 resp 14851 0 pmu 789828 357 6363193 6935863 34185216
1790953523.799316 W 277 lat 296 296 444 0 exe 12870 14537 85685 resp 86111 0 pmu 790548 14172 6371377 6042195 37568828
1790953524.847315 W 278 lat 296 296 537 0 exe 12796 14296 75314 resp 75740 0 pmu 790079 11517 6366317 6760361 37173957
1790953525.783331 W 279 lat 296 296 555 0 exe 12888 14537 94018 resp 94481 0 pmu 790374 13977 6366780 6655703 37906929
1790953526.823308 W 280 lat 296 296 370 0 exe 12851 13333 14925 resp 15222 0 pmu 788251 414 6347918 6844610 34107312
1790953527.783328 W 281 lat 296 296 870 0 exe 12833 14537 84222 resp 84574 0 pmu 789877 14057 6360549 6045308 37497715
1790953528.839306 W 282 lat 296 296 629 0 exe 12814 13333 14388 resp 14703 0 pmu 788392 477 6349077 6747300 34118222
1790953529.807318 W 283 lat 296 296 592 0 exe 12851 15592 95166 resp 95481 0 pmu 790624 26171 6370280 6041277 40853131
1790953530.847302 W 284 lat 296 296 407 0 exe 12740 13314 14111 resp 14407 0 pmu 789151 285 6357257 6860398 34106344
1790953531.783313 W 285 lat 296 296 648 0 exe 12851 14499 90055 resp 90703 0 pmu 788782 13941 6356322 6036747 37443084
1790953532.823303 W 286 lat 296 296 333 0 exe 12925 13333 14592 resp 14907 0 pmu 788447 432 6350416 6805829 34136212
1790953533.863311 W 287 lat 296 296 518 0 exe 12814 14481 83740 resp 84055 0 pmu 788814 13821 6355708 6042361 37370803
1790953534.799316 W 288 lat 296 296 444 0 exe 12870 14277 76333 resp 76740 0 pmu 789792 11364 6361213 6739984 37108742
1790953535.839315 W 289 lat 296 296 2851 0 exe 12851 14537 88833 resp 89518 0 pmu 789900 13825 6362914 6665490 37895324
1790953536.775335 W 290 lat 296 296 333 0 exe 12851 13333 14203 resp 14499 0 pmu 788728 345 6354696 6805067 34099147
1790953537.847315 W 291 lat 296 296 518 0 exe 12777 14648 86851 resp 87185 0 pmu 790475 15303 6370880 6038041 37942027
1790953538.791308 W 292 lat 296 296 351 0 exe 12870 13999 51222 resp 51537 0 pmu 789289 7884 6360860 6771953 36486024
1790953539.835304 W 293 lat 296 296 592 0 exe 12851 15203 79185 resp 79518 0 pmu 791264 21992 6386410 6411966 39886555
1790953540.771334 W 294 lat 296 296 1962 0 exe 12870 20388 200833 resp 201555 24 pmu 793286 70763 6408159 6698942 64078662
1790953541.811326 W 295 lat 296 296 537 0 exe 12944 22666 100018 resp 100388 1 pmu 774391 111615 6260009 7950291 87659124
1790953542.851371 W 296 lat 296 296 555 0 exe 12962 20481 35259 resp 35555 0 pmu 774266 86179 6254401 6944843 78181819
1790953543.787327 W 297 lat 296 296 666 0 exe 12870 21277 90203 resp 90518 0 pmu 779418 94628 6298358 6286215 78949457
1790953544.827330 W 298 lat 296 296 629 0 exe 12944 19370 69462 resp 69796 0 pmu 778149 71628 6292023 6839863 67516797
1790953545.763329 W 299 lat 296 296 592 0 exe 13240 22703 92851 resp 93203 0 pmu 769654 112006 6222331 6623301 107434237
1790953546.803331 W 300 lat 296 296 592 0 exe 12907 19851 28870 resp 29166 0 pmu 774682 78116 6262961 6874969 85449086
1790953547.843495 W 301 lat 296 296 629 0 exe 12888 20814 81166 resp 81796 0 pmu 774604 88990 6260949 6219061 83739367
1790953548.779320 W 302 lat 296 296 611 0 exe 12851 19722 30037 resp 30351 0 pmu 773979 76463 6255803 6748548 75713941
1790953549.819326 W 303 lat 277 296 629 0 exe 12888 19444 93518 resp 93851 0 pmu 780543 71470 6306403 6229996 65124154
1790953550.859482 W 304 lat 296 296 777 0 exe 13018 20888 43796 resp 44222 0 pmu 772524 90394 6246870 6863594 77167002
1790953551.795366 W 305 lat 296 296 555 0 exe 12944 19425 95499 resp 96037 0 pmu 777791 71877 6283499 6375625 68953552
1790953552.835330 W 306 lat 296 296 611 0 exe 13055 20629 30166 resp 30462 0 pmu 771941 87210 6239618 6884630 85232745
1790953553.775328 W 307 lat 296 296 574 0 exe 12962 20703 103999 resp 104314 1 pmu 774038 87376 6253011 6236605 86574344
1790953554.815330 W 308 lat 296 296 629 0 exe 12999 19333 30555 resp 30870 0 pmu 774729 71715 6261851 6974911 78134768
1790953555.855318 W 309 lat 296 296 1499 0 exe 13092 22074 101222 resp 101555 1 pmu 774957 102744 6264129 6234121 95207368
1790953556.791330 W 310 lat 296 296 518 0 exe 12962 17444 32203 resp 32499 0 pmu 779464 48786 6295258 6959326 63060047
1790953557.831326 W 311 lat 296 296 648 0 exe 12925 20703 96611 resp 97018 0 pmu 777017 87104 6281576 6240251 94349180
1790953558.767332 W 312 lat 296 296 666 0 exe 12925 19574 29907 resp 30222 0 pmu 774592 74713 6258704 6901517 80707618
1790953559.807324 W 313 lat 296 296 592 0 exe 13018 22148 85444 resp 85925 0 pmu 770786 104895 6231178 6228601 98622478
1790953560.847336 W 314 lat 296 296 648 0 exe 12888 19740 86055 resp 86462 0 pmu 776489 75621 6271563 6797692 78064952
1790953561.783328 W 315 lat 296 296 574 0 exe 12907 20944 97999 resp 98314 0 pmu 774865 90155 6265137 6791220 93165184
1790953562.823317 W 316 lat 296 296 555 0 exe 12925 20944 29888 resp 30203 0 pmu 770756 91578 6229302 6915853 88628579
1790953563.863331 W 317 lat 296 296 537 0 exe 12962 20018 89740 resp 90222 0 pmu 775072 79130 6262621 6234717 86416957
1790953564.799330 W 318 lat 296 296 648 0 exe 12888 20592 34240 resp 34537 0 pmu 771111 87424 6232192 6829494 91704100
1790953565.843331 W 319 lat 296 296 592 0 exe 12888 21425 96055 resp 96370 0 pmu 775213 96328 6262733 6276465 82897840
1790953566.779320 W 320 lat 296 296 555 0 exe 12981 19518 33259 resp 33592 0 pmu 772553 74008 6237571 6898827 89980086
1790953567.819326 W 321 lat 296 296 592 0 exe 12888 21018 96925 resp 97277 0 pmu 774022 92013 6258660 6261679 81182343
1790953568.859330 W 322 lat 296 296 574 0 exe 12851 18962 30629 resp 30962 0 pmu 775874 67506 6267585 6905553 69344818
1790953569.795336 W 323 lat 296 296 666 0 exe 13166 21574 80185 resp 80740 0 pmu 772411 97947 6244898 6232086 92658239
1790953570.835311 W 324 lat 296 296 777 0 exe 12962 22333 98518 resp 99222 0 pmu 782375 104981 6321957 6743765 85137277
1790953571.771304 W 325 lat 296 296 499 0 exe 12851 14111 77277 resp 77703 0 pmu 791038 9561 6384901 6931344 36939866
1790953572.823697 W 326 lat 296 555 6333 0 exe 12870 50592 667277 resp 670703 83 pmu 802509 92588 6497433 6674592 130091244
1790953573.863483 W 327 lat 333 1185 5870 0 exe 143296 215333 533703 resp 537814 1000 pmu 1023991 1016067 8360255 12805524 596895244
1790953574.799503 W 328 lat 314 999 3425 0 exe 159759 194277 323999 resp 327240 1000 pmu 1030343 1031479 8413767 12950241 547599300
1790953575.839516 W 329 lat 333 1018 3407 0 exe 135629 194870 255499 resp 256462 1000 pmu 1030172 1031618 8412559 10812662 548281178
1790953576.775508 W 330 lat 314 981 3018 0 exe 174574 194833 254111 resp 254851 1000 pmu 1030190 1031250 8412806 9998568 547124732
1790953577.815528 W 331 lat 333 962 3148 0 exe 130277 193296 234944 resp 235888 1000 pmu 1030345 1031350 8409551 10175728 544038826
1790953578.855507 W 332 lat 333 981 2833 0 exe 172888 194981 263425 resp 265425 1000 pmu 1030123 1030957 8406303 9756669 547496204
1790953579.795478 W 333 lat 314 999 4037 0 exe 149148 193888 249092 resp 251203 1000 pmu 1030162 1031220 8409217 10266835 545585616
1790953580.835482 W 334 lat 314 999 3240 0 exe 150222 193722 255166 resp 257499 1000 pmu 1030226 1031137 8405461 10005775 544709920
1790953581.775507 W 335 lat 314 1166 3925 0 exe 149203 193944 253555 resp 256351 1000 pmu 1030235 1031343 8412592 10068218 545599304
1790953582.815504 W 336 lat 314 1018 3111 0 exe 177574 194555 257518 resp 258388 1000 pmu 1030353 1031240 8413393 10054742 546803413
1790953583.859437 W 337 lat 314 981 3111 0 exe 126407 195148 253629 resp 254870 1000 pmu 1030211 1031237 8409828 10224818 548603708
1790953584.791502 W 338 lat 333 1092 3518 0 exe 177962 194222 233518 resp 234277 1000 pmu 1030260 1030990 8408525 9934629 545808395
1790953585.831506 W 339 lat 333 1037 3277 0 exe 143611 195481 263629 resp 264666 1000 pmu 1030010 1031200 8414771 9987088 549336825
1790953586.767514 W 340 lat 296 999 2759 0 exe 108129 192981 238499 resp 239574 1000 pmu 1028829 1028572 8400533 10122660 542704561
1790953587.807512 W 341 lat 314 1018 2851 0 exe 153388 194240 272796 resp 273981 1000 pmu 1030327 1031245 8416776 9678638 546110458
1790953588.847509 W 342 lat 314 1055 2944 0 exe 178314 195703 251962 resp 253999 1000 pmu 1030263 1031682 8420321 10255442 549501156
1790953589.783515 W 343 lat 333 999 2722 0 exe 134425 194555 253685 resp 254111 1000 pmu 1030192 1031115 8409760 10183857 547068872
1790953590.823500 W 344 lat 314 1018 3148 0 exe 149055 194629 261481 resp 262888 1000 pmu 1030234 1031008 8409160 9966607 546952324
1790953591.867505 W 345 lat 333 1037 3185 0 exe 137351 195259 245425 resp 247981 1000 pmu 1030178 1030544 8405801 10125008 548598293
1790953592.803499 W 346 lat 314 1037 3314 0 exe 178462 196185 257444 resp 258796 1000 pmu 1030185 1031249 8413994 9915265 550405536
1790953593.843503 W 347 lat 314 999 3259 0 exe 131833 195277 257629 resp 258444 1000 pmu 1030155 1031090 8408835 10240287 548893838
1790953594.779490 W 348 lat 314 999 2962 0 exe 177944 195481 256962 resp 258537 1000 pmu 1030170 1031174 8412077 10001259 548885824
1790953595.819520 W 349 lat 314 1018 3407 0 exe 127870 194981 264722 resp 265537 1000 pmu 1030215 1031445 8416632 10228481 548288348
1790953596.859503 W 350 lat 333 999 2944 0 exe 178129 195333 239648 resp 240018 1000 pmu 1030347 1031181 8414909 10051665 548606046
1790953597.799440 W 351 lat 314 1018 3407 0 exe 148314 196611 245944 resp 246462 1000 pmu 1030259 1031063 8409667 10049404 551839604
1790953598.835497 W 352 lat 333 999 2759 0 exe 181018 195537 255370 resp 256185 1000 pmu 1030287 1031006 8409894 9972709 548792241
1790953599.771457 W 353 lat 333 999 3185 0 exe 146481 194999 255314 resp 257277 1000 pmu 1030274 1031097 8409753 10223523 548069792
1790953600.811499 W 354 lat 333 1018 2796 0 exe 144018 195499 255703 resp 256537 1000 pmu 1030207 1031221 8413359 10055515 549089086
1790953601.851518 W 355 lat 333 1018 3351 0 exe 175962 195259 242777 resp 244018 1000 pmu 1030323 1031265 8411052 10041961 548319896
1790953602.791325 W 356 lat 296 962 5092 0 exe 13055 185166 490648 resp 494055 954 pmu 1017919 987673 8276279 10075933 520574635
1790953603.835313 W 357 lat 296 296 333 0 exe 12851 13277 15148 resp 15444 0 pmu 788666 214 6364068 11706011 36862140
1790953604.771581 W 358 lat 296 296 2703 0 exe 12796 18629 199499 resp 200018 21 pmu 793849 49386 6424306 6047267 53691169
1790953605.811582 W 359 lat 296 703 3870 0 exe 97240 127370 172499 resp 173018 999 pmu 952024 951648 7743832 7933520 669145488
1790953606.851377 W 360 lat 296 703 3870 0 exe 98018 127870 171425 resp 172870 997 pmu 956849 955846 7768332 8637541 666576692
1790953607.787389 W 361 lat 296 703 3759 0 exe 98018 125481 159685 resp 160259 998 pmu 941106 939017 7642991 8637950 660655572
1790953608.827439 W 362 lat 296 648 3444 0 exe 97148 125277 161722 resp 162185 997 pmu 941785 939682 7640999 8503561 657775178
1790953609.763990 W 363 lat 296 685 4592 0 exe 98851 126240 161722 resp 162499 999 pmu 950033 948843 7715370 8516298 664498300
1790953610.803610 W 364 lat 296 666 3314 0 exe 98259 125740 177148 resp 178240 996 pmu 944157 942758 7662538 8536925 658798530
1790953611.843769 W 365 lat 296 685 3425 0 exe 98759 125074 184351 resp 185148 997 pmu 942968 941498 7653046 8680979 658900115
1790953612.779370 W 366 lat 296 703 3277 0 exe 95185 124888 189481 resp 190111 993 pmu 943340 941724 7657676 8751248 659775646
1790953613.819435 W 367 lat 296 685 3240 0 exe 99111 125111 153481 resp 154111 997 pmu 946441 944755 7686344 8782343 659559234
1790953614.860011 W 368 lat 296 685 3648 0 exe 99018 126018 173148 resp 173759 998 pmu 953574 952815 7740852 8442681 662110988
1790953615.795547 W 369 lat 296 685 2962 0 exe 97240 126851 176388 resp 176722 999 pmu 957643 957185 7784139 8645398 666599633
1790953616.835383 W 370 lat 296 685 3444 0 exe 97703 126092 153777 resp 155592 995 pmu 947700 946718 7693786 8668515 660253449
1790953617.772158 W 371 lat 296 703 2888 0 exe 99037 124222 153703 resp 155425 999 pmu 941787 940523 7649460 8450658 656422720
1790953618.811603 W 372 lat 296 685 3148 0 exe 92685 124592 163907 resp 165907 984 pmu 945815 944378 7683046 8443842 656931387
1790953619.856010 W 373 lat 296 666 3518 0 exe 95814 124537 157111 resp 157629 996 pmu 949125 947614 7705616 8518703 657719318
1790953620.791580 W 374 lat 296 685 3092 0 exe 98648 125518 164648 resp 165111 998 pmu 948513 947612 7710395 8460510 660633491
1790953621.831959 W 375 lat 296 703 3185 0 exe 98685 125851 172629 resp 172962 997 pmu 952321 951485 7736958 8552478 663697140
1790953622.771492 W 376 lat 296 703 5222 0 exe 100611 126592 155999 resp 157259 1000 pmu 956056 955637 7772701 8634249 665901175
1790953623.811703 W 377 lat 296 666 4277 0 exe 99018 124351 156296 resp 157018 998 pmu 943918 942588 7667909 8496009 659674158
1790953624.851855 W 378 lat 296 703 5555 0 exe 98240 125259 170148 resp 170814 997 pmu 944411 943427 7667930 8472284 657783733
1790953625.787799 W 379 lat 296 666 3351 0 exe 98037 124870 168037 resp 168685 998 pmu 943702 942491 7667858 8617660 657302848
1790953626.835430 W 380 lat 277 703 3518 0 exe 99740 127111 175629 resp 176351 1000 pmu 952914 951672 7742678 8582356 662516944
1790953627.772117 W 381 lat 296 740 5444 0 exe 99777 125962 166796 resp 167555 1000 pmu 957575 956925 7772370 8679229 667251013
1790953628.812114 W 382 lat 296 685 3999 0 exe 99611 125907 157388 resp 157796 1000 pmu 949710 948298 7716359 8595625 661054509
1790953629.851392 W 383 lat 296 685 3611 0 exe 96722 124925 157481 resp 157814 995 pmu 950867 949366 7716629 8491053 667146564
1790953630.787371 W 384 lat 296 685 3333 0 exe 99388 126925 175796 resp 176129 999 pmu 954322 953357 7752863 8470352 666549128
1790953631.827722 W 385 lat 296 685 4518 0 exe 99462 126481 168462 resp 168796 999 pmu 956679 955875 7764930 8675503 667215065
1790953632.763802 W 386 lat 314 722 4037 0 exe 97888 127296 161370 resp 162129 998 pmu 958492 957482 7778428 8606261 665929679
1790953633.803882 W 387 lat 314 685 3240 0 exe 98833 127037 163777 resp 164203 998 pmu 961550 961334 7810565 8531445 671051982
1790953634.843325 W 388 lat 296 722 4759 0 exe 55592 124685 163574 resp 164629 988 pmu 946884 944194 7674955 8552933 653897394
1790953635.779305 W 389 lat 296 296 444 0 exe 12907 14351 80925 resp 81277 0 pmu 789413 12453 6362500 8331028 38249874
1790953636.827684 W 390 lat 296 296 499 0 exe 12851 14611 94296 resp 94722 0 pmu 790384 15269 6384941 6711497 38493863
1790953637.871919 W 391 lat 296 4537 11870 0 exe 66888 493648 697944 resp 703222 975 pmu 1010003 1014129 8240248 6849962 1256967807
1790953638.807956 W 392 lat 592 6074 12240 0 exe 130981 579537 700499 resp 706925 1000 pmu 1029641 1022014 8424812 15654658 1464198045
1790953639.851348 W 393 lat 296 5092 13037 0 exe 69685 498018 697037 resp 704222 905 pmu 1014627 977503 8268072 16446540 1271642646
1790953640.784013 W 394 lat 296 3777 12203 0 exe 57351 411444 706944 resp 714537 679 pmu 985553 896754 8038160 15698739 1058140849
1790953641.823509 W 395 lat 296 4685 12037 0 exe 66796 533481 708296 resp 718370 982 pmu 1010995 1012922 8215422 15295456 1355516437
1790953642.863746 W 396 lat 296 1999 7462 0 exe 68722 292962 620370 resp 623407 940 pmu 988918 957810 8032560 15982373 781828528
1790953643.807667 W 397 lat 388 4962 10555 0 exe 116888 530888 694962 resp 702407 1000 pmu 1018492 1025604 8301861 13838684 1348244564
1790953644.863731 W 398 lat 2351 6092 13018 0 exe 297277 576481 677962 resp 681703 1000 pmu 1031524 1020987 8438981 16067849 1455971363
1790953645.815697 W 399 lat 296 3148 12037 0 exe 65814 367833 659944 resp 666407 742 pmu 988376 924157 8023973 17036494 962475735
1790953646.771812 W 400 lat 666 5444 13296 0 exe 236888 585555 693722 resp 699703 1000 pmu 1024278 1032884 8351189 14640237 1477176430
1790953647.819383 W 401 lat 296 2351 9740 0 exe 63444 332648 642370 resp 645944 956 pmu 990870 962991 8033131 16938970 879919077
1790953648.771564 W 402 lat 296 3907 12407 0 exe 87685 451037 685759 resp 695111 956 pmu 1001673 992534 8156897 14246487 1157191739
1790953649.823783 W 403 lat 1462 5759 13314 0 exe 251870 568351 700722 resp 708481 1000 pmu 1023521 1019347 8369381 15443802 1435004354
1790953650.779375 W 404 lat 296 4814 11851 0 exe 67574 511888 671685 resp 679092 995 pmu 1021509 1011609 8304982 17012332 1302794366
1790953651.819829 W 405 lat 296 3629 9055 0 exe 23666 446333 701518 resp 709962 921 pmu 998172 969813 8117910 15498428 1157962394
1790953652.871410 W 406 lat 296 3666 10629 0 exe 56907 441981 669481 resp 673499 966 pmu 1001037 985848 8127078 15234846 1136917096
1790953653.827594 W 407 lat 296 3203 9999 0 exe 45685 398629 627999 resp 632777 978 pmu 998162 990314 8114891 15044994 1037692374
1790953654.787672 W 408 lat 888 5129 13185 0 exe 253648 546851 685444 resp 691185 1000 pmu 1024670 1030112 8349930 14355736 1388598486
1790953655.843728 W 409 lat 1425 4851 11814 0 exe 269759 537759 664574 resp 670055 1000 pmu 1025282 1030199 8345684 16744274 1364836183
1790953656.783700 W 410 lat 296 4092 10333 0 exe 31888 482611 674796 resp 681777 959 pmu 1003693 986743 8145674 16563861 1243632369
1790953657.827643 W 411 lat 296 4111 11962 0 exe 89666 497092 634388 resp 639555 979 pmu 1007966 1002595 8189210 15191696 1268821285
1790953658.771684 W 412 lat 296 2722 10129 0 exe 99518 367870 656166 resp 663499 999 pmu 994935 983962 8070100 15148086 959933754
1790953659.827821 W 413 lat 611 5129 11259 0 exe 204907 547574 673518 resp 682111 1000 pmu 1024615 1029822 8350392 14763713 1388706468
1790953660.787673 W 414 lat 1222 5092 12129 0 exe 206444 542296 674629 resp 679592 1000 pmu 1025686 1028442 8352958 16388171 1377049425
1790953661.839595 W 415 lat 296 4203 10092 0 exe 85796 505481 657314 resp 662111 986 pmu 1012926 1013880 8224161 16369688 1298052968
1790953662.775454 W 416 lat 296 4296 8740 0 exe 89425 522962 658740 resp 665277 986 pmu 1008219 1006880 8180696 15388994 1325789506
1790953663.831685 W 417 lat 296 2407 8925 0 exe 96240 335129 633592 resp 642388 998 pmu 988509 973179 8026090 15511387 890157764
1790953664.779784 W 418 lat 481 4777 11166 0 exe 126462 522685 655666 resp 662537 1000 pmu 1024281 1031177 8363255 14357521 1334211751
1790953665.839725 W 419 lat 833 5166 12296 0 exe 214722 547981 678203 resp 685851 1000 pmu 1026778 1029055 8375860 15681625 1390815299
1790953666.787796 W 420 lat 370 4351 10259 0 exe 118240 513814 661037 resp 666018 1000 pmu 1017724 1015606 8260118 16487987 1310529936
1790953667.831307 W 421 lat 296 518 8666 0 exe 12870 42351 646574 resp 651722 57 pmu 804304 74474 6468348 15630133 113401334
1790953668.767278 W 422 lat 296 296 407 0 exe 12888 13296 13907 resp 14203 0 pmu 792252 86 6389569 12574286 37392222
1790953669.823604 W 423 lat 296 2333 7611 0 exe 13037 258796 590833 resp 594111 902 pmu 947257 891004 7699484 6038187 1009787665
1790953670.871493 W 424 lat 314 2611 10870 0 exe 90407 298203 583833 resp 587592 994 pmu 962770 959263 7815511 13097661 1124756220
1790953671.831577 W 425 lat 314 2537 8666 0 exe 89055 290796 592092 resp 596092 992 pmu 966208 962584 7831440 13631703 1096108650
1790953672.775637 W 426 lat 314 2555 8314 0 exe 88166 288629 600703 resp 604148 980 pmu 954164 951081 7739157 13660305 1121461683
1790953673.815591 W 427 lat 296 2592 8407 0 exe 92296 289685 608555 resp 613296 989 pmu 959067 954201 7780508 13726600 1110344831
1790953674.767603 W 428 lat 314 2444 7037 0 exe 92722 288555 581888 resp 585981 984 pmu 951151 944497 7709507 13838184 1120708923
1790953675.815553 W 429 lat 314 2777 7629 0 exe 87629 306296 593759 resp 598277 984 pmu 948787 944373 7696342 13557238 1143810757
1790953676.767706 W 430 lat 333 2555 8925 0 exe 89888 293240 572666 resp 576722 992 pmu 962409 957144 7805901 13746325 1110191269
1790953677.819784 W 431 lat 314 2481 7814 0 exe 91870 280462 571388 resp 575259 992 pmu 961621 960275 7798416 13484248 1105925238
1790953678.863556 W 432 lat 333 2537 9370 0 exe 86166 286685 602777 resp 606888 978 pmu 954687 949056 7741918 13410448 1112641403
1790953679.803682 W 433 lat 314 2351 6703 0 exe 85018 277259 592314 resp 596018 985 pmu 962133 959362 7806647 13736428 1104984157
1790953680.859602 W 434 lat 314 2518 8092 0 exe 84648 290499 600999 resp 603555 984 pmu 957720 953139 7761739 13562479 1123233727
1790953681.795481 W 435 lat 314 2481 6888 0 exe 87259 277481 586037 resp 591574 987 pmu 960969 957614 7792569 13715779 1106379548
1790953682.847587 W 436 lat 296 2555 7555 0 exe 94074 291611 582740 resp 585685 989 pmu 960489 955782 7786375 13523026 1118258973
1790953683.783832 W 437 lat 314 2574 8037 0 exe 92462 294685 588666 resp 593129 989 pmu 954068 949286 7742700 13585318 1113639013
1790953684.839623 W 438 lat 296 2592 8222 0 exe 87333 284870 579870 resp 583185 985 pmu 955245 951649 7748953 13661958 1110133711
1790953685.783589 W 439 lat 314 2574 6740 0 exe 90407 290222 594333 resp 597740 987 pmu 953587 948905 7744616 13494495 1099088826
1790953686.839623 W 440 lat 296 2370 10499 0 exe 91851 276444 626444 resp 632555 981 pmu 962354 959488 7803357 13674279 1117615640
1790953687.795648 W 441 lat 314 2555 7092 0 exe 85185 283666 588574 resp 592518 981 pmu 950795 947706 7717932 13964933 1123296725
1790953688.847486 W 442 lat 296 2499 8425 0 exe 86018 285666 584203 resp 589314 990 pmu 958765 954259 7775010 13562259 1121430434
1790953689.787585 W 443 lat 314 2444 7388 0 exe 86148 288981 587462 resp 590444 978 pmu 955575 951143 7745149 13544632 1114660065
1790953690.835576 W 444 lat 296 2518 7629 0 exe 90629 278481 573592 resp 577240 978 pmu 953658 949066 7731828 13578462 1097226134
1790953691.787470 W 445 lat 314 2666 7777 0 exe 95703 301462 593907 resp 598222 996 pmu 966255 963940 7843281 13414676 1123465589
1790953692.835629 W 446 lat 314 2518 7555 0 exe 91870 292685 611277 resp 615518 988 pmu 952211 947243 7719441 13762992 1133478821
1790953693.771540 W 447 lat 314 2537 7777 0 exe 85925 287481 593222 resp 598648 989 pmu 965240 962307 7832577 13871303 1120376589
1790953694.827681 W 448 lat 314 2574 7092 0 exe 87611 294222 594870 resp 598537 985 pmu 950363 946527 7709359 13642270 1123078939
1790953695.775544 W 449 lat 333 2611 8222 0 exe 92925 298611 594851 resp 600740 995 pmu 959594 956602 7787488 13688789 1126086484
1790953696.815658 W 450 lat 333 2629 7425 0 exe 93037 298685 603259 resp 607888 994 pmu 967184 963296 7840965 13754096 1130678618
1790953697.771630 W 451 lat 314 2648 7518 0 exe 89092 300518 611833 resp 616592 983 pmu 952728 949428 7723506 13828968 1136583893
1790953698.815613 W 452 lat 314 2648 7222 0 exe 90518 294944 603037 resp 608537 981 pmu 947413 941637 7686584 13905138 1124240487
1790953699.855308 W 453 lat 296 518 7759 0 exe 12925 43314 536388 resp 541185 98 pmu 808628 117770 6510477 13795975 150414323
1790953700.791277 W 454 lat 296 296 333 0 exe 12851 13259 14092 resp 14407 0 pmu 789163 101 6365896 11471404 36659604
1790953701.831324 W 455 lat 296 296 1092 0 exe 12981 20351 199999 resp 200407 8 pmu 788828 74620 6362644 6036659 58208116
1790953702.767320 W 456 lat 296 296 425 0 exe 13074 14203 21351 resp 21648 0 pmu 784245 8983 6322597 7936295 39790530
1790953703.807331 W 457 lat 296 296 611 0 exe 12981 15685 96851 resp 97296 0 pmu 786429 26342 6340708 6115550 43397626
1790953704.847305 W 458 lat 296 296 425 0 exe 13018 13740 18314 resp 18611 0 pmu 784692 4160 6323733 6879266 36622444
1790953705.783314 W 459 lat 296 296 611 0 exe 12944 15370 93296 resp 93685 0 pmu 784817 22541 6326985 6082519 42101035
1790953706.823325 W 460 lat 296 296 574 0 exe 12999 15166 98962 resp 99296 0 pmu 783451 20677 6317668 6841554 42248033
1790953707.863329 W 461 lat 296 296 648 0 exe 12999 15462 96351 resp 96703 0 pmu 783989 23998 6319732 6897175 43298738
1790953708.799314 W 462 lat 296 296 425 0 exe 13018 13814 18555 resp 18870 0 pmu 784486 4917 6317850 6873081 37260408
1790953709.839328 W 463 lat 296 296 574 0 exe 12999 15462 98907 resp 99203 0 pmu 785744 23811 6331117 6085370 42564076
1790953710.775312 W 464 lat 296 296 425 0 exe 13018 13722 18907 resp 19203 0 pmu 785524 3988 6326881 6897830 36472379
1790953711.815334 W 465 lat 296 296 777 0 exe 13074 16703 99796 resp 100092 1 pmu 786010 38103 6337434 6088424 46677508
1790953712.855313 W 466 lat 296 296 444 0 exe 13111 14018 19111 resp 19407 0 pmu 782952 7229 6308085 6914339 38612137
1790953713.791314 W 467 lat 296 296 888 0 exe 12981 15685 106296 resp 106629 1 pmu 784774 26204 6327443 6092356 43476437
1790953714.831299 W 468 lat 296 296 444 0 exe 13018 13777 18537 resp 18833 0 pmu 784929 4458 6320323 6974642 36796548
1790953715.767327 W 469 lat 296 296 574 0 exe 12944 15518 96981 resp 97296 0 pmu 786296 24635 6334498 6085183 42202782
1790953716.807312 W 470 lat 296 296 592 0 exe 12907 15074 76722 resp 77296 0 pmu 783825 19789 6313608 6878724 41776749
1790953717.847330 W 471 lat 296 296 537 0 exe 13074 15703 90425 resp 90777 0 pmu 784364 26477 6323271 6675246 44096856
1790953718.783298 W 472 lat 296 296 555 0 exe 12925 13759 18129 resp 18425 0 pmu 785165 4310 6324441 6814806 36787311
1790953719.823332 W 473 lat 296 296 740 0 exe 12925 15333 96444 resp 96851 0 pmu 786331 22501 6336128 6080968 41647945
1790953720.863317 W 474 lat 296 296 370 0 exe 13037 13777 19240 resp 19537 0 pmu 786362 4385 6333124 6873531 36746881
1790953721.799333 W 475 lat 296 296 777 0 exe 12999 16740 93574 resp 93888 0 pmu 787451 38611 6346876 6091952 46792704
1790953722.839309 W 476 lat 296 296 425 0 exe 13018 13907 19166 resp 19481 0 pmu 784325 5921 6317953 6852178 37454891
1790953723.775336 W 477 lat 296 296 629 0 exe 12981 15666 104833 resp 105462 1 pmu 785106 26158 6330180 6092059 43265804
1790953724.815306 W 478 lat 296 296 425 0 exe 12962 13888 18592 resp 18888 0 pmu 782940 5775 6304541 6959900 37533232
1790953725.855312 W 479 lat 296 296 481 0 exe 13055 15425 113148 resp 113574 1 pmu 784513 23322 6323642 6085821 42271080
1790953726.791312 W 480 lat 296 296 499 0 exe 13129 15518 87037 resp 87351 0 pmu 782526 24800 6300260 7040421 44133439
1790953727.831328 W 481 lat 296 296 574 0 exe 13018 15222 96907 resp 97277 0 pmu 785887 20736 6332582 6779567 41912076
1790953728.767312 W 482 lat 296 296 425 0 exe 12962 13999 33518 resp 33907 0 pmu 785182 7088 6325002 6877207 37291940
1790953729.807317 W 483 lat 296 296 592 0 exe 13018 14685 93740 resp 94074 0 pmu 785548 14855 6340160 6236080 40239157
1790953730.847316 W 484 lat 296 296 518 0 exe 12981 14648 79796 resp 80092 0 pmu 784975 14606 6315827 6842520 39732638
1790953731.783334 W 485 lat 296 296 444 0 exe 12888 15222 74333 resp 74777 0 pmu 791029 21954 6389569 6702297 40726599
1790953732.823278 W 486 lat 296 296 537 0 exe 12907 14388 91888 resp 92296 0 pmu 791391 12739 6376950 6650527 37083208
1790953733.779833 W 487 lat 296 333 1203 0 exe 13018 54129 128722 resp 129037 26 pmu 843145 458989 6840344 6822309 178676542
1790953734.827659 W 488 lat 296 333 611 0 exe 26092 66037 110018 resp 110351 1 pmu 883797 609166 7170951 7392999 219302560
1790953735.769127 W 489 lat 296 333 629 0 exe 22333 61907 91740 resp 92055 0 pmu 877321 561257 7122982 7327933 207864819
1790953736.817145 W 490 lat 296 351 722 0 exe 24203 63407 106703 resp 107129 7 pmu 879220 578140 7134724 7105759 212004484
1790953737.869380 W 491 lat 296 333 648 0 exe 29092 54351 81666 resp 81999 0 pmu 860428 478380 6979996 7273212 188062088
1790953738.819713 W 492 lat 296 351 666 0 exe 19314 67444 98203 resp 98537 0 pmu 889573 624621 7225125 7001151 223057193
1790953739.852104 W 493 lat 296 351 740 0 exe 35444 66222 83166 resp 83499 0 pmu 889645 610792 7221842 7183246 220421054
1790953740.809455 W 494 lat 296 333 648 0 exe 27277 64314 95314 resp 95685 0 pmu 882627 589332 7163802 7107725 214591804
1790953741.843660 W 495 lat 296 333 592 0 exe 35481 63425 94388 resp 94796 0 pmu 879536 578989 7141379 7178626 212207411
1790953742.788221 W 496 lat 296 351 611 0 exe 26629 66592 97481 resp 97814 0 pmu 886955 613724 7201969 7205917 220674428
1790953743.845027 W 497 lat 296 333 666 0 exe 32648 65574 84018 resp 84648 0 pmu 887618 603104 7206195 7208186 217947303
1790953744.764504 W 498 lat 296 351 629 0 exe 44592 67925 98407 resp 98833 0 pmu 890561 629254 7226984 7100136 224547223
1790953745.823460 W 499 lat 296 351 666 0 exe 29907 66333 86314 resp 86722 0 pmu 888450 611897 7208242 7314405 220253700
1790953746.866219 W 500 lat 296 351 999 0 exe 37981 66611 105037 resp 105611 2 pmu 890188 613928 7234442 7112128 221842414
1790953747.811983 W 501 lat 296 333 629 0 exe 32925 64388 85129 resp 85537 0 pmu 880565 590772 7149320 7343533 214573054
1790953748.840947 W 502 lat 296 333 611 0 exe 30462 64111 107444 resp 107759 1 pmu 884757 586819 7179656 7105420 215091267
1790953749.786745 W 503 lat 296 333 666 0 exe 27907 63425 85703 resp 86148 0 pmu 881028 579760 7156824 7314355 212237369
1790953750.820213 W 504 lat 296 333 629 0 exe 37851 65277 98055 resp 98499 0 pmu 883488 600856 7176893 7081669 217622604
1790953751.869729 W 505 lat 296 351 592 0 exe 36518 67629 88055 resp 88388 0 pmu 892458 625943 7248741 7264010 224251943
1790953752.806026 W 506 lat 296 333 648 0 exe 38481 64722 105092 resp 105481 1 pmu 882982 594119 7169231 7168341 215894798
1790953753.855563 W 507 lat 296 351 777 0 exe 44499 67759 86240 resp 86611 0 pmu 887957 628181 7208743 7334489 224033564
1790953754.792808 W 508 lat 296 351 629 0 exe 32648 64999 104055 resp 104555 4 pmu 883397 596494 7173541 7192033 216719512
1790953755.847979 W 509 lat 296 333 629 0 exe 28018 64018 86833 resp 87166 0 pmu 880817 585822 7153795 7297015 213626920
1790953756.787139 W 510 lat 296 333 703 0 exe 26499 66259 97999 resp 98314 0 pmu 887000 610601 7202552 7095678 220378253
1790953757.842654 W 511 lat 296 333 629 0 exe 36351 65833 91370 resp 91870 0 pmu 886158 606319 7193899 7211206 218989107
1790953758.783494 W 512 lat 296 351 666 0 exe 34759 61703 97796 resp 98222 0 pmu 882831 560076 7167686 7192613 209437224
1790953759.827059 W 513 lat 296 351 555 0 exe 42351 68074 86018 resp 86518 0 pmu 893791 631223 7258874 7228287 225406096
1790953760.872112 W 514 lat 296 333 611 0 exe 24944 61814 108833 resp 109148 5 pmu 874141 560534 7097719 7180067 207747317
1790953761.799329 W 515 lat 296 351 555 0 exe 33925 65851 82833 resp 83166 0 pmu 888639 607350 7214669 7289134 219406833
1790953762.844537 W 516 lat 296 333 592 0 exe 28962 59259 97277 resp 97759 0 pmu 870197 532098 7055833 7094141 200930232
1790953763.783335 W 517 lat 296 314 3055 0 exe 12833 29314 153407 resp 154425 38 pmu 815836 172640 6580024 7181808 119784257
1790953764.823305 W 518 lat 296 296 518 0 exe 12833 14222 86148 resp 86574 0 pmu 790307 10894 6378399 7527480 37541779
1790953765.763346 W 519 lat 296 296 944 0 exe 12740 16222 128518 resp 129462 6 pmu 790273 30177 6370042 6763632 43506959
1790953766.827316 W 520 lat 296 296 388 0 exe 12925 14462 89814 resp 90148 0 pmu 790108 12943 6365614 7201592 38035167
1790953767.779313 W 521 lat 296 296 518 0 exe 12833 14314 80796 resp 81203 0 pmu 790186 11642 6364151 6800620 37294510
1790953768.827350 W 522 lat 296 296 574 0 exe 12925 14555 88555 resp 88999 0 pmu 790014 14180 6361511 6710187 37986100
1790953769.775296 W 523 lat 296 296 370 0 exe 12851 13351 15203 resp 15518 0 pmu 789439 462 6358226 6790035 34172625
1790953770.827317 W 524 lat 296 296 425 0 exe 12833 14462 91629 resp 92018 0 pmu 789524 13043 6361195 6048399 37376432
1790953771.775301 W 525 lat 296 296 333 0 exe 12833 13333 14518 resp 14814 0 pmu 788172 430 6346669 6818875 34117645
1790953772.827352 W 526 lat 296 296 499 0 exe 12981 15333 84555 resp 84870 0 pmu 790755 23027 6372957 6041133 40181345
1790953773.767302 W 527 lat 296 296 333 0 exe 12851 13388 15240 resp 15537 0 pmu 788380 856 6351160 6753250 34262669
1790953774.811373 W 528 lat 296 296 518 0 exe 12851 14444 83888 resp 84296 0 pmu 789350 12906 6359417 6048706 37283500
1790953775.851342 W 529 lat 296 296 351 0 exe 12888 13351 14296 resp 14629 0 pmu 788970 488 6353811 6741981 34105859
1790953776.787316 W 530 lat 296 296 555 0 exe 12796 14462 97629 resp 98018 0 pmu 789538 13115 6359730 6039524 37321499
1790953777.835313 W 531 lat 296 296 537 0 exe 12870 14259 74407 resp 74722 0 pmu 788353 11096 6348618 6879428 37125417
1790953778.783312 W 532 lat 296 296 518 0 exe 12814 14518 88703 resp 89222 0 pmu 789272 13707 6357915 6646116 37866722
1790953779.843300 W 533 lat 296 296 370 0 exe 12833 13314 15129 resp 15425 0 pmu 787748 407 6344072 6790986 34033594
1790953780.791321 W 534 lat 296 296 1185 0 exe 12925 14499 93555 resp 94092 0 pmu 789165 13115 6357644 6047334 37443338
1790953781.847324 W 535 lat 296 296 425 0 exe 12944 13444 15777 resp 16092 0 pmu 789302 1215 6359296 6843434 34371277
1790953782.791317 W 536 lat 296 296 1481 0 exe 12833 15388 92462 resp 92981 0 pmu 791090 22871 6376284 6055474 40128060
1790953783.831302 W 537 lat 296 296 351 0 exe 12888 13370 15814 resp 16111 0 pmu 789761 700 6358640 6837732 34237737
1790953784.771319 W 538 lat 296 296 481 0 exe 12907 14518 89814 resp 90296 0 pmu 789083 13607 6356554 6054693 37462231
1790953785.811308 W 539 lat 296 296 351 0 exe 12833 13370 15166 resp 15462 0 pmu 788557 632 6352147 6802133 34226270
1790953786.851363 W 540 lat 296 296 499 0 exe 12907 14499 95185 resp 95685 0 pmu 790156 13249 6363785 6047870 37401620
1790953787.787320 W 541 lat 296 296 444 0 exe 12851 14277 76333 resp 76759 0 pmu 788288 11125 6347716 6855979 37177613
1790953788.827314 W 542 lat 296 296 962 0 exe 12814 14462 93518 resp 93870 0 pmu 788775 12869 6352173 6665594 37656278
1790953789.763300 W 543 lat 296 296 351 0 exe 12870 13351 15425 resp 15722 0 pmu 789215 512 6357175 6840356 34185326
1790953790.803316 W 544 lat 296 296 499 0 exe 12870 14481 90925 resp 91277 0 pmu 790313 13242 6366816 6050544 37416956
1790953791.843305 W 545 lat 296 296 351 0 exe 12851 13333 14407 resp 14722 0 pmu 788738 433 6351468 6812306 34146466
1790953792.779313 W 546 lat 296 296 592 0 exe 12814 15333 88796 resp 89148 0 pmu 789317 23159 6356024 6040264 40202302
1790953793.819301 W 547 lat 296 296 351 0 exe 12888 13333 14388 resp 14703 0 pmu 788557 442 6352633 6795374 34113213
1790953794.859321 W 548 lat 296 296 592 0 exe 12907 14481 88055 resp 88388 0 pmu 788797 13419 6355498 6040313 37453317
1790953795.795306 W 549 lat 296 296 425 0 exe 12907 13907 49314 resp 49648 0 pmu 789414 7228 6364349 6784227 36257772
1790953796.835305 W 550 lat 296 296 537 0 exe 12907 14370 85407 resp 85722 0 pmu 790716 12566 6376681 6393153 37174007
1790953797.771333 W 551 lat 296 314 2444 0 exe 12962 25425 177259 resp 178981 30 pmu 785060 129904 6348187 6756961 96391904
1790953798.811321 W 552 lat 296 296 518 0 exe 12944 18055 82222 resp 82537 0 pmu 783993 56000 6329878 7747775 55905224
1790953799.851325 W 553 lat 296 296 703 0 exe 13018 21333 33685 resp 33981 0 pmu 772316 95475 6244280 6743510 75776552
1790953800.787320 W 554 lat 296 296 611 0 exe 12870 17648 92444 resp 93055 0 pmu 783568 50179 6323497 6275758 54472858
1790953801.827325 W 555 lat 296 296 555 0 exe 12907 22277 36240 resp 36592 0 pmu 769933 107451 6225227 6845340 78732996
1790953802.763318 W 556 lat 296 296 574 0 exe 12907 20944 89888 resp 90407 0 pmu 778924 90188 6289462 6305110 72517946
1790953803.803325 W 557 lat 296 296 592 0 exe 12944 20111 29833 resp 30166 0 pmu 773135 80745 6249462 6835693 75756267
1790953804.843326 W 558 lat 296 296 611 0 exe 12925 17833 81796 resp 82129 0 pmu 781239 52813 6310957 6230425 58437383
1790953805.779325 W 559 lat 296 296 629 0 exe 13111 20999 29925 resp 30259 0 pmu 770742 91753 6230315 6738549 79724090
1790953806.819328 W 560 lat 296 296 611 0 exe 12907 19203 83574 resp 84018 0 pmu 778464 69669 6289875 6236776 68002080
1790953807.859328 W 561 lat 296 314 611 0 exe 13018 23629 81388 resp 81703 0 pmu 769337 123219 6223354 6763678 111975185
1790953808.795328 W 562 lat 296 296 796 0 exe 12814 20851 87333 resp 87851 0 pmu 777867 89786 6284852 6763996 109026705
1790953809.835326 W 563 lat 296 296 666 0 exe 12981 20907 29796 resp 30092 0 pmu 770303 90771 6224503 6810518 85289439
1790953810.771326 W 564 lat 296 296 796 0 exe 12907 18888 84425 resp 84870 0 pmu 778500 65635 6287023 6234261 66327756
1790953811.811319 W 565 lat 296 296 648 0 exe 12907 19129 28629 resp 28944 0 pmu 773657 69013 6250360 6771627 71798795
1790953812.855328 W 566 lat 296 296 592 0 exe 13037 21296 87814 resp 88148 0 pmu 776362 94145 6274854 6213561 78607973
1790953813.791334 W 567 lat 296 296 574 0 exe 12796 18092 28574 resp 28907 0 pmu 777544 56841 6278482 6816646 64294254
1790953814.831329 W 568 lat 296 296 592 0 exe 13129 22444 94907 resp 95222 0 pmu 772571 108393 6246460 6206964 91337734
1790953815.767356 W 569 lat 296 296 592 0 exe 12925 18148 31277 resp 31574 0 pmu 778107 57414 6284660 6893624 65091670
1790953816.807338 W 570 lat 296 296 814 0 exe 13129 22481 104055 resp 104370 1 pmu 771390 108356 6237042 6234733 89242815
1790953817.847327 W 571 lat 296 296 777 0 exe 12888 19074 75185 resp 75574 0 pmu 779206 68190 6293428 6986302 68399191
1790953818.783326 W 572 lat 296 314 722 0 exe 13037 22240 95111 resp 95833 0 pmu 772438 105723 6245237 6679733 87910458
1790953819.823450 W 573 lat 296 296 592 0 exe 12962 17555 29018 resp 29333 0 pmu 779810 50494 6299290 6896938 59704684
1790953820.863327 W 574 lat 296 296 777 0 exe 13055 21111 107648 resp 107999 1 pmu 772599 91693 6239823 6209474 81499333
1790953821.799327 W 575 lat 296 296 444 0 exe 12925 18407 31203 resp 31592 0 pmu 777634 60602 6278566 7015232 86370544
1790953822.839353 W 576 lat 296 296 759 0 exe 12981 21833 103722 resp 104222 1 pmu 776315 100738 6275339 6234960 90553216
1790953823.775331 W 577 lat 296 296 574 0 exe 12925 18888 30148 resp 30648 0 pmu 774732 66323 6260588 6979781 68296897
1790953824.815324 W 578 lat 277 296 685 0 exe 13074 21481 92999 resp 93388 0 pmu 774539 96531 6261124 6228171 79715125
1790953825.855338 W 579 lat 296 296 537 0 exe 12944 18425 31074 resp 31388 0 pmu 776236 60398 6272479 6870251 66373759
1790953826.791329 W 580 lat 296 296 648 0 exe 12962 20888 83462 resp 83925 0 pmu 774246 89686 6263780 6234094 77791899
1790953827.835307 W 581 lat 296 296 925 0 exe 12851 18370 147203 resp 147759 6 pmu 789283 57506 6371891 6771644 56966276
1790953828.775303 W 582 lat 296 296 833 0 exe 12833 14407 83888 resp 84203 0 pmu 791154 12597 6379481 7397884 37888821
1790953829.819466 W 583 lat 296 777 6129 0 exe 12833 126870 641351 resp 645370 561 pmu 918837 587823 7476426 6744623 349864830
1790953830.859487 W 584 lat 314 925 8759 0 exe 135685 185555 245129 resp 245944 1000 pmu 1029287 1029647 8391942 12930774 527026531
1790953831.795468 W 585 lat 296 888 3111 0 exe 106999 182037 234648 resp 235907 1000 pmu 1028302 1027800 8382230 9874182 515973452
1790953832.835475 W 586 lat 314 925 2981 0 exe 144629 182944 246314 resp 247148 1000 pmu 1029575 1029872 8393838 9581825 518906759
1790953833.771465 W 587 lat 314 888 2574 0 exe 159481 179185 241944 resp 243037 1000 pmu 1029413 1029920 8395163 9888822 509765512
1790953834.811493 W 588 lat 333 888 2703 0 exe 144907 179148 242018 resp 242722 1000 pmu 1029347 1029267 8385635 9899594 509862451
1790953835.851484 W 589 lat 314 907 2888 0 exe 160703 182259 237796 resp 238666 1000 pmu 1029339 1029830 8394322 9826112 516939002
1790953836.791485 W 590 lat 314 907 2925 0 exe 153333 184648 244388 resp 244999 1000 pmu 1029470 1029938 8395191 9880148 522848774
1790953837.831491 W 591 lat 314 925 2574 0 exe 166648 184666 239444 resp 240481 1000 pmu 1029511 1029983 8396734 9920060 522701910
1790953838.767465 W 592 lat 314 888 2592 0 exe 136259 181222 253333 resp 254388 1000 pmu 1029373 1029457 8386598 9937663 514909864
1790953839.807461 W 593 lat 333 907 3185 0 exe 161203 179370 232185 resp 232685 1000 pmu 1029505 1029508 8390718 9907559 510182608
1790953840.851468 W 594 lat 314 944 3981 0 exe 129981 179759 246870 resp 248537 1000 pmu 1029561 1030377 8401299 9811757 511410387
1790953841.787466 W 595 lat 314 888 2796 0 exe 160962 184055 232055 resp 232888 1000 pmu 1029485 1029698 8393860 9814470 521028619
1790953842.827489 W 596 lat 296 870 2833 0 exe 149444 180111 250870 resp 251666 1000 pmu 1029363 1029811 8393812 9832241 512239999
1790953843.767475 W 597 lat 314 925 3370 0 exe 138222 182129 248962 resp 250703 1000 pmu 1029354 1029849 8393171 9942844 516876161
1790953844.807465 W 598 lat 314 907 3037 0 exe 148074 180037 241851 resp 243018 1000 pmu 1029441 1029823 8394369 9885603 512040150
1790953845.847467 W 599 lat 333 907 2888 0 exe 158092 179444 222870 resp 224092 1000 pmu 1029608 1029751 8393649 9848472 510331322
1790953846.783470 W 600 lat 314 888 2703 0 exe 134444 179777 236537 resp 237444 1000 pmu 1029558 1029980 8394541 9705575 511344301
1790953847.823462 W 601 lat 314 888 3629 0 exe 111796 179777 227944 resp 228425 1000 pmu 1028788 1028779 8381880 9723053 510709953
1790953848.863468 W 602 lat 314 925 3277 0 exe 113666 183703 235203 resp 236055 1000 pmu 1029220 1029438 8401590 9526441 520856990
1790953849.799488 W 603 lat 333 925 2870 0 exe 162055 182537 234185 resp 235203 1000 pmu 1029436 1030190 8400814 9628083 517588454
1790953850.843489 W 604 lat 314 925 2925 0 exe 136481 184592 236333 resp 237592 1000 pmu 1029411 1030087 8397864 9852870 522692466
1790953851.779477 W 605 lat 314 907 2888 0 exe 158833 182592 238870 resp 239777 1000 pmu 1029507 1029969 8397089 9758309 517655830
1790953852.819499 W 606 lat 314 907 3166 0 exe 146277 178907 237611 resp 238592 1000 pmu 1029523 1029889 8393660 9883522 509492951
1790953853.859499 W 607 lat 333 907 3185 0 exe 133333 183518 239148 resp 239814 1000 pmu 1029461 1029700 8391580 9791429 520081101
1790953854.795461 W 608 lat 314 907 3685 0 exe 150555 183814 232722 resp 233685 1000 pmu 1029228 1029525 8389423 9763511 520848209
1790953855.835462 W 609 lat 314 907 2629 0 exe 156425 179370 237037 resp 238111 1000 pmu 1029489 1029905 8393437 9790826 510076450
1790953856.771462 W 610 lat 314 907 3648 0 exe 151203 179074 226203 resp 227092 1000 pmu 1029350 1029616 8394625 9836451 509761521
1790953857.815477 W 611 lat 333 907 3962 0 exe 156981 179018 235129 resp 235703 1000 pmu 1029454 1030045 8400808 9704597 509371179
1790953858.855487 W 612 lat 314 888 3111 0 exe 144074 181518 246981 resp 247648 1000 pmu 1029310 1029521 8390673 9822582 515635686
1790953859.791313 W 613 lat 296 574 3037 0 exe 12944 91518 367981 resp 369296 464 pmu 901891 482571 7289384 9883475 258360040
1790953860.831304 W 614 lat 296 296 462 0 exe 12870 14388 92537 resp 92999 0 pmu 791379 12546 6388462 9987705 39415471
1790953861.775400 W 615 lat 296 462 2944 0 exe 12888 67611 147203 resp 147611 403 pmu 874427 490328 7096335 6829710 317350951
1790953862.815500 W 616 lat 296 685 3666 0 exe 102370 127203 165055 resp 165722 1000 pmu 962460 961223 7799451 7657470 667671700
1790953863.855533 W 617 lat 296 648 3388 0 exe 102296 127629 176518 resp 177055 1000 pmu 971730 971374 7876486 8587582 674271638
1790953864.791369 W 618 lat 296 648 3518 0 exe 98240 126425 162648 resp 163388 997 pmu 963374 962631 7823560 8701855 663693198
1790953865.831785 W 619 lat 296 648 3648 0 exe 100296 126444 154462 resp 154777 1000 pmu 959594 958565 7774447 8538405 667307588
1790953866.767365 W 620 lat 296 629 2981 0 exe 21685 120592 177925 resp 178407 899 pmu 941681 927061 7640073 8465243 615540371
1790953867.807483 W 621 lat 296 666 3537 0 exe 94444 126555 159185 resp 159833 989 pmu 957495 956148 7764696 8275015 667844224
1790953868.847407 W 622 lat 296 703 3722 0 exe 101111 131314 467481 resp 470648 1000 pmu 967633 967062 7851104 8485315 676763615
1790953869.783388 W 623 lat 296 666 3777 0 exe 101981 127629 156240 resp 156666 1000 pmu 965985 965414 7832516 11638881 674744417
1790953870.823609 W 624 lat 296 648 2851 0 exe 101111 127111 163055 resp 163592 1000 pmu 961959 961244 7807192 8498973 667294399
1790953871.863385 W 625 lat 296 629 2907 0 exe 15981 122499 172129 resp 172814 902 pmu 955124 940903 7741505 8555535 629852829
1790953872.804082 W 626 lat 296 666 3388 0 exe 62018 126129 169944 resp 171574 990 pmu 955038 952925 7747461 8198713 659902974
1790953873.843452 W 627 lat 296 685 3648 0 exe 100925 126074 158796 resp 159740 1000 pmu 952854 951645 7728890 8432693 661614598
1790953874.779923 W 628 lat 296 685 3611 0 exe 98259 126870 162962 resp 163629 999 pmu 960779 959728 7798766 8513415 666686489
1790953875.819475 W 629 lat 296 666 3462 0 exe 99611 126074 160111 resp 160555 1000 pmu 952236 951147 7719961 8544344 659402575
1790953876.859399 W 630 lat 296 648 3055 0 exe 19888 124407 159999 resp 160629 941 pmu 951322 942478 7725180 8516191 640425563
1790953877.795404 W 631 lat 296 666 3518 0 exe 59888 125111 157611 resp 158148 952 pmu 955882 950959 7752520 8106912 645609707
1790953878.835442 W 632 lat 296 666 3555 0 exe 99277 126629 172407 resp 173018 1000 pmu 951726 950198 7716205 8288696 658697453
1790953879.771925 W 633 lat 296 685 3425 0 exe 100129 127111 179222 resp 179870 1000 pmu 953987 952685 7741804 8641889 663679224
1790953880.811538 W 634 lat 296 685 3462 0 exe 86537 126018 163740 resp 164370 989 pmu 954434 953282 7749008 8716205 658699699
1790953881.856326 W 635 lat 296 666 2907 0 exe 15796 127240 162074 resp 162685 985 pmu 962253 956768 7803039 8488109 663398273
1790953882.791645 W 636 lat 296 648 3111 0 exe 53074 123055 178240 resp 180722 909 pmu 953113 940373 7737226 8120678 627567526
1790953883.832169 W 637 lat 296 666 3277 0 exe 98981 126629 160537 resp 160981 998 pmu 960453 959475 7792576 8458220 666137250
1790953884.767614 W 638 lat 296 703 3333 0 exe 100407 126425 162499 resp 163092 1000 pmu 955855 954375 7747630 8519542 662835043
1790953885.807564 W 639 lat 296 666 4148 0 exe 101481 126648 155499 resp 156055 1000 pmu 957711 956830 7764704 8546297 665006718
1790953886.847783 W 640 lat 296 666 3629 0 exe 72759 125685 158222 resp 158740 982 pmu 958790 957408 7774698 8486502 664907598
1790953887.783552 W 641 lat 296 648 2611 0 exe 46259 122277 156111 resp 156648 906 pmu 954067 942913 7752349 8362385 629513965
1790953888.823462 W 642 lat 296 666 3777 0 exe 94870 126148 164870 resp 165370 995 pmu 961268 960373 7802282 8186791 671665180
1790953889.863599 W 643 lat 296 648 3111 0 exe 100814 126185 159629 resp 159981 1000 pmu 954115 953495 7740376 8542603 664226846
1790953890.799630 W 644 lat 296 666 3296 0 exe 99481 125648 152518 resp 153129 999 pmu 954381 953553 7743480 8515785 666046228
1790953891.839313 W 645 lat 296 481 3351 0 exe 12962 71314 163388 resp 165296 498 pmu 875666 491579 7072732 8436304 352407299
1790953892.775278 W 646 lat 296 296 351 0 exe 12888 13277 14370 resp 14685 0 pmu 790808 78 6380176 7844976 34505689
1790953893.827614 W 647 lat 296 2629 12462 0 exe 12925 271425 698370 resp 707111 466 pmu 897056 517777 7312792 6041311 685341257
1790953894.863711 W 648 lat 333 4722 13203 0 exe 104999 503962 707685 resp 712944 1000 pmu 1019090 1024138 8299746 14288775 1292723538
1790953895.799833 W 649 lat 2777 6203 14888 0 exe 314759 585407 716962 resp 722888 1000 pmu 1031132 1020008 8428387 16001895 1476350471
1790953896.843612 W 650 lat 296 2925 10944 0 exe 60833 340148 666722 resp 673111 672 pmu 978054 885026 7934525 17581115 891710185
1790953897.779878 W 651 lat 1314 5555 15203 0 exe 276777 587703 717944 resp 724222 1000 pmu 1024736 1020373 8352260 14537469 1483597842
1790953898.823589 W 652 lat 296 2314 10555 0 exe 67962 317111 703129 resp 708333 943 pmu 988763 962295 8017357 17406254 843482896
1790953899.867622 W 653 lat 296 4055 10925 0 exe 98777 474740 664962 resp 670518 998 pmu 1007702 1010977 8208367 14811185 1212995623
1790953900.815739 W 654 lat 1037 5851 11055 0 exe 263648 581277 694592 resp 699722 1000 pmu 1027763 1028538 8402220 15384100 1467588429
1790953901.867418 W 655 lat 296 4925 12425 0 exe 56629 509296 685444 resp 692907 969 pmu 1022192 1007402 8319551 17048547 1297067081
1790953902.819928 W 656 lat 296 3981 11055 0 exe 67796 462574 706555 resp 714629 830 pmu 996651 959137 8115461 15571850 1182624439
1790953903.867453 W 657 lat 296 4240 10925 0 exe 64740 497129 699833 resp 703944 987 pmu 1007038 1006631 8185325 15597171 1271022728
1790953904.803518 W 658 lat 296 2537 9962 0 exe 88981 336462 669925 resp 678740 982 pmu 992199 978342 8054185 15668210 889537099
1790953905.843766 W 659 lat 1666 5259 12944 0 exe 256185 552129 696740 resp 701796 1000 pmu 1023687 1029243 8344552 14697242 1397412801
1790953906.783471 W 660 lat 1444 5518 13240 0 exe 253592 560351 701351 resp 713555 1000 pmu 1028545 1021913 8386956 16896391 1418286836
1790953907.823630 W 661 lat 296 3370 10740 0 exe 23518 423055 646722 resp 650740 938 pmu 993329 968650 8051287 17007770 1089145052
1790953908.867461 W 662 lat 296 4648 11296 0 exe 85796 545481 701629 resp 709111 989 pmu 1011686 1013585 8221221 14554743 1377598271
1790953909.803694 W 663 lat 296 2333 7370 0 exe 83296 319351 632111 resp 638962 894 pmu 987731 968553 8015353 16053713 852610128
1790953910.851948 W 664 lat 592 4851 11759 0 exe 124722 526074 688407 resp 693962 1000 pmu 1022271 1026954 8328274 14181202 1343662197
1790953911.787586 W 665 lat 1574 5703 11388 0 exe 283759 566462 684388 resp 690759 1000 pmu 1029644 1023115 8403867 16014490 1432029711
1790953912.839629 W 666 lat 296 3629 11203 0 exe 24851 444925 638018 resp 645851 944 pmu 996256 976124 8076493 16982731 1144863766
1790953913.779779 W 667 lat 314 4740 10296 0 exe 91240 545537 662055 resp 668425 985 pmu 1021157 1027791 8320118 14606584 1385485027
1790953914.831471 W 668 lat 296 2370 8259 0 exe 58703 320055 633314 resp 641018 928 pmu 978829 959557 7931485 15675441 845767957
1790953915.771779 W 669 lat 314 4740 11851 0 exe 91592 520611 708870 resp 718018 986 pmu 1017649 1020393 8298033 14082819 1324102589
1790953916.811599 W 670 lat 851 4925 10296 0 exe 236555 539870 661555 resp 666074 1000 pmu 1022402 1028827 8317280 16042469 1372194938
1790953917.767693 W 671 lat 907 5592 12759 0 exe 144129 569518 719037 resp 724055 1000 pmu 1027486 1024451 8382094 16363312 1438271918
1790953918.835695 W 672 lat 296 3037 10537 0 exe 33351 369370 671462 resp 675944 866 pmu 984043 947227 7991157 16642285 963887008
1790953919.775445 W 673 lat 296 4203 10314 0 exe 78851 493148 679407 resp 684462 991 pmu 1007736 1008621 8193862 14582729 1259823862
1790953920.831732 W 674 lat 314 3444 8111 0 exe 118222 423314 595944 resp 602259 1000 pmu 1007927 978646 8191290 15516111 1091271284
1790953921.795772 W 675 lat 314 3999 11685 0 exe 96185 464833 701851 resp 710222 996 pmu 1012937 1015909 8243172 14520477 1197470247
1790953922.839889 W 676 lat 2481 6129 12999 0 exe 257055 600148 699129 resp 705555 1000 pmu 1030128 1028205 8406923 15708136 1510819973
1790953923.779311 W 677 lat 296 2055 10833 0 exe 12851 231944 644703 resp 653259 548 pmu 909288 564269 7347708 17178772 606761369
1790953924.819304 W 678 lat 277 296 499 0 exe 12722 14259 83703 resp 84203 0 pmu 790498 11355 6374333 13539447 41279372
1790953925.775563 W 679 lat 296 1185 7296 0 exe 12888 123166 564555 resp 569796 392 pmu 848450 387461 6870568 6740227 462248357
1790953926.815533 W 680 lat 351 2722 8722 0 exe 95629 305814 578277 resp 582166 990 pmu 965560 961051 7833002 12158582 1107545809
1790953927.851563 W 681 lat 296 2666 8351 0 exe 89481 310944 632629 resp 638296 991 pmu 955448 950180 7743978 13630921 1125892738
1790953928.787683 W 682 lat 314 2685 7499 0 exe 90796 300722 591648 resp 595166 994 pmu 959292 953083 7768272 14175952 1103678959
1790953929.827478 W 683 lat 314 2648 8370 0 exe 80555 295444 586611 resp 591037 985 pmu 954125 945170 7731116 13706888 1098434709
1790953930.775591 W 684 lat 333 2685 8203 0 exe 87203 298685 573685 resp 576129 985 pmu 947411 939193 7680439 13587453 1105715375
1790953931.815643 W 685 lat 314 2703 6722 0 exe 90055 311759 595981 resp 601314 991 pmu 953123 944912 7730348 13497334 1120895968
1790953932.867744 W 686 lat 296 2611 7648 0 exe 84592 299925 588296 resp 591944 990 pmu 956129 948916 7748507 13806796 1104682697
1790953933.807621 W 687 lat 314 2796 7018 0 exe 93574 305407 593351 resp 597240 989 pmu 956046 950652 7749696 13639315 1119951850
1790953934.851508 W 688 lat 333 2629 8722 0 exe 91148 297703 581981 resp 586462 988 pmu 958040 949303 7773372 13761205 1091442993
1790953935.795524 W 689 lat 314 2907 8222 0 exe 88611 317833 615629 resp 620222 991 pmu 944293 937093 7649536 13607503 1143665519
1790953936.832399 W 690 lat 296 2703 6999 0 exe 92314 307814 613851 resp 618888 995 pmu 956459 952908 7753039 14031297 1113287750
1790953937.775526 W 691 lat 314 2740 7944 0 exe 86740 297370 592277 resp 597166 982 pmu 950708 944901 7704170 13976933 1100456697
1790953938.823440 W 692 lat 314 2703 7259 0 exe 92759 303351 618314 resp 623351 992 pmu 961919 957574 7804261 13685454 1112260625
1790953939.859648 W 693 lat 314 2592 7666 0 exe 93092 292388 593703 resp 599074 987 pmu 960643 956358 7782786 14002844 1100778570
1790953940.795528 W 694 lat 296 2555 7703 0 exe 87611 301092 601611 resp 606999 983 pmu 953700 949070 7736728 13706828 1116951801
1790953941.839455 W 695 lat 314 2814 7481 0 exe 90370 318055 599592 resp 603944 994 pmu 963798 959410 7812932 13801907 1126111886
1790953942.779602 W 696 lat 314 2777 7518 0 exe 91166 305870 603388 resp 605870 990 pmu 958233 954836 7765049 13875382 1120411608
1790953943.827488 W 697 lat 296 2499 9055 0 exe 90481 287166 576981 resp 580518 986 pmu 948212 941454 7685036 13847114 1092964977
1790953944.867540 W 698 lat 314 2648 9666 0 exe 89851 303388 593388 resp 599148 990 pmu 957099 950767 7756002 13497652 1107158488
1790953945.807563 W 699 lat 314 2666 7018 0 exe 85722 298018 591370 resp 596722 985 pmu 955616 949165 7743586 13754735 1098065159
1790953946.851528 W 700 lat 314 2629 7981 0 exe 89759 300111 585240 resp 588944 984 pmu 955434 946667 7741524 13671877 1110612376
1790953947.783604 W 701 lat 314 2814 7444 0 exe 90333 313481 595518 resp 600907 985 pmu 955762 947165 7749667 13637491 1128940586
1790953948.835587 W 702 lat 314 2703 8111 0 exe 93481 309185 588814 resp 592499 992 pmu 960503 955683 7783675 13816714 1110924013
1790953949.779661 W 703 lat 314 2722 7611 0 exe 88814 301481 604166 resp 608870 986 pmu 945886 936028 7668938 13738021 1109787992
1790953950.827518 W 704 lat 314 2777 8148 0 exe 89944 303333 609685 resp 614907 989 pmu 956449 950750 7752636 13832420 1116448815
1790953951.775568 W 705 lat 314 2685 7370 0 exe 88555 307870 590962 resp 595018 985 pmu 953465 949891 7721646 13908141 1131050534
1790953952.827642 W 706 lat 296 2722 7907 0 exe 93851 312925 603851 resp 607129 994 pmu 960020 953164 7783641 13726458 1118454881
1790953953.767646 W 707 lat 296 2703 8351 0 exe 89796 307425 607388 resp 612629 991 pmu 959402 953750 7774125 13905970 1109867866
1790953954.819692 W 708 lat 314 2592 9574 0 exe 89981 296944 594111 resp 598925 983 pmu 950296 944062 7702282 13905643 1102140598
1790953955.863311 W 709 lat 296 1907 8925 0 exe 12888 209185 585796 resp 591074 648 pmu 901604 636426 7277736 13723723 760733279
1790953956.799307 W 710 lat 296 296 481 0 exe 12888 14481 81277 resp 81759 0 pmu 790820 13734 6377803 12810083 41377133
1790953957.839321 W 711 lat 296 296 1148 0 exe 12925 21722 122999 resp 124037 8 pmu 789099 93268 6373206 6716487 59438789
1790953958.799311 W 712 lat 296 296 611 0 exe 12944 17074 91148 resp 91481 0 pmu 785737 42292 6334135 7176449 48024157
1790953959.863306 W 713 lat 296 296 351 0 exe 13018 13814 18870 resp 19166 0 pmu 783581 4898 6311592 6828342 37230487
1790953960.819311 W 714 lat 296 296 611 0 exe 12999 15555 93111 resp 93518 0 pmu 784108 25158 6316968 6088058 42977199
1790953961.767302 W 715 lat 296 296 407 0 exe 13018 14037 19462 resp 19759 0 pmu 782019 7567 6298053 6841040 38633594
1790953962.827311 W 716 lat 296 296 777 0 exe 13018 15796 98962 resp 99740 0 pmu 783853 27510 6317412 6095427 44337464
1790953963.775314 W 717 lat 296 296 666 0 exe 13111 15277 96925 resp 97240 0 pmu 783585 21649 6314198 6903693 42296031
1790953964.823314 W 718 lat 296 296 611 0 exe 13037 15629 106055 resp 106666 1 pmu 783607 25785 6314274 6878246 43652722
1790953965.787322 W 719 lat 296 296 407 0 exe 13055 13907 17814 resp 18111 0 pmu 782920 6000 6305821 6972203 37921247
1790953966.827334 W 720 lat 296 296 685 0 exe 13037 15129 95388 resp 95740 0 pmu 783033 19907 6309529 6078343 41674403
1790953967.763303 W 721 lat 296 296 611 0 exe 13037 14629 56462 resp 57074 0 pmu 784114 14472 6319756 6861960 39994717
1790953968.803409 W 722 lat 296 296 574 0 exe 13037 15092 94537 resp 95074 0 pmu 783798 19480 6316375 6471223 41364987
1790953969.843310 W 723 lat 296 296 592 0 exe 13018 15407 100166 resp 100629 1 pmu 785626 23152 6329457 6853760 42692895
1790953970.779298 W 724 lat 296 296 425 0 exe 12999 13814 18814 resp 19111 0 pmu 784575 4876 6318884 6911183 37066022
1790953971.819320 W 725 lat 296 296 592 0 exe 13055 15425 106703 resp 107037 1 pmu 784116 23324 6317484 6087795 42363255
1790953972.859333 W 726 lat 296 296 425 0 exe 13074 13962 19037 resp 19351 0 pmu 783535 6399 6311471 6976218 38010132
1790953973.803318 W 727 lat 296 296 685 0 exe 13092 18296 99777 resp 100185 1 pmu 783266 56052 6317294 6091252 51754348
1790953974.843369 W 728 lat 296 296 425 0 exe 13129 14074 23759 resp 24055 0 pmu 783439 7742 6313154 6922356 38113221
1790953975.799302 W 729 lat 296 296 1018 0 exe 13055 15388 93166 resp 93499 0 pmu 786247 22974 6338174 6139211 42104528
1790953976.859330 W 730 lat 296 296 407 0 exe 12999 13833 18944 resp 19277 0 pmu 784418 5011 6323106 6842728 36991923
1790953977.823305 W 731 lat 296 296 481 0 exe 12962 15685 103462 resp 103759 1 pmu 784614 26139 6324595 6089300 43450405
1790953978.779323 W 732 lat 296 296 703 0 exe 13111 15148 93870 resp 94425 0 pmu 784056 20209 6317203 6943815 42151398
1790953979.835313 W 733 lat 296 296 944 0 exe 12944 18351 91444 resp 91814 0 pmu 779608 57197 6285872 6848264 51911985
1790953980.787302 W 734 lat 296 296 611 0 exe 13018 13907 19037 resp 19333 0 pmu 782759 6023 6302752 6839606 37622911
1790953981.851313 W 735 lat 296 296 648 0 exe 13240 15833 95351 resp 95685 0 pmu 784284 27787 6321390 6091547 44622903
1790953982.803317 W 736 lat 296 296 425 0 exe 13074 14185 20592 resp 20907 0 pmu 783843 8803 6316901 6865914 39347311
1790953983.859326 W 737 lat 296 296 648 0 exe 13148 16629 109703 resp 110129 1 pmu 786535 36859 6346352 6107896 46885683
1790953984.815312 W 738 lat 296 296 518 0 exe 13092 14481 43555 resp 43944 0 pmu 782618 12599 6303577 7013541 39592800
1790953985.767323 W 739 lat 296 296 518 0 exe 13092 15629 91870 resp 92185 0 pmu 783265 25702 6308676 6339993 43630055
1790953986.819303 W 740 lat 296 296 444 0 exe 13092 13851 18018 resp 18314 0 pmu 783285 5317 6309315 6828584 37414612
1790953987.771307 W 741 lat 296 296 1055 0 exe 12962 16259 97888 resp 98203 0 pmu 787924 32658 6354312 6080500 44605116
1790953988.811314 W 742 lat 296 296 1444 0 exe 12759 13499 70499 resp 70907 0 pmu 789571 2558 6374464 6893863 34948049
1790953989.863340 W 743 lat 296 314 1277 0 exe 12907 31351 194351 resp 195629 10 pmu 809194 199386 6545613 6607789 95044732
1790953990.799336 W 744 lat 296 333 759 0 exe 44907 72796 119592 resp 119999 10 pmu 895126 681622 7267283 7940037 236854186
1790953991.843348 W 745 lat 296 333 629 0 exe 47907 73037 108037 resp 108370 8 pmu 900968 686685 7316611 7552930 238373241
1790953992.798461 W 746 lat 296 333 611 0 exe 49833 75944 92907 resp 93222 0 pmu 909223 719525 7380709 7452407 245899107
1790953993.831336 W 747 lat 296 333 611 0 exe 25981 71833 97685 resp 98074 0 pmu 897257 674595 7276965 7324993 234338121
1790953994.777681 W 748 lat 296 351 666 0 exe 39685 71462 91111 resp 91444 0 pmu 893080 670844 7254567 7233500 232686835
1790953995.847070 W 749 lat 296 333 740 0 exe 23648 68018 117425 resp 117814 4 pmu 883302 632093 7166300 7234321 222869248
1790953996.855330 W 750 lat 296 351 611 0 exe 37666 68111 93777 resp 94222 0 pmu 886637 633281 7198970 7400567 224137769
1790953997.795333 W 751 lat 296 333 592 0 exe 42388 71148 106555 resp 106999 2 pmu 894128 666092 7256637 7234537 232394907
1790953998.835341 W 752 lat 296 333 722 0 exe 44277 73203 93351 resp 93722 0 pmu 900396 689154 7305677 7400961 237946452
1790953999.784023 W 753 lat 296 333 648 0 exe 41574 73240 104574 resp 105055 5 pmu 898157 688873 7289366 7288863 238195146
1790954000.840446 W 754 lat 296 333 592 0 exe 41611 69074 92444 resp 92907 0 pmu 887590 645167 7206389 7388019 226384816
1790954001.785986 W 755 lat 296 351 611 0 exe 27203 66925 94092 resp 94481 0 pmu 889570 619679 7220724 7245561 221995989
1790954002.819330 W 756 lat 296 333 648 0 exe 24814 70203 90296 resp 90703 0 pmu 891205 656752 7234157 7179101 229501281
1790954003.869978 W 757 lat 296 351 722 0 exe 27407 73333 97259 resp 97777 0 pmu 896783 691985 7281954 7145599 237625136
1790954004.810009 W 758 lat 296 333 574 0 exe 33814 71499 99462 resp 99888 0 pmu 893354 671431 7255529 7245264 232883575
1790954005.859537 W 759 lat 296 351 685 0 exe 31425 74407 99092 resp 99462 0 pmu 900249 703134 7307340 7288732 240909582
1790954006.798627 W 760 lat 296 351 629 0 exe 46574 73888 91851 resp 92185 0 pmu 900319 698317 7308737 7287763 239444083
1790954007.854827 W 761 lat 296 333 629 0 exe 36333 73555 101462 resp 101833 2 pmu 899145 693583 7303566 7288210 238748367
1790954008.778737 W 762 lat 296 333 740 0 exe 33351 70685 91222 resp 91796 0 pmu 890168 661808 7225522 7331570 230366085
1790954009.826668 W 763 lat 296 333 629 0 exe 49888 75981 102481 resp 102796 3 pmu 902259 720096 7324844 7201320 245171550
1790954010.884761 W 764 lat 296 333 574 0 exe 41203 74722 93833 resp 94277 0 pmu 902052 706945 7317643 7421255 241763965
1790954011.803348 W 765 lat 296 333 833 0 exe 35925 70777 108425 resp 109259 1 pmu 890808 663716 7240427 7285536 231230763
1790954012.843344 W 766 lat 296 351 648 0 exe 51277 76111 91055 resp 91370 0 pmu 905936 722456 7358831 7388622 245881287
1790954013.787680 W 767 lat 277 333 685 0 exe 40166 68962 102703 resp 103129 1 pmu 887273 643531 7206716 7314839 226467220
1790954014.843637 W 768 lat 296 333 833 0 exe 47592 73740 94388 resp 94703 0 pmu 900155 695898 7302724 7340614 239106825
1790954015.787331 W 769 lat 296 333 648 0 exe 37277 64388 111240 resp 111814 1 pmu 878140 591640 7126000 7318687 214653065
1790954016.848724 W 770 lat 296 333 666 0 exe 39370 70518 89425 resp 89759 0 pmu 891105 660164 7230287 7389180 230279977
1790954017.782171 W 771 lat 296 351 629 0 exe 42481 73388 104592 resp 105055 3 pmu 899080 692159 7298534 7211155 238558988
1790954018.829387 W 772 lat 296 333 629 0 exe 27574 71925 92259 resp 92648 0 pmu 896083 675903 7272542 7393250 234065657
1790954019.863310 W 773 lat 296 333 4592 0 exe 13055 64870 164944 resp 165925 30 pmu 879286 581757 7117462 7187837 223647048
1790954020.799280 W 774 lat 296 296 351 0 exe 12851 13277 14111 resp 14407 0 pmu 788910 188 6366962 7829604 34504092
1790954021.839303 W 775 lat 277 296 518 0 exe 12777 15148 87388 resp 87796 0 pmu 791065 21602 6384219 6036880 39380887
1790954022.775278 W 776 lat 296 296 333 0 exe 12851 13277 14425 resp 14722 0 pmu 789439 144 6367804 6780212 33856810
1790954023.815305 W 777 lat 296 296 425 0 exe 12888 14444 87277 resp 87574 0 pmu 790607 13443 6375974 6040022 37114334
1790954024.855305 W 778 lat 296 296 518 0 exe 12833 14185 78629 resp 79092 0 pmu 790146 10595 6375255 6775182 36741489
1790954025.791307 W 779 lat 296 296 592 0 exe 12888 14444 90888 resp 91222 0 pmu 792102 12932 6389700 6688480 37617165
1790954026.831279 W 780 lat 296 296 333 0 exe 12814 13259 13925 resp 14222 0 pmu 788464 91 6359625 6812192 33841759
1790954027.767306 W 781 lat 296 296 685 0 exe 12777 14407 81592 resp 81944 0 pmu 790654 13010 6378123 6034658 37053827
1790954028.807281 W 782 lat 296 296 333 0 exe 12907 13259 14185 resp 14499 0 pmu 788137 94 6356040 6719085 33782444
1790954029.847309 W 783 lat 296 296 759 0 exe 12740 15351 86777 resp 87148 0 pmu 790228 23773 6373561 6037841 40032470
1790954030.783282 W 784 lat 296 296 333 0 exe 12814 13277 13907 resp 14203 0 pmu 788761 182 6364473 6776014 33871247
1790954031.827306 W 785 lat 296 296 629 0 exe 12870 14462 96685 resp 97129 0 pmu 788613 13544 6362242 6034679 37157872
1790954032.763278 W 786 lat 296 296 370 0 exe 12833 13240 13925 resp 14240 0 pmu 787776 92 6356128 6871065 33839132
1790954033.803305 W 787 lat 296 296 425 0 exe 12851 14388 89907 resp 90222 0 pmu 790365 12703 6378670 6034982 36985742
1790954034.843308 W 788 lat 296 296 833 0 exe 12814 14203 84944 resp 85277 0 pmu 791032 10569 6384614 6801064 36789989
1790954035.779305 W 789 lat 296 296 722 0 exe 12925 14425 91185 resp 91518 0 pmu 790140 12986 6376901 6752407 37513649
1790954036.819280 W 790 lat 296 296 351 0 exe 12814 13277 14092 resp 14407 0 pmu 789790 86 6366273 6815947 33872930
1790954037.863306 W 791 lat 296 296 481 0 exe 12833 14333 80574 resp 80944 0 pmu 790290 12310 6372518 6036683 36898889
1790954038.799280 W 792 lat 296 296 333 0 exe 12833 13277 13907 resp 14203 0 pmu 790083 88 6373958 6707832 33830249
1790954039.843306 W 793 lat 296 296 425 0 exe 12944 15240 82055 resp 82462 0 pmu 790698 22772 6378553 6034691 39846900
1790954040.779280 W 794 lat 296 296 333 0 exe 12851 13277 13944 resp 14259 0 pmu 788736 178 6358185 6727684 33818665
1790954041.819307 W 795 lat 296 296 370 0 exe 12759 14425 90722 resp 91092 0 pmu 790303 13267 6371214 6035450 37122727
1790954042.859280 W 796 lat 296 296 333 0 exe 12851 13277 13999 resp 14314 0 pmu 790245 157 6376440 6808870 33879523
1790954043.795305 W 797 lat 296 296 648 0 exe 12796 14370 86185 resp 86648 0 pmu 790339 12547 6371425 6035910 36955475
1790954044.835308 W 798 lat 296 296 444 0 exe 12870 14074 71259 resp 71703 0 pmu 790131 9403 6367355 6765443 36494213
1790954045.775308 W 799 lat 296 296 462 0 exe 12907 14444 89333 resp 89796 0 pmu 791487 13393 6378409 6613817 37538891
1790954046.815281 W 800 lat 296 296 333 0 exe 12814 13277 14111 resp 14425 0 pmu 789225 128 6360344 6796928 33887383
1790954047.855306 W 801 lat 296 296 666 0 exe 12796 14481 99240 resp 99648 0 pmu 790773 13596 6373331 6036699 37211324
1790954048.791277 W 802 lat 296 296 333 0 exe 12925 13296 13888 resp 14203 0 pmu 792065 60 6383856 6896299 33952520
1790954049.831307 W 803 lat 296 296 499 0 exe 12925 15277 85740 resp 86166 0 pmu 791772 22882 6385303 6035116 39810142
1790954050.767278 W 804 lat 296 296 333 0 exe 12907 13296 14481 resp 14796 0 pmu 790211 278 6369569 6765070 33905090
1790954051.807304 W 805 lat 296 296 759 0 exe 12907 14425 98148 resp 98907 0 pmu 790698 12815 6374498 6041017 37051471
1790954052.847278 W 806 lat 296 296 351 0 exe 12907 13277 13962 resp 14277 0 pmu 790287 71 6372169 6887768 33916786
1790954053.783303 W 807 lat 296 296 499 0 exe 12944 14370 84444 resp 84888 0 pmu 790398 12780 6369947 6035964 36994404
1790954054.827304 W 808 lat 296 296 592 0 exe 12888 14185 90222 resp 90814 0 pmu 789617 10674 6364222 6747829 36820153
1790954055.763304 W 809 lat 296 296 666 0 exe 12851 14444 83999 resp 84499 0 pmu 790373 13173 6375180 6805501 37604508
1790954056.803276 W 810 lat 296 296 333 0 exe 12833 13277 14092 resp 14388 0 pmu 790775 66 6373531 6744339 33831320
1790954057.843304 W 811 lat 296 296 574 0 exe 12777 14481 97981 resp 98370 0 pmu 791888 13524 6388276 6036550 37273471
1790954058.779278 W 812 lat 296 296 388 0 exe 12870 13259 13833 resp 14129 0 pmu 788790 116 6365004 6883073 33894401
1790954059.819311 W 813 lat 296 296 648 0 exe 12907 15037 77796 resp 78333 0 pmu 790655 20416 6384069 6034253 39282512
1790954060.859283 W 814 lat 296 296 333 0 exe 12814 13314 14870 resp 15166 0 pmu 790107 395 6372096 6685699 33887891
1790954061.799303 W 815 lat 296 296 518 0 exe 12925 14351 90092 resp 90611 0 pmu 791392 12037 6384752 6044466 36972535
1790954062.839279 W 816 lat 296 296 333 0 exe 12888 13277 13925 resp 14259 0 pmu 790194 94 6368965 6804492 33859471
1790954063.775302 W 817 lat 296 296 777 0 exe 12870 14296 79759 resp 80296 0 pmu 791353 11768 6379890 6035397 36760552
1790954064.823316 W 818 lat 296 296 629 0 exe 12907 17648 77685 resp 78314 0 pmu 789310 50521 6370600 6702293 49987472
1790954065.863308 W 819 lat 296 296 388 0 exe 12888 14370 77462 resp 77777 0 pmu 790791 12377 6382532 6698030 37470629
1790954066.799279 W 820 lat 296 296 351 0 exe 12907 13277 13814 resp 14111 0 pmu 791110 104 6381000 6676659 33808765
1790954067.839304 W 821 lat 296 296 425 0 exe 12870 14296 82870 resp 83185 0 pmu 790225 11762 6373350 6034099 36771160
1790954068.775281 W 822 lat 296 296 333 0 exe 12851 13259 13851 resp 14148 0 pmu 789288 87 6364581 6730218 33798882
1790954069.815316 W 823 lat 296 296 611 0 exe 12907 15018 84851 resp 85277 0 pmu 790679 19711 6378721 6034111 39208731
1790954070.855283 W 824 lat 296 296 351 0 exe 12870 13351 17296 resp 17611 0 pmu 790060 782 6374265 6755327 34032592
1790954071.791305 W 825 lat 296 296 592 0 exe 12833 14296 89407 resp 89740 0 pmu 790268 11661 6378186 6069368 36831273
1790954072.831280 W 826 lat 296 296 333 0 exe 12888 13277 13833 resp 14148 0 pmu 790558 98 6382832 6796447 33868815
1790954073.767304 W 827 lat 296 296 666 0 exe 12851 14314 80462 resp 80870 0 pmu 790965 11905 6379590 6034395 36814691
1790954074.807314 W 828 lat 296 296 592 0 exe 12870 14944 76703 resp 77092 0 pmu 792034 19118 6389560 6707862 39459840
1790954075.847306 W 829 lat 296 296 2444 0 exe 12851 14407 83388 resp 85833 0 pmu 790274 12820 6373249 6673101 37452854
1790954076.783278 W 830 lat 296 296 388 0 exe 12814 13259 13925 resp 14240 0 pmu 788662 105 6354640 6756666 33786025
1790954077.823306 W 831 lat 296 296 537 0 exe 12870 14277 88722 resp 89037 0 pmu 790131 11518 6372431 6035077 36767356
1790954078.863279 W 832 lat 296 296 351 0 exe 12888 13259 13796 resp 14092 0 pmu 789654 86 6366172 6789346 33834961
1790954079.799314 W 833 lat 296 296 703 0 exe 12851 14925 82648 resp 83074 0 pmu 791587 18571 6384541 6033962 38909271
1790954080.839283 W 834 lat 296 296 370 0 exe 12907 13518 34296 resp 34592 0 pmu 790369 2885 6373168 6733067 34462129
1790954081.775304 W 835 lat 296 296 499 0 exe 12888 14277 84314 resp 84740 0 pmu 790796 11318 6377667 6240500 36854941
1790954082.815283 W 836 lat 296 296 351 0 exe 12759 13277 14277 resp 14592 0 pmu 789478 125 6364492 6745684 33833756
1790954083.855304 W 837 lat 296 296 537 0 exe 12759 14388 83796 resp 84222 0 pmu 789607 13096 6367931 6038435 37021284
1790954084.791313 W 838 lat 296 296 481 0 exe 12851 13444 67740 resp 68148 0 pmu 788380 2308 6365252 6740665 34709824
1790954085.831306 W 839 lat 296 296 425 0 exe 12833 14981 91851 resp 92166 0 pmu 790050 19659 6370570 6575315 39058913
1790954086.767281 W 840 lat 296 296 370 0 exe 12851 13277 13962 resp 14259 0 pmu 790172 101 6371656 6823340 33865194
1790954087.807302 W 841 lat 296 296 444 0 exe 12814 14333 81222 resp 81666 0 pmu 790170 12317 6368312 6035508 36862995
1790954088.847281 W 842 lat 296 296 370 0 exe 12870 13277 13851 resp 14203 0 pmu 789794 100 6370565 6714350 33809050
1790954089.783315 W 843 lat 296 296 629 0 exe 12814 14444 87777 resp 88166 0 pmu 790283 13516 6375564 6034721 37204709
1790954090.823287 W 844 lat 296 296 537 0 exe 12888 14148 68870 resp 69407 0 pmu 790899 10149 6381593 6781263 36699964
1790954091.863305 W 845 lat 296 296 499 0 exe 12907 14370 78870 resp 79277 0 pmu 791136 12610 6381635 6591401 37293600
1790954092.799280 W 846 lat 296 296 351 0 exe 12870 13259 13851 resp 14166 0 pmu 789376 77 6369012 6691690 33767889
1790954093.839305 W 847 lat 296 296 555 0 exe 12907 14407 85055 resp 85351 0 pmu 791225 12831 6383889 6034530 37061220
1790954094.775331 W 848 lat 296 296 370 0 exe 12925 13277 14259 resp 14555 0 pmu 790205 180 6377300 6753348 33880665
1790954095.815305 W 849 lat 296 296 555 0 exe 12907 15333 84629 resp 84981 0 pmu 791359 23414 6388324 6038881 40003877
1790954096.855279 W 850 lat 296 296 351 0 exe 12888 13259 14092 resp 14388 0 pmu 788542 105 6360699 6754047 33798562
1790954097.791305 W 851 lat 296 296 518 0 exe 12777 14351 82370 resp 82888 0 pmu 791274 12414 6385034 6036847 36953249
1790954098.831281 W 852 lat 296 296 370 0 exe 12851 13296 13981 resp 14296 0 pmu 790788 118 6381021 6726582 33866887
1790954099.767306 W 853 lat 296 296 499 0 exe 12944 14296 82222 resp 82722 0 pmu 791644 11401 6384023 6035926 36778105
1790954100.807305 W 854 lat 296 296 481 0 exe 12888 14018 64222 resp 64685 0 pmu 788425 8904 6357827 6725396 36333443
1790954101.847305 W 855 lat 296 296 425 0 exe 12888 14277 91370 resp 91796 0 pmu 789906 11418 6372945 6543518 37090605
1790954102.783279 W 856 lat 296 296 370 0 exe 12925 13259 14092 resp 14388 0 pmu 787790 207 6354264 6815880 33859001
1790954103.823304 W 857 lat 296 296 685 0 exe 12796 14259 78203 resp 78518 0 pmu 788625 11585 6358891 6037080 36681459
1790954104.863308 W 858 lat 296 296 333 0 exe 12833 13296 14444 resp 14740 0 pmu 791820 172 6380671 6684448 33862078
1790954105.799305 W 859 lat 296 296 481 0 exe 12833 15055 80574 resp 80870 0 pmu 790067 20550 6373595 6040140 39341920
1790954106.839282 W 860 lat 296 296 333 0 exe 12851 13277 14499 resp 14814 0 pmu 789390 147 6366330 6710971 33811388
1790954107.779302 W 861 lat 296 296 499 0 exe 12870 14240 81388 resp 81703 0 pmu 789704 11287 6368115 6040821 36616210
1790954108.819284 W 862 lat 296 296 351 0 exe 12777 13277 14333 resp 14666 0 pmu 789628 185 6367396 6715397 33860600
1790954109.863312 W 863 lat 296 296 425 0 exe 12925 14277 80296 resp 80629 0 pmu 791741 11438 6380156 6039155 36784294
1790954110.799283 W 864 lat 277 296 444 0 exe 12851 14111 67351 resp 67796 0 pmu 790116 9626 6376317 6704820 36582305
1790954111.839304 W 865 lat 296 296 537 0 exe 12888 14277 86055 resp 86444 0 pmu 788804 11793 6362689 6574747 37074130
1790954112.775279 W 866 lat 296 296 333 0 exe 12833 13259 14074 resp 14370 0 pmu 787399 120 6351649 6763189 33779765
1790954113.815305 W 867 lat 296 296 685 0 exe 12870 14259 80333 resp 81018 0 pmu 788618 11342 6361230 6036455 36675372
1790954114.855320 W 868 lat 296 296 333 0 exe 12907 13296 14592 resp 14888 0 pmu 788451 321 6360380 6707861 33906491
1790954115.791304 W 869 lat 296 296 907 0 exe 12888 15111 87277 resp 88185 0 pmu 791840 20821 6388185 6042008 39513364
1790954116.831281 W 870 lat 296 296 333 0 exe 12777 13277 13981 resp 14277 0 pmu 789538 207 6366781 6783793 33882455
1790954117.767303 W 871 lat 296 296 777 0 exe 12888 14314 84629 resp 85018 0 pmu 790338 12004 6374354 6035400 36831840
1790954118.807281 W 872 lat 296 296 333 0 exe 12888 13259 14074 resp 14370 0 pmu 788322 155 6355916 6750059 33809125
1790954119.847302 W 873 lat 296 296 537 0 exe 12944 14240 79333 resp 79833 0 pmu 790998 11249 6380285 6036551 36663155
1790954120.783317 W 874 lat 296 296 648 0 exe 12907 14092 65740 resp 66388 0 pmu 791600 9315 6380139 6696560 36461470
1790954121.823304 W 875 lat 296 296 425 0 exe 12907 14277 78944 resp 79370 0 pmu 790150 11454 6367840 6560908 37046956
1790954122.863281 W 876 lat 296 296 351 0 exe 12814 13259 14148 resp 14462 0 pmu 787924 133 6353327 6691742 33763698
1790954123.799303 W 877 lat 296 296 462 0 exe 12888 14314 93444 resp 93907 0 pmu 789839 11960 6370262 6037216 36832857
1790954124.839279 W 878 lat 296 296 333 0 exe 12833 13259 13925 resp 14222 0 pmu 788508 143 6361597 6837183 33859150
1790954125.775305 W 879 lat 296 296 759 0 exe 12888 15074 78814 resp 79259 0 pmu 791957 20402 6392217 6034822 39375262
1790954126.815280 W 880 lat 296 296 351 0 exe 12851 13259 13907 resp 14222 0 pmu 789029 129 6362552 6696102 33789745
1790954127.855304 W 881 lat 296 296 407 0 exe 12833 14277 83629 resp 83944 0 pmu 789510 11491 6366916 6034876 36744256
1790954128.791280 W 882 lat 296 296 370 0 exe 12814 13277 14203 resp 14499 0 pmu 788057 254 6358730 6737562 33828550
1790954129.831303 W 883 lat 296 296 444 0 exe 12888 14351 90888 resp 91222 0 pmu 789391 12380 6369150 6037787 36947600
1790954130.767304 W 884 lat 296 296 462 0 exe 12870 14129 71462 resp 71888 0 pmu 790005 10065 6373187 6810979 36667127
1790954131.807304 W 885 lat 296 296 796 0 exe 12851 14351 79481 resp 80277 0 pmu 790186 12559 6373742 6616112 37269027
1790954132.847281 W 886 lat 296 296 333 0 exe 12907 13277 14407 resp 14722 0 pmu 789303 144 6371612 6700913 33808059
1790954133.783306 W 887 lat 296 296 462 0 exe 12981 14370 85999 resp 86333 0 pmu 790038 12514 6371223 6040134 36998030
1790954134.823279 W 888 lat 296 296 370 0 exe 12962 13277 14314 resp 14629 0 pmu 789996 97 6374208 6762697 33832677
1790954135.863304 W 889 lat 296 296 499 0 exe 12944 15259 86851 resp 87351 0 pmu 791412 22636 6388277 6039876 39766479
1790954136.799279 W 890 lat 296 296 370 0 exe 12925 13277 14074 resp 14370 0 pmu 791233 94 6384272 6776765 33879378
1790954137.839304 W 891 lat 296 296 537 0 exe 12870 14388 93222 resp 93555 0 pmu 790921 12539 6382016 6037143 37035039
1790954138.775279 W 892 lat 296 296 351 0 exe 12851 13277 13999 resp 14314 0 pmu 789617 165 6367292 6834870 33895644
1790954139.815303 W 893 lat 296 296 851 0 exe 12907 14425 87796 resp 88648 0 pmu 790768 13270 6378935 6036025 37093314
1790954140.855302 W 894 lat 296 296 444 0 exe 12870 14092 80537 resp 80907 0 pmu 789746 9561 6369316 6785268 36490369
1790954141.791304 W 895 lat 296 296 518 0 exe 12907 14388 88592 resp 88925 0 pmu 790297 12642 6377386 6706365 37433999
1790954142.831280 W 896 lat 296 296 370 0 exe 12907 13277 13907 resp 14203 0 pmu 790495 154 6378237 6788866 33876704
1790954143.767304 W 897 lat 296 296 499 0 exe 12777 14388 78648 resp 79074 0 pmu 790755 12830 6380122 6035409 37007377
1790954144.807286 W 898 lat 296 296 351 0 exe 12925 13277 14296 resp 14611 0 pmu 789244 154 6364055 6689080 33807351
1790954145.847304 W 899 lat 296 296 611 0 exe 12851 15185 83611 resp 84037 0 pmu 791976 21950 6392584 6039232 39666035
1790954146.783280 W 900 lat 296 296 333 0 exe 12814 13259 13833 resp 14148 0 pmu 789238 106 6360112 6743534 33794664
1790954147.823305 W 901 lat 296 296 888 0 exe 12851 14388 86555 resp 86888 0 pmu 789515 12680 6363944 6033819 36927965
1790954148.863282 W 902 lat 296 296 351 0 exe 12796 13296 13944 resp 14240 0 pmu 790925 182 6383093 6769951 33895259
1790954149.799304 W 903 lat 296 296 444 0 exe 12833 14388 88962 resp 89333 0 pmu 790830 12779 6378378 6035120 37016558
1790954150.843305 W 904 lat 296 296 481 0 exe 12851 14129 72370 resp 72851 0 pmu 791899 9703 6389103 6791860 36597375
1790954151.779304 W 905 lat 296 296 537 0 exe 12870 14407 102962 resp 103351 1 pmu 791143 12726 6383786 6625479 37389825
1790954152.819279 W 906 lat 296 296 333 0 exe 12870 13277 14481 resp 14777 0 pmu 788504 146 6359625 6932813 33933459
1790954153.859304 W 907 lat 296 296 592 0 exe 12870 14407 83740 resp 84074 0 pmu 789535 13091 6367406 6040736 37058453
1790954154.795284 W 908 lat 296 296 351 0 exe 12870 13277 13870 resp 14185 0 pmu 789617 168 6372648 6740456 33857102
1790954155.835305 W 909 lat 296 296 611 0 exe 12851 15333 91333 resp 91759 0 pmu 792146 23408 6395224 6034752 39955911
1790954156.771277 W 910 lat 296 296 370 0 exe 12925 13296 13888 resp 14203 0 pmu 791027 119 6381726 6821477 33906054
1790954157.815302 W 911 lat 296 296 537 0 exe 12962 14407 82777 resp 83240 0 pmu 791245 12956 6383104 6035291 37019883
1790954158.855279 W 912 lat 296 296 351 0 exe 12888 13277 14018 resp 14333 0 pmu 789956 90 6368924 6731634 33838129
1790954159.791304 W 913 lat 296 296 685 0 exe 12870 14444 93074 resp 93648 0 pmu 791783 13072 6389233 6036264 37149492
1790954160.831306 W 914 lat 296 296 944 0 exe 12833 14129 73370 resp 73722 0 pmu 789113 9874 6362719 6835702 36604743
1790954161.767302 W 915 lat 296 296 537 0 exe 12907 14388 82648 resp 83037 0 pmu 789827 12978 6368765 6637094 37378385
1790954162.807280 W 916 lat 296 296 351 0 exe 12870 13277 14444 resp 14740 0 pmu 789228 134 6360040 6729836 33825217
1790954163.851304 W 917 lat 296 296 777 0 exe 12888 14388 86129 resp 86555 0 pmu 790531 12853 6374072 6040317 36990842
1790954164.787279 W 918 lat 296 296 370 0 exe 12833 13277 13962 resp 14259 0 pmu 788970 226 6360116 6765787 33853650
1790954165.827305 W 919 lat 296 296 740 0 exe 12962 15333 93481 resp 93833 0 pmu 790886 23403 6378884 6035562 39982776
1790954166.763280 W 920 lat 296 296 370 0 exe 12907 13259 14351 resp 14648 0 pmu 787303 274 6348761 6843887 33878530
1790954167.803309 W 921 lat 296 296 518 0 exe 12833 14388 84555 resp 84962 0 pmu 788172 13109 6359817 6039666 36976191
1790954168.843281 W 922 lat 296 296 351 0 exe 12888 13277 14407 resp 14703 0 pmu 789903 123 6370417 6748401 33854658
1790954169.779310 W 923 lat 296 296 499 0 exe 12870 14444 104481 resp 104814 1 pmu 789029 13409 6359545 6040059 37155051
1790954170.819304 W 924 lat 296 296 833 0 exe 12944 14129 69870 resp 70462 0 pmu 790429 9870 6370932 6947511 36718456
1790954171.863303 W 925 lat 296 296 611 0 exe 12814 14370 83925 resp 84259 0 pmu 790667 12588 6371347 6603259 37291409
1790954172.799278 W 926 lat 296 296 370 0 exe 12851 13296 14444 resp 14740 0 pmu 789976 255 6371168 6741968 33877557
1790954173.839307 W 927 lat 296 296 481 0 exe 12925 14370 96055 resp 96537 0 pmu 790244 12538 6375289 6040617 36977833
1790954174.775296 W 928 lat 296 296 351 0 exe 12888 13333 19185 resp 19499 0 pmu 789030 835 6366552 6864000 34183054
1790954175.815307 W 929 lat 296 296 518 0 exe 12814 15314 80296 resp 80611 0 pmu 791721 23449 6385058 6088165 39966443
1790954176.855280 W 930 lat 296 296 351 0 exe 12870 13296 14203 resp 14518 0 pmu 790988 183 6380967 6709756 33869083
1790954177.791305 W 931 lat 296 296 499 0 exe 12907 14370 89629 resp 90129 0 pmu 790969 12614 6378536 6038145 37006349
1790954178.831281 W 932 lat 296 296 333 0 exe 12888 13277 14259 resp 14555 0 pmu 788938 200 6361268 6799737 33883952
1790954179.767305 W 933 lat 296 296 555 0 exe 12888 14333 87888 resp 88444 0 pmu 786667 12662 6338854 6038631 36850665
1790954180.807303 W 934 lat 296 296 537 0 exe 12907 14185 71907 resp 72240 0 pmu 791270 10420 6384386 6782710 36822967
1790954181.847305 W 935 lat 296 296 462 0 exe 12888 14407 91814 resp 92277 0 pmu 790175 13009 6374647 6620936 37450253
1790954182.783280 W 936 lat 296 296 333 0 exe 12888 13277 13962 resp 14296 0 pmu 788459 261 6357286 6821319 33899734
1790954183.823307 W 937 lat 296 296 981 0 exe 12870 14351 80166 resp 80481 0 pmu 789030 12612 6359781 6035874 36849498
1790954184.863281 W 938 lat 296 296 333 0 exe 12888 13277 14462 resp 14777 0 pmu 788439 315 6358237 6706251 33837939
1790954185.799305 W 939 lat 296 296 555 0 exe 12888 15259 93129 resp 93685 0 pmu 791064 22693 6375156 6040812 39895166
1790954186.839279 W 940 lat 296 296 351 0 exe 12833 13259 14999 resp 15296 0 pmu 786780 217 6350012 6839713 33866938
1790954187.775314 W 941 lat 296 296 462 0 exe 12796 14314 80055 resp 80425 0 pmu 786479 12724 6344536 6045677 36816907
1790954188.815280 W 942 lat 277 296 333 0 exe 12870 13296 14259 resp 14555 0 pmu 789459 263 6363645 6702361 33872981
1790954189.855304 W 943 lat 296 296 518 0 exe 12944 14370 84999 resp 85314 0 pmu 789763 12638 6367323 6038525 36958275
1790954190.791322 W 944 lat 296 296 611 0 exe 12944 16129 74944 resp 75259 0 pmu 789377 32821 6371176 6752900 43260888
1790954191.831307 W 945 lat 296 296 592 0 exe 12814 19722 104074 resp 104425 2 pmu 794684 73631 6410651 6661584 55381091
1790954192.767280 W 946 lat 296 296 351 0 exe 12851 13277 14314 resp 14629 0 pmu 789273 242 6363644 6970204 34004460
1790954193.807305 W 947 lat 296 296 462 0 exe 12814 14277 83537 resp 83944 0 pmu 789521 11834 6365708 6039005 36764176
1790954194.847280 W 948 lat 296 296 370 0 exe 12833 13296 14648 resp 14944 0 pmu 789329 322 6365756 6737296 33891790
1790954195.783313 W 949 lat 296 296 648 0 exe 12907 15203 86407 resp 86740 0 pmu 790663 22385 6383676 6042552 39683677
1790954196.823280 W 950 lat 296 296 370 0 exe 12870 13314 15222 resp 15537 0 pmu 790332 437 6381417 6771696 33969782
1790954197.863306 W 951 lat 296 296 611 0 exe 12870 14370 86907 resp 87518 0 pmu 789637 12661 6370119 6048605 36971965
1790954198.799280 W 952 lat 296 296 351 0 exe 12851 13296 14999 resp 15296 0 pmu 789641 338 6368440 6773495 33934561
1790954199.839305 W 953 lat 277 296 537 0 exe 12888 14333 82277 resp 82648 0 pmu 790109 12423 6370167 6046040 36877907
1790954200.775305 W 954 lat 296 296 499 0 exe 12925 14148 69314 resp 69666 0 pmu 790214 9946 6372480 6725417 36586471
1790954201.715341 Closing cell "rt-bench"
1790954201.715413 [MG] Initializing memguard on CPU 3
1790954201.715444 [SMMUv2] Exiting SMMUv2 on cell 1
1790954201.715485 Page pool usage after cell destruction: mem 140/4061, remap 5/131072
1790954201.715516 [MG] Initializing memguard on CPU 3
1790954201.819624 [MG] Initializing memguard on CPU 3
1790954201.819712 [COL] Colored OP 0: PHYS 0x30000000 -> VIRT 0x00000000 (SIZE: 0x00400000, COL: 0x000000ff, extra: 0x0000000000000000)
1790954201.819733 [COL] Result: 0
1790954201.819756 [MG] Initializing memguard on CPU 3
1790954201.819778 Created cell "rt-bench"
1790954201.819814 Page pool usage after cell creation: mem 155/4061, remap 5/131072
